escardo-abs-before	positive	32	1	10000	false	0.054575588	0.054747132	0	0	17268408170861
escardo-abs-after	positive	32	1	10000	false	0.016070932	0.016134206	0	0	17268408170861
escardo-abs-before	negative	32	1	10000	false	0.054198816000000004	0.054394246	0	0	22996910229139
escardo-abs-after	negative	32	1	10000	false	0.0158509	0.015898202	0	0	22996910229139
escardo-abs-before	zero	32	1	10000	false	0.09050717600000001	0.090874859	0	0	0
escardo-abs-after	zero	32	1	10000	false	0.086582144	0.086934799	0	0	0
escardo-abs-before	tiny-positive	32	1	10000	false	0.068168504	0.068408557	0	0	0
escardo-abs-after	tiny-positive	32	1	10000	false	0.058816286	0.059008601	0	0	0
escardo-abs-before	tiny-negative	32	1	10000	false	0.062743716	0.06297224	0	0	0
escardo-abs-after	tiny-negative	32	1	10000	false	0.061023878999999996	0.061229059	0	0	0
escardo-abs-before	sqrt-control	32	1	10000	false	0.004401454000000001	0.004415808	0	0	93911119329514
escardo-abs-after	sqrt-control	32	1	10000	false	0.004321622	0.004348262	0	0	93911119329514
escardo-abs-before	positive	128	1	5000	false	0.044182111	0.044382262	0	0	683995416937744728966619989492071860176094
escardo-abs-after	positive	128	1	5000	false	0.016292054	0.01636466	0	0	683995416937744728966619989492071860176808
escardo-abs-before	negative	128	1	5000	false	0.043505799	0.04367218	0	0	911078178004154318517948482844341631023906
escardo-abs-after	negative	128	1	5000	false	0.016230669000000003	0.016302923	0	0	911078178004154318517948482844341631023192
escardo-abs-before	zero	128	1	5000	false	0.052525749000000004	0.052715571	0	0	0
escardo-abs-after	zero	128	1	5000	false	0.050466693	0.050646304	0	0	0
escardo-abs-before	tiny-positive	128	1	5000	false	0.055474704	0.05565848	0	0	0
escardo-abs-after	tiny-positive	128	1	5000	false	0.053902226000000004	0.054095647	0	0	0
escardo-abs-before	tiny-negative	128	1	5000	false	0.056272876000000006	0.056474674	0	0	0
escardo-abs-after	tiny-negative	128	1	5000	false	0.056012677000000004	0.05625094	0	0	0
escardo-abs-before	sqrt-control	128	1	5000	false	0.004171343000000001	0.004194343	0	0	3720040481266359639810832045262114699403161
escardo-abs-after	sqrt-control	128	1	5000	false	0.0041684320000000006	0.004199602	0	0	3720040481266359639810832045262114699403161
escardo-abs-before	positive	512	1	1000	false	0.030304568000000004	0.030460485	0	0	5395561694358549191347642591881238969585091626795941230346034101375975992180111309723573798663620023313976529769324051530131586135277570463449061380801545633
escardo-abs-after	positive	512	1	1000	false	0.009165958	0.0092054	0	0	5395561694358549191347642591881238969585091626795941230346034101375975992180111309723573798663620023313976529769324051530131586135277570463449061380801545633
escardo-abs-before	negative	512	1	1000	false	0.030293387000000005	0.030433087	0	0	7174258239962635589503005843936741774926813830009427561269804752113177786013838981028183355867851940145428337280506621145262679000922338861332484562402294367
escardo-abs-after	negative	512	1	1000	false	0.009129599	0.009164253	0	0	7174258239962635589503005843936741774926813830009427561269804752113177786013838981028183355867851940145428337280506621145262679000922338861332484562402294367
escardo-abs-before	zero	512	1	1000	false	0.028883746000000002	0.029030262	0	0	0
escardo-abs-after	zero	512	1	1000	false	0.027668897	0.027803666	0	0	0
escardo-abs-before	tiny-positive	512	1	1000	false	0.060466461	0.060715204	0	0	115792089237316195423570985008687907853269984665640564039457584007913129639936000
escardo-abs-after	tiny-positive	512	1	1000	false	0.029370075000000002	0.029500821	0	0	115792089237316195423570985008687907853269984665640564039457584007913129639936000
escardo-abs-before	tiny-negative	512	1	1000	false	0.059486920000000006	0.059720472	0	0	115792089237316195423570985008687907853269984665640564039457584007913129639936000
escardo-abs-after	tiny-negative	512	1	1000	false	0.029606956	0.029725755	0	0	115792089237316195423570985008687907853269984665640564039457584007913129639936000
escardo-abs-before	sqrt-control	512	1	1000	false	0.001553291	0.001563543	0	0	29327486373886065591895833743473349641453714235212997862292484063035123455125464429086464428219918669824551857519744443513652657629223386566528145654609934321
escardo-abs-after	sqrt-control	512	1	1000	false	0.0016673509999999999	0.001672915	0	0	29327486373886065591895833743473349641453714235212997862292484063035123455125464429086464428219918669824551857519744443513652657629223386566528145654609934321
escardo-abs-before	positive	2048	1	300	false	0.049917364000000006	0.050144988	0	0	3909186113063117624072386248217365279572455757044281946982114351062432629050081678891542121139919213938977266744357851129507798935547399377654030575000349191939939605440803229665725070744477660178312999620751795403644941453040226007958493760773514542102465845742981175382217241321013648301679151824804675597497670387376463214158412242629138212320175409649922788078807166811279693225492370076357571887199406415414205790051757990069641991990290271667170825536141580179975612095538941969938138073830264856039814529984593839070913652464073846896916204767245532866516042920374239765105321292048701509193155289435792004335308
escardo-abs-after	positive	2048	1	300	false	0.013381586000000001	0.01344549	0	0	3909186113063117624072386248217365279572455757044281946982114351062432629050081678891542121139919213938977266744357851129507798935547399377654030575000349191939939605440803229665725070744477660178312999620751795403644941453040226007958493760773514542102465845742981175382217241321013648301679151824804675597497670387376463214158412242629138212320175409649922788078807166811279693225492370076357571887199406415414205790051757990069641991990290271667170825536141580179975612095538941969938138073830264856039814529984593839070913652464073846896916204767245532866516042920374239765105321292048701509193155289435792004335308
escardo-abs-before	negative	2048	1	300	false	0.048559447	0.048742444	0	0	5179971844493103179253672820471058709302448118813197937054545300428876628756512634820170775850900197723474659764925966853213327075528172180339512283688230435737494654112601921139018046552611994858078211174767208174202870040196580412558470271922908402748622050142229617929913478174911110369194960428800745330540735878467758091659236916092146958108124100285605290755575674875571423473762093278402657355850407663757432755765639391754894269594547638946369128185720453602653486729379242015262296786869169869807275570825102455160773079260207020101200248279783717755122057670221586541390500815594090170244428538674719435536692
escardo-abs-after	negative	2048	1	300	false	0.013475828	0.013519954	0	0	5179971844493103179253672820471058709302448118813197937054545300428876628756512634820170775850900197723474659764925966853213327075528172180339512283688230435737494654112601921139018046552611994858078211174767208174202870040196580412558470271922908402748622050142229617929913478174911110369194960428800745330540735878467758091659236916092146958108124100285605290755575674875571423473762093278402657355850407663757432755765639391754894269594547638946369128185720453602653486729379242015262296786869169869807275570825102455160773079260207020101200248279783717755122057670221586541390500815594090170244428538674719435536692
escardo-abs-before	zero	2048	1	300	false	0.037887546	0.038036806	0	0	0
escardo-abs-after	zero	2048	1	300	false	0.03781926100000001	0.03798223	0	0	0
escardo-abs-before	tiny-positive	2048	1	300	false	0.10234153200000001	0.102736817	0	0	83728533488355712922346802175419521871766380603698075784796855846408898383581498436910330410362757856554857438014770417210744521751273189995416119692928937026394841582468031222036614831036460290562443247324973800597101825567848078542652445458810977331593914177159146011618891256296968495403032315609480403186984328702093947137058976726521621448717670126952299901939902577100761806985924124053035949019803956434955674970163470281111019786384566432957178633769624379037103685657862688751627731264458240378466061974933553848735824898381630668800
escardo-abs-after	tiny-positive	2048	1	300	false	0.038107599000000006	0.038260511	0	0	83728533488355712922346802175419521871766380603698075784796855846408898383581498436910330410362757856554857438014770417210744521751273189995416119692928937026394841582468031222036614831036460290562443247324973800597101825567848078542652445458810977331593914177159146011618891256296968495403032315609480403186984328702093947137058976726521621448717670126952299901939902577100761806985924124053035949019803956434955674970163470281111019786384566432957178633769624379037103685657862688751627731264458240378466061974933553848735824898381630668800
escardo-abs-before	tiny-negative	2048	1	300	false	0.101695006	0.102063853	0	0	83728533488355712922346802175419521871766380603698075784796855846408898383581498436910330410362757856554857438014770417210744521751273189995416119692928937026394841582468031222036614831036460290562443247324973800597101825567848078542652445458810977331593914177159146011618891256296968495403032315609480403186984328702093947137058976726521621448717670126952299901939902577100761806985924124053035949019803956434955674970163470281111019786384566432957178633769624379037103685657862688751627731264458240378466061974933553848735824898381630668800
escardo-abs-after	tiny-negative	2048	1	300	false	0.03807755100000001	0.038228603	0	0	83728533488355712922346802175419521871766380603698075784796855846408898383581498436910330410362757856554857438014770417210744521751273189995416119692928937026394841582468031222036614831036460290562443247324973800597101825567848078542652445458810977331593914177159146011618891256296968495403032315609480403186984328702093947137058976726521621448717670126952299901939902577100761806985924124053035949019803956434955674970163470281111019786384566432957178633769624379037103685657862688751627731264458240378466061974933553848735824898381630668800
escardo-abs-before	sqrt-control	2048	1	300	false	0.0010000669999999999	0.001005801	0	0	21223993664596250358481893521736003869020532878781012285642205694944371112533710191793716471417126830721010354032209817009746658660504578522262345445285600203763827715347604450960940095319745058036264806741594504421943931601719931324888561567973969871246067525511839459458171664761997075845032277663909442925012339113709045939488889923008909825906960474583401945421243847658195949277815381115672119502064897665979914046439583837033556712222119847108587155399149371374041081165141328890839492720354889654603388820441779203253609145952591804930636214728634815764774793898424614570759698540747133373481810442898450880107853
escardo-abs-after	sqrt-control	2048	1	300	false	0.001020756	0.001027499	0	0	21223993664596250358481893521736003869020532878781012285642205694944371112533710191793716471417126830721010354032209817009746658660504578522262345445285600203763827715347604450960940095319745058036264806741594504421943931601719931324888561567973969871246067525511839459458171664761997075845032277663909442925012339113709045939488889923008909825906960474583401945421243847658195949277815381115672119502064897665979914046439583837033556712222119847108587155399149371374041081165141328890839492720354889654603388820441779203253609145952591804930636214728634815764774793898424614570759698540747133373481810442898450880107853
escardo-abs-after	positive	32	2	10000	false	0.015426236	0.015506709	0	0	17270273195129
escardo-abs-before	positive	32	2	10000	false	0.089362931	0.08970097	0	0	17270273195129
escardo-abs-after	negative	32	2	10000	false	0.028415265000000002	0.028534687	0	0	22995045204871
escardo-abs-before	negative	32	2	10000	false	0.072499696	0.072790397	0	0	22995045204871
escardo-abs-after	zero	32	2	10000	false	0.053755354000000005	0.053963156	0	0	0
escardo-abs-before	zero	32	2	10000	false	0.056391964	0.056610174	0	0	0
escardo-abs-after	tiny-positive	32	2	10000	false	0.057811506000000006	0.058007529	0	0	0
escardo-abs-before	tiny-positive	32	2	10000	false	0.064199248	0.064431759	0	0	0
escardo-abs-after	tiny-negative	32	2	10000	false	0.060773782000000005	0.060980736	0	0	0
escardo-abs-before	tiny-negative	32	2	10000	false	0.06239600900000001	0.062636582	0	0	0
escardo-abs-after	sqrt-control	32	2	10000	false	0.004451719	0.004467454	0	0	93915043643294
escardo-abs-before	sqrt-control	32	2	10000	false	0.004320081000000001	0.004344263	0	0	93915043643294
escardo-abs-after	positive	128	2	5000	false	0.016043314	0.016119616	0	0	684074369789942572439189455265913431875340
escardo-abs-before	positive	128	2	5000	false	0.044369396	0.044577208	0	0	684074369789942572439189455265913431874626
escardo-abs-after	negative	128	2	5000	false	0.016713999	0.016777551	0	0	910999225151956475045379017070500059324660
escardo-abs-before	negative	128	2	5000	false	0.045260505000000006	0.045461128	0	0	910999225151956475045379017070500059325374
escardo-abs-after	zero	128	2	5000	false	0.050150927	0.050358853	0	0	0
escardo-abs-before	zero	128	2	5000	false	0.05259051000000001	0.052799816	0	0	0
escardo-abs-after	tiny-positive	128	2	5000	false	0.053587689	0.053806347	0	0	0
escardo-abs-before	tiny-positive	128	2	5000	false	0.055168678000000006	0.05536969	0	0	0
escardo-abs-after	tiny-negative	128	2	5000	false	0.05459027400000001	0.054798939	0	0	0
escardo-abs-before	tiny-negative	128	2	5000	false	0.056342373	0.05654752	0	0	0
escardo-abs-after	sqrt-control	128	2	5000	false	0.0043661870000000005	0.00438496	0	0	3720211989421912523537858717697942958126200
escardo-abs-before	sqrt-control	128	2	5000	false	0.00408937	0.004107789	0	0	3720211989421912523537858717697942958126200
escardo-abs-after	positive	512	2	1000	false	0.009131100000000001	0.009188911	0	0	5393916164470703138503626045975661352681506136924945133221802294809226246301797320486479327667815320006842357057230781244146878208083894821554700415817144479
escardo-abs-before	positive	512	2	1000	false	0.030583304000000002	0.030743706	0	0	5393916164470703138503626045975661352681506136924945133221802294809226246301797320486479327667815320006842357057230781244146878208083894821554700415817144479
escardo-abs-after	negative	512	2	1000	false	0.009625998	0.009671368	0	0	7175903769850481642347022389842319391830399319880423658394036558679927531892152970265277826863656643452562509992599891431247386928116014503226845527386695521
escardo-abs-before	negative	512	2	1000	false	0.030135121	0.030263148	0	0	7175903769850481642347022389842319391830399319880423658394036558679927531892152970265277826863656643452562509992599891431247386928116014503226845527386695521
escardo-abs-after	zero	512	2	1000	false	0.027777888	0.02789468	0	0	0
escardo-abs-before	zero	512	2	1000	false	0.028483481	0.028605352	0	0	0
escardo-abs-after	tiny-positive	512	2	1000	false	0.028867168000000002	0.028998065	0	0	115792089237316195423570985008687907853269984665640564039457584007913129639936000
escardo-abs-before	tiny-positive	512	2	1000	false	0.05798595200000001	0.058203496	0	0	115792089237316195423570985008687907853269984665640564039457584007913129639936000
escardo-abs-after	tiny-negative	512	2	1000	false	0.029434851	0.029558197	0	0	115792089237316195423570985008687907853269984665640564039457584007913129639936000
escardo-abs-before	tiny-negative	512	2	1000	false	0.05909633100000001	0.059336678	0	0	115792089237316195423570985008687907853269984665640564039457584007913129639936000
escardo-abs-after	sqrt-control	512	2	1000	false	0.001518364	0.001524036	0	0	29323224873149498473092184169506616381129329078912557436242953060758182707090604027823515092600636944687450433208793675657110748742565734448353495038612972351
escardo-abs-before	sqrt-control	512	2	1000	false	0.001679769	0.001688794	0	0	29323224873149498473092184169506616381129329078912557436242953060758182707090604027823515092600636944687450433208793675657110748742565734448353495038612972351
escardo-abs-after	positive	2048	2	300	false	0.013358649000000002	0.013434231	0	0	3905219871925572309875211728861387402706628827425773528663943557566440397741274993565746863249423788636140710623218409297864696288120761189922786190215933947744811704568297882482645748835828189337919793561551502027629816350341696596080293593033825647484258935190999251485658962838491156394796746308721510733440465793372052813696825166617323174604262425178227681966094001253862474047325116447644339333145400460647299485839205711256661661092382807094360961585380173269168329164391503344406545599378742627889752472951084534547946000235692374895143750607461918498315874828149577296593578682103868369103334274619204520608928
escardo-abs-before	positive	2048	2	300	false	0.0520669	0.052277782	0	0	3905219871925572309875211728861387402706628827425773528663943557566440397741274993565746863249423788636140710623218409297864696288120761189922786190215933947744811704568297882482645748835828189337919793561551502027629816350341696596080293593033825647484258935190999251485658962838491156394796746308721510733440465793372052813696825166617323174604262425178227681966094001253862474047325116447644339333145400460647299485839205711256661661092382807094360961585380173269168329164391503344406545599378742627889752472951084534547946000235692374895143750607461918498315874828149577296593578682103868369103334274619204520608928
escardo-abs-after	negative	2048	2	300	false	0.013914570000000001	0.013972643	0	0	5183938085630648493450847339827036586168275048431706355372716093924868860065319320145966033741395623026311215886065408684856429722954810368070756668472645679932622554985107268322097368461261465698471417233967501550217995142895109824436670439662597297366828960694211541826471756657433602276077365944883910194597940472472168492120823992103961995824037084757300396868288840432988642651929346907115889909904413618524339059978191670567874600492455103519178992136481860513460769660526680640793889261320692097957337627858611759683740731488588492102972702439567332123322225762446249009902243425538923310334249553491306919263072
escardo-abs-before	negative	2048	2	300	false	0.052419784	0.052636507	0	0	5183938085630648493450847339827036586168275048431706355372716093924868860065319320145966033741395623026311215886065408684856429722954810368070756668472645679932622554985107268322097368461261465698471417233967501550217995142895109824436670439662597297366828960694211541826471756657433602276077365944883910194597940472472168492120823992103961995824037084757300396868288840432988642651929346907115889909904413618524339059978191670567874600492455103519178992136481860513460769660526680640793889261320692097957337627858611759683740731488588492102972702439567332123322225762446249009902243425538923310334249553491306919263072
escardo-abs-after	zero	2048	2	300	false	0.04061711800000001	0.040780698	0	0	0
escardo-abs-before	zero	2048	2	300	false	0.040548793	0.040710004	0	0	0
escardo-abs-after	tiny-positive	2048	2	300	false	0.03929698	0.039472418	0	0	83728533488355712922346802175419521871766380603698075784796855846408898383581498436910330410362757856554857438014770417210744521751273189995416119692928937026394841582468031222036614831036460290562443247324973800597101825567848078542652445458810977331593914177159146011618891256296968495403032315609480403186984328702093947137058976726521621448717670126952299901939902577100761806985924124053035949019803956434955674970163470281111019786384566432957178633769624379037103685657862688751627731264458240378466061974933553848735824898381630668800
escardo-abs-before	tiny-positive	2048	2	300	false	0.105839081	0.106253357	0	0	83728533488355712922346802175419521871766380603698075784796855846408898383581498436910330410362757856554857438014770417210744521751273189995416119692928937026394841582468031222036614831036460290562443247324973800597101825567848078542652445458810977331593914177159146011618891256296968495403032315609480403186984328702093947137058976726521621448717670126952299901939902577100761806985924124053035949019803956434955674970163470281111019786384566432957178633769624379037103685657862688751627731264458240378466061974933553848735824898381630668800
escardo-abs-after	tiny-negative	2048	2	300	false	0.041614477000000004	0.04178206	0	0	83728533488355712922346802175419521871766380603698075784796855846408898383581498436910330410362757856554857438014770417210744521751273189995416119692928937026394841582468031222036614831036460290562443247324973800597101825567848078542652445458810977331593914177159146011618891256296968495403032315609480403186984328702093947137058976726521621448717670126952299901939902577100761806985924124053035949019803956434955674970163470281111019786384566432957178633769624379037103685657862688751627731264458240378466061974933553848735824898381630668800
escardo-abs-before	tiny-negative	2048	2	300	false	0.10452367900000001	0.104907059	0	0	83728533488355712922346802175419521871766380603698075784796855846408898383581498436910330410362757856554857438014770417210744521751273189995416119692928937026394841582468031222036614831036460290562443247324973800597101825567848078542652445458810977331593914177159146011618891256296968495403032315609480403186984328702093947137058976726521621448717670126952299901939902577100761806985924124053035949019803956434955674970163470281111019786384566432957178633769624379037103685657862688751627731264458240378466061974933553848735824898381630668800
escardo-abs-after	sqrt-control	2048	2	300	false	0.0009979670000000002	0.001004082	0	0	21213722116413569498391802212443067272412894683869672812327526595087162013581993538318374526874313994976350464406550157378938306997576663291305535701657920186747608235958633083991916833456753152304095785482355183967621771163151371794981337175946991715291896343863102843184402756146119753091560580654837518071279805900909473947373988940234975909379731462486808727486058666163861181412170471666660001131088777449590007998604127110392714907310991506408138768787897606160605129569279041133854244412633889457488763884247282203233659627182636047697738745532968005775787184896524471765626777165953396727337062596673005766482634
escardo-abs-before	sqrt-control	2048	2	300	false	0.001147294	0.001152901	0	0	21213722116413569498391802212443067272412894683869672812327526595087162013581993538318374526874313994976350464406550157378938306997576663291305535701657920186747608235958633083991916833456753152304095785482355183967621771163151371794981337175946991715291896343863102843184402756146119753091560580654837518071279805900909473947373988940234975909379731462486808727486058666163861181412170471666660001131088777449590007998604127110392714907310991506408138768787897606160605129569279041133854244412633889457488763884247282203233659627182636047697738745532968005775787184896524471765626777165953396727337062596673005766482634
escardo-abs-before	positive	32	3	10000	false	0.055066845	0.055302344	0	0	17271996640835
escardo-abs-after	positive	32	3	10000	false	0.016911993	0.016968918	0	0	17271996640835
escardo-abs-before	negative	32	3	10000	false	0.053034215	0.053214277	0	0	22993321759165
escardo-abs-after	negative	32	3	10000	false	0.016046472000000003	0.016107867	0	0	22993321759165
escardo-abs-before	zero	32	3	10000	false	0.055769585	0.055967429	0	0	0
escardo-abs-after	zero	32	3	10000	false	0.053694221	0.053885161	0	0	0
escardo-abs-before	tiny-positive	32	3	10000	false	0.060844996000000005	0.061044742	0	0	0
escardo-abs-after	tiny-positive	32	3	10000	false	0.058750210000000004	0.058951604	0	0	0
escardo-abs-before	tiny-negative	32	3	10000	false	0.067481113	0.067765821	0	0	0
escardo-abs-after	tiny-negative	32	3	10000	false	0.06431876600000001	0.06457048	0	0	0
escardo-abs-before	sqrt-control	32	3	10000	false	0.004333559	0.004349012	0	0	93918601710702
escardo-abs-after	sqrt-control	32	3	10000	false	0.004531153	0.004552309	0	0	93918601710702
escardo-abs-before	positive	128	3	5000	false	0.048053884000000005	0.048300454	0	0	684148831991722220719960642112822045793979
escardo-abs-after	positive	128	3	5000	false	0.017688407	0.017766934	0	0	684148831991722220719960642112822045794693
escardo-abs-before	negative	128	3	5000	false	0.04414590300000001	0.044314336	0	0	910924762950176826764607830223591445406021
escardo-abs-after	negative	128	3	5000	false	0.016159276000000004	0.016210901	0	0	910924762950176826764607830223591445405307
escardo-abs-before	zero	128	3	5000	false	0.051773662000000005	0.051985891	0	0	0
escardo-abs-after	zero	128	3	5000	false	0.05038121	0.050584937	0	0	0
escardo-abs-before	tiny-positive	128	3	5000	false	0.05581069300000001	0.056050933	0	0	0
escardo-abs-after	tiny-positive	128	3	5000	false	0.053525495000000006	0.053731722	0	0	0
escardo-abs-before	tiny-negative	128	3	5000	false	0.05696519500000001	0.057178306	0	0	0
escardo-abs-after	tiny-negative	128	3	5000	false	0.054683409	0.054899422	0	0	0
escardo-abs-before	sqrt-control	128	3	5000	false	0.004140145	0.004156546	0	0	3720364942855493467199173957370773831089504
escardo-abs-after	sqrt-control	128	3	5000	false	0.004161864	0.004178424	0	0	3720364942855493467199173957370773831089504
escardo-abs-before	positive	512	3	1000	false	0.032712354000000006	0.03287793	0	0	5392322397517495087182386467114971367162908252439816003730559811454950360984052790225442214232793850515165104481815691312853104389924355650334757237711879026
escardo-abs-after	positive	512	3	1000	false	0.014514411000000003	0.014588402	0	0	5392322397517495087182386467114971367162908252439816003730559811454950360984052790225442214232793850515165104481815691312853104389924355650334757237711879026
escardo-abs-before	negative	512	3	1000	false	0.046752149	0.046954995	0	0	7177497536803689693668261968703009377348997204365552787885279042034203417209897500526314940298678112944239762568014981362541160746275553674446788705491960974
escardo-abs-after	negative	512	3	1000	false	0.014684989000000002	0.01475824	0	0	7177497536803689693668261968703009377348997204365552787885279042034203417209897500526314940298678112944239762568014981362541160746275553674446788705491960974
escardo-abs-before	zero	512	3	1000	false	0.04312209	0.043318915	0	0	0
escardo-abs-after	zero	512	3	1000	false	0.043102733000000004	0.043281517	0	0	0
escardo-abs-before	tiny-positive	512	3	1000	false	0.08963879000000001	0.090018918	0	0	115792089237316195423570985008687907853269984665640564039457584007913129639936000
escardo-abs-after	tiny-positive	512	3	1000	false	0.044623179	0.044819682	0	0	115792089237316195423570985008687907853269984665640564039457584007913129639936000
escardo-abs-before	tiny-negative	512	3	1000	false	0.08938409900000001	0.089733828	0	0	115792089237316195423570985008687907853269984665640564039457584007913129639936000
escardo-abs-after	tiny-negative	512	3	1000	false	0.045034483	0.045225994	0	0	115792089237316195423570985008687907853269984665640564039457584007913129639936000
escardo-abs-before	sqrt-control	512	3	1000	false	0.0025603350000000004	0.002574744	0	0	29319632261842398751150350746388242267718924587059875735264621826817781231672273616782451591080399704435185659984599830977193286498075976047936152508078835395
escardo-abs-after	sqrt-control	512	3	1000	false	0.002566228	0.002576843	0	0	29319632261842398751150350746388242267718924587059875735264621826817781231672273616782451591080399704435185659984599830977193286498075976047936152508078835395
escardo-abs-before	positive	2048	3	300	false	0.07204674200000001	0.072342018	0	0	3901378395632638871909875597123926157349480887723313260931219574957627223679218618953301113339433599691057269069109397571232460559379701065145227926296586458100946477527231071310888431764162774948168997677484862310043087023328985506625763674203737145524553240033161024321683125391822860704246099126574294716572166047099930224990542881593827744497536736092504262404835938013191725435373300591400206030505914851066706184024349013232348714182868401363971070959394901946991440672182365074578351616898608049169134990401136949719990195410995495770584751835676436478803298466079399728568866763539034545582240651031810308253214
escardo-abs-after	positive	2048	3	300	false	0.020146203	0.020243504	0	0	3901378395632638871909875597123926157349480887723313260931219574957627223679218618953301113339433599691057269069109397571232460559379701065145227926296586458100946477527231071310888431764162774948168997677484862310043087023328985506625763674203737145524553240033161024321683125391822860704246099126574294716572166047099930224990542881593827744497536736092504262404835938013191725435373300591400206030505914851066706184024349013232348714182868401363971070959394901946991440672182365074578351616898608049169134990401136949719990195410995495770584751835676436478803298466079399728568866763539034545582240651031810308253214
escardo-abs-before	negative	2048	3	300	false	0.049750871	0.049912744	0	0	5187779561923581931416183471564497831525422988134166623105440076533682034127375694758411783651385811971394657440174420411488665451695870492848314932391993169576487782026174079493854685532926880088222213118034141267804724469907820913891200358492685799326534655852049768990447594104101897966628013127031126211466240218744291080827106277127457425930762773843023816429546903673659391263881162763360023212543899228104932361793048368592187547401969509249568882762467131835637658152735818910622083243800826676677955110408559344511696536313285371227531701211352814142834802124516426577926955344103757133855343177078701131618786
escardo-abs-after	negative	2048	3	300	false	0.013263166000000002	0.013321778	0	0	5187779561923581931416183471564497831525422988134166623105440076533682034127375694758411783651385811971394657440174420411488665451695870492848314932391993169576487782026174079493854685532926880088222213118034141267804724469907820913891200358492685799326534655852049768990447594104101897966628013127031126211466240218744291080827106277127457425930762773843023816429546903673659391263881162763360023212543899228104932361793048368592187547401969509249568882762467131835637658152735818910622083243800826676677955110408559344511696536313285371227531701211352814142834802124516426577926955344103757133855343177078701131618786
escardo-abs-before	zero	2048	3	300	false	0.037775616000000005	0.037922074	0	0	0
escardo-abs-after	zero	2048	3	300	false	0.037302604	0.037434758	0	0	0
escardo-abs-before	tiny-positive	2048	3	300	false	0.132389303	0.132901072	0	0	83728533488355712922346802175419521871766380603698075784796855846408898383581498436910330410362757856554857438014770417210744521751273189995416119692928937026394841582468031222036614831036460290562443247324973800597101825567848078542652445458810977331593914177159146011618891256296968495403032315609480403186984328702093947137058976726521621448717670126952299901939902577100761806985924124053035949019803956434955674970163470281111019786384566432957178633769624379037103685657862688751627731264458240378466061974933553848735824898381630668800
escardo-abs-after	tiny-positive	2048	3	300	false	0.056591090000000004	0.05683015	0	0	83728533488355712922346802175419521871766380603698075784796855846408898383581498436910330410362757856554857438014770417210744521751273189995416119692928937026394841582468031222036614831036460290562443247324973800597101825567848078542652445458810977331593914177159146011618891256296968495403032315609480403186984328702093947137058976726521621448717670126952299901939902577100761806985924124053035949019803956434955674970163470281111019786384566432957178633769624379037103685657862688751627731264458240378466061974933553848735824898381630668800
escardo-abs-before	tiny-negative	2048	3	300	false	0.148939335	0.149535484	0	0	83728533488355712922346802175419521871766380603698075784796855846408898383581498436910330410362757856554857438014770417210744521751273189995416119692928937026394841582468031222036614831036460290562443247324973800597101825567848078542652445458810977331593914177159146011618891256296968495403032315609480403186984328702093947137058976726521621448717670126952299901939902577100761806985924124053035949019803956434955674970163470281111019786384566432957178633769624379037103685657862688751627731264458240378466061974933553848735824898381630668800
escardo-abs-after	tiny-negative	2048	3	300	false	0.037513340000000006	0.037660992	0	0	83728533488355712922346802175419521871766380603698075784796855846408898383581498436910330410362757856554857438014770417210744521751273189995416119692928937026394841582468031222036614831036460290562443247324973800597101825567848078542652445458810977331593914177159146011618891256296968495403032315609480403186984328702093947137058976726521621448717670126952299901939902577100761806985924124053035949019803956434955674970163470281111019786384566432957178633769624379037103685657862688751627731264458240378466061974933553848735824898381630668800
escardo-abs-before	sqrt-control	2048	3	300	false	0.001005916	0.001013541	0	0	21205062800734970024482316010326313618784809740169625943482940111045695369221601400203105912374052767627809904891103656588823847763540190906699079971601887051863117158200563316084475071035883801741957753836125738264207674727587164302120771374150894847972106984930498185918288885510005905216621952200348344811327450469138430645260739069138998778251838895941646003416123532919916704761086287371275521672181051712401015095155142852391949749789565912716745603671078846208868466829293829705588288838852338671154858988977616087120592070971939035639011414659033489846707840184310323486927585282135356900285387639864466974661904
escardo-abs-after	sqrt-control	2048	3	300	false	0.001016136	0.00102324	0	0	21205062800734970024482316010326313618784809740169625943482940111045695369221601400203105912374052767627809904891103656588823847763540190906699079971601887051863117158200563316084475071035883801741957753836125738264207674727587164302120771374150894847972106984930498185918288885510005905216621952200348344811327450469138430645260739069138998778251838895941646003416123532919916704761086287371275521672181051712401015095155142852391949749789565912716745603671078846208868466829293829705588288838852338671154858988977616087120592070971939035639011414659033489846707840184310323486927585282135356900285387639864466974661904
escardo-abs-after	positive	32	4	10000	false	0.015308864000000002	0.015365878	0	0	17270472997729
escardo-abs-before	positive	32	4	10000	false	0.053651723000000005	0.053853654	0	0	17270472997729
escardo-abs-after	negative	32	4	10000	false	0.015633638000000002	0.015694696	0	0	22994845402271
escardo-abs-before	negative	32	4	10000	false	0.052660615	0.052835393	0	0	22994845402271
escardo-abs-after	zero	32	4	10000	false	0.052942261000000004	0.053115234	0	0	0
escardo-abs-before	zero	32	4	10000	false	0.055348874	0.055541208	0	0	0
escardo-abs-after	tiny-positive	32	4	10000	false	0.05865588000000001	0.058844192	0	0	0
escardo-abs-before	tiny-positive	32	4	10000	false	0.06080985700000001	0.061007124	0	0	0
escardo-abs-after	tiny-negative	32	4	10000	false	0.060824087	0.061035352	0	0	0
escardo-abs-before	tiny-negative	32	4	10000	false	0.06368101400000001	0.063916105	0	0	0
escardo-abs-after	sqrt-control	32	4	10000	false	0.004372535	0.00438612	0	0	93915071872867
escardo-abs-before	sqrt-control	32	4	10000	false	0.004588128	0.004606074	0	0	93915071872867
escardo-abs-after	positive	128	4	5000	false	0.016479578	0.016566436	0	0	684217641585329430484373688917497669359731
escardo-abs-before	positive	128	4	5000	false	0.044198502	0.044375572	0	0	684217641585329430484373688917497669359017
escardo-abs-after	negative	128	4	5000	false	0.016382916	0.016450614	0	0	910855953356569617000194783418915821840269
escardo-abs-before	negative	128	4	5000	false	0.043450884	0.043628514	0	0	910855953356569617000194783418915821840983
escardo-abs-after	zero	128	4	5000	false	0.049868857	0.050037215	0	0	0
escardo-abs-before	zero	128	4	5000	false	0.051826818000000004	0.05201577	0	0	0
escardo-abs-after	tiny-positive	128	4	5000	false	0.054961634	0.055165874	0	0	0
escardo-abs-before	tiny-positive	128	4	5000	false	0.055068408	0.055278966	0	0	0
escardo-abs-after	tiny-negative	128	4	5000	false	0.054456928	0.054658868	0	0	0
escardo-abs-before	tiny-negative	128	4	5000	false	0.056425183000000004	0.056635003	0	0	0
escardo-abs-after	sqrt-control	128	4	5000	false	0.004218797	0.00423847	0	0	3720504350869926958001454369886312739999181
escardo-abs-before	sqrt-control	128	4	5000	false	0.004054153	0.004070932	0	0	3720504350869926958001454369886312739999181
escardo-abs-after	positive	512	4	1000	false	0.009187164000000001	0.009236358	0	0	5390805263699180692520663610741403353237959322487243425735929268127014856555517003358382086235947656320357683326282804428649229499173928194241291269267004377
escardo-abs-before	positive	512	4	1000	false	0.030268621000000002	0.030408078	0	0	5390805263699180692520663610741403353237959322487243425735929268127014856555517003358382086235947656320357683326282804428649229499173928194241291269267004377
escardo-abs-after	negative	512	4	1000	false	0.009426876	0.009458322	0	0	7179014670622004088329984825076577391273946134318125365879909585362138921638433287393375068295524307139047183723547868246745035637025981130540254673936835623
escardo-abs-before	negative	512	4	1000	false	0.030523589	0.030660792	0	0	7179014670622004088329984825076577391273946134318125365879909585362138921638433287393375068295524307139047183723547868246745035637025981130540254673936835623
escardo-abs-after	zero	512	4	1000	false	0.027301918	0.027426232	0	0	0
escardo-abs-before	zero	512	4	1000	false	0.028757984	0.028890902	0	0	0
escardo-abs-after	tiny-positive	512	4	1000	false	0.028347499	0.028465511	0	0	115792089237316195423570985008687907853269984665640564039457584007913129639936000
escardo-abs-before	tiny-positive	512	4	1000	false	0.07753362800000001	0.077846781	0	0	115792089237316195423570985008687907853269984665640564039457584007913129639936000
escardo-abs-after	tiny-negative	512	4	1000	false	0.044656704000000005	0.044858119	0	0	115792089237316195423570985008687907853269984665640564039457584007913129639936000
escardo-abs-before	tiny-negative	512	4	1000	false	0.057891361	0.058101383	0	0	115792089237316195423570985008687907853269984665640564039457584007913129639936000
escardo-abs-after	sqrt-control	512	4	1000	false	0.0014973150000000001	0.001510857	0	0	29316467107741671560272109716882982890517489391124674148391643892659437171453983294288108795367500632059162302101391074851219210843006005407759458750254451285
escardo-abs-before	sqrt-control	512	4	1000	false	0.0014709370000000003	0.001476729	0	0	29316467107741671560272109716882982890517489391124674148391643892659437171453983294288108795367500632059162302101391074851219210843006005407759458750254451285
escardo-abs-after	positive	2048	4	300	false	0.013286653	0.013347036	0	0	3897721629137053530394152386603990564915198117298269646401671239448543320788807007578531676496720816646971518912950717481465102458559108411964061009319678171100354278241317416003037338276324274240445482127925659917913442537909496281369860132195155799055856383496738446346084283343777341029099358937953246466163603959564165884692203655289467776105418302288336390915638469598217953740953185572013956958233546404825097662599045760837055184857705503647882419528677628222814457130604817077793400505027152794706312642565972445578924219166666064539878156888450025390224090970012733819261218119268860524727324301266295376925255
escardo-abs-before	positive	2048	4	300	false	0.049109452000000005	0.049319454	0	0	3897721629137053530394152386603990564915198117298269646401671239448543320788807007578531676496720816646971518912950717481465102458559108411964061009319678171100354278241317416003037338276324274240445482127925659917913442537909496281369860132195155799055856383496738446346084283343777341029099358937953246466163603959564165884692203655289467776105418302288336390915638469598217953740953185572013956958233546404825097662599045760837055184857705503647882419528677628222814457130604817077793400505027152794706312642565972445578924219166666064539878156888450025390224090970012733819261218119268860524727324301266295376925255
escardo-abs-after	negative	2048	4	300	false	0.01344791	0.013495676	0	0	5191436328419167272931906682084433423959705758559210237634988412042765937017787306133181220494098595015480407596333100501256023552516463146029481849368901456577079981312087734801705779020765380795945728667593343659934368955327310139147103900501267145795231512388472346966046436152147417641774753315652174461874802306280055421125445503431817394322881207647191687918744372088633162958301277782746272284816267674346540883218351620987481076727132406965657534193184405559814641694313366907407034355672281931140777458243723848652762512557614802458238296158579225231414009620583092487234603988373931154710259526844216062946745
escardo-abs-before	negative	2048	4	300	false	0.050158165000000005	0.050358963	0	0	5191436328419167272931906682084433423959705758559210237634988412042765937017787306133181220494098595015480407596333100501256023552516463146029481849368901456577079981312087734801705779020765380795945728667593343659934368955327310139147103900501267145795231512388472346966046436152147417641774753315652174461874802306280055421125445503431817394322881207647191687918744372088633162958301277782746272284816267674346540883218351620987481076727132406965657534193184405559814641694313366907407034355672281931140777458243723848652762512557614802458238296158579225231414009620583092487234603988373931154710259526844216062946745
escardo-abs-after	zero	2048	4	300	false	0.038179912	0.038326007	0	0	0
escardo-abs-before	zero	2048	4	300	false	0.037657303	0.037802882	0	0	0
escardo-abs-after	tiny-positive	2048	4	300	false	0.037673243	0.037815932	0	0	83728533488355712922346802175419521871766380603698075784796855846408898383581498436910330410362757856554857438014770417210744521751273189995416119692928937026394841582468031222036614831036460290562443247324973800597101825567848078542652445458810977331593914177159146011618891256296968495403032315609480403186984328702093947137058976726521621448717670126952299901939902577100761806985924124053035949019803956434955674970163470281111019786384566432957178633769624379037103685657862688751627731264458240378466061974933553848735824898381630668800
escardo-abs-before	tiny-positive	2048	4	300	false	0.10127378100000001	0.101654312	0	0	83728533488355712922346802175419521871766380603698075784796855846408898383581498436910330410362757856554857438014770417210744521751273189995416119692928937026394841582468031222036614831036460290562443247324973800597101825567848078542652445458810977331593914177159146011618891256296968495403032315609480403186984328702093947137058976726521621448717670126952299901939902577100761806985924124053035949019803956434955674970163470281111019786384566432957178633769624379037103685657862688751627731264458240378466061974933553848735824898381630668800
escardo-abs-after	tiny-negative	2048	4	300	false	0.038054710000000005	0.038208584	0	0	83728533488355712922346802175419521871766380603698075784796855846408898383581498436910330410362757856554857438014770417210744521751273189995416119692928937026394841582468031222036614831036460290562443247324973800597101825567848078542652445458810977331593914177159146011618891256296968495403032315609480403186984328702093947137058976726521621448717670126952299901939902577100761806985924124053035949019803956434955674970163470281111019786384566432957178633769624379037103685657862688751627731264458240378466061974933553848735824898381630668800
escardo-abs-before	tiny-negative	2048	4	300	false	0.10136578100000002	0.101725727	0	0	83728533488355712922346802175419521871766380603698075784796855846408898383581498436910330410362757856554857438014770417210744521751273189995416119692928937026394841582468031222036614831036460290562443247324973800597101825567848078542652445458810977331593914177159146011618891256296968495403032315609480403186984328702093947137058976726521621448717670126952299901939902577100761806985924124053035949019803956434955674970163470281111019786384566432957178633769624379037103685657862688751627731264458240378466061974933553848735824898381630668800
escardo-abs-after	sqrt-control	2048	4	300	false	0.00106665	0.001072426	0	0	21197433790472867210597770068135727522635364468643669108225687417416975343273458444217278787045752458812070250301820497578614012587185723726762032444221730746412124171014748388682306310352878845523207590112171252505125613434339563392303919407018861670704843676605149550619429435441349269758430430506816779780701065066021470012950689182155473476794042744885339388462642046120766999295543314497909227541910054828491990917915799595625708249544157264505222119141223813365833339859655844785323700420770735320426581127655372876917096490135977175594128582240599031026972283809420476535811499135822735444539522712195742127904657
escardo-abs-before	sqrt-control	2048	4	300	false	0.001001557	0.001007221	0	0	21197433790472867210597770068135727522635364468643669108225687417416975343273458444217278787045752458812070250301820497578614012587185723726762032444221730746412124171014748388682306310352878845523207590112171252505125613434339563392303919407018861670704843676605149550619429435441349269758430430506816779780701065066021470012950689182155473476794042744885339388462642046120766999295543314497909227541910054828491990917915799595625708249544157264505222119141223813365833339859655844785323700420770735320426581127655372876917096490135977175594128582240599031026972283809420476535811499135822735444539522712195742127904657
escardo-abs-before	positive	32	5	10000	false	0.054386419000000005	0.054616931	0	0	17269022615991
escardo-abs-after	positive	32	5	10000	false	0.015381800000000003	0.015438613	0	0	17269022615991
escardo-abs-before	negative	32	5	10000	false	0.052893897	0.053075737	0	0	22996295784009
escardo-abs-after	negative	32	5	10000	false	0.015919443000000002	0.015973777	0	0	22996295784009
escardo-abs-before	zero	32	5	10000	false	0.058820045	0.059041948	0	0	0
escardo-abs-after	zero	32	5	10000	false	0.05321461	0.053398725	0	0	0
escardo-abs-before	tiny-positive	32	5	10000	false	0.060673738000000005	0.060872263	0	0	0
escardo-abs-after	tiny-positive	32	5	10000	false	0.06228723000000001	0.062541089	0	0	0
escardo-abs-before	tiny-negative	32	5	10000	false	0.06614008500000002	0.066394565	0	0	0
escardo-abs-after	tiny-negative	32	5	10000	false	0.062366328	0.062612544	0	0	0
escardo-abs-before	sqrt-control	32	5	10000	false	0.004249217	0.004271538	0	0	93911990496104
escardo-abs-after	sqrt-control	32	5	10000	false	0.004394934	0.004425597	0	0	93911990496104
escardo-abs-before	positive	128	5	5000	false	0.043770717	0.043945772	0	0	684279724820069925566762022532267368816325
escardo-abs-after	positive	128	5	5000	false	0.016291233000000002	0.016359881	0	0	684279724820069925566762022532267368817040
escardo-abs-before	negative	128	5	5000	false	0.044738756000000005	0.044928784	0	0	910793870121829121917806449804146122383675
escardo-abs-after	negative	128	5	5000	false	0.021811373	0.02191332	0	0	910793870121829121917806449804146122382960
escardo-abs-before	zero	128	5	5000	false	0.05177405	0.051951444	0	0	0
escardo-abs-after	zero	128	5	5000	false	0.050426842	0.050604816	0	0	0
escardo-abs-before	tiny-positive	128	5	5000	false	0.055812524	0.056021035	0	0	0
escardo-abs-after	tiny-positive	128	5	5000	false	0.053507237	0.053693995	0	0	0
escardo-abs-before	tiny-negative	128	5	5000	false	0.057887142	0.058101393	0	0	0
escardo-abs-after	tiny-negative	128	5	5000	false	0.054525962000000004	0.054711475	0	0	0
escardo-abs-before	sqrt-control	128	5	5000	false	0.004243037	0.004260838	0	0	3720633296579176155459392516088528830840673
escardo-abs-after	sqrt-control	128	5	5000	false	0.004142925	0.004158095	0	0	3720633296579176155459392516088528830840673
escardo-abs-before	positive	512	5	1000	false	0.030480092	0.030627883	0	0	5389388437381576209606036816723127178492750592232704510664826901511461596260323822753088296657298423923957678013959859238255695068068246156895866653683288715
escardo-abs-after	positive	512	5	1000	false	0.010277994	0.010318054	0	0	5389388437381576209606036816723127178492750592232704510664826901511461596260323822753088296657298423923957678013959859238255695068068246156895866653683288715
escardo-abs-before	negative	512	5	1000	false	0.030595001	0.030736106	0	0	7180431496939608571244611619094853566019154864572664280951011951977692181933626467998668857874173539535447189035870813437138570068131663167885679289520551285
escardo-abs-after	negative	512	5	1000	false	0.009157419	0.009189431	0	0	7180431496939608571244611619094853566019154864572664280951011951977692181933626467998668857874173539535447189035870813437138570068131663167885679289520551285
escardo-abs-before	zero	512	5	1000	false	0.027499390000000002	0.02762237	0	0	0
escardo-abs-after	zero	512	5	1000	false	0.02739787	0.027509436	0	0	0
escardo-abs-before	tiny-positive	512	5	1000	false	0.059130810000000006	0.059364387	0	0	115792089237316195423570985008687907853269984665640564039457584007913129639936000
escardo-abs-after	tiny-positive	512	5	1000	false	0.028381656	0.02848634	0	0	115792089237316195423570985008687907853269984665640564039457584007913129639936000
escardo-abs-before	tiny-negative	512	5	1000	false	0.057792122	0.05799243	0	0	115792089237316195423570985008687907853269984665640564039457584007913129639936000
escardo-abs-after	tiny-negative	512	5	1000	false	0.029340578000000003	0.029463223	0	0	115792089237316195423570985008687907853269984665640564039457584007913129639936000
escardo-abs-before	sqrt-control	512	5	1000	false	0.001628535	0.001635838	0	0	29313605589704682597589686362154979431627069083800202745624044927266088768325678586471652364435547453803025551045299454922222074841071090776348600174349242214
escardo-abs-after	sqrt-control	512	5	1000	false	0.0017149690000000002	0.001724872	0	0	29313605589704682597589686362154979431627069083800202745624044927266088768325678586471652364435547453803025551045299454922222074841071090776348600174349242214
escardo-abs-before	positive	2048	5	300	false	0.04886067200000001	0.049068431	0	0	3894306635056942679460851036495236223819126544156463410052902701276024466813415465887216021755139741085305938506217716998839801039521234616783892238840657183993208134723742968463851930331216554256364918338047201325536085456923649007630076552733577162545708914395097465513926884125242185118291017911352672210627662997597996199224976536345666370387608073596233263446958402975888372738114228099295425360249975264641594262329478830071743680293388214552179225543373045691178914618108148880944028311587746624291431560554675289070322231861996495498170490993550144388253651050769790568524921374114747719284494426166249399227328
escardo-abs-after	positive	2048	5	300	false	0.013715448000000002	0.013766108	0	0	3894306635056942679460851036495236223819126544156463410052902701276024466813415465887216021755139741085305938506217716998839801039521234616783892238840657183993208134723742968463851930331216554256364918338047201325536085456923649007630076552733577162545708914395097465513926884125242185118291017911352672210627662997597996199224976536345666370387608073596233263446958402975888372738114228099295425360249975264641594262329478830071743680293388214552179225543373045691178914618108148880944028311587746624291431560554675289070322231861996495498170490993550144388253651050769790568524921374114747719284494426166249399227328
escardo-abs-before	negative	2048	5	300	false	0.048783587	0.048970238	0	0	5194851322499278123865208032193187765055777331701016473983756950215284790993178847824496875235679670577145988003066100983881324971554336941209650619847922443684226124829662182340891186965873100780026292457471802252311726036313157412886887479962845782305378981490113327798203835370682573552583094342252748717410743268246225106592672622375618800040691436339294815387424438710962743961140235255464803882799838814530044283487918551752792581291449696061360728178488988091450184206810035104256406549111688101555658540255021005161364499862284371499945962053479106233384449539826035737970900733528043960153089401944262040644672
escardo-abs-after	negative	2048	5	300	false	0.014261344000000002	0.014320399	0	0	5194851322499278123865208032193187765055777331701016473983756950215284790993178847824496875235679670577145988003066100983881324971554336941209650619847922443684226124829662182340891186965873100780026292457471802252311726036313157412886887479962845782305378981490113327798203835370682573552583094342252748717410743268246225106592672622375618800040691436339294815387424438710962743961140235255464803882799838814530044283487918551752792581291449696061360728178488988091450184206810035104256406549111688101555658540255021005161364499862284371499945962053479106233384449539826035737970900733528043960153089401944262040644672
escardo-abs-before	zero	2048	5	300	false	0.038024936	0.038182776	0	0	0
escardo-abs-after	zero	2048	5	300	false	0.037713491	0.037857848	0	0	0
escardo-abs-before	tiny-positive	2048	5	300	false	0.103835727	0.104214367	0	0	83728533488355712922346802175419521871766380603698075784796855846408898383581498436910330410362757856554857438014770417210744521751273189995416119692928937026394841582468031222036614831036460290562443247324973800597101825567848078542652445458810977331593914177159146011618891256296968495403032315609480403186984328702093947137058976726521621448717670126952299901939902577100761806985924124053035949019803956434955674970163470281111019786384566432957178633769624379037103685657862688751627731264458240378466061974933553848735824898381630668800
escardo-abs-after	tiny-positive	2048	5	300	false	0.038261605000000004	0.03841426	0	0	83728533488355712922346802175419521871766380603698075784796855846408898383581498436910330410362757856554857438014770417210744521751273189995416119692928937026394841582468031222036614831036460290562443247324973800597101825567848078542652445458810977331593914177159146011618891256296968495403032315609480403186984328702093947137058976726521621448717670126952299901939902577100761806985924124053035949019803956434955674970163470281111019786384566432957178633769624379037103685657862688751627731264458240378466061974933553848735824898381630668800
escardo-abs-before	tiny-negative	2048	5	300	false	0.10254153	0.102925574	0	0	83728533488355712922346802175419521871766380603698075784796855846408898383581498436910330410362757856554857438014770417210744521751273189995416119692928937026394841582468031222036614831036460290562443247324973800597101825567848078542652445458810977331593914177159146011618891256296968495403032315609480403186984328702093947137058976726521621448717670126952299901939902577100761806985924124053035949019803956434955674970163470281111019786384566432957178633769624379037103685657862688751627731264458240378466061974933553848735824898381630668800
escardo-abs-after	tiny-negative	2048	5	300	false	0.037825403	0.03797607	0	0	83728533488355712922346802175419521871766380603698075784796855846408898383581498436910330410362757856554857438014770417210744521751273189995416119692928937026394841582468031222036614831036460290562443247324973800597101825567848078542652445458810977331593914177159146011618891256296968495403032315609480403186984328702093947137058976726521621448717670126952299901939902577100761806985924124053035949019803956434955674970163470281111019786384566432957178633769624379037103685657862688751627731264458240378466061974933553848735824898381630668800
escardo-abs-before	sqrt-control	2048	5	300	false	0.0009901080000000002	0.000997502	0	0	21190536637988454034854598126283680290148441778409451638097653779679695115681754276597597723322350920761192251237640034912112718883397031598837939018398305338052908809326765844228330521650188588852722732105423917601045385822622417692235397915289010107221242293806230933324594527169085712023320157730856577150755457042054870537350736895555327194998848258184098392590440991091219696071602317641792343914205260829293315933929089646809390516419534733330336621662193733604994519463206545245482614226552809051431661463839392743955002418355873858253409029370230286396963510282540582352410308416473816164246861187959728637079410
escardo-abs-after	sqrt-control	2048	5	300	false	0.0010425039999999999	0.001049548	0	0	21190536637988454034854598126283680290148441778409451638097653779679695115681754276597597723322350920761192251237640034912112718883397031598837939018398305338052908809326765844228330521650188588852722732105423917601045385822622417692235397915289010107221242293806230933324594527169085712023320157730856577150755457042054870537350736895555327194998848258184098392590440991091219696071602317641792343914205260829293315933929089646809390516419534733330336621662193733604994519463206545245482614226552809051431661463839392743955002418355873858253409029370230286396963510282540582352410308416473816164246861187959728637079410
escardo-abs-after	positive	32	6	10000	false	0.015265381000000001	0.01532799	0	0	17267668128343
escardo-abs-before	positive	32	6	10000	false	0.054776661000000004	0.054978577	0	0	17267668128343
escardo-abs-after	negative	32	6	10000	false	0.015747189	0.015806018	0	0	22997650271657
escardo-abs-before	negative	32	6	10000	false	0.054350906000000004	0.054531397	0	0	22997650271657
escardo-abs-after	zero	32	6	10000	false	0.053412962	0.053588971	0	0	0
escardo-abs-before	zero	32	6	10000	false	0.05551811	0.055718805	0	0	0
escardo-abs-after	tiny-positive	32	6	10000	false	0.059718411000000006	0.059922138	0	0	0
escardo-abs-before	tiny-positive	32	6	10000	false	0.100943577	0.101330674	0	0	0
escardo-abs-after	tiny-negative	32	6	10000	false	0.08639315100000002	0.086727993	0	0	0
escardo-abs-before	tiny-negative	32	6	10000	false	0.062115527000000004	0.062333173	0	0	0
escardo-abs-after	sqrt-control	32	6	10000	false	0.004372387	0.004391219	0	0	93909217015342
escardo-abs-before	sqrt-control	32	6	10000	false	0.004286263	0.004321135	0	0	93909217015342
escardo-abs-after	positive	128	6	5000	false	0.016908193	0.016976258	0	0	684090199782795694074188357690805672080738
escardo-abs-before	positive	128	6	5000	false	0.044603157000000004	0.044797963	0	0	684090199782795694074188357690805672080023
escardo-abs-after	negative	128	6	5000	false	0.016252308	0.016319893	0	0	910983395159103353410380114645607819119262
escardo-abs-before	negative	128	6	5000	false	0.043598829000000006	0.043758205	0	0	910983395159103353410380114645607819119977
escardo-abs-after	zero	128	6	5000	false	0.050744818000000004	0.050924354	0	0	0
escardo-abs-before	zero	128	6	5000	false	0.051453276000000006	0.051646095	0	0	0
escardo-abs-after	tiny-positive	128	6	5000	false	0.053278626	0.053491449	0	0	0
escardo-abs-before	tiny-positive	128	6	5000	false	0.056411806	0.056624723	0	0	0
escardo-abs-after	tiny-negative	128	6	5000	false	0.054547192	0.054746392	0	0	0
escardo-abs-before	tiny-negative	128	6	5000	false	0.056706589	0.056917094	0	0	0
escardo-abs-after	sqrt-control	128	6	5000	false	0.004601027000000001	0.004618744	0	0	3720214225999098929470407323770745379167178
escardo-abs-before	sqrt-control	128	6	5000	false	0.004210889	0.00424169	0	0	3720214225999098929470407323770745379167178
escardo-abs-after	positive	512	6	1000	false	0.009511909	0.009567465	0	0	5388094027665498027438705627259061070231166391063292504841979844832710360747408568728312944189851012321443993379054736768916897751310495301553457133089010752
escardo-abs-before	positive	512	6	1000	false	0.030635323000000002	0.030767294	0	0	5388094027665498027438705627259061070231166391063292504841979844832710360747408568728312944189851012321443993379054736768916897751310495301553457133089010752
escardo-abs-after	negative	512	6	1000	false	0.00936926	0.009415016	0	0	7181725906655686753411942808558919674280739065742076286773859008656443417446541722023444210341620951137960873670775935906477367384889414023228088810114829248
escardo-abs-before	negative	512	6	1000	false	0.030385012	0.030512871	0	0	7181725906655686753411942808558919674280739065742076286773859008656443417446541722023444210341620951137960873670775935906477367384889414023228088810114829248
escardo-abs-after	zero	512	6	1000	false	0.028097881	0.028214719	0	0	0
escardo-abs-before	zero	512	6	1000	false	0.02905233	0.029177113	0	0	0
escardo-abs-after	tiny-positive	512	6	1000	false	0.028888893000000002	0.029018664	0	0	115792089237316195423570985008687907853269984665640564039457584007913129639936000
escardo-abs-before	tiny-positive	512	6	1000	false	0.05959309	0.059830405	0	0	115792089237316195423570985008687907853269984665640564039457584007913129639936000
escardo-abs-after	tiny-negative	512	6	1000	false	0.028627246000000002	0.028737973	0	0	115792089237316195423570985008687907853269984665640564039457584007913129639936000
escardo-abs-before	tiny-negative	512	6	1000	false	0.05766801900000001	0.057884678	0	0	115792089237316195423570985008687907853269984665640564039457584007913129639936000
escardo-abs-after	sqrt-control	512	6	1000	false	0.0014599790000000001	0.001469389	0	0	29310974152293136104687028783511881686814916714829515764864590463624411786669576784377055468013546691940937419493772940178454802994666631394063798091881808378
escardo-abs-before	sqrt-control	512	6	1000	false	0.001476639	0.001485868	0	0	29310974152293136104687028783511881686814916714829515764864590463624411786669576784377055468013546691940937419493772940178454802994666631394063798091881808378
escardo-abs-after	positive	2048	6	300	false	0.013287315000000001	0.013348816	0	0	3891186703232752111463958317369423559373144303014701429551729992258413580909203787934436545687844307689985016574698348571114678085820204784418075746821908055479034167128431422269768344783629991799931242851409861218348220256592861637826717129650932726414201901559297182997608864966434196255411394962007552795057548085530348440765659164236848942109526074759570708198974596418564166331793386928899638939694534518222189020576258099753032229021495192160280593530966522822700812815094988016795187243517052692199244266363664203591343844486832790392616370029436334161923357604922707135862822998503152507488351987858246513978595
escardo-abs-before	positive	2048	6	300	false	0.05069893	0.050933233	0	0	3891186703232752111463958317369423559373144303014701429551729992258413580909203787934436545687844307689985016574698348571114678085820204784418075746821908055479034167128431422269768344783629991799931242851409861218348220256592861637826717129650932726414201901559297182997608864966434196255411394962007552795057548085530348440765659164236848942109526074759570708198974596418564166331793386928899638939694534518222189020576258099753032229021495192160280593530966522822700812815094988016795187243517052692199244266363664203591343844486832790392616370029436334161923357604922707135862822998503152507488351987858246513978595
escardo-abs-after	negative	2048	6	300	false	0.013798221000000001	0.013864501	0	0	5197971254323468691862100751319000429501759572842778454484929659232895676897390525777276351302975103972466909934585469411606447925255366773575467111866671572198400092424973728534974772513459663236459967944109142359499591236643944782690246903045490218436885994325913610314521854529490562415462717291597868132980858180313872865051989994484436228318773435175957370635408245268286950367461076425860590303355279560949449525241139282071504032563342718453259360190895510959928286009823195968405247617182382033647845834446032090640342887237448076605500083017592916459714742985673119170632999109139639171949231840252264925893405
escardo-abs-before	negative	2048	6	300	false	0.04867432	0.048857646	0	0	5197971254323468691862100751319000429501759572842778454484929659232895676897390525777276351302975103972466909934585469411606447925255366773575467111866671572198400092424973728534974772513459663236459967944109142359499591236643944782690246903045490218436885994325913610314521854529490562415462717291597868132980858180313872865051989994484436228318773435175957370635408245268286950367461076425860590303355279560949449525241139282071504032563342718453259360190895510959928286009823195968405247617182382033647845834446032090640342887237448076605500083017592916459714742985673119170632999109139639171949231840252264925893405
escardo-abs-after	zero	2048	6	300	false	0.037802894000000004	0.037943183	0	0	0
escardo-abs-before	zero	2048	6	300	false	0.037598048	0.037750146	0	0	0
escardo-abs-after	tiny-positive	2048	6	300	false	0.038980726	0.039143731	0	0	83728533488355712922346802175419521871766380603698075784796855846408898383581498436910330410362757856554857438014770417210744521751273189995416119692928937026394841582468031222036614831036460290562443247324973800597101825567848078542652445458810977331593914177159146011618891256296968495403032315609480403186984328702093947137058976726521621448717670126952299901939902577100761806985924124053035949019803956434955674970163470281111019786384566432957178633769624379037103685657862688751627731264458240378466061974933553848735824898381630668800
escardo-abs-before	tiny-positive	2048	6	300	false	0.102091184	0.102521312	0	0	83728533488355712922346802175419521871766380603698075784796855846408898383581498436910330410362757856554857438014770417210744521751273189995416119692928937026394841582468031222036614831036460290562443247324973800597101825567848078542652445458810977331593914177159146011618891256296968495403032315609480403186984328702093947137058976726521621448717670126952299901939902577100761806985924124053035949019803956434955674970163470281111019786384566432957178633769624379037103685657862688751627731264458240378466061974933553848735824898381630668800
escardo-abs-after	tiny-negative	2048	6	300	false	0.0387093	0.038882168	0	0	83728533488355712922346802175419521871766380603698075784796855846408898383581498436910330410362757856554857438014770417210744521751273189995416119692928937026394841582468031222036614831036460290562443247324973800597101825567848078542652445458810977331593914177159146011618891256296968495403032315609480403186984328702093947137058976726521621448717670126952299901939902577100761806985924124053035949019803956434955674970163470281111019786384566432957178633769624379037103685657862688751627731264458240378466061974933553848735824898381630668800
escardo-abs-before	tiny-negative	2048	6	300	false	0.10392472300000001	0.104322049	0	0	83728533488355712922346802175419521871766380603698075784796855846408898383581498436910330410362757856554857438014770417210744521751273189995416119692928937026394841582468031222036614831036460290562443247324973800597101825567848078542652445458810977331593914177159146011618891256296968495403032315609480403186984328702093947137058976726521621448717670126952299901939902577100761806985924124053035949019803956434955674970163470281111019786384566432957178633769624379037103685657862688751627731264458240378466061974933553848735824898381630668800
escardo-abs-after	sqrt-control	2048	6	300	false	0.0009747500000000001	0.000981213	0	0	21184194051694738607523758528076528951469783606741439470257944199192136147809193240221996150378773038506738111225348673473655923844263916604236630081671513763535129808218376031244466908291001026835584627674549663616193618036703282061238133936461903807798491958809681109262349977994638751770460988950726370358651500543999644811272138781522445758525635774477911793724532208493194400887793333937080996728906818913157078840404503993394711395346136091766462365234531823520451866879871130431377809835730838817230203269993435982868743687343827451512100455922698251975609921181363708305150553635406424653812415373000053977344651
escardo-abs-before	sqrt-control	2048	6	300	false	0.0010004770000000003	0.001007711	0	0	21184194051694738607523758528076528951469783606741439470257944199192136147809193240221996150378773038506738111225348673473655923844263916604236630081671513763535129808218376031244466908291001026835584627674549663616193618036703282061238133936461903807798491958809681109262349977994638751770460988950726370358651500543999644811272138781522445758525635774477911793724532208493194400887793333937080996728906818913157078840404503993394711395346136091766462365234531823520451866879871130431377809835730838817230203269993435982868743687343827451512100455922698251975609921181363708305150553635406424653812415373000053977344651
escardo-abs-before	positive	32	7	10000	false	0.052947675	0.05317264	0	0	17266430671112
escardo-abs-after	positive	32	7	10000	false	0.015977981000000002	0.016033362	0	0	17266430671112
escardo-abs-before	negative	32	7	10000	false	0.053745755	0.053949037	0	0	22998887728888
escardo-abs-after	negative	32	7	10000	false	0.016833079	0.016893164	0	0	22998887728888
escardo-abs-before	zero	32	7	10000	false	0.059812712000000004	0.060034651	0	0	0
escardo-abs-after	zero	32	7	10000	false	0.05357791800000001	0.053770739	0	0	0
escardo-abs-before	tiny-positive	32	7	10000	false	0.06315208100000001	0.06339916	0	0	0
escardo-abs-after	tiny-positive	32	7	10000	false	0.058098636	0.058308688	0	0	0
escardo-abs-before	tiny-negative	32	7	10000	false	0.06412279600000001	0.064382703	0	0	0
escardo-abs-after	tiny-negative	32	7	10000	false	0.060789737	0.061004325	0	0	0
escardo-abs-before	sqrt-control	32	7	10000	false	0.00444928	0.004474483	0	0	93906672852177
escardo-abs-after	sqrt-control	32	7	10000	false	0.004454659	0.004481333	0	0	93906672852177
escardo-abs-before	positive	128	7	5000	false	0.04442994200000001	0.044611066	0	0	683913205467980772649886067389835863299936
escardo-abs-after	positive	128	7	5000	false	0.016700042000000002	0.016777962	0	0	683913205467980772649886067389835863300650
escardo-abs-before	negative	128	7	5000	false	0.04301976	0.043181334	0	0	911160389473918274834682404946577627900064
escardo-abs-after	negative	128	7	5000	false	0.016212651	0.016292064	0	0	911160389473918274834682404946577627899350
escardo-abs-before	zero	128	7	5000	false	0.050827028	0.051003739	0	0	0
escardo-abs-after	zero	128	7	5000	false	0.06310064600000001	0.063400791	0	0	0
escardo-abs-before	tiny-positive	128	7	5000	false	0.054708747	0.054910401	0	0	0
escardo-abs-after	tiny-positive	128	7	5000	false	0.05656314400000001	0.056794692	0	0	0
escardo-abs-before	tiny-negative	128	7	5000	false	0.056770584000000006	0.057006188	0	0	0
escardo-abs-after	tiny-negative	128	7	5000	false	0.05788713	0.058109642	0	0	0
escardo-abs-before	sqrt-control	128	7	5000	false	0.004106248	0.004127008	0	0	3719841148470853771906995363592206413094103
escardo-abs-after	sqrt-control	128	7	5000	false	0.004186792000000001	0.004202752	0	0	3719841148470853771906995363592206413094103
escardo-abs-before	positive	512	7	1000	false	0.030012342000000004	0.030145576	0	0	5386942233381639009372127999919226751209081674192435757979378867593143011131884965788259535170591434215288478449481469554174016172226104788431496533448950018
escardo-abs-after	positive	512	7	1000	false	0.009170597	0.009197381	0	0	5386942233381639009372127999919226751209081674192435757979378867593143011131884965788259535170591434215288478449481469554174016172226104788431496533448950018
escardo-abs-before	negative	512	7	1000	false	0.029994281	0.030117608	0	0	7182877700939545771478520435898753993302823782612933033636459985896010767062065324963497619360880529244116388600349203121220248963973804536350049409754889982
escardo-abs-after	negative	512	7	1000	false	0.009100922000000001	0.009130945	0	0	7182877700939545771478520435898753993302823782612933033636459985896010767062065324963497619360880529244116388600349203121220248963973804536350049409754889982
escardo-abs-before	zero	512	7	1000	false	0.027769599000000002	0.027892281	0	0	0
escardo-abs-after	zero	512	7	1000	false	0.02773536	0.027851994	0	0	0
escardo-abs-before	tiny-positive	512	7	1000	false	0.06008842700000001	0.060313992	0	0	115792089237316195423570985008687907853269984665640564039457584007913129639936000
escardo-abs-after	tiny-positive	512	7	1000	false	0.028498827	0.028609621	0	0	115792089237316195423570985008687907853269984665640564039457584007913129639936000
escardo-abs-before	tiny-negative	512	7	1000	false	0.059589461	0.059817946	0	0	115792089237316195423570985008687907853269984665640564039457584007913129639936000
escardo-abs-after	tiny-negative	512	7	1000	false	0.028694012	0.028815617	0	0	115792089237316195423570985008687907853269984665640564039457584007913129639936000
escardo-abs-before	sqrt-control	512	7	1000	false	0.001468918	0.001474509	0	0	29308524870069847238442168690562045322933545151724935202564899176365022150518508147436873516763103828358537991338516083948404520994746903945227271503128865056
escardo-abs-after	sqrt-control	512	7	1000	false	0.001478518	0.001485098	0	0	29308524870069847238442168690562045322933545151724935202564899176365022150518508147436873516763103828358537991338516083948404520994746903945227271503128865056
escardo-abs-before	positive	2048	7	300	false	0.04838643200000001	0.048583864	0	0	3888410519157110108915153313870829720864577800149060412630385381852932133817453205565785508983542259443677955562165522646019251224530443423308493927769777309644477278404601620602816807676333315219266193596208577762730463019089809294482646639982041635799121842870326475788078014401319626656217119533275568256227251713170601779076091362250565747626585099225425279125735769736509585815582437832276198020537715945472030984211913435820827763101636415019743344075401685776456087546432759551850193785203912767136533574854061054507680935350564437348708473649532703744191982017595806523093940967728107934102145748404918870419372
escardo-abs-after	positive	2048	7	300	false	0.013284396	0.013332048	0	0	3888410519157110108915153313870829720864577800149060412630385381852932133817453205565785508983542259443677955562165522646019251224530443423308493927769777309644477278404601620602816807676333315219266193596208577762730463019089809294482646639982041635799121842870326475788078014401319626656217119533275568256227251713170601779076091362250565747626585099225425279125735769736509585815582437832276198020537715945472030984211913435820827763101636415019743344075401685776456087546432759551850193785203912767136533574854061054507680935350564437348708473649532703744191982017595806523093940967728107934102145748404918870419372
escardo-abs-before	negative	2048	7	300	false	0.048504163	0.048706496	0	0	5200747438399110694410905754817594268010326075708419471406274269638377123989141108145927388007277152218773970947118295336701874786545128134685048930918802318032956981148803530201926309620756339817125017199310425815117348474146997126034317392714381309051966053014884317524052705094605132014656992720329852671811154552673619526741557796470719422801714410710102799708647071950341530883672025522484031222512098133699607561605483946003708498483201495593796609646460348006173011278485424433350241075495521958710556525955635239724005796373716429649407979397496546877446118573000019783401881139914683745335438079705592569452628
escardo-abs-after	negative	2048	7	300	false	0.013438272	0.013497946	0	0	5200747438399110694410905754817594268010326075708419471406274269638377123989141108145927388007277152218773970947118295336701874786545128134685048930918802318032956981148803530201926309620756339817125017199310425815117348474146997126034317392714381309051966053014884317524052705094605132014656992720329852671811154552673619526741557796470719422801714410710102799708647071950341530883672025522484031222512098133699607561605483946003708498483201495593796609646460348006173011278485424433350241075495521958710556525955635239724005796373716429649407979397496546877446118573000019783401881139914683745335438079705592569452628
escardo-abs-before	zero	2048	7	300	false	0.037691882	0.03783439	0	0	0
escardo-abs-after	zero	2048	7	300	false	0.037580924	0.037721898	0	0	0
escardo-abs-before	tiny-positive	2048	7	300	false	0.101310648	0.101651982	0	0	83728533488355712922346802175419521871766380603698075784796855846408898383581498436910330410362757856554857438014770417210744521751273189995416119692928937026394841582468031222036614831036460290562443247324973800597101825567848078542652445458810977331593914177159146011618891256296968495403032315609480403186984328702093947137058976726521621448717670126952299901939902577100761806985924124053035949019803956434955674970163470281111019786384566432957178633769624379037103685657862688751627731264458240378466061974933553848735824898381630668800
escardo-abs-after	tiny-positive	2048	7	300	false	0.037571293	0.037715958	0	0	83728533488355712922346802175419521871766380603698075784796855846408898383581498436910330410362757856554857438014770417210744521751273189995416119692928937026394841582468031222036614831036460290562443247324973800597101825567848078542652445458810977331593914177159146011618891256296968495403032315609480403186984328702093947137058976726521621448717670126952299901939902577100761806985924124053035949019803956434955674970163470281111019786384566432957178633769624379037103685657862688751627731264458240378466061974933553848735824898381630668800
escardo-abs-before	tiny-negative	2048	7	300	false	0.10295163000000002	0.103337686	0	0	83728533488355712922346802175419521871766380603698075784796855846408898383581498436910330410362757856554857438014770417210744521751273189995416119692928937026394841582468031222036614831036460290562443247324973800597101825567848078542652445458810977331593914177159146011618891256296968495403032315609480403186984328702093947137058976726521621448717670126952299901939902577100761806985924124053035949019803956434955674970163470281111019786384566432957178633769624379037103685657862688751627731264458240378466061974933553848735824898381630668800
escardo-abs-after	tiny-negative	2048	7	300	false	0.03797220800000001	0.038115641	0	0	83728533488355712922346802175419521871766380603698075784796855846408898383581498436910330410362757856554857438014770417210744521751273189995416119692928937026394841582468031222036614831036460290562443247324973800597101825567848078542652445458810977331593914177159146011618891256296968495403032315609480403186984328702093947137058976726521621448717670126952299901939902577100761806985924124053035949019803956434955674970163470281111019786384566432957178633769624379037103685657862688751627731264458240378466061974933553848735824898381630668800
escardo-abs-before	sqrt-control	2048	7	300	false	0.000988268	0.000994522	0	0	21178290516314908677880041279768354215335367812052967659737210587987997545568083201597932627637155066886833367251472181391681230439167984295635434614196416789423276517760043593653904724102827010116979744370295135443126604038567458835332675573120092553578864774389108122912279292230906114856227498329222680267653399091500324548875670827305691734572369701154505243310208551077813141409127554231768200146220389386106925790287101106959966972350070489691621311900753322076759444131567187656640382398403577991112561566744628923516534226396538576945829964465457267011754543341672446445301174842149005550291121538710315593092491
escardo-abs-after	sqrt-control	2048	7	300	false	0.00106963	0.001075916	0	0	21178290516314908677880041279768354215335367812052967659737210587987997545568083201597932627637155066886833367251472181391681230439167984295635434614196416789423276517760043593653904724102827010116979744370295135443126604038567458835332675573120092553578864774389108122912279292230906114856227498329222680267653399091500324548875670827305691734572369701154505243310208551077813141409127554231768200146220389386106925790287101106959966972350070489691621311900753322076759444131567187656640382398403577991112561566744628923516534226396538576945829964465457267011754543341672446445301174842149005550291121538710315593092491
escardo-abs-after	positive	32	8	10000	false	0.015911325	0.015977696	0	0	17268408170861
escardo-abs-before	positive	32	8	10000	false	0.054673741000000005	0.054903042	0	0	17268408170861
escardo-abs-after	negative	32	8	10000	false	0.016047864000000002	0.016107438	0	0	22996910229139
escardo-abs-before	negative	32	8	10000	false	0.05524751000000001	0.055440255	0	0	22996910229139
escardo-abs-after	zero	32	8	10000	false	0.053642153	0.053826955	0	0	0
escardo-abs-before	zero	32	8	10000	false	0.056827772000000006	0.057024627	0	0	0
escardo-abs-after	tiny-positive	32	8	10000	false	0.09736087700000001	0.0977329	0	0	0
escardo-abs-before	tiny-positive	32	8	10000	false	0.10109558600000002	0.101501182	0	0	0
escardo-abs-after	tiny-negative	32	8	10000	false	0.10034322	0.100719806	0	0	0
escardo-abs-before	tiny-negative	32	8	10000	false	0.10405094000000001	0.10444891	0	0	0
escardo-abs-after	sqrt-control	32	8	10000	false	0.007979867	0.008012311	0	0	93911119329514
escardo-abs-before	sqrt-control	32	8	10000	false	0.007942279	0.007993993	0	0	93911119329514
escardo-abs-after	positive	128	8	5000	false	0.027244605	0.027389425	0	0	683995416937744728966619989492071860176808
escardo-abs-before	positive	128	8	5000	false	0.07153524300000001	0.071838852	0	0	683995416937744728966619989492071860176094
escardo-abs-after	negative	128	8	5000	false	0.027643848000000002	0.027763889	0	0	911078178004154318517948482844341631023192
escardo-abs-before	negative	128	8	5000	false	0.071517814	0.071807014	0	0	911078178004154318517948482844341631023906
escardo-abs-after	zero	128	8	5000	false	0.080505349	0.080841786	0	0	0
escardo-abs-before	zero	128	8	5000	false	0.083196904	0.083525393	0	0	0
escardo-abs-after	tiny-positive	128	8	5000	false	0.08703377300000001	0.087386748	0	0	0
escardo-abs-before	tiny-positive	128	8	5000	false	0.088898741	0.08927178	0	0	0
escardo-abs-after	tiny-negative	128	8	5000	false	0.08852798800000002	0.088881916	0	0	0
escardo-abs-before	tiny-negative	128	8	5000	false	0.09070314900000001	0.091086525	0	0	0
escardo-abs-after	sqrt-control	128	8	5000	false	0.00768985	0.00773677	0	0	3720040481266359639810832045262114699403161
escardo-abs-before	sqrt-control	128	8	5000	false	0.007732966000000001	0.007782968	0	0	3720040481266359639810832045262114699403161
escardo-abs-after	positive	512	8	1000	false	0.01455221	0.014630488	0	0	5395561694358549191347642591881238969585091626795941230346034101375975992180111309723573798663620023313976529769324051530131586135277570463449061380801545633
escardo-abs-before	positive	512	8	1000	false	0.046571714	0.046781288	0	0	5395561694358549191347642591881238969585091626795941230346034101375975992180111309723573798663620023313976529769324051530131586135277570463449061380801545633
escardo-abs-after	negative	512	8	1000	false	0.014648509000000002	0.014725792	0	0	7174258239962635589503005843936741774926813830009427561269804752113177786013838981028183355867851940145428337280506621145262679000922338861332484562402294367
escardo-abs-before	negative	512	8	1000	false	0.030570895000000004	0.030696739	0	0	7174258239962635589503005843936741774926813830009427561269804752113177786013838981028183355867851940145428337280506621145262679000922338861332484562402294367
escardo-abs-after	zero	512	8	1000	false	0.027840274000000005	0.027957826	0	0	0
escardo-abs-before	zero	512	8	1000	false	0.028004987000000002	0.028121065	0	0	0
escardo-abs-after	tiny-positive	512	8	1000	false	0.028523036	0.028635789	0	0	115792089237316195423570985008687907853269984665640564039457584007913129639936000
escardo-abs-before	tiny-positive	512	8	1000	false	0.058061524	0.058262652	0	0	115792089237316195423570985008687907853269984665640564039457584007913129639936000
escardo-abs-after	tiny-negative	512	8	1000	false	0.028907653000000002	0.029040232	0	0	115792089237316195423570985008687907853269984665640564039457584007913129639936000
escardo-abs-before	tiny-negative	512	8	1000	false	0.058302028000000006	0.058509665	0	0	115792089237316195423570985008687907853269984665640564039457584007913129639936000
escardo-abs-after	sqrt-control	512	8	1000	false	0.0014824970000000004	0.001488728	0	0	29327486373886065591895833743473349641453714235212997862292484063035123455125464429086464428219918669824551857519744443513652657629223386566528145654609934321
escardo-abs-before	sqrt-control	512	8	1000	false	0.001462548	0.001468559	0	0	29327486373886065591895833743473349641453714235212997862292484063035123455125464429086464428219918669824551857519744443513652657629223386566528145654609934321
escardo-abs-after	positive	2048	8	300	false	0.013249657000000001	0.013341907	0	0	3909186113063117624072386248217365279572455757044281946982114351062432629050081678891542121139919213938977266744357851129507798935547399377654030575000349191939939605440803229665725070744477660178312999620751795403644941453040226007958493760773514542102465845742981175382217241321013648301679151824804675597497670387376463214158412242629138212320175409649922788078807166811279693225492370076357571887199406415414205790051757990069641991990290271667170825536141580179975612095538941969938138073830264856039814529984593839070913652464073846896916204767245532866516042920374239765105321292048701509193155289435792004335308
escardo-abs-before	positive	2048	8	300	false	0.048438749	0.048603503	0	0	3909186113063117624072386248217365279572455757044281946982114351062432629050081678891542121139919213938977266744357851129507798935547399377654030575000349191939939605440803229665725070744477660178312999620751795403644941453040226007958493760773514542102465845742981175382217241321013648301679151824804675597497670387376463214158412242629138212320175409649922788078807166811279693225492370076357571887199406415414205790051757990069641991990290271667170825536141580179975612095538941969938138073830264856039814529984593839070913652464073846896916204767245532866516042920374239765105321292048701509193155289435792004335308
escardo-abs-after	negative	2048	8	300	false	0.013326211000000001	0.013368765	0	0	5179971844493103179253672820471058709302448118813197937054545300428876628756512634820170775850900197723474659764925966853213327075528172180339512283688230435737494654112601921139018046552611994858078211174767208174202870040196580412558470271922908402748622050142229617929913478174911110369194960428800745330540735878467758091659236916092146958108124100285605290755575674875571423473762093278402657355850407663757432755765639391754894269594547638946369128185720453602653486729379242015262296786869169869807275570825102455160773079260207020101200248279783717755122057670221586541390500815594090170244428538674719435536692
escardo-abs-before	negative	2048	8	300	false	0.048459308	0.048632441	0	0	5179971844493103179253672820471058709302448118813197937054545300428876628756512634820170775850900197723474659764925966853213327075528172180339512283688230435737494654112601921139018046552611994858078211174767208174202870040196580412558470271922908402748622050142229617929913478174911110369194960428800745330540735878467758091659236916092146958108124100285605290755575674875571423473762093278402657355850407663757432755765639391754894269594547638946369128185720453602653486729379242015262296786869169869807275570825102455160773079260207020101200248279783717755122057670221586541390500815594090170244428538674719435536692
escardo-abs-after	zero	2048	8	300	false	0.037636129000000004	0.037790883	0	0	0
escardo-abs-before	zero	2048	8	300	false	0.03768971200000001	0.03783414	0	0	0
escardo-abs-after	tiny-positive	2048	8	300	false	0.037898855	0.038037146	0	0	83728533488355712922346802175419521871766380603698075784796855846408898383581498436910330410362757856554857438014770417210744521751273189995416119692928937026394841582468031222036614831036460290562443247324973800597101825567848078542652445458810977331593914177159146011618891256296968495403032315609480403186984328702093947137058976726521621448717670126952299901939902577100761806985924124053035949019803956434955674970163470281111019786384566432957178633769624379037103685657862688751627731264458240378466061974933553848735824898381630668800
escardo-abs-before	tiny-positive	2048	8	300	false	0.10133874600000001	0.101687959	0	0	83728533488355712922346802175419521871766380603698075784796855846408898383581498436910330410362757856554857438014770417210744521751273189995416119692928937026394841582468031222036614831036460290562443247324973800597101825567848078542652445458810977331593914177159146011618891256296968495403032315609480403186984328702093947137058976726521621448717670126952299901939902577100761806985924124053035949019803956434955674970163470281111019786384566432957178633769624379037103685657862688751627731264458240378466061974933553848735824898381630668800
escardo-abs-after	tiny-negative	2048	8	300	false	0.03759657	0.037737227	0	0	83728533488355712922346802175419521871766380603698075784796855846408898383581498436910330410362757856554857438014770417210744521751273189995416119692928937026394841582468031222036614831036460290562443247324973800597101825567848078542652445458810977331593914177159146011618891256296968495403032315609480403186984328702093947137058976726521621448717670126952299901939902577100761806985924124053035949019803956434955674970163470281111019786384566432957178633769624379037103685657862688751627731264458240378466061974933553848735824898381630668800
escardo-abs-before	tiny-negative	2048	8	300	false	0.101151749	0.101503482	0	0	83728533488355712922346802175419521871766380603698075784796855846408898383581498436910330410362757856554857438014770417210744521751273189995416119692928937026394841582468031222036614831036460290562443247324973800597101825567848078542652445458810977331593914177159146011618891256296968495403032315609480403186984328702093947137058976726521621448717670126952299901939902577100761806985924124053035949019803956434955674970163470281111019786384566432957178633769624379037103685657862688751627731264458240378466061974933553848735824898381630668800
escardo-abs-after	sqrt-control	2048	8	300	false	0.001002197	0.001007961	0	0	21223993664596250358481893521736003869020532878781012285642205694944371112533710191793716471417126830721010354032209817009746658660504578522262345445285600203763827715347604450960940095319745058036264806741594504421943931601719931324888561567973969871246067525511839459458171664761997075845032277663909442925012339113709045939488889923008909825906960474583401945421243847658195949277815381115672119502064897665979914046439583837033556712222119847108587155399149371374041081165141328890839492720354889654603388820441779203253609145952591804930636214728634815764774793898424614570759698540747133373481810442898450880107853
escardo-abs-before	sqrt-control	2048	8	300	false	0.000989828	0.000995892	0	0	21223993664596250358481893521736003869020532878781012285642205694944371112533710191793716471417126830721010354032209817009746658660504578522262345445285600203763827715347604450960940095319745058036264806741594504421943931601719931324888561567973969871246067525511839459458171664761997075845032277663909442925012339113709045939488889923008909825906960474583401945421243847658195949277815381115672119502064897665979914046439583837033556712222119847108587155399149371374041081165141328890839492720354889654603388820441779203253609145952591804930636214728634815764774793898424614570759698540747133373481810442898450880107853
escardo-abs-before	positive	32	9	10000	false	0.05295378900000001	0.05317778	0	0	17270273195129
escardo-abs-after	positive	32	9	10000	false	0.015319714000000002	0.015387996	0	0	17270273195129
escardo-abs-before	negative	32	9	10000	false	0.05337015900000001	0.053555114	0	0	22995045204871
escardo-abs-after	negative	32	9	10000	false	0.016001589	0.016115407	0	0	22995045204871
escardo-abs-before	zero	32	9	10000	false	0.054655939	0.054845235	0	0	0
escardo-abs-after	zero	32	9	10000	false	0.053718449	0.05390292	0	0	0
escardo-abs-before	tiny-positive	32	9	10000	false	0.060140122000000004	0.060364158	0	0	0
escardo-abs-after	tiny-positive	32	9	10000	false	0.058823284	0.05902186	0	0	0
escardo-abs-before	tiny-negative	32	9	10000	false	0.06273687700000001	0.062940772	0	0	0
escardo-abs-after	tiny-negative	32	9	10000	false	0.060794377000000004	0.061002314	0	0	0
escardo-abs-before	sqrt-control	32	9	10000	false	0.005792659	0.005818882	0	0	93915043643294
escardo-abs-after	sqrt-control	32	9	10000	false	0.004378665	0.004403579	0	0	93915043643294
escardo-abs-before	positive	128	9	5000	false	0.045699444000000006	0.045909138	0	0	684074369789942572439189455265913431874626
escardo-abs-after	positive	128	9	5000	false	0.0162259	0.016284545	0	0	684074369789942572439189455265913431875340
escardo-abs-before	negative	128	9	5000	false	0.043522199000000004	0.043687039	0	0	910999225151956475045379017070500059325374
escardo-abs-after	negative	128	9	5000	false	0.016200111	0.016266126	0	0	910999225151956475045379017070500059324660
escardo-abs-before	zero	128	9	5000	false	0.052127722	0.052315609	0	0	0
escardo-abs-after	zero	128	9	5000	false	0.05048542500000001	0.050669552	0	0	0
escardo-abs-before	tiny-positive	128	9	5000	false	0.055280478	0.055470523	0	0	0
escardo-abs-after	tiny-positive	128	9	5000	false	0.05393361000000001	0.054130625	0	0	0
escardo-abs-before	tiny-negative	128	9	5000	false	0.057020625000000005	0.057221863	0	0	0
escardo-abs-after	tiny-negative	128	9	5000	false	0.05455431	0.054755731	0	0	0
escardo-abs-before	sqrt-control	128	9	5000	false	0.004302702	0.004317664	0	0	3720211989421912523537858717697942958126200
escardo-abs-after	sqrt-control	128	9	5000	false	0.004145884000000001	0.004181384	0	0	3720211989421912523537858717697942958126200
escardo-abs-before	positive	512	9	1000	false	0.030510320000000004	0.030639683	0	0	5393916164470703138503626045975661352681506136924945133221802294809226246301797320486479327667815320006842357057230781244146878208083894821554700415817144479
escardo-abs-after	positive	512	9	1000	false	0.009218803000000001	0.009257646	0	0	5393916164470703138503626045975661352681506136924945133221802294809226246301797320486479327667815320006842357057230781244146878208083894821554700415817144479
escardo-abs-before	negative	512	9	1000	false	0.032370794	0.032526304	0	0	7175903769850481642347022389842319391830399319880423658394036558679927531892152970265277826863656643452562509992599891431247386928116014503226845527386695521
escardo-abs-after	negative	512	9	1000	false	0.011009292	0.011054433	0	0	7175903769850481642347022389842319391830399319880423658394036558679927531892152970265277826863656643452562509992599891431247386928116014503226845527386695521
escardo-abs-before	zero	512	9	1000	false	0.027876928000000002	0.028026322	0	0	0
escardo-abs-after	zero	512	9	1000	false	0.027460174	0.027569122	0	0	0
escardo-abs-before	tiny-positive	512	9	1000	false	0.06168310800000001	0.061928911	0	0	115792089237316195423570985008687907853269984665640564039457584007913129639936000
escardo-abs-after	tiny-positive	512	9	1000	false	0.028505579000000003	0.028609951	0	0	115792089237316195423570985008687907853269984665640564039457584007913129639936000
escardo-abs-before	tiny-negative	512	9	1000	false	0.061984322	0.06223768	0	0	115792089237316195423570985008687907853269984665640564039457584007913129639936000
escardo-abs-after	tiny-negative	512	9	1000	false	0.028778155	0.028894082	0	0	115792089237316195423570985008687907853269984665640564039457584007913129639936000
escardo-abs-before	sqrt-control	512	9	1000	false	0.0014667970000000002	0.001473289	0	0	29323224873149498473092184169506616381129329078912557436242953060758182707090604027823515092600636944687450433208793675657110748742565734448353495038612972351
escardo-abs-after	sqrt-control	512	9	1000	false	0.0014879960000000001	0.001494038	0	0	29323224873149498473092184169506616381129329078912557436242953060758182707090604027823515092600636944687450433208793675657110748742565734448353495038612972351
escardo-abs-before	positive	2048	9	300	false	0.048474023	0.048671748	0	0	3905219871925572309875211728861387402706628827425773528663943557566440397741274993565746863249423788636140710623218409297864696288120761189922786190215933947744811704568297882482645748835828189337919793561551502027629816350341696596080293593033825647484258935190999251485658962838491156394796746308721510733440465793372052813696825166617323174604262425178227681966094001253862474047325116447644339333145400460647299485839205711256661661092382807094360961585380173269168329164391503344406545599378742627889752472951084534547946000235692374895143750607461918498315874828149577296593578682103868369103334274619204520608928
escardo-abs-after	positive	2048	9	300	false	0.013278534000000002	0.013338417	0	0	3905219871925572309875211728861387402706628827425773528663943557566440397741274993565746863249423788636140710623218409297864696288120761189922786190215933947744811704568297882482645748835828189337919793561551502027629816350341696596080293593033825647484258935190999251485658962838491156394796746308721510733440465793372052813696825166617323174604262425178227681966094001253862474047325116447644339333145400460647299485839205711256661661092382807094360961585380173269168329164391503344406545599378742627889752472951084534547946000235692374895143750607461918498315874828149577296593578682103868369103334274619204520608928
escardo-abs-before	negative	2048	9	300	false	0.04860984200000001	0.04879791	0	0	5183938085630648493450847339827036586168275048431706355372716093924868860065319320145966033741395623026311215886065408684856429722954810368070756668472645679932622554985107268322097368461261465698471417233967501550217995142895109824436670439662597297366828960694211541826471756657433602276077365944883910194597940472472168492120823992103961995824037084757300396868288840432988642651929346907115889909904413618524339059978191670567874600492455103519178992136481860513460769660526680640793889261320692097957337627858611759683740731488588492102972702439567332123322225762446249009902243425538923310334249553491306919263072
escardo-abs-after	negative	2048	9	300	false	0.013374549000000001	0.0134435	0	0	5183938085630648493450847339827036586168275048431706355372716093924868860065319320145966033741395623026311215886065408684856429722954810368070756668472645679932622554985107268322097368461261465698471417233967501550217995142895109824436670439662597297366828960694211541826471756657433602276077365944883910194597940472472168492120823992103961995824037084757300396868288840432988642651929346907115889909904413618524339059978191670567874600492455103519178992136481860513460769660526680640793889261320692097957337627858611759683740731488588492102972702439567332123322225762446249009902243425538923310334249553491306919263072
escardo-abs-before	zero	2048	9	300	false	0.037421784	0.037566068	0	0	0
escardo-abs-after	zero	2048	9	300	false	0.043073674	0.043267348	0	0	0
escardo-abs-before	tiny-positive	2048	9	300	false	0.10585663000000001	0.106238728	0	0	83728533488355712922346802175419521871766380603698075784796855846408898383581498436910330410362757856554857438014770417210744521751273189995416119692928937026394841582468031222036614831036460290562443247324973800597101825567848078542652445458810977331593914177159146011618891256296968495403032315609480403186984328702093947137058976726521621448717670126952299901939902577100761806985924124053035949019803956434955674970163470281111019786384566432957178633769624379037103685657862688751627731264458240378466061974933553848735824898381630668800
escardo-abs-after	tiny-positive	2048	9	300	false	0.038883552	0.039046147	0	0	83728533488355712922346802175419521871766380603698075784796855846408898383581498436910330410362757856554857438014770417210744521751273189995416119692928937026394841582468031222036614831036460290562443247324973800597101825567848078542652445458810977331593914177159146011618891256296968495403032315609480403186984328702093947137058976726521621448717670126952299901939902577100761806985924124053035949019803956434955674970163470281111019786384566432957178633769624379037103685657862688751627731264458240378466061974933553848735824898381630668800
escardo-abs-before	tiny-negative	2048	9	300	false	0.101977202	0.102339454	0	0	83728533488355712922346802175419521871766380603698075784796855846408898383581498436910330410362757856554857438014770417210744521751273189995416119692928937026394841582468031222036614831036460290562443247324973800597101825567848078542652445458810977331593914177159146011618891256296968495403032315609480403186984328702093947137058976726521621448717670126952299901939902577100761806985924124053035949019803956434955674970163470281111019786384566432957178633769624379037103685657862688751627731264458240378466061974933553848735824898381630668800
escardo-abs-after	tiny-negative	2048	9	300	false	0.03848437500000001	0.038651634	0	0	83728533488355712922346802175419521871766380603698075784796855846408898383581498436910330410362757856554857438014770417210744521751273189995416119692928937026394841582468031222036614831036460290562443247324973800597101825567848078542652445458810977331593914177159146011618891256296968495403032315609480403186984328702093947137058976726521621448717670126952299901939902577100761806985924124053035949019803956434955674970163470281111019786384566432957178633769624379037103685657862688751627731264458240378466061974933553848735824898381630668800
escardo-abs-before	sqrt-control	2048	9	300	false	0.0010059160000000001	0.00101083	0	0	21213722116413569498391802212443067272412894683869672812327526595087162013581993538318374526874313994976350464406550157378938306997576663291305535701657920186747608235958633083991916833456753152304095785482355183967621771163151371794981337175946991715291896343863102843184402756146119753091560580654837518071279805900909473947373988940234975909379731462486808727486058666163861181412170471666660001131088777449590007998604127110392714907310991506408138768787897606160605129569279041133854244412633889457488763884247282203233659627182636047697738745532968005775787184896524471765626777165953396727337062596673005766482634
escardo-abs-after	sqrt-control	2048	9	300	false	0.000998758	0.001005481	0	0	21213722116413569498391802212443067272412894683869672812327526595087162013581993538318374526874313994976350464406550157378938306997576663291305535701657920186747608235958633083991916833456753152304095785482355183967621771163151371794981337175946991715291896343863102843184402756146119753091560580654837518071279805900909473947373988940234975909379731462486808727486058666163861181412170471666660001131088777449590007998604127110392714907310991506408138768787897606160605129569279041133854244412633889457488763884247282203233659627182636047697738745532968005775787184896524471765626777165953396727337062596673005766482634
escardo-abs-before	positive	32	1	7	true	0.0000478360000000001	0.000049067	532	17808	12088427242
escardo-abs-after	positive	32	1	7	true	0.000014448000000000022	0.000015669	137	9024	12088427242
escardo-abs-before	negative	32	1	7	true	0.00004650599999999998	0.000047807	530	18432	16097295638
escardo-abs-after	negative	32	1	7	true	0.000014979000000000034	0.000016159	144	9752	16097295638
escardo-abs-before	zero	32	1	7	true	0.000046236000000000064	0.000047517	316	17390	0
escardo-abs-after	zero	32	1	7	true	0.000043475999999999975	0.000044717	298	16822	0
escardo-abs-before	tiny-positive	32	1	7	true	0.00005123499999999995	0.000052546	400	22374	0
escardo-abs-after	tiny-positive	32	1	7	true	0.000048916000000000194	0.000050156	382	21806	0
escardo-abs-before	tiny-negative	32	1	7	true	0.000054664999999999965	0.000055956	435	26126	0
escardo-abs-after	tiny-negative	32	1	7	true	0.00005323599999999991	0.000054476	417	25558	0
escardo-abs-before	sqrt-control	32	1	7	true	0.000012468999999999978	0.000013699	82	6336	65738771692
escardo-abs-after	sqrt-control	32	1	7	true	0.000013049000000000003	0.000014279	82	6336	65738771692
escardo-abs-before	positive	128	1	7	true	0.00007864299999999999	0.000079885	1060	45088	957743878075117068980196044680242782280
escardo-abs-after	positive	128	1	7	true	0.000032987999999999854	0.000034238	425	17576	957743878075117068980196044680242782281
escardo-abs-before	negative	128	1	7	true	0.00007802299999999998	0.000079474	1050	45416	1275359154843541597498199816590736105400
escardo-abs-after	negative	128	1	7	true	0.00003785700000000008	0.000039357	425	18192	1275359154843541597498199816590736105399
escardo-abs-before	zero	128	1	7	true	0.00008596299999999988	0.000087314	1114	41334	0
escardo-abs-after	zero	128	1	7	true	0.00010889099999999985	0.000110443	1088	40062	0
escardo-abs-before	tiny-positive	128	1	7	true	0.00009188200000000016	0.000098454	1191	46598	0
escardo-abs-after	tiny-positive	128	1	7	true	0.00008894199999999984	0.000090284	1165	45326	0
escardo-abs-before	tiny-negative	128	1	7	true	0.00009308199999999997	0.000094384	1226	50574	0
escardo-abs-after	tiny-negative	128	1	7	true	0.00008805300000000005	0.000089364	1200	49302	0
escardo-abs-before	sqrt-control	128	1	7	true	0.000016509000000000055	0.000017769	164	8600	5208362087092564289077222858733724970344
escardo-abs-after	sqrt-control	128	1	7	true	0.000017429000000000012	0.000018659	164	8600	5208362087092564289077222858733724970344
escardo-abs-before	positive	512	1	7	true	0.0002470390000000001	0.000248393	2867	301160	37737030218474641355971189159614690042600463996136378566520511089704482424161095781063538202817917720617031824477149394077127407224064595376460630623818823
escardo-abs-after	positive	512	1	7	true	0.00008178299999999999	0.000083034	1017	75488	37737030218474641355971189159614690042600463996136378566520511089704482424161095781063538202817917720617031824477149394077127407224064595376460630623818823
escardo-abs-before	negative	512	1	7	true	0.00024485900000000005	0.000246213	2867	301936	50251709321773652109983349891111175168982874201501202974790360884719594023196556254198761878902386023598802244871665314650632448729334769897010190978608057
escardo-abs-after	negative	512	1	7	true	0.00008419299999999998	0.000085474	1017	75768	50251709321773652109983349891111175168982874201501202974790360884719594023196556254198761878902386023598802244871665314650632448729334769897010190978608057
escardo-abs-before	zero	512	1	7	true	0.00027699699999999996	0.000278531	3007	197150	0
escardo-abs-after	zero	512	1	7	true	0.00023661000000000016	0.000237943	2981	194878	0
escardo-abs-before	tiny-positive	512	1	7	true	0.00047502000000000004	0.000481287	5857	480806	810544624661213367964996895060815354972889892659483948276203088055391907479552
escardo-abs-after	tiny-positive	512	1	7	true	0.00024783900000000013	0.000249153	3080	202366	810544624661213367964996895060815354972889892659483948276203088055391907479552
escardo-abs-before	tiny-negative	512	1	7	true	0.000503568	0.000504985	5878	483998	810544624661213367964996895060815354972889892659483948276203088055391907479552
escardo-abs-after	tiny-negative	512	1	7	true	0.00028325599999999996	0.000284711	3108	206062	810544624661213367964996895060815354972889892659483948276203088055391907479552
escardo-abs-before	sqrt-control	512	1	7	true	0.00002559799999999994	0.000026908	272	16856	205219915228687300317129362212480097622194988242664758895245237410526047270856088886266121256480653925108851214692117504048257302543355728586216921720916109
escardo-abs-after	sqrt-control	512	1	7	true	0.00002635799999999998	0.000027628	272	16856	205219915228687300317129362212480097622194988242664758895245237410526047270856088886266121256480653925108851214692117504048257302543355728586216921720916109
escardo-abs-before	positive	2048	1	7	true	0.0013476980000000003	0.001353887	8403	3124032	90958032890683957453638628761807196362002040789372878784046555994741379175998182527921866168840079090440385586642393212320145961971596176230655225380882967726675905486781418702662445574706575866601365425911264866552820186990755747773246171608575948863087223544295336739450857921293670048199136295348965069251954563279038528522015703363209459892170373735967401247123481149358379904448780085159624455098554979534297077965440029470137704081799222685018628135864451793030952180141178413054352817118144934704774080125583961053623736929922738351140060662571176985094094326193014182790035567324354910364936822262608389979160
escardo-abs-after	positive	2048	1	7	true	0.000329843	0.000331107	2912	690768	90958032890683957453638628761807196362002040789372878784046555994741379175998182527921866168840079090440385586642393212320145961971596176230655225380882967726675905486781418702662445574706575866601365425911264866552820186990755747773246171608575948863087223544295336739450857921293670048199136295348965069251954563279038528522015703363209459892170373735967401247123481149358379904448780085159624455098554979534297077965440029470137704081799222685018628135864451793030952180141178413054352817118144934704774080125583961053623736929922738351140060662571176985094094326193014182790035567324354910364936822262608389979160
escardo-abs-before	negative	2048	1	7	true	0.001187712	0.001193308	8408	3123824	121122319452294527957302749507589363378412382980634985176808835873389170172822351458684768094279040515016826031907562540610013644953500493455860774655183890252464227236131368149448227162225516084247762825984178550263628747851436402038816322487673919850104827359692915104498858866944574320787926323901828085735608249590659968613729443673620527417823281495861587259012118490001479485200490726451447560572607348979707821436965909439101475355180328562630637450978995661897060125773579213266990662964841875564991355559975619145115620143643815212149323241859505529410794687587555097694866948520643562155273467059970210284520
escardo-abs-after	negative	2048	1	7	true	0.00033673100000000005	0.000342497	2912	689704	121122319452294527957302749507589363378412382980634985176808835873389170172822351458684768094279040515016826031907562540610013644953500493455860774655183890252464227236131368149448227162225516084247762825984178550263628747851436402038816322487673919850104827359692915104498858866944574320787926323901828085735608249590659968613729443673620527417823281495861587259012118490001479485200490726451447560572607348979707821436965909439101475355180328562630637450978995661897060125773579213266990662964841875564991355559975619145115620143643815212149323241859505529410794687587555097694866948520643562155273467059970210284520
escardo-abs-before	zero	2048	1	7	true	0.0009425320000000003	0.000947775	8937	1796430	0
escardo-abs-after	zero	2048	1	7	true	0.000958941	0.000964703	8918	1790854	0
escardo-abs-before	tiny-positive	2048	1	7	true	0.0024540350000000002	0.002467731	19011	6107142	1953665781394966634854758717426455510341215547419621768311926636416207628950234963527907709575131016652946673553677976401584038840863041099893042792835008530615879636924254061847521012724184073446457009104249388680599042596583121832661890394038922804403857997467046740271107462646929264892737420697554542741029634336382192099864709456952171167136745636295553664378597726799017775496338229561237505477128758983482299082637147639892590461682306550102334168121291235510865752665350129404204647062837358942164208112748449589803835914295571382272
escardo-abs-after	tiny-positive	2048	1	7	true	0.0009292229999999999	0.000930586	9017	1809286	1953665781394966634854758717426455510341215547419621768311926636416207628950234963527907709575131016652946673553677976401584038840863041099893042792835008530615879636924254061847521012724184073446457009104249388680599042596583121832661890394038922804403857997467046740271107462646929264892737420697554542741029634336382192099864709456952171167136745636295553664378597726799017775496338229561237505477128758983482299082637147639892590461682306550102334168121291235510865752665350129404204647062837358942164208112748449589803835914295571382272
escardo-abs-before	tiny-negative	2048	1	7	true	0.0036466770000000005	0.003689238	19032	6106302	1953665781394966634854758717426455510341215547419621768311926636416207628950234963527907709575131016652946673553677976401584038840863041099893042792835008530615879636924254061847521012724184073446457009104249388680599042596583121832661890394038922804403857997467046740271107462646929264892737420697554542741029634336382192099864709456952171167136745636295553664378597726799017775496338229561237505477128758983482299082637147639892590461682306550102334168121291235510865752665350129404204647062837358942164208112748449589803835914295571382272
escardo-abs-after	tiny-negative	2048	1	7	true	0.0009364619999999999	0.000942606	9045	1811638	1953665781394966634854758717426455510341215547419621768311926636416207628950234963527907709575131016652946673553677976401584038840863041099893042792835008530615879636924254061847521012724184073446457009104249388680599042596583121832661890394038922804403857997467046740271107462646929264892737420697554542741029634336382192099864709456952171167136745636295553664378597726799017775496338229561237505477128758983482299082637147639892590461682306550102334168121291235510865752665350129404204647062837358942164208112748449589803835914295571382272
escardo-abs-before	sqrt-control	2048	1	7	true	0.00005491600000000012	0.000056496	386	45800	494644111927385861374040599155898919132690649895559463059237227951180108825565980976500007330165083594306682344487150061111908997252120296485796657590111246932659974719422449029487801547364258278036043467741717986064215329415637298010335989833205748579378378526385367348931721797513675275205512953455725711217936724091110868141909512063072742261431424372379038314704166145083226910383795534873861368788590835950067495409117827142026661676608586151757046485989428387705179492993383026163688442844330263211493397072998360069550792221131279835242848023065403825995233591980855411539958656728959562713313938304339213188912
escardo-abs-after	sqrt-control	2048	1	7	true	0.000052155000000000127	0.000053706	386	45800	494644111927385861374040599155898919132690649895559463059237227951180108825565980976500007330165083594306682344487150061111908997252120296485796657590111246932659974719422449029487801547364258278036043467741717986064215329415637298010335989833205748579378378526385367348931721797513675275205512953455725711217936724091110868141909512063072742261431424372379038314704166145083226910383795534873861368788590835950067495409117827142026661676608586151757046485989428387705179492993383026163688442844330263211493397072998360069550792221131279835242848023065403825995233591980855411539958656728959562713313938304339213188912
