# To display the perf.data header info, please use --header/--header-only options.
#
#
# Total Lost Samples: 0
#
# Samples: 7K of event 'cpu/cycles/Pu'
# Event count (approx.): 316230501141
#
# Children,    Self,Symbol                                                                                                                                                                                                                                                                                                                                                                                                                                                                                                                                                                                                                                                                                                                                                                                                                                                                                                                                                                                                                                                         ,IPC   [IPC Coverage]
 99.99% , 0.00%  ,[.] __GI___clone3                                                                                                                                                                                                                                                                                                                                                                                                                                                                                                                                                                                                                                                                                                                                                                                                                                                                                                                                                                                                                                                                                                                                                                                                                                                                                                                                                                                                                          ,-      -            
 99.99% , 0.00%  ,[.] start_thread                                                                                                                                                                                                                                                                                                                                                                                                                                                                                                                                                                                                                                                                                                                                                                                                                                                                                                                                                                                                                                                                                                                                                                                                                                                                                                                                                                                                                           ,-      -            
 99.99% , 0.00%  ,[.] <std::sys::thread::unix::Thread>::new::thread_start                                                                                                                                                                                                                                                                                                                                                                                                                                                                                                                                                                                                                                                                                                                                                                                                                                                                                                                                                                                                                                                                                                                                                                                                                                                                                                                                                                                    ,-      -            
 99.99% , 0.00%  ,[.] <std::thread::lifecycle::spawn_unchecked<test::run_test::{closure#1}. ()>::{closure#1} as core::ops::function::FnOnce<()>>::call_once::{shim:vtable#0}                                                                                                                                                                                                                                                                                                                                                                                                                                                                                                                                                                                                                                                                                                                                                                                                                                                                                                                                                                                                                                                                                                                                                                                                                                                                                 ,-      -            
 99.99% , 0.00%  ,[.] std::sys::backtrace::__rust_begin_short_backtrace::<test::run_test::{closure#1}. ()>                                                                                                                                                                                                                                                                                                                                                                                                                                                                                                                                                                                                                                                                                                                                                                                                                                                                                                                                                                                                                                                                                                                                                                                                                                                                                                                                                   ,-      -            
 99.99% , 0.00%  ,[.] test::run_test::{closure#0}                                                                                                                                                                                                                                                                                                                                                                                                                                                                                                                                                                                                                                                                                                                                                                                                                                                                                                                                                                                                                                                                                                                                                                                                                                                                                                                                                                                                            ,-      -            
 99.97% , 0.00%  ,[.] <hypercurve::bezier_offset::conversion_tests::recursive_selected_radial_diameter_chord_intersects_a_rational_quadratic_strict::{closure#0} as core::ops::function::FnOnce<()>>::call_once                                                                                                                                                                                                                                                                                                                                                                                                                                                                                                                                                                                                                                                                                                                                                                                                                                                                                                                                                                                                                                                                                                                                                                                                                                              ,-      -            
 99.97% , 0.00%  ,[.] hypercurve::bezier_offset::conversion_tests::assert_recursive_selected_radial_diameter_chord_intersects_a_rational_quadratic                                                                                                                                                                                                                                                                                                                                                                                                                                                                                                                                                                                                                                                                                                                                                                                                                                                                                                                                                                                                                                                                                                                                                                                                                                                                                                           ,-      -            
 99.97% , 0.00%  ,[.] test::__rust_begin_short_backtrace::<core::result::Result<(). alloc::string::String>. fn() -> core::result::Result<(). alloc::string::String>>                                                                                                                                                                                                                                                                                                                                                                                                                                                                                                                                                                                                                                                                                                                                                                                                                                                                                                                                                                                                                                                                                                                                                                                                                                                                                         ,-      -            
 99.37% , 0.00%  ,[.] <hypercurve::bezier_region::CurveRegion2>::offset                                                                                                                                                                                                                                                                                                                                                                                                                                                                                                                                                                                                                                                                                                                                                                                                                                                                                                                                                                                                                                                                                                                                                                                                                                                                                                                                                                                      ,-      -            
 99.37% , 0.00%  ,[.] <hypercurve::bezier_region::CurveRegion2>::offset::{closure#0}                                                                                                                                                                                                                                                                                                                                                                                                                                                                                                                                                                                                                                                                                                                                                                                                                                                                                                                                                                                                                                                                                                                                                                                                                                                                                                                                                                         ,-      -            
 99.37% , 0.00%  ,[.] <hypercurve::bezier_region::CurveRegion2>::offset_exact_boundary_walk_raw                                                                                                                                                                                                                                                                                                                                                                                                                                                                                                                                                                                                                                                                                                                                                                                                                                                                                                                                                                                                                                                                                                                                                                                                                                                                                                                                                              ,-      -            
 94.15% , 0.00%  ,[.] <hypercurve::bezier_region::CurveRegion2>::regularized_region_raw                                                                                                                                                                                                                                                                                                                                                                                                                                                                                                                                                                                                                                                                                                                                                                                                                                                                                                                                                                                                                                                                                                                                                                                                                                                                                                                                                                      ,-      -            
 94.13% , 0.00%  ,[.] <hypercurve::curve_region_boolean::CurveRegionBooleanContext>::build_regularized_region                                                                                                                                                                                                                                                                                                                                                                                                                                                                                                                                                                                                                                                                                                                                                                                                                                                                                                                                                                                                                                                                                                                                                                                                                                                                                                                                                ,-      -            
 89.60% , 0.00%  ,[.] <hypercurve::bezier_offset::BezierRecursiveQuadraticValue2>::interval_with_coefficient_precision                                                                                                                                                                                                                                                                                                                                                                                                                                                                                                                                                                                                                                                                                                                                                                                                                                                                                                                                                                                                                                                                                                                                                                                                                                                                                                                                       ,-      -            
 86.45% , 0.00%  ,[.] hypercurve::classify::compare_reals                                                                                                                                                                                                                                                                                                                                                                                                                                                                                                                                                                                                                                                                                                                                                                                                                                                                                                                                                                                                                                                                                                                                                                                                                                                                                                                                                                                                    ,-      -            
 85.67% , 0.03%  ,[.] <hypercurve::bezier_offset::BezierAlgebraicChordRealInterval2>::compare_to_zero                                                                                                                                                                                                                                                                                                                                                                                                                                                                                                                                                                                                                                                                                                                                                                                                                                                                                                                                                                                                                                                                                                                                                                                                                                                                                                                                                        ,-      -            
 81.57% , 0.07%  ,[.] <hypercurve::bezier_offset::BezierAlgebraicChordRealInterval2>::multiply                                                                                                                                                                                                                                                                                                                                                                                                                                                                                                                                                                                                                                                                                                                                                                                                                                                                                                                                                                                                                                                                                                                                                                                                                                                                                                                                                               ,-      -            
 81.43% , 0.00%  ,[.] hypercurve::bezier_offset::algebraic_chord_endpoint_bounds_refined_impl                                                                                                                                                                                                                                                                                                                                                                                                                                                                                                                                                                                                                                                                                                                                                                                                                                                                                                                                                                                                                                                                                                                                                                                                                                                                                                                                                                ,-      -            
 79.49% , 0.00%  ,[.] <hypercurve::bezier_offset::BezierRecursiveQuadraticProjectivePoint2>::bounds_refined                                                                                                                                                                                                                                                                                                                                                                                                                                                                                                                                                                                                                                                                                                                                                                                                                                                                                                                                                                                                                                                                                                                                                                                                                                                                                                                                                  ,-      -            
 70.55% , 0.00%  ,[.] hypercurve::bezier_offset::dense_two_positive_square_root_interval_with_coefficient_precision                                                                                                                                                                                                                                                                                                                                                                                                                                                                                                                                                                                                                                                                                                                                                                                                                                                                                                                                                                                                                                                                                                                                                                                                                                                                                                                                          ,-      -            
 69.30% , 0.00%  ,[.] <hypercurve::curve_region_boolean::CurveRegionBooleanContext>::build_split_topology                                                                                                                                                                                                                                                                                                                                                                                                                                                                                                                                                                                                                                                                                                                                                                                                                                                                                                                                                                                                                                                                                                                                                                                                                                                                                                                                                    ,-      -            
 68.65% , 0.00%  ,[.] <hypercurve::curve_region_boolean::CurveRegionBooleanContext>::pair_result                                                                                                                                                                                                                                                                                                                                                                                                                                                                                                                                                                                                                                                                                                                                                                                                                                                                                                                                                                                                                                                                                                                                                                                                                                                                                                                                                             ,-      -            
 65.79% , 0.01%  ,[.] hyperlimit::resolve::resolve_real_sign_direct                                                                                                                                                                                                                                                                                                                                                                                                                                                                                                                                                                                                                                                                                                                                                                                                                                                                                                                                                                                                                                                                                                                                                                                                                                                                                                                                                                                          ,-      -            
 62.61% , 0.01%  ,[.] <hyperreal::real::arithmetic::Real>::exact_rational_normal_form                                                                                                                                                                                                                                                                                                                                                                                                                                                                                                                                                                                                                                                                                                                                                                                                                                                                                                                                                                                                                                                                                                                                                                                                                                                                                                                                                                        ,-      -            
 62.61% , 0.00%  ,[.] hyperlimit::resolve::exact_rational_normal_form_sign                                                                                                                                                                                                                                                                                                                                                                                                                                                                                                                                                                                                                                                                                                                                                                                                                                                                                                                                                                                                                                                                                                                                                                                                                                                                                                                                                                                   ,-      -            
 62.59% , 0.00%  ,[.] <hyperreal::computable::node::Computable>::bounded_laurent_rational_with_budget                                                                                                                                                                                                                                                                                                                                                                                                                                                                                                                                                                                                                                                                                                                                                                                                                                                                                                                                                                                                                                                                                                                                                                                                                                                                                                                                                        ,-      -            
 62.57% , 0.01%  ,[.] <hyperreal::computable::node::Computable>::pi_laurent_polynomial                                                                                                                                                                                                                                                                                                                                                                                                                                                                                                                                                                                                                                                                                                                                                                                                                                                                                                                                                                                                                                                                                                                                                                                                                                                                                                                                                                       ,-      -            
 62.38% , 0.44%  ,[.] <hyperreal::computable::node::Computable>::pi_laurent_polynomial_with_memo                                                                                                                                                                                                                                                                                                                                                                                                                                                                                                                                                                                                                                                                                                                                                                                                                                                                                                                                                                                                                                                                                                                                                                                                                                                                                                                                                             ,-      -            
 62.38% , 0.13%  ,[.] <hyperreal::computable::node::Computable>::pi_laurent_polynomial_with_memo::{closure#1}                                                                                                                                                                                                                                                                                                                                                                                                                                                                                                                                                                                                                                                                                                                                                                                                                                                                                                                                                                                                                                                                                                                                                                                                                                                                                                                                                ,-      -            
 60.44% , 0.34%  ,[.] <hyperreal::rational::arithmetic::Rational>::gcd_magnitudes_with_mixed_width_fast_path                                                                                                                                                                                                                                                                                                                                                                                                                                                                                                                                                                                                                                                                                                                                                                                                                                                                                                                                                                                                                                                                                                                                                                                                                                                                                                                                                 ,-      -            
 57.91% , 0.00%  ,[.] <hypercurve::bezier_offset::BezierAlgebraicChord2>::chord_intersections                                                                                                                                                                                                                                                                                                                                                                                                                                                                                                                                                                                                                                                                                                                                                                                                                                                                                                                                                                                                                                                                                                                                                                                                                                                                                                                                                                ,-      -            
 57.91% , 0.00%  ,[.] <hypercurve::bezier_offset::BezierAlgebraicChord2>::chord_intersections_once                                                                                                                                                                                                                                                                                                                                                                                                                                                                                                                                                                                                                                                                                                                                                                                                                                                                                                                                                                                                                                                                                                                                                                                                                                                                                                                                                           ,-      -            
 57.30% , 5.91%  ,[.] <hyperreal::rational::arithmetic::Rational>::gcd_wide_magnitudes                                                                                                                                                                                                                                                                                                                                                                                                                                                                                                                                                                                                                                                                                                                                                                                                                                                                                                                                                                                                                                                                                                                                                                                                                                                                                                                                                                       ,-      -            
 57.22% , 0.00%  ,[.] <hypercurve::bezier_offset::BezierAlgebraicChord2>::conservative_bounds_refined_impl                                                                                                                                                                                                                                                                                                                                                                                                                                                                                                                                                                                                                                                                                                                                                                                                                                                                                                                                                                                                                                                                                                                                                                                                                                                                                                                                                   ,-      -            
 55.23% , 0.04%  ,[.] hypercurve::bezier_offset::dense_tensor_interval_with_coefficient_precision_and_source_witnesses                                                                                                                                                                                                                                                                                                                                                                                                                                                                                                                                                                                                                                                                                                                                                                                                                                                                                                                                                                                                                                                                                                                                                                                                                                                                                                                                       ,-      -            
 54.59% , 0.28%  ,[.] hypercurve::bezier_offset::dense_tensor_interval_with_coefficient_precision_and_source_witnesses::evaluate                                                                                                                                                                                                                                                                                                                                                                                                                                                                                                                                                                                                                                                                                                                                                                                                                                                                                                                                                                                                                                                                                                                                                                                                                                                                                                                             ,-      -            
 47.28% , 3.78%  ,[.] <&num_bigint::biguint::BigUint as core::ops::arith::Rem>::rem                                                                                                                                                                                                                                                                                                                                                                                                                                                                                                                                                                                                                                                                                                                                                                                                                                                                                                                                                                                                                                                                                                                                                                                                                                                                                                                                                                          ,-      -            
 45.00% , 4.44%  ,[.] num_bigint::biguint::division::div_rem_ref                                                                                                                                                                                                                                                                                                                                                                                                                                                                                                                                                                                                                                                                                                                                                                                                                                                                                                                                                                                                                                                                                                                                                                                                                                                                                                                                                                                             ,-      -            
 35.52% , 0.22%  ,[.] <&hyperreal::rational::arithmetic::Rational as core::ops::arith::Mul>::mul                                                                                                                                                                                                                                                                                                                                                                                                                                                                                                                                                                                                                                                                                                                                                                                                                                                                                                                                                                                                                                                                                                                                                                                                                                                                                                                                                             ,-      -            
 34.16% , 0.01%  ,[.] <hyperreal::rational::arithmetic::Rational>::reduce                                                                                                                                                                                                                                                                                                                                                                                                                                                                                                                                                                                                                                                                                                                                                                                                                                                                                                                                                                                                                                                                                                                                                                                                                                                                                                                                                                                    ,-      -            
 33.91% , 0.38%  ,[.] <hyperreal::computable::node::PiQuadraticLaurentPolynomial>::multiply                                                                                                                                                                                                                                                                                                                                                                                                                                                                                                                                                                                                                                                                                                                                                                                                                                                                                                                                                                                                                                                                                                                                                                                                                                                                                                                                                                  ,-      -            
 33.54% , 0.00%  ,[.] hypercurve::classify::real_sign                                                                                                                                                                                                                                                                                                                                                                                                                                                                                                                                                                                                                                                                                                                                                                                                                                                                                                                                                                                                                                                                                                                                                                                                                                                                                                                                                                                                        ,-      -            
 25.05% , 0.00%  ,[.] <hypercurve::bezier_region::CurveRegion2>::classify_point_from_boundary_side_ray_with_windings                                                                                                                                                                                                                                                                                                                                                                                                                                                                                                                                                                                                                                                                                                                                                                                                                                                                                                                                                                                                                                                                                                                                                                                                                                                                                                                                         ,-      -            
 25.05% , 0.00%  ,[.] <hypercurve::curve_region_boolean::CurveRegionBooleanContext>::fragment_side_classification_with_reference_tangent                                                                                                                                                                                                                                                                                                                                                                                                                                                                                                                                                                                                                                                                                                                                                                                                                                                                                                                                                                                                                                                                                                                                                                                                                                                                                                                     ,-      -            
 25.05% , 0.00%  ,[.] <hypercurve::curve_region_boolean::CurveRegionBooleanContext>::regularized_fragment_actions                                                                                                                                                                                                                                                                                                                                                                                                                                                                                                                                                                                                                                                                                                                                                                                                                                                                                                                                                                                                                                                                                                                                                                                                                                                                                                                                            ,-      -            
 25.05% , 0.00%  ,[.] hypercurve::bezier_region::classify_point_with_retained_ray_skipping_origin                                                                                                                                                                                                                                                                                                                                                                                                                                                                                                                                                                                                                                                                                                                                                                                                                                                                                                                                                                                                                                                                                                                                                                                                                                                                                                                                                            ,-      -            
 24.62% , 0.24%  ,[.] <hyperreal::rational::arithmetic::Rational>::add_ref                                                                                                                                                                                                                                                                                                                                                                                                                                                                                                                                                                                                                                                                                                                                                                                                                                                                                                                                                                                                                                                                                                                                                                                                                                                                                                                                                                                   ,-      -            
 24.49% , 0.03%  ,[.] <hyperreal::computable::node::PiQuadraticLaurentPolynomial>::add                                                                                                                                                                                                                                                                                                                                                                                                                                                                                                                                                                                                                                                                                                                                                                                                                                                                                                                                                                                                                                                                                                                                                                                                                                                                                                                                                                       ,-      -            
 24.49% , 0.25%  ,[.] <hyperreal::computable::node::PiQuadraticLaurentPolynomial>::insert                                                                                                                                                                                                                                                                                                                                                                                                                                                                                                                                                                                                                                                                                                                                                                                                                                                                                                                                                                                                                                                                                                                                                                                                                                                                                                                                                                    ,-      -            
 23.72% , 0.01%  ,[.] <hyperreal::rational::arithmetic::Rational>::reduce_with_possible_divisor                                                                                                                                                                                                                                                                                                                                                                                                                                                                                                                                                                                                                                                                                                                                                                                                                                                                                                                                                                                                                                                                                                                                                                                                                                                                                                                                                              ,-      -            
 22.90% , 0.04%  ,[.] <hyperreal::computable::node::Computable>::sign_until                                                                                                                                                                                                                                                                                                                                                                                                                                                                                                                                                                                                                                                                                                                                                                                                                                                                                                                                                                                                                                                                                                                                                                                                                                                                                                                                                                                  ,-      -            
 22.89% , 0.08%  ,[.] <hyperreal::rational::arithmetic::Rational as core::ops::arith::Add>::add                                                                                                                                                                                                                                                                                                                                                                                                                                                                                                                                                                                                                                                                                                                                                                                                                                                                                                                                                                                                                                                                                                                                                                                                                                                                                                                                                              ,-      -            
 22.84% , 0.00%  ,[.] <hypercurve::curve_region_boolean::CurveRegionBooleanContext>::regularized_fragment_geometric_decision                                                                                                                                                                                                                                                                                                                                                                                                                                                                                                                                                                                                                                                                                                                                                                                                                                                                                                                                                                                                                                                                                                                                                                                                                                                                                                                                 ,-      -            
 19.43% , 7.81%  ,[.] num_bigint::biguint::shift::biguint_shl2                                                                                                                                                                                                                                                                                                                                                                                                                                                                                                                                                                                                                                                                                                                                                                                                                                                                                                                                                                                                                                                                                                                                                                                                                                                                                                                                                                                               ,-      -            
 17.34% , 1.40%  ,[.] <hyperreal::computable::node::Computable>::approx_signal                                                                                                                                                                                                                                                                                                                                                                                                                                                                                                                                                                                                                                                                                                                                                                                                                                                                                                                                                                                                                                                                                                                                                                                                                                                                                                                                                                               ,-      -            
 16.38% , 0.00%  ,[.] hypercurve::bezier_offset::algebraic_chord_point_coordinate_order                                                                                                                                                                                                                                                                                                                                                                                                                                                                                                                                                                                                                                                                                                                                                                                                                                                                                                                                                                                                                                                                                                                                                                                                                                                                                                                                                                      ,-      -            
 16.27% , 0.00%  ,[.] <hypercurve::bezier_offset::BezierAlgebraicChord2>::forward_ray_winding_delta                                                                                                                                                                                                                                                                                                                                                                                                                                                                                                                                                                                                                                                                                                                                                                                                                                                                                                                                                                                                                                                                                                                                                                                                                                                                                                                                                          ,-      -            
 16.27% , 0.00%  ,[.] <hypercurve::bezier_offset::BezierAlgebraicChord2>::forward_ray_winding_delta_general                                                                                                                                                                                                                                                                                                                                                                                                                                                                                                                                                                                                                                                                                                                                                                                                                                                                                                                                                                                                                                                                                                                                                                                                                                                                                                                                                  ,-      -            
 16.26% , 0.00%  ,[.] <hypercurve::bezier_offset::BezierAlgebraicChord2>::point_axis_order_to_real                                                                                                                                                                                                                                                                                                                                                                                                                                                                                                                                                                                                                                                                                                                                                                                                                                                                                                                                                                                                                                                                                                                                                                                                                                                                                                                                                           ,-      -            
 16.26% , 0.00%  ,[.] hypercurve::bezier_offset::algebraic_chord_point_linear_order_to_exact                                                                                                                                                                                                                                                                                                                                                                                                                                                                                                                                                                                                                                                                                                                                                                                                                                                                                                                                                                                                                                                                                                                                                                                                                                                                                                                                                                 ,-      -            
 15.92% , 0.14%  ,[.] <hyperreal::computable::approximation::Approximation>::approximate                                                                                                                                                                                                                                                                                                                                                                                                                                                                                                                                                                                                                                                                                                                                                                                                                                                                                                                                                                                                                                                                                                                                                                                                                                                                                                                                                                     ,-      -            
 15.79% , 0.00%  ,[.] hypercurve::bezier_offset::algebraic_chord_point_coordinate_order_from_bounds                                                                                                                                                                                                                                                                                                                                                                                                                                                                                                                                                                                                                                                                                                                                                                                                                                                                                                                                                                                                                                                                                                                                                                                                                                                                                                                                                          ,-      -            
 15.77% , 0.00%  ,[.] hypercurve::bezier_offset::algebraic_chord_point_coordinate_order_by_refinement                                                                                                                                                                                                                                                                                                                                                                                                                                                                                                                                                                                                                                                                                                                                                                                                                                                                                                                                                                                                                                                                                                                                                                                                                                                                                                                                                        ,-      -            
 15.67% , 0.00%  ,[.] <hypercurve::bezier_offset::BezierAlgebraicChordPairPoint2>::axis_coordinate_order_to_real                                                                                                                                                                                                                                                                                                                                                                                                                                                                                                                                                                                                                                                                                                                                                                                                                                                                                                                                                                                                                                                                                                                                                                                                                                                                                                                                             ,-      -            
 14.73% , 0.05%  ,[.] hyperreal::computable::approximation::multiply_with_known_msd                                                                                                                                                                                                                                                                                                                                                                                                                                                                                                                                                                                                                                                                                                                                                                                                                                                                                                                                                                                                                                                                                                                                                                                                                                                                                                                                                                          ,-      -            
 13.28% , 0.00%  ,[.] <hypercurve::bezier_offset::BezierAlgebraicChordSupportPredicate2>::oriented_side                                                                                                                                                                                                                                                                                                                                                                                                                                                                                                                                                                                                                                                                                                                                                                                                                                                                                                                                                                                                                                                                                                                                                                                                                                                                                                                                                      ,-      -            
 12.92% , 9.70%  ,[.] num_bigint::biguint::division::div_rem_core                                                                                                                                                                                                                                                                                                                                                                                                                                                                                                                                                                                                                                                                                                                                                                                                                                                                                                                                                                                                                                                                                                                                                                                                                                                                                                                                                                                            ,-      -            
 11.20% , 1.21%  ,[.] <alloc::raw_vec::RawVec<u64>>::grow_one                                                                                                                                                                                                                                                                                                                                                                                                                                                                                                                                                                                                                                                                                                                                                                                                                                                                                                                                                                                                                                                                                                                                                                                                                                                                                                                                                                                                ,-      -            
 8.69%  , 0.15%  ,[.] hyperreal::computable::approximation::sqrt                                                                                                                                                                                                                                                                                                                                                                                                                                                                                                                                                                                                                                                                                                                                                                                                                                                                                                                                                                                                                                                                                                                                                                                                                                                                                                                                                                                             ,-      -            
 8.64%  , 2.15%  ,[.] realloc                                                                                                                                                                                                                                                                                                                                                                                                                                                                                                                                                                                                                                                                                                                                                                                                                                                                                                                                                                                                                                                                                                                                                                                                                                                                                                                                                                                                                                ,-      -            
 8.47%  , 1.02%  ,[.] <alloc::raw_vec::RawVecInner>::finish_grow                                                                                                                                                                                                                                                                                                                                                                                                                                                                                                                                                                                                                                                                                                                                                                                                                                                                                                                                                                                                                                                                                                                                                                                                                                                                                                                                                                                             ,-      -            
 8.26%  , 0.00%  ,[.] <hypercurve::bezier_offset::BezierAlgebraicChord2>::retained_procedural_point_side                                                                                                                                                                                                                                                                                                                                                                                                                                                                                                                                                                                                                                                                                                                                                                                                                                                                                                                                                                                                                                                                                                                                                                                                                                                                                                                                                     ,-      -            
 8.15%  , 0.00%  ,[.] <hypercurve::bezier_offset::BezierAlgebraicChord2>::contains_point                                                                                                                                                                                                                                                                                                                                                                                                                                                                                                                                                                                                                                                                                                                                                                                                                                                                                                                                                                                                                                                                                                                                                                                                                                                                                                                                                                     ,-      -            
 8.15%  , 0.00%  ,[.] <hypercurve::bezier_offset::BezierAlgebraicChord2>::forward_ray_winding_delta_skipping_incident_origin                                                                                                                                                                                                                                                                                                                                                                                                                                                                                                                                                                                                                                                                                                                                                                                                                                                                                                                                                                                                                                                                                                                                                                                                                                                                                                                                 ,-      -            
 8.11%  , 0.00%  ,[.] <hypercurve::bezier_offset::BezierAlgebraicChord2>::oriented_side_by_refinement                                                                                                                                                                                                                                                                                                                                                                                                                                                                                                                                                                                                                                                                                                                                                                                                                                                                                                                                                                                                                                                                                                                                                                                                                                                                                                                                                        ,-      -            
 8.11%  , 0.00%  ,[.] <hypercurve::bezier_offset::BezierAlgebraicChord2>::oriented_side_by_refinement_with_limit                                                                                                                                                                                                                                                                                                                                                                                                                                                                                                                                                                                                                                                                                                                                                                                                                                                                                                                                                                                                                                                                                                                                                                                                                                                                                                                                             ,-      -            
 7.47%  , 6.38%  ,[.] _int_malloc                                                                                                                                                                                                                                                                                                                                                                                                                                                                                                                                                                                                                                                                                                                                                                                                                                                                                                                                                                                                                                                                                                                                                                                                                                                                                                                                                                                                                            ,-      -            
 6.99%  , 1.72%  ,[.] <hyperreal::computable::node::Computable>::algebraic_separation_bound_bits::parse                                                                                                                                                                                                                                                                                                                                                                                                                                                                                                                                                                                                                                                                                                                                                                                                                                                                                                                                                                                                                                                                                                                                                                                                                                                                                                                                                      ,-      -            
 6.43%  , 0.00%  ,[.] <hypercurve::bezier_offset::BezierRecursiveQuadraticValue2>::multiply                                                                                                                                                                                                                                                                                                                                                                                                                                                                                                                                                                                                                                                                                                                                                                                                                                                                                                                                                                                                                                                                                                                                                                                                                                                                                                                                                                  ,-      -            
 6.41%  , 0.03%  ,[.] <hypercurve::bezier_offset::BezierAlgebraicChordRealInterval2>::nonnegative_square_root_with_precision                                                                                                                                                                                                                                                                                                                                                                                                                                                                                                                                                                                                                                                                                                                                                                                                                                                                                                                                                                                                                                                                                                                                                                                                                                                                                                                                 ,-      -            
 6.10%  , 1.59%  ,[.] _int_realloc                                                                                                                                                                                                                                                                                                                                                                                                                                                                                                                                                                                                                                                                                                                                                                                                                                                                                                                                                                                                                                                                                                                                                                                                                                                                                                                                                                                                                           ,-      -            
 5.77%  , 0.00%  ,[.] <hypercurve::bezier_offset::BezierAlgebraicChord2>::rational_intersections                                                                                                                                                                                                                                                                                                                                                                                                                                                                                                                                                                                                                                                                                                                                                                                                                                                                                                                                                                                                                                                                                                                                                                                                                                                                                                                                                             ,-      -            
 5.77%  , 0.00%  ,[.] <hypercurve::bezier_offset::BezierAlgebraicChord2>::recursive_projective_rational_intersections                                                                                                                                                                                                                                                                                                                                                                                                                                                                                                                                                                                                                                                                                                                                                                                                                                                                                                                                                                                                                                                                                                                                                                                                                                                                                                                                        ,-      -            
 5.63%  , 0.00%  ,[.] <hypercurve::bezier_offset::BezierRecursiveQuadraticValue2>::bounded_interval_sign_through                                                                                                                                                                                                                                                                                                                                                                                                                                                                                                                                                                                                                                                                                                                                                                                                                                                                                                                                                                                                                                                                                                                                                                                                                                                                                                                                             ,-      -            
 5.60%  , 0.00%  ,[.] <hypercurve::curve_region_boolean::CurveRegionBooleanContext>::algebraic_chord_rational_pair_result                                                                                                                                                                                                                                                                                                                                                                                                                                                                                                                                                                                                                                                                                                                                                                                                                                                                                                                                                                                                                                                                                                                                                                                                                                                                                                                                    ,-      -            
 5.28%  , 0.00%  ,[.] <hypercurve::bezier_offset::BezierDenseTwoSquareRootExpression2>::multiply                                                                                                                                                                                                                                                                                                                                                                                                                                                                                                                                                                                                                                                                                                                                                                                                                                                                                                                                                                                                                                                                                                                                                                                                                                                                                                                                                             ,-      -            
 5.19%  , 0.00%  ,[.] <hypercurve::bezier_offset::BezierAlgebraicChord2>::tangent_cross_sign_with_shared_endpoint                                                                                                                                                                                                                                                                                                                                                                                                                                                                                                                                                                                                                                                                                                                                                                                                                                                                                                                                                                                                                                                                                                                                                                                                                                                                                                                                            ,-      -            
 5.18%  , 0.00%  ,[.] hypercurve::bezier_region::exact_offset_tangent_cross_sign                                                                                                                                                                                                                                                                                                                                                                                                                                                                                                                                                                                                                                                                                                                                                                                                                                                                                                                                                                                                                                                                                                                                                                                                                                                                                                                                                                             ,-      -            
 5.06%  , 0.00%  ,[.] <hypercurve::bezier_offset::BezierAlgebraicChord2>::oriented_support_side                                                                                                                                                                                                                                                                                                                                                                                                                                                                                                                                                                                                                                                                                                                                                                                                                                                                                                                                                                                                                                                                                                                                                                                                                                                                                                                                                              ,-      -            
 4.99%  , 0.00%  ,[.] <hypercurve::curve_region_boolean::CurveRegionBooleanContext>::algebraic_chord_parallel_pair_result                                                                                                                                                                                                                                                                                                                                                                                                                                                                                                                                                                                                                                                                                                                                                                                                                                                                                                                                                                                                                                                                                                                                                                                                                                                                                                                                    ,-      -            
 4.80%  , 0.00%  ,[.] <hypercurve::bezier_offset::BezierRecursiveQuadraticValue2>::extension_cross_term                                                                                                                                                                                                                                                                                                                                                                                                                                                                                                                                                                                                                                                                                                                                                                                                                                                                                                                                                                                                                                                                                                                                                                                                                                                                                                                                                      ,-      -            
 4.59%  , 4.59%  ,[.] <num_bigint::biguint::BigUint>::normalized                                                                                                                                                                                                                                                                                                                                                                                                                                                                                                                                                                                                                                                                                                                                                                                                                                                                                                                                                                                                                                                                                                                                                                                                                                                                                                                                                                                             ,-      -            
 4.45%  , 0.01%  ,[.] <hypersolve::tensor_resultant::DenseTensorPolynomial>::multiply                                                                                                                                                                                                                                                                                                                                                                                                                                                                                                                                                                                                                                                                                                                                                                                                                                                                                                                                                                                                                                                                                                                                                                                                                                                                                                                                                                        ,-      -            
 4.18%  , 0.00%  ,[.] <hypercurve::bezier_offset::BezierAlgebraicChord2>::recursive_projective_parallel_system_with_frame                                                                                                                                                                                                                                                                                                                                                                                                                                                                                                                                                                                                                                                                                                                                                                                                                                                                                                                                                                                                                                                                                                                                                                                                                                                                                                                                    ,-      -            
 4.08%  , 0.00%  ,[.] hypercurve::bezier_region::append_exact_offset_join                                                                                                                                                                                                                                                                                                                                                                                                                                                                                                                                                                                                                                                                                                                                                                                                                                                                                                                                                                                                                                                                                                                                                                                                                                                                                                                                                                                    ,-      -            
 3.91%  , 0.00%  ,[.] <hypercurve::bezier_offset::BezierRecursiveProjectiveChordParallelSystem2>::oriented_incidence_interval_sign                                                                                                                                                                                                                                                                                                                                                                                                                                                                                                                                                                                                                                                                                                                                                                                                                                                                                                                                                                                                                                                                                                                                                                                                                                                                                                                           ,-      -            
 3.90%  , 3.90%  ,[.] cfree@GLIBC_2.2.5                                                                                                                                                                                                                                                                                                                                                                                                                                                                                                                                                                                                                                                                                                                                                                                                                                                                                                                                                                                                                                                                                                                                                                                                                                                                                                                                                                                                                      ,-      -            
 3.82%  , 0.00%  ,[.] <hypercurve::bezier_offset::BezierAlgebraicChord2>::recursive_projective_parallel_system_with_frame::{closure#2}                                                                                                                                                                                                                                                                                                                                                                                                                                                                                                                                                                                                                                                                                                                                                                                                                                                                                                                                                                                                                                                                                                                                                                                                                                                                                                                       ,-      -            
 3.70%  , 0.00%  ,[.] <hypercurve::bezier_offset::BezierRecursiveProjectiveChordParallelSystem2>::polynomial_interval_on_real_interval                                                                                                                                                                                                                                                                                                                                                                                                                                                                                                                                                                                                                                                                                                                                                                                                                                                                                                                                                                                                                                                                                                                                                                                                                                                                                                                       ,-      -            
 3.58%  , 0.01%  ,[.] <&hyperreal::real::arithmetic::Real as core::ops::arith::Mul>::mul                                                                                                                                                                                                                                                                                                                                                                                                                                                                                                                                                                                                                                                                                                                                                                                                                                                                                                                                                                                                                                                                                                                                                                                                                                                                                                                                                                     ,-      -            
 3.56%  , 0.01%  ,[.] <&hyperreal::rational::arithmetic::Rational as core::ops::arith::Mul>::mul                                                                                                                                                                                                                                                                                                                                                                                                                                                                                                                                                                                                                                                                                                                                                                                                                                                                                                                                                                                                                                                                                                                                                                                                                                                                                                                                                             ,-      -            
 3.51%  , 0.42%  ,[.] hyperreal::computable::node::scale                                                                                                                                                                                                                                                                                                                                                                                                                                                                                                                                                                                                                                                                                                                                                                                                                                                                                                                                                                                                                                                                                                                                                                                                                                                                                                                                                                                                     ,-      -            
 3.50%  , 3.50%  ,[.] malloc                                                                                                                                                                                                                                                                                                                                                                                                                                                                                                                                                                                                                                                                                                                                                                                                                                                                                                                                                                                                                                                                                                                                                                                                                                                                                                                                                                                                                                 ,-      -            
 3.50%  , 2.21%  ,[.] num_bigint::biguint::shift::biguint_shr2                                                                                                                                                                                                                                                                                                                                                                                                                                                                                                                                                                                                                                                                                                                                                                                                                                                                                                                                                                                                                                                                                                                                                                                                                                                                                                                                                                                               ,-      -            
 3.46%  , 0.00%  ,[.] <alloc::vec::Vec<hypercurve::bezier_offset::BezierRecursiveQuadraticValue2> as alloc::vec::spec_from_iter::SpecFromIter<hypercurve::bezier_offset::BezierRecursiveQuadraticValue2. core::iter::adapters::GenericShunt<core::iter::adapters::map::Map<core::slice::iter::Iter<hypercurve::bezier_offset::BezierRecursiveQuadraticValue2>. hypercurve::bezier_offset::recursive_quadratic_polynomial_scale::{closure#0}>. core::option::Option<core::convert::Infallible>>>>::from_iter                                                                                                                                                                                                                                                                                                                                                                                                                                                                                                                                                                                                                                                                                                                                                                                                                                                                                                                                                  ,-      -            
 3.46%  , 0.00%  ,[.] core::iter::adapters::try_process::<core::iter::adapters::map::Map<core::slice::iter::Iter<hypercurve::bezier_offset::BezierRecursiveQuadraticValue2>. hypercurve::bezier_offset::recursive_quadratic_polynomial_scale::{closure#0}>. hypercurve::bezier_offset::BezierRecursiveQuadraticValue2. core::option::Option<core::convert::Infallible>. <core::option::Option<alloc::vec::Vec<hypercurve::bezier_offset::BezierRecursiveQuadraticValue2>> as core::iter::traits::collect::FromIterator<core::option::Option<hypercurve::bezier_offset::BezierRecursiveQuadraticValue2>>>::from_iter<core::iter::adapters::map::Map<core::slice::iter::Iter<hypercurve::bezier_offset::BezierRecursiveQuadraticValue2>. hypercurve::bezier_offset::recursive_quadratic_polynomial_scale::{closure#0}>>::{closure#0}. alloc::vec::Vec<hypercurve::bezier_offset::BezierRecursiveQuadraticValue2>>                                                                                                                                                                                                                                                                                                                                                                                                                                                                                                                                              ,-      -            
 3.26%  , 0.00%  ,[.] hypercurve::bezier_offset::recursive_quadratic_polynomial_strict_unit_crossing                                                                                                                                                                                                                                                                                                                                                                                                                                                                                                                                                                                                                                                                                                                                                                                                                                                                                                                                                                                                                                                                                                                                                                                                                                                                                                                                                         ,-      -            
 3.22%  , 3.00%  ,[.] _int_free_chunk                                                                                                                                                                                                                                                                                                                                                                                                                                                                                                                                                                                                                                                                                                                                                                                                                                                                                                                                                                                                                                                                                                                                                                                                                                                                                                                                                                                                                        ,-      -            
 3.18%  , 0.00%  ,[.] <hypercurve::bezier_offset::BezierAlgebraicChordParallelPoint2>::conservative_bounds_refined_impl                                                                                                                                                                                                                                                                                                                                                                                                                                                                                                                                                                                                                                                                                                                                                                                                                                                                                                                                                                                                                                                                                                                                                                                                                                                                                                                                      ,-      -            
 2.99%  , 0.25%  ,[.] <hyperreal::computable::node::AlgebraicSeparation>::insert_generator                                                                                                                                                                                                                                                                                                                                                                                                                                                                                                                                                                                                                                                                                                                                                                                                                                                                                                                                                                                                                                                                                                                                                                                                                                                                                                                                                                   ,-      -            
 2.93%  , 0.44%  ,[.] __libc_malloc2                                                                                                                                                                                                                                                                                                                                                                                                                                                                                                                                                                                                                                                                                                                                                                                                                                                                                                                                                                                                                                                                                                                                                                                                                                                                                                                                                                                                                         ,-      -            
 2.87%  , 0.00%  ,[.] <hypercurve::bezier_offset::BezierRecursiveProjectiveParameter2>::refined                                                                                                                                                                                                                                                                                                                                                                                                                                                                                                                                                                                                                                                                                                                                                                                                                                                                                                                                                                                                                                                                                                                                                                                                                                                                                                                                                              ,-      -            
 2.83%  , 0.07%  ,[.] <hyperreal::computable::node::AlgebraicSeparation>::multiply                                                                                                                                                                                                                                                                                                                                                                                                                                                                                                                                                                                                                                                                                                                                                                                                                                                                                                                                                                                                                                                                                                                                                                                                                                                                                                                                                                           ,-      -            
 2.74%  , 0.00%  ,[.] <hyperreal::computable::node::PiQuadraticLaurentPolynomial>::scaled                                                                                                                                                                                                                                                                                                                                                                                                                                                                                                                                                                                                                                                                                                                                                                                                                                                                                                                                                                                                                                                                                                                                                                                                                                                                                                                                                                    ,-      -            
 2.71%  , 0.07%  ,[.] <hyperreal::rational::arithmetic::Rational>::mul_wide_with_dyadic_denominator                                                                                                                                                                                                                                                                                                                                                                                                                                                                                                                                                                                                                                                                                                                                                                                                                                                                                                                                                                                                                                                                                                                                                                                                                                                                                                                                                          ,-      -            
 2.39%  , 0.00%  ,[.] <hypercurve::bezier_offset::BezierAlgebraicChord2>::retained_monotone_parallel_contact_on_region_range                                                                                                                                                                                                                                                                                                                                                                                                                                                                                                                                                                                                                                                                                                                                                                                                                                                                                                                                                                                                                                                                                                                                                                                                                                                                                                                                 ,-      -            
 2.32%  , 0.00%  ,[.] <hypercurve::curve_region_boolean::CurveRegionBooleanContext>::algebraic_chord_parallel_pair_result::{closure#4}::{closure#0}                                                                                                                                                                                                                                                                                                                                                                                                                                                                                                                                                                                                                                                                                                                                                                                                                                                                                                                                                                                                                                                                                                                                                                                                                                                                                                          ,-      -            
 2.30%  , 0.00%  ,[.] <hypercurve::policy::CurveContext>::strict_predicate_pass::<core::result::Result<hypercurve::classify::Classification<core::option::Option<hypercurve::bezier_offset::BezierRecursiveProjectiveChordParallelSystem2>>. hypercurve::error::CurveError>. <hypercurve::bezier_offset::BezierAnalyticParallelPoint2>::monotone_oriented_side_to_chord::{closure#6}>                                                                                                                                                                                                                                                                                                                                                                                                                                                                                                                                                                                                                                                                                                                                                                                                                                                                                                                                                                                                                                                                        ,-      -            
 2.27%  , 0.00%  ,[.] <hypercurve::bezier_offset::BezierAlgebraicChord2>::retained_monotone_parallel_contact_on_region_range::{closure#0}                                                                                                                                                                                                                                                                                                                                                                                                                                                                                                                                                                                                                                                                                                                                                                                                                                                                                                                                                                                                                                                                                                                                                                                                                                                                                                                    ,-      -            
 2.22%  , 0.00%  ,[.] <hypercurve::curve_region_boolean::CurveRegionBooleanContext>::regularized_algebraic_chord_fragment_decision                                                                                                                                                                                                                                                                                                                                                                                                                                                                                                                                                                                                                                                                                                                                                                                                                                                                                                                                                                                                                                                                                                                                                                                                                                                                                                                           ,-      -            
 2.20%  , 0.59%  ,[.] __libc_calloc2                                                                                                                                                                                                                                                                                                                                                                                                                                                                                                                                                                                                                                                                                                                                                                                                                                                                                                                                                                                                                                                                                                                                                                                                                                                                                                                                                                                                                         ,-      -            
 2.15%  , 0.08%  ,[.] hyperreal::computable::approximation::multiply                                                                                                                                                                                                                                                                                                                                                                                                                                                                                                                                                                                                                                                                                                                                                                                                                                                                                                                                                                                                                                                                                                                                                                                                                                                                                                                                                                                         ,-      -            
 2.12%  , 0.00%  ,[.] <hypercurve::bezier_offset::BezierRecursiveQuadraticProjectiveScalar2>::interval                                                                                                                                                                                                                                                                                                                                                                                                                                                                                                                                                                                                                                                                                                                                                                                                                                                                                                                                                                                                                                                                                                                                                                                                                                                                                                                                                       ,-      -            
 2.07%  , 0.03%  ,[.] <hyperreal::real::arithmetic::Real>::certified_dyadic_interval                                                                                                                                                                                                                                                                                                                                                                                                                                                                                                                                                                                                                                                                                                                                                                                                                                                                                                                                                                                                                                                                                                                                                                                                                                                                                                                                                                         ,-      -            
 2.01%  , 0.00%  ,[.] <hypercurve::bezier_offset::BezierAlgebraicChordRealInterval2>::nonnegative_square_root_with_precision::{closure#0}                                                                                                                                                                                                                                                                                                                                                                                                                                                                                                                                                                                                                                                                                                                                                                                                                                                                                                                                                                                                                                                                                                                                                                                                                                                                                                                    ,-      -            
 1.97%  , 0.14%  ,[.] <hyperreal::rational::arithmetic::Rational>::shifted_big_integer                                                                                                                                                                                                                                                                                                                                                                                                                                                                                                                                                                                                                                                                                                                                                                                                                                                                                                                                                                                                                                                                                                                                                                                                                                                                                                                                                                       ,-      -            
 1.97%  , 1.97%  ,[.] __rustc::__rust_no_alloc_shim_is_unstable_v2                                                                                                                                                                                                                                                                                                                                                                                                                                                                                                                                                                                                                                                                                                                                                                                                                                                                                                                                                                                                                                                                                                                                                                                                                                                                                                                                                                                           ,-      -            
 1.92%  , 0.05%  ,[.] <hyperreal::computable::node::Computable>::msd                                                                                                                                                                                                                                                                                                                                                                                                                                                                                                                                                                                                                                                                                                                                                                                                                                                                                                                                                                                                                                                                                                                                                                                                                                                                                                                                                                                         ,-      -            
 1.83%  , 1.83%  ,[.] __memmove_avx_unaligned_erms                                                                                                                                                                                                                                                                                                                                                                                                                                                                                                                                                                                                                                                                                                                                                                                                                                                                                                                                                                                                                                                                                                                                                                                                                                                                                                                                                                                                           ,-      -            
 1.79%  , 0.00%  ,[.] hypercurve::bezier_offset::recursive_projective_evidence_points                                                                                                                                                                                                                                                                                                                                                                                                                                                                                                                                                                                                                                                                                                                                                                                                                                                                                                                                                                                                                                                                                                                                                                                                                                                                                                                                                                        ,-      -            
 1.78%  , 0.50%  ,[.] num_bigint::biguint::multiplication::scalar_mul                                                                                                                                                                                                                                                                                                                                                                                                                                                                                                                                                                                                                                                                                                                                                                                                                                                                                                                                                                                                                                                                                                                                                                                                                                                                                                                                                                                        ,-      -            
 1.78%  , 0.00%  ,[.] hypercurve::bezier_offset::recursive_projective_point_source                                                                                                                                                                                                                                                                                                                                                                                                                                                                                                                                                                                                                                                                                                                                                                                                                                                                                                                                                                                                                                                                                                                                                                                                                                                                                                                                                                           ,-      -            
 1.71%  , 0.00%  ,[.] <hypercurve::bezier_offset::BezierRecursiveQuadraticValue2>::sign                                                                                                                                                                                                                                                                                                                                                                                                                                                                                                                                                                                                                                                                                                                                                                                                                                                                                                                                                                                                                                                                                                                                                                                                                                                                                                                                                                      ,-      -            
 1.67%  , 1.67%  ,[.] __rustc::__rust_dealloc                                                                                                                                                                                                                                                                                                                                                                                                                                                                                                                                                                                                                                                                                                                                                                                                                                                                                                                                                                                                                                                                                                                                                                                                                                                                                                                                                                                                                ,-      -            
 1.65%  , 0.12%  ,[.] <hyperreal::computable::node::Computable>::internal_structural_eq                                                                                                                                                                                                                                                                                                                                                                                                                                                                                                                                                                                                                                                                                                                                                                                                                                                                                                                                                                                                                                                                                                                                                                                                                                                                                                                                                                      ,-      -            
 1.59%  , 0.05%  ,[.] <num_bigint::bigint::BigInt as core::ops::arith::Div>::div                                                                                                                                                                                                                                                                                                                                                                                                                                                                                                                                                                                                                                                                                                                                                                                                                                                                                                                                                                                                                                                                                                                                                                                                                                                                                                                                                                             ,-      -            
 1.54%  , 0.03%  ,[.] <alloc::raw_vec::RawVecInner>::finish_grow                                                                                                                                                                                                                                                                                                                                                                                                                                                                                                                                                                                                                                                                                                                                                                                                                                                                                                                                                                                                                                                                                                                                                                                                                                                                                                                                                                                             ,-      -            
 1.48%  , 1.48%  ,[.] __rustc::__rust_alloc                                                                                                                                                                                                                                                                                                                                                                                                                                                                                                                                                                                                                                                                                                                                                                                                                                                                                                                                                                                                                                                                                                                                                                                                                                                                                                                                                                                                                  ,-      -            
 1.45%  , 0.37%  ,[.] <num_bigint::biguint::BigUint as num_integer::roots::Roots>::sqrt                                                                                                                                                                                                                                                                                                                                                                                                                                                                                                                                                                                                                                                                                                                                                                                                                                                                                                                                                                                                                                                                                                                                                                                                                                                                                                                                                                      ,-      -            
 1.39%  , 1.01%  ,[.] <hyperreal::computable::node::Computable>::internal_structural_eq::compare_bounded                                                                                                                                                                                                                                                                                                                                                                                                                                                                                                                                                                                                                                                                                                                                                                                                                                                                                                                                                                                                                                                                                                                                                                                                                                                                                                                                                     ,-      -            
 1.35%  , 0.29%  ,[.] <hyperreal::rational::arithmetic::Rational>::apply_lehmer_gcd_matrix::{closure#0}                                                                                                                                                                                                                                                                                                                                                                                                                                                                                                                                                                                                                                                                                                                                                                                                                                                                                                                                                                                                                                                                                                                                                                                                                                                                                                                                                      ,-      -            
 1.34%  , 0.52%  ,[.] <num_bigint::bigint::BigInt as core::ops::bit::Shr<i32>>::shr                                                                                                                                                                                                                                                                                                                                                                                                                                                                                                                                                                                                                                                                                                                                                                                                                                                                                                                                                                                                                                                                                                                                                                                                                                                                                                                                                                          ,-      -            
 1.32%  , 1.32%  ,[.] __libc_calloc                                                                                                                                                                                                                                                                                                                                                                                                                                                                                                                                                                                                                                                                                                                                                                                                                                                                                                                                                                                                                                                                                                                                                                                                                                                                                                                                                                                                                          ,-      -            
 1.30%  , 0.00%  ,[.] <hyperreal::real::arithmetic::Real>::structural_facts                                                                                                                                                                                                                                                                                                                                                                                                                                                                                                                                                                                                                                                                                                                                                                                                                                                                                                                                                                                                                                                                                                                                                                                                                                                                                                                                                                                  ,-      -            
 1.28%  , 0.00%  ,[.] <hyperreal::computable::node::Computable>::structural_facts                                                                                                                                                                                                                                                                                                                                                                                                                                                                                                                                                                                                                                                                                                                                                                                                                                                                                                                                                                                                                                                                                                                                                                                                                                                                                                                                                                            ,-      -            
 1.27%  , 0.00%  ,[.] <hypercurve::bezier_offset::BezierAlgebraicChordRealInterval2>::divide                                                                                                                                                                                                                                                                                                                                                                                                                                                                                                                                                                                                                                                                                                                                                                                                                                                                                                                                                                                                                                                                                                                                                                                                                                                                                                                                                                 ,-      -            
 1.27%  , 0.01%  ,[.] <num_bigint::bigint::BigInt>::sqrt                                                                                                                                                                                                                                                                                                                                                                                                                                                                                                                                                                                                                                                                                                                                                                                                                                                                                                                                                                                                                                                                                                                                                                                                                                                                                                                                                                                                     ,-      -            
 1.25%  , 0.01%  ,[.] <alloc::raw_vec::RawVec<(usize. hyperreal::computable::node::AlgebraicSeparation)>>::grow_one                                                                                                                                                                                                                                                                                                                                                                                                                                                                                                                                                                                                                                                                                                                                                                                                                                                                                                                                                                                                                                                                                                                                                                                                                                                                                                                                          ,-      -            
 1.18%  , 0.01%  ,[.] <hyperreal::real::arithmetic::Real as core::ops::arith::AddAssign>::add_assign                                                                                                                                                                                                                                                                                                                                                                                                                                                                                                                                                                                                                                                                                                                                                                                                                                                                                                                                                                                                                                                                                                                                                                                                                                                                                                                                                         ,-      -            
 1.17%  , 0.80%  ,[.] <hyperreal::computable::node::ApproximationCache>::at_precision                                                                                                                                                                                                                                                                                                                                                                                                                                                                                                                                                                                                                                                                                                                                                                                                                                                                                                                                                                                                                                                                                                                                                                                                                                                                                                                                                                        ,-      -            
 1.10%  , 0.00%  ,[.] <hypercurve::bezier_offset::BezierAnalyticParallelPoint2>::conservative_bounds_refined                                                                                                                                                                                                                                                                                                                                                                                                                                                                                                                                                                                                                                                                                                                                                                                                                                                                                                                                                                                                                                                                                                                                                                                                                                                                                                                                                 ,-      -            
 1.08%  , 0.07%  ,[.] <num_bigint::biguint::BigUint as core::ops::arith::Mul>::mul                                                                                                                                                                                                                                                                                                                                                                                                                                                                                                                                                                                                                                                                                                                                                                                                                                                                                                                                                                                                                                                                                                                                                                                                                                                                                                                                                                           ,-      -            
 1.08%  , 0.03%  ,[.] <hyperreal::rational::arithmetic::Rational>::perfect_nth_root                                                                                                                                                                                                                                                                                                                                                                                                                                                                                                                                                                                                                                                                                                                                                                                                                                                                                                                                                                                                                                                                                                                                                                                                                                                                                                                                                                          ,-      -            
 1.06%  , 1.06%  ,[.] <num_bigint::biguint::BigUint>::normalized                                                                                                                                                                                                                                                                                                                                                                                                                                                                                                                                                                                                                                                                                                                                                                                                                                                                                                                                                                                                                                                                                                                                                                                                                                                                                                                                                                                             ,-      -            
 1.06%  , 0.00%  ,[.] hypercurve::bezier_offset::recursive_projective_polynomial_unit_parameters_with_crossing                                                                                                                                                                                                                                                                                                                                                                                                                                                                                                                                                                                                                                                                                                                                                                                                                                                                                                                                                                                                                                                                                                                                                                                                                                                                                                                                               ,-      -            
 1.05%  , 1.05%  ,[.] __memcmp_avx2_movbe                                                                                                                                                                                                                                                                                                                                                                                                                                                                                                                                                                                                                                                                                                                                                                                                                                                                                                                                                                                                                                                                                                                                                                                                                                                                                                                                                                                                                    ,-      -            
 1.00%  , 0.07%  ,[.] num_bigint::biguint::multiplication::mul3                                                                                                                                                                                                                                                                                                                                                                                                                                                                                                                                                                                                                                                                                                                                                                                                                                                                                                                                                                                                                                                                                                                                                                                                                                                                                                                                                                                              ,-      -            
 1.00%  , 0.00%  ,[.] <hypercurve::bezier_offset::BezierRecursiveQuadraticValue2>::from_base                                                                                                                                                                                                                                                                                                                                                                                                                                                                                                                                                                                                                                                                                                                                                                                                                                                                                                                                                                                                                                                                                                                                                                                                                                                                                                                                                                 ,-      -            


#
# (Tip: To trace calls using Processor Trace use perf record -e intel_pt// ... ; perf script --call-trace. Then use perf script --time A-B --insn-trace to look at region of interest.)
#
