# To display the perf.data header info, please use --header/--header-only options.
#
#
# Total Lost Samples: 0
#
# Samples: 8K of event 'cpu/cycles/Pu'
# Event count (approx.): 374403085524
#
# Overhead,Symbol                                                                                                                                                                                                                                                                                                                                              ,IPC   [IPC Coverage]
 29.15% ,[.] <hyperreal::rational::arithmetic::Rational as core::cmp::PartialEq>::eq                                                                                                                                                                                                                                                                         ,-      -            
            |          
            |--11.41%--eq (inlined)
            |          |          
            |          |--8.08%--ne<num_bigint::bigint::Sign, num_bigint::bigint::Sign> (inlined)
            |          |          eq (inlined)
            |          |          eq (inlined)
            |          |          equal_same_length<hyperreal::real::arithmetic::Real, hyperreal::real::arithmetic::Real> (inlined)
            |          |          eq<hyperreal::real::arithmetic::Real, hyperreal::real::arithmetic::Real> (inlined)
            |          |          eq<hyperreal::real::arithmetic::Real, hyperreal::real::arithmetic::Real, alloc::alloc::Global> (inlined)
            |          |          eq<alloc::vec::Vec<hyperreal::real::arithmetic::Real, alloc::alloc::Global>, [hyperreal::real::arithmetic::Real]> (inlined)
            |          |          {closure#1} (inlined)
            |          |          |          
            |          |           --7.92%--find<(alloc::vec::Vec<hyperreal::real::arithmetic::Real, alloc::alloc::Global>, core::cmp::Ordering), hypersolve::algebraic_fiber::{impl#3}::sign_polynomial_if_separated::{closure_env#1}> (inlined)
            |          |                     sign_polynomial_if_separated (inlined)
            |          |                     sign_if_separated (inlined)
            |          |                     sign_if_separated (inlined)
            |          |                     |          
            |          |                     |--7.29%--bernstein_sign_variations<hypersolve::algebraic_fiber::LocalFieldElement, hypersolve::algebraic_fiber::isolate_local_polynomial_roots_bernstein::Context> (inlined)
            |          |                     |          branch<core::option::Option<usize>, hypersolve::algebraic_fiber::LocalFieldError> (inlined)
            |          |                     |          isolate_ordered_field_polynomial_roots<hypersolve::algebraic_fiber::LocalFieldElement, hypersolve::algebraic_fiber::isolate_local_polynomial_roots_bernstein::Context> (inlined)
            |          |                     |          branch<hypersolve::ordered_field_roots::OrderedFieldRootIsolationReport, hypersolve::algebraic_fiber::LocalFieldError> (inlined)
            |          |                     |          isolate_local_polynomial_roots_bernstein (inlined)
            |          |                     |          isolate_bivariate_fiber_roots_at_algebraic_parameter (inlined)
            |          |                     |          isolate_bivariate_fiber_roots_at_algebraic_parameter_complete (inlined)
            |          |                     |          |          
            |          |                     |          |--5.13%--algebraic_selected_fiber_root_interval_refined (inlined)
            |          |                     |          |          branch<hypercurve::classify::Classification<hypersolve::root_isolation::IsolatedRootInterval>, hypercurve::error::CurveError> (inlined)
            |          |                     |          |          |          
            |          |                     |          |           --4.87%--algebraic_selected_fiber_root_predicate_sign (inlined)
            |          |                     |          |                     branch<hypercurve::classify::Classification<hyperreal::structural::RealSign>, hypercurve::error::CurveError> (inlined)
            |          |                     |          |                     |          
            |          |                     |          |                     |--2.92%--algebraic_selected_fiber_root_radical_sum_sign (inlined)
            |          |                     |          |                     |          branch<hypercurve::classify::Classification<hyperreal::structural::RealSign>, hypercurve::error::CurveError> (inlined)
            |          |                     |          |                     |          selected_parallel_normal_rational_selected_fiber_intersections (inlined)
            |          |                     |          |                     |          branch<hypercurve::classify::Classification<hypercurve::bezier_offset::BezierAlgebraicCuspSemicircleRationalIntersections2>, hypercurve::error::CurveError> (inlined)
            |          |                     |          |                     |          selected_parallel_normal_rational_intersections_internal (inlined)
            |          |                     |          |                     |          rational_intersections_internal (inlined)
            |          |                     |          |                     |          map_err<hypercurve::classify::Classification<(hypercurve::bezier_offset::BezierAlgebraicCuspSemicircleRationalIntersections2, core::option::Option<hypercurve::bezier_offset::BezierAlgebraicCuspSemicircleRationalParameterMap2>)>, hypercurve::error::CurveError, hypercurve::error::ExactCurveError, hypercurve::curve_region_boolean::{impl#12}::algebraic_cusp_rational_pair_result::{closure_env#0}> (inlined)
            |          |                     |          |                     |          algebraic_cusp_rational_pair_result (inlined)
            |          |                     |          |                     |          atomic_sub<usize, usize> (inlined)
            |          |                     |          |                     |          fetch_sub (inlined)
            |          |                     |          |                     |          drop<hypercurve::rational_bezier_general::RationalBezierData, alloc::alloc::Global> (inlined)
            |          |                     |          |                     |          drop_glue<alloc::sync::Arc<hypercurve::rational_bezier_general::RationalBezierData, alloc::alloc::Global>> (inlined)
            |          |                     |          |                     |          drop_glue<hypercurve::rational_bezier_general::RationalBezier2> (inlined)
            |          |                     |          |                     |          pair_result (inlined)
            |          |                     |          |                     |          branch<hypercurve::curve_region_boolean::RegionPairResult, hypercurve::error::ExactCurveError> (inlined)
            |          |                     |          |                     |          |          
            |          |                     |          |                     |          |--1.60%--build_split_topology (inlined)
            |          |                     |          |                     |          |          branch<hypercurve::curve_region_boolean::CurveRegionSplitTopology, hypercurve::error::ExactCurveError> (inlined)
            |          |                     |          |                     |          |          build_boolean_topology (inlined)
            |          |                     |          |                     |          |          branch<hypercurve::curve_region_boolean::CurveRegionBooleanTopology, hypercurve::error::ExactCurveError> (inlined)
            |          |                     |          |                     |          |          build_boolean_regions (inlined)
            |          |                     |          |                     |          |          boolean_regions_raw (inlined)
            |          |                     |          |                     |          |          {closure#0} (inlined)
            |          |                     |          |                     |          |          |          
            |          |                     |          |                     |          |          |--0.88%--map<hypercurve::curve_region_boolean::CurveRegionBooleanResults2, hypercurve::error::ExactCurveError, hypercurve::policy::CurveOutcome<hypercurve::curve_region_boolean::CurveRegionBooleanResults2>, hypercurve::policy::resolve_certified_operation::{closure_env#2}<hypercurve::curve_region_boolean::CurveRegionBooleanResults2, hypercurve::error::ExactCurveError, hypercurve::curve_region_boolean::{impl#11}::boolean_regions::{closure_env#0}>> (inlined)
            |          |                     |          |                     |          |          |          resolve_certified_operation<hypercurve::curve_region_boolean::CurveRegionBooleanResults2, hypercurve::error::ExactCurveError, hypercurve::curve_region_boolean::{impl#11}::boolean_regions::{closure_env#0}> (inlined)
            |          |                     |          |                     |          |          |          boolean_regions (inlined)
            |          |                     |          |                     |          |          |          expect<hypercurve::policy::CurveOutcome<hypercurve::curve_region_boolean::CurveRegionBooleanResults2>, hypercurve::error::ExactCurveError> (inlined)
            |          |                     |          |                     |          |          |          selected_fiber_genuinely_analytic_contacts_complete_region_booleans (inlined)
            |          |                     |          |                     |          |          |          assert_test_result<()> (inlined)
            |          |                     |          |                     |          |          |          {closure#0} (inlined)
            |          |                     |          |                     |          |          |          call_once<hypercurve::bezier_offset::conversion_tests::selected_fiber_genuinely_analytic_contacts_complete_region_booleans::{closure_env#0}, ()> (inlined)
            |          |                     |          |                     |          |          |          __rust_begin_short_backtrace<core::result::Result<(), alloc::string::String>, fn() -> core::result::Result<(), alloc::string::String>> (inlined)
            |          |                     |          |                     |          |          |          do_call<core::panic::unwind_safe::AssertUnwindSafe<test::run_test_in_process::{closure_env#0}>, core::result::Result<(), alloc::string::String>> (inlined)
            |          |                     |          |                     |          |          |          catch_unwind<core::result::Result<(), alloc::string::String>, core::panic::unwind_safe::AssertUnwindSafe<test::run_test_in_process::{closure_env#0}>> (inlined)
            |          |                     |          |                     |          |          |          catch_unwind<core::panic::unwind_safe::AssertUnwindSafe<test::run_test_in_process::{closure_env#0}>, core::result::Result<(), alloc::string::String>> (inlined)
            |          |                     |          |                     |          |          |          run_test_in_process (inlined)
            |          |                     |          |                     |          |          |          {closure#0} (inlined)
            |          |                     |          |                     |          |          |          done (inlined)
            |          |                     |          |                     |          |          |          drop<core::option::Option<test::run_test::{closure_env#0}>> (inlined)
            |          |                     |          |                     |          |          |          drop_glue<std::sync::poison::mutex::MutexGuard<core::option::Option<test::run_test::{closure_env#0}>>> (inlined)
            |          |                     |          |                     |          |          |          {closure#1} (inlined)
            |          |                     |          |                     |          |          |          __rust_begin_short_backtrace<test::run_test::{closure_env#1}, ()> (inlined)
            |          |                     |          |                     |          |          |          {closure#1}<test::run_test::{closure_env#1}, ()> (inlined)
            |          |                     |          |                     |          |          |          call_once<std::thread::lifecycle::spawn_unchecked::{closure_env#1}<test::run_test::{closure_env#1}, ()>, ()> (inlined)
            |          |                     |          |                     |          |          |          size_of_val_raw<(dyn core::ops::function::FnOnce<(), Output=()> + core::marker::Send)> (inlined)
            |          |                     |          |                     |          |          |          for_value_raw<(dyn core::ops::function::FnOnce<(), Output=()> + core::marker::Send)> (inlined)
            |          |                     |          |                     |          |          |          drop<(dyn core::ops::function::FnOnce<(), Output=()> + core::marker::Send), alloc::alloc::Global> (inlined)
            |          |                     |          |                     |          |          |          call_once<(), (dyn core::ops::function::FnOnce<(), Output=()> + core::marker::Send), alloc::alloc::Global> (inlined)
            |          |                     |          |                     |          |          |          thread_start (inlined)
            |          |                     |          |                     |          |          |          start_thread
            |          |                     |          |                     |          |          |          __GI___clone3
            |          |                     |          |                     |          |          |          
            |          |                     |          |                     |          |           --0.72%--resolve_certified_operation<hypercurve::curve_region_boolean::CurveRegionBooleanResults2, hypercurve::error::ExactCurveError, hypercurve::curve_region_boolean::{impl#11}::boolean_regions::{closure_env#0}> (inlined)
            |          |                     |          |                     |          |                     boolean_regions (inlined)
            |          |                     |          |                     |          |                     expect<hypercurve::policy::CurveOutcome<hypercurve::curve_region_boolean::CurveRegionBooleanResults2>, hypercurve::error::ExactCurveError> (inlined)
            |          |                     |          |                     |          |                     selected_fiber_genuinely_analytic_contacts_complete_region_booleans (inlined)
            |          |                     |          |                     |          |                     assert_test_result<()> (inlined)
            |          |                     |          |                     |          |                     {closure#0} (inlined)
            |          |                     |          |                     |          |                     call_once<hypercurve::bezier_offset::conversion_tests::selected_fiber_genuinely_analytic_contacts_complete_region_booleans::{closure_env#0}, ()> (inlined)
            |          |                     |          |                     |          |                     __rust_begin_short_backtrace<core::result::Result<(), alloc::string::String>, fn() -> core::result::Result<(), alloc::string::String>> (inlined)
            |          |                     |          |                     |          |                     do_call<core::panic::unwind_safe::AssertUnwindSafe<test::run_test_in_process::{closure_env#0}>, core::result::Result<(), alloc::string::String>> (inlined)
            |          |                     |          |                     |          |                     catch_unwind<core::result::Result<(), alloc::string::String>, core::panic::unwind_safe::AssertUnwindSafe<test::run_test_in_process::{closure_env#0}>> (inlined)
            |          |                     |          |                     |          |                     catch_unwind<core::panic::unwind_safe::AssertUnwindSafe<test::run_test_in_process::{closure_env#0}>, core::result::Result<(), alloc::string::String>> (inlined)
            |          |                     |          |                     |          |                     run_test_in_process (inlined)
            |          |                     |          |                     |          |                     {closure#0} (inlined)
            |          |                     |          |                     |          |                     done (inlined)
            |          |                     |          |                     |          |                     drop<core::option::Option<test::run_test::{closure_env#0}>> (inlined)
            |          |                     |          |                     |          |                     drop_glue<std::sync::poison::mutex::MutexGuard<core::option::Option<test::run_test::{closure_env#0}>>> (inlined)
            |          |                     |          |                     |          |                     {closure#1} (inlined)
            |          |                     |          |                     |          |                     __rust_begin_short_backtrace<test::run_test::{closure_env#1}, ()> (inlined)
            |          |                     |          |                     |          |                     {closure#1}<test::run_test::{closure_env#1}, ()> (inlined)
            |          |                     |          |                     |          |                     call_once<std::thread::lifecycle::spawn_unchecked::{closure_env#1}<test::run_test::{closure_env#1}, ()>, ()> (inlined)
            |          |                     |          |                     |          |                     size_of_val_raw<(dyn core::ops::function::FnOnce<(), Output=()> + core::marker::Send)> (inlined)
            |          |                     |          |                     |          |                     for_value_raw<(dyn core::ops::function::FnOnce<(), Output=()> + core::marker::Send)> (inlined)
            |          |                     |          |                     |          |                     drop<(dyn core::ops::function::FnOnce<(), Output=()> + core::marker::Send), alloc::alloc::Global> (inlined)
            |          |                     |          |                     |          |                     call_once<(), (dyn core::ops::function::FnOnce<(), Output=()> + core::marker::Send), alloc::alloc::Global> (inlined)
            |          |                     |          |                     |          |                     thread_start (inlined)
            |          |                     |          |                     |          |                     start_thread
            |          |                     |          |                     |          |                     __GI___clone3
            |          |                     |          |                     |          |          
            |          |                     |          |                     |           --1.31%--build_intersection_evidence (inlined)
            |          |                     |          |                     |                     intersect_region_raw (inlined)
            |          |                     |          |                     |                     {closure#0} (inlined)
            |          |                     |          |                     |                     resolve_certified_operation<hypercurve::curve_region_boolean::CurveRegionIntersectionResult2, hypercurve::error::ExactCurveError, hypercurve::curve_region_boolean::{impl#11}::intersect_region::{closure_env#0}> (inlined)
            |          |                     |          |                     |                     intersect_region (inlined)
            |          |                     |          |                     |                     expect<hypercurve::policy::CurveOutcome<hypercurve::curve_region_boolean::CurveRegionIntersectionResult2>, hypercurve::error::ExactCurveError> (inlined)
            |          |                     |          |                     |                     selected_fiber_genuinely_analytic_contacts_complete_region_booleans (inlined)
            |          |                     |          |                     |                     assert_test_result<()> (inlined)
            |          |                     |          |                     |                     {closure#0} (inlined)
            |          |                     |          |                     |                     call_once<hypercurve::bezier_offset::conversion_tests::selected_fiber_genuinely_analytic_contacts_complete_region_booleans::{closure_env#0}, ()> (inlined)
            |          |                     |          |                     |                     __rust_begin_short_backtrace<core::result::Result<(), alloc::string::String>, fn() -> core::result::Result<(), alloc::string::String>> (inlined)
            |          |                     |          |                     |                     do_call<core::panic::unwind_safe::AssertUnwindSafe<test::run_test_in_process::{closure_env#0}>, core::result::Result<(), alloc::string::String>> (inlined)
            |          |                     |          |                     |                     catch_unwind<core::result::Result<(), alloc::string::String>, core::panic::unwind_safe::AssertUnwindSafe<test::run_test_in_process::{closure_env#0}>> (inlined)
            |          |                     |          |                     |                     catch_unwind<core::panic::unwind_safe::AssertUnwindSafe<test::run_test_in_process::{closure_env#0}>, core::result::Result<(), alloc::string::String>> (inlined)
            |          |                     |          |                     |                     run_test_in_process (inlined)
            |          |                     |          |                     |                     {closure#0} (inlined)
            |          |                     |          |                     |                     done (inlined)
            |          |                     |          |                     |                     drop<core::option::Option<test::run_test::{closure_env#0}>> (inlined)
            |          |                     |          |                     |                     drop_glue<std::sync::poison::mutex::MutexGuard<core::option::Option<test::run_test::{closure_env#0}>>> (inlined)
            |          |                     |          |                     |                     {closure#1} (inlined)
            |          |                     |          |                     |                     __rust_begin_short_backtrace<test::run_test::{closure_env#1}, ()> (inlined)
            |          |                     |          |                     |                     {closure#1}<test::run_test::{closure_env#1}, ()> (inlined)
            |          |                     |          |                     |                     call_once<std::thread::lifecycle::spawn_unchecked::{closure_env#1}<test::run_test::{closure_env#1}, ()>, ()> (inlined)
            |          |                     |          |                     |                     size_of_val_raw<(dyn core::ops::function::FnOnce<(), Output=()> + core::marker::Send)> (inlined)
            |          |                     |          |                     |                     for_value_raw<(dyn core::ops::function::FnOnce<(), Output=()> + core::marker::Send)> (inlined)
            |          |                     |          |                     |                     drop<(dyn core::ops::function::FnOnce<(), Output=()> + core::marker::Send), alloc::alloc::Global> (inlined)
            |          |                     |          |                     |                     call_once<(), (dyn core::ops::function::FnOnce<(), Output=()> + core::marker::Send), alloc::alloc::Global> (inlined)
            |          |                     |          |                     |                     thread_start (inlined)
            |          |                     |          |                     |                     start_thread
            |          |                     |          |                     |                     __GI___clone3
            |          |                     |          |                     |          
            |          |                     |          |                      --1.96%--cmp_bezier_parameter (inlined)
            |          |                     |          |                                branch<hypercurve::classify::Classification<core::cmp::Ordering>, hypercurve::error::CurveError> (inlined)
            |          |                     |          |                                select_promoted_bezier_parameter (inlined)
            |          |                     |          |                                promoted_bezier_parameter (inlined)
            |          |                     |          |                                branch<hypercurve::classify::Classification<hypercurve::bezier_parameter::BezierParameter2>, hypercurve::error::CurveError> (inlined)
            |          |                     |          |                                promoted_bezier_parameter_complete (inlined)
            |          |                     |          |                                |          
            |          |                     |          |                                |--1.07%--replace<bool> (inlined)
            |          |                     |          |                                |          replace<bool> (inlined)
            |          |                     |          |                                |          set<bool> (inlined)
            |          |                     |          |                                |          {closure#0} (inlined)
            |          |                     |          |                                |          try_with<core::cell::Cell<bool>, hypercurve::policy::{impl#3}::drop::{closure_env#0}, ()> (inlined)
            |          |                     |          |                                |          with<core::cell::Cell<bool>, hypercurve::policy::{impl#3}::drop::{closure_env#0}, ()> (inlined)
            |          |                     |          |                                |          drop (inlined)
            |          |                     |          |                                |          drop_glue<hypercurve::policy::StrictPredicatePass> (inlined)
            |          |                     |          |                                |          strict_predicate_pass<core::result::Result<hypercurve::classify::Classification<hypercurve::bezier_parameter::BezierParameter2>, hypercurve::error::CurveError>, hypercurve::bezier_offset::{impl#111}::recursive_projective_point::{closure_env#0}> (inlined)
            |          |                     |          |                                |          recursive_projective_point (inlined)
            |          |                     |          |                                |          branch<hypercurve::classify::Classification<core::option::Option<hypercurve::bezier_offset::BezierRecursiveQuadraticProjectivePoint2>>, hypercurve::error::CurveError> (inlined)
            |          |                     |          |                                |          recursive_projective_point_source (inlined)
            |          |                     |          |                                |          branch<hypercurve::classify::Classification<core::option::Option<hypercurve::bezier_offset::BezierRecursiveProjectivePointSource2>>, hypercurve::error::CurveError> (inlined)
            |          |                     |          |                                |          recursive_projective_evidence_points (inlined)
            |          |                     |          |                                |          branch<hypercurve::classify::Classification<core::option::Option<alloc::vec::Vec<hypercurve::bezier_offset::BezierRecursiveQuadraticProjectivePoint2, alloc::alloc::Global>>>, hypercurve::error::CurveError> (inlined)
            |          |                     |          |                                |          recursive_projective_point (inlined)
            |          |                     |          |                                |          branch<hypercurve::classify::Classification<core::option::Option<hypercurve::bezier_offset::BezierRecursiveQuadraticProjectivePoint2>>, hypercurve::error::CurveError> (inlined)
            |          |                     |          |                                |          recursive_projective_point_source (inlined)
            |          |                     |          |                                |          branch<hypercurve::classify::Classification<core::option::Option<hypercurve::bezier_offset::BezierRecursiveProjectivePointSource2>>, hypercurve::error::CurveError> (inlined)
            |          |                     |          |                                |          recursive_projective_evidence_points (inlined)
            |          |                     |          |                                |          branch<hypercurve::classify::Classification<core::option::Option<alloc::vec::Vec<hypercurve::bezier_offset::BezierRecursiveQuadraticProjectivePoint2, alloc::alloc::Global>>>, hypercurve::error::CurveError> (inlined)
            |          |                     |          |                                |          recursive_projective_point_evidence_equality (inlined)
            |          |                     |          |                                |          same_point (inlined)
            |          |                     |          |                                |          build_split_topology (inlined)
            |          |                     |          |                                |          branch<hypercurve::curve_region_boolean::CurveRegionSplitTopology, hypercurve::error::ExactCurveError> (inlined)
            |          |                     |          |                                |          build_boolean_topology (inlined)
            |          |                     |          |                                |          branch<hypercurve::curve_region_boolean::CurveRegionBooleanTopology, hypercurve::error::ExactCurveError> (inlined)
            |          |                     |          |                                |          build_boolean_regions (inlined)
            |          |                     |          |                                |          boolean_regions_raw (inlined)
            |          |                     |          |                                |          {closure#0} (inlined)
            |          |                     |          |                                |          map<hypercurve::curve_region_boolean::CurveRegionBooleanResults2, hypercurve::error::ExactCurveError, hypercurve::policy::CurveOutcome<hypercurve::curve_region_boolean::CurveRegionBooleanResults2>, hypercurve::policy::resolve_certified_operation::{closure_env#2}<hypercurve::curve_region_boolean::CurveRegionBooleanResults2, hypercurve::error::ExactCurveError, hypercurve::curve_region_boolean::{impl#11}::boolean_regions::{closure_env#0}>> (inlined)
            |          |                     |          |                                |          resolve_certified_operation<hypercurve::curve_region_boolean::CurveRegionBooleanResults2, hypercurve::error::ExactCurveError, hypercurve::curve_region_boolean::{impl#11}::boolean_regions::{closure_env#0}> (inlined)
            |          |                     |          |                                |          boolean_regions (inlined)
            |          |                     |          |                                |          expect<hypercurve::policy::CurveOutcome<hypercurve::curve_region_boolean::CurveRegionBooleanResults2>, hypercurve::error::ExactCurveError> (inlined)
            |          |                     |          |                                |          selected_fiber_genuinely_analytic_contacts_complete_region_booleans (inlined)
            |          |                     |          |                                |          assert_test_result<()> (inlined)
            |          |                     |          |                                |          {closure#0} (inlined)
            |          |                     |          |                                |          call_once<hypercurve::bezier_offset::conversion_tests::selected_fiber_genuinely_analytic_contacts_complete_region_booleans::{closure_env#0}, ()> (inlined)
            |          |                     |          |                                |          __rust_begin_short_backtrace<core::result::Result<(), alloc::string::String>, fn() -> core::result::Result<(), alloc::string::String>> (inlined)
            |          |                     |          |                                |          do_call<core::panic::unwind_safe::AssertUnwindSafe<test::run_test_in_process::{closure_env#0}>, core::result::Result<(), alloc::string::String>> (inlined)
            |          |                     |          |                                |          catch_unwind<core::result::Result<(), alloc::string::String>, core::panic::unwind_safe::AssertUnwindSafe<test::run_test_in_process::{closure_env#0}>> (inlined)
            |          |                     |          |                                |          catch_unwind<core::panic::unwind_safe::AssertUnwindSafe<test::run_test_in_process::{closure_env#0}>, core::result::Result<(), alloc::string::String>> (inlined)
            |          |                     |          |                                |          run_test_in_process (inlined)
            |          |                     |          |                                |          {closure#0} (inlined)
            |          |                     |          |                                |          done (inlined)
            |          |                     |          |                                |          drop<core::option::Option<test::run_test::{closure_env#0}>> (inlined)
            |          |                     |          |                                |          drop_glue<std::sync::poison::mutex::MutexGuard<core::option::Option<test::run_test::{closure_env#0}>>> (inlined)
            |          |                     |          |                                |          {closure#1} (inlined)
            |          |                     |          |                                |          __rust_begin_short_backtrace<test::run_test::{closure_env#1}, ()> (inlined)
            |          |                     |          |                                |          {closure#1}<test::run_test::{closure_env#1}, ()> (inlined)
            |          |                     |          |                                |          call_once<std::thread::lifecycle::spawn_unchecked::{closure_env#1}<test::run_test::{closure_env#1}, ()>, ()> (inlined)
            |          |                     |          |                                |          size_of_val_raw<(dyn core::ops::function::FnOnce<(), Output=()> + core::marker::Send)> (inlined)
            |          |                     |          |                                |          for_value_raw<(dyn core::ops::function::FnOnce<(), Output=()> + core::marker::Send)> (inlined)
            |          |                     |          |                                |          drop<(dyn core::ops::function::FnOnce<(), Output=()> + core::marker::Send), alloc::alloc::Global> (inlined)
            |          |                     |          |                                |          call_once<(), (dyn core::ops::function::FnOnce<(), Output=()> + core::marker::Send), alloc::alloc::Global> (inlined)
            |          |                     |          |                                |          thread_start (inlined)
            |          |                     |          |                                |          start_thread
            |          |                     |          |                                |          __GI___clone3
            |          |                     |          |                                |          
            |          |                     |          |                                 --0.89%--branch<hypercurve::classify::Classification<hypercurve::bezier_parameter::BezierParameter2>, hypercurve::error::CurveError> (inlined)
            |          |                     |          |                                           recursive_projective_point (inlined)
            |          |                     |          |                                           branch<hypercurve::classify::Classification<core::option::Option<hypercurve::bezier_offset::BezierRecursiveQuadraticProjectivePoint2>>, hypercurve::error::CurveError> (inlined)
            |          |                     |          |                                           recursive_projective_point_source (inlined)
            |          |                     |          |                                           branch<hypercurve::classify::Classification<core::option::Option<hypercurve::bezier_offset::BezierRecursiveProjectivePointSource2>>, hypercurve::error::CurveError> (inlined)
            |          |                     |          |                                           recursive_projective_evidence_points (inlined)
            |          |                     |          |                                           branch<hypercurve::classify::Classification<core::option::Option<alloc::vec::Vec<hypercurve::bezier_offset::BezierRecursiveQuadraticProjectivePoint2, alloc::alloc::Global>>>, hypercurve::error::CurveError> (inlined)
            |          |                     |          |                                           recursive_projective_point (inlined)
            |          |                     |          |                                           branch<hypercurve::classify::Classification<core::option::Option<hypercurve::bezier_offset::BezierRecursiveQuadraticProjectivePoint2>>, hypercurve::error::CurveError> (inlined)
            |          |                     |          |                                           recursive_projective_point_source (inlined)
            |          |                     |          |                                           branch<hypercurve::classify::Classification<core::option::Option<hypercurve::bezier_offset::BezierRecursiveProjectivePointSource2>>, hypercurve::error::CurveError> (inlined)
            |          |                     |          |                                           recursive_projective_evidence_points (inlined)
            |          |                     |          |                                           branch<hypercurve::classify::Classification<core::option::Option<alloc::vec::Vec<hypercurve::bezier_offset::BezierRecursiveQuadraticProjectivePoint2, alloc::alloc::Global>>>, hypercurve::error::CurveError> (inlined)
            |          |                     |          |                                           recursive_projective_point_evidence_equality (inlined)
            |          |                     |          |                                           same_point (inlined)
            |          |                     |          |                                           build_split_topology (inlined)
            |          |                     |          |                                           branch<hypercurve::curve_region_boolean::CurveRegionSplitTopology, hypercurve::error::ExactCurveError> (inlined)
            |          |                     |          |                                           build_boolean_topology (inlined)
            |          |                     |          |                                           branch<hypercurve::curve_region_boolean::CurveRegionBooleanTopology, hypercurve::error::ExactCurveError> (inlined)
            |          |                     |          |                                           build_boolean_regions (inlined)
            |          |                     |          |                                           boolean_regions_raw (inlined)
            |          |                     |          |                                           {closure#0} (inlined)
            |          |                     |          |                                           resolve_certified_operation<hypercurve::curve_region_boolean::CurveRegionBooleanResults2, hypercurve::error::ExactCurveError, hypercurve::curve_region_boolean::{impl#11}::boolean_regions::{closure_env#0}> (inlined)
            |          |                     |          |                                           boolean_regions (inlined)
            |          |                     |          |                                           expect<hypercurve::policy::CurveOutcome<hypercurve::curve_region_boolean::CurveRegionBooleanResults2>, hypercurve::error::ExactCurveError> (inlined)
            |          |                     |          |                                           selected_fiber_genuinely_analytic_contacts_complete_region_booleans (inlined)
            |          |                     |          |                                           assert_test_result<()> (inlined)
            |          |                     |          |                                           {closure#0} (inlined)
            |          |                     |          |                                           call_once<hypercurve::bezier_offset::conversion_tests::selected_fiber_genuinely_analytic_contacts_complete_region_booleans::{closure_env#0}, ()> (inlined)
            |          |                     |          |                                           __rust_begin_short_backtrace<core::result::Result<(), alloc::string::String>, fn() -> core::result::Result<(), alloc::string::String>> (inlined)
            |          |                     |          |                                           do_call<core::panic::unwind_safe::AssertUnwindSafe<test::run_test_in_process::{closure_env#0}>, core::result::Result<(), alloc::string::String>> (inlined)
            |          |                     |          |                                           catch_unwind<core::result::Result<(), alloc::string::String>, core::panic::unwind_safe::AssertUnwindSafe<test::run_test_in_process::{closure_env#0}>> (inlined)
            |          |                     |          |                                           catch_unwind<core::panic::unwind_safe::AssertUnwindSafe<test::run_test_in_process::{closure_env#0}>, core::result::Result<(), alloc::string::String>> (inlined)
            |          |                     |          |                                           run_test_in_process (inlined)
            |          |                     |          |                                           {closure#0} (inlined)
            |          |                     |          |                                           done (inlined)
            |          |                     |          |                                           drop<core::option::Option<test::run_test::{closure_env#0}>> (inlined)
            |          |                     |          |                                           drop_glue<std::sync::poison::mutex::MutexGuard<core::option::Option<test::run_test::{closure_env#0}>>> (inlined)
            |          |                     |          |                                           {closure#1} (inlined)
            |          |                     |          |                                           __rust_begin_short_backtrace<test::run_test::{closure_env#1}, ()> (inlined)
            |          |                     |          |                                           {closure#1}<test::run_test::{closure_env#1}, ()> (inlined)
            |          |                     |          |                                           call_once<std::thread::lifecycle::spawn_unchecked::{closure_env#1}<test::run_test::{closure_env#1}, ()>, ()> (inlined)
            |          |                     |          |                                           size_of_val_raw<(dyn core::ops::function::FnOnce<(), Output=()> + core::marker::Send)> (inlined)
            |          |                     |          |                                           for_value_raw<(dyn core::ops::function::FnOnce<(), Output=()> + core::marker::Send)> (inlined)
            |          |                     |          |                                           drop<(dyn core::ops::function::FnOnce<(), Output=()> + core::marker::Send), alloc::alloc::Global> (inlined)
            |          |                     |          |                                           call_once<(), (dyn core::ops::function::FnOnce<(), Output=()> + core::marker::Send), alloc::alloc::Global> (inlined)
            |          |                     |          |                                           thread_start (inlined)
            |          |                     |          |                                           start_thread
            |          |                     |          |                                           __GI___clone3
            |          |                     |          |          
            |          |                     |           --2.16%--selected_parallel_normal_rational_selected_fiber_intersections (inlined)
            |          |                     |                     branch<hypercurve::classify::Classification<hypercurve::bezier_offset::BezierAlgebraicCuspSemicircleRationalIntersections2>, hypercurve::error::CurveError> (inlined)
            |          |                     |                     selected_parallel_normal_rational_intersections_internal (inlined)
            |          |                     |                     rational_intersections_internal (inlined)
            |          |                     |                     map_err<hypercurve::classify::Classification<(hypercurve::bezier_offset::BezierAlgebraicCuspSemicircleRationalIntersections2, core::option::Option<hypercurve::bezier_offset::BezierAlgebraicCuspSemicircleRationalParameterMap2>)>, hypercurve::error::CurveError, hypercurve::error::ExactCurveError, hypercurve::curve_region_boolean::{impl#12}::algebraic_cusp_rational_pair_result::{closure_env#0}> (inlined)
            |          |                     |                     algebraic_cusp_rational_pair_result (inlined)
            |          |                     |                     atomic_sub<usize, usize> (inlined)
            |          |                     |                     fetch_sub (inlined)
            |          |                     |                     drop<hypercurve::rational_bezier_general::RationalBezierData, alloc::alloc::Global> (inlined)
            |          |                     |                     drop_glue<alloc::sync::Arc<hypercurve::rational_bezier_general::RationalBezierData, alloc::alloc::Global>> (inlined)
            |          |                     |                     drop_glue<hypercurve::rational_bezier_general::RationalBezier2> (inlined)
            |          |                     |                     pair_result (inlined)
            |          |                     |                     branch<hypercurve::curve_region_boolean::RegionPairResult, hypercurve::error::ExactCurveError> (inlined)
            |          |                     |                     |          
            |          |                     |                     |--1.10%--build_intersection_evidence (inlined)
            |          |                     |                     |          intersect_region_raw (inlined)
            |          |                     |                     |          {closure#0} (inlined)
            |          |                     |                     |          resolve_certified_operation<hypercurve::curve_region_boolean::CurveRegionIntersectionResult2, hypercurve::error::ExactCurveError, hypercurve::curve_region_boolean::{impl#11}::intersect_region::{closure_env#0}> (inlined)
            |          |                     |                     |          intersect_region (inlined)
            |          |                     |                     |          expect<hypercurve::policy::CurveOutcome<hypercurve::curve_region_boolean::CurveRegionIntersectionResult2>, hypercurve::error::ExactCurveError> (inlined)
            |          |                     |                     |          selected_fiber_genuinely_analytic_contacts_complete_region_booleans (inlined)
            |          |                     |                     |          assert_test_result<()> (inlined)
            |          |                     |                     |          {closure#0} (inlined)
            |          |                     |                     |          call_once<hypercurve::bezier_offset::conversion_tests::selected_fiber_genuinely_analytic_contacts_complete_region_booleans::{closure_env#0}, ()> (inlined)
            |          |                     |                     |          __rust_begin_short_backtrace<core::result::Result<(), alloc::string::String>, fn() -> core::result::Result<(), alloc::string::String>> (inlined)
            |          |                     |                     |          do_call<core::panic::unwind_safe::AssertUnwindSafe<test::run_test_in_process::{closure_env#0}>, core::result::Result<(), alloc::string::String>> (inlined)
            |          |                     |                     |          catch_unwind<core::result::Result<(), alloc::string::String>, core::panic::unwind_safe::AssertUnwindSafe<test::run_test_in_process::{closure_env#0}>> (inlined)
            |          |                     |                     |          catch_unwind<core::panic::unwind_safe::AssertUnwindSafe<test::run_test_in_process::{closure_env#0}>, core::result::Result<(), alloc::string::String>> (inlined)
            |          |                     |                     |          run_test_in_process (inlined)
            |          |                     |                     |          {closure#0} (inlined)
            |          |                     |                     |          done (inlined)
            |          |                     |                     |          drop<core::option::Option<test::run_test::{closure_env#0}>> (inlined)
            |          |                     |                     |          drop_glue<std::sync::poison::mutex::MutexGuard<core::option::Option<test::run_test::{closure_env#0}>>> (inlined)
            |          |                     |                     |          {closure#1} (inlined)
            |          |                     |                     |          __rust_begin_short_backtrace<test::run_test::{closure_env#1}, ()> (inlined)
            |          |                     |                     |          {closure#1}<test::run_test::{closure_env#1}, ()> (inlined)
            |          |                     |                     |          call_once<std::thread::lifecycle::spawn_unchecked::{closure_env#1}<test::run_test::{closure_env#1}, ()>, ()> (inlined)
            |          |                     |                     |          size_of_val_raw<(dyn core::ops::function::FnOnce<(), Output=()> + core::marker::Send)> (inlined)
            |          |                     |                     |          for_value_raw<(dyn core::ops::function::FnOnce<(), Output=()> + core::marker::Send)> (inlined)
            |          |                     |                     |          drop<(dyn core::ops::function::FnOnce<(), Output=()> + core::marker::Send), alloc::alloc::Global> (inlined)
            |          |                     |                     |          call_once<(), (dyn core::ops::function::FnOnce<(), Output=()> + core::marker::Send), alloc::alloc::Global> (inlined)
            |          |                     |                     |          thread_start (inlined)
            |          |                     |                     |          start_thread
            |          |                     |                     |          __GI___clone3
            |          |                     |                     |          
            |          |                     |                      --1.05%--build_split_topology (inlined)
            |          |                     |                                branch<hypercurve::curve_region_boolean::CurveRegionSplitTopology, hypercurve::error::ExactCurveError> (inlined)
            |          |                     |                                build_boolean_topology (inlined)
            |          |                     |                                branch<hypercurve::curve_region_boolean::CurveRegionBooleanTopology, hypercurve::error::ExactCurveError> (inlined)
            |          |                     |                                build_boolean_regions (inlined)
            |          |                     |                                boolean_regions_raw (inlined)
            |          |                     |                                {closure#0} (inlined)
            |          |                     |                                |          
            |          |                     |                                 --0.67%--map<hypercurve::curve_region_boolean::CurveRegionBooleanResults2, hypercurve::error::ExactCurveError, hypercurve::policy::CurveOutcome<hypercurve::curve_region_boolean::CurveRegionBooleanResults2>, hypercurve::policy::resolve_certified_operation::{closure_env#2}<hypercurve::curve_region_boolean::CurveRegionBooleanResults2, hypercurve::error::ExactCurveError, hypercurve::curve_region_boolean::{impl#11}::boolean_regions::{closure_env#0}>> (inlined)
            |          |                     |                                           resolve_certified_operation<hypercurve::curve_region_boolean::CurveRegionBooleanResults2, hypercurve::error::ExactCurveError, hypercurve::curve_region_boolean::{impl#11}::boolean_regions::{closure_env#0}> (inlined)
            |          |                     |                                           boolean_regions (inlined)
            |          |                     |                                           expect<hypercurve::policy::CurveOutcome<hypercurve::curve_region_boolean::CurveRegionBooleanResults2>, hypercurve::error::ExactCurveError> (inlined)
            |          |                     |                                           selected_fiber_genuinely_analytic_contacts_complete_region_booleans (inlined)
            |          |                     |                                           assert_test_result<()> (inlined)
            |          |                     |                                           {closure#0} (inlined)
            |          |                     |                                           call_once<hypercurve::bezier_offset::conversion_tests::selected_fiber_genuinely_analytic_contacts_complete_region_booleans::{closure_env#0}, ()> (inlined)
            |          |                     |                                           __rust_begin_short_backtrace<core::result::Result<(), alloc::string::String>, fn() -> core::result::Result<(), alloc::string::String>> (inlined)
            |          |                     |                                           do_call<core::panic::unwind_safe::AssertUnwindSafe<test::run_test_in_process::{closure_env#0}>, core::result::Result<(), alloc::string::String>> (inlined)
            |          |                     |                                           catch_unwind<core::result::Result<(), alloc::string::String>, core::panic::unwind_safe::AssertUnwindSafe<test::run_test_in_process::{closure_env#0}>> (inlined)
            |          |                     |                                           catch_unwind<core::panic::unwind_safe::AssertUnwindSafe<test::run_test_in_process::{closure_env#0}>, core::result::Result<(), alloc::string::String>> (inlined)
            |          |                     |                                           run_test_in_process (inlined)
            |          |                     |                                           {closure#0} (inlined)
            |          |                     |                                           done (inlined)
            |          |                     |                                           drop<core::option::Option<test::run_test::{closure_env#0}>> (inlined)
            |          |                     |                                           drop_glue<std::sync::poison::mutex::MutexGuard<core::option::Option<test::run_test::{closure_env#0}>>> (inlined)
            |          |                     |                                           {closure#1} (inlined)
            |          |                     |                                           __rust_begin_short_backtrace<test::run_test::{closure_env#1}, ()> (inlined)
            |          |                     |                                           {closure#1}<test::run_test::{closure_env#1}, ()> (inlined)
            |          |                     |                                           call_once<std::thread::lifecycle::spawn_unchecked::{closure_env#1}<test::run_test::{closure_env#1}, ()>, ()> (inlined)
            |          |                     |                                           size_of_val_raw<(dyn core::ops::function::FnOnce<(), Output=()> + core::marker::Send)> (inlined)
            |          |                     |                                           for_value_raw<(dyn core::ops::function::FnOnce<(), Output=()> + core::marker::Send)> (inlined)
            |          |                     |                                           drop<(dyn core::ops::function::FnOnce<(), Output=()> + core::marker::Send), alloc::alloc::Global> (inlined)
            |          |                     |                                           call_once<(), (dyn core::ops::function::FnOnce<(), Output=()> + core::marker::Send), alloc::alloc::Global> (inlined)
            |          |                     |                                           thread_start (inlined)
            |          |                     |                                           start_thread
            |          |                     |                                           __GI___clone3
            |          |                     |          
            |          |                      --0.63%--transpose<core::option::Option<core::cmp::Ordering>, hypersolve::algebraic_fiber::LocalFieldError> (inlined)
            |          |                                isolate_ordered_field_polynomial_roots<hypersolve::algebraic_fiber::LocalFieldElement, hypersolve::algebraic_fiber::isolate_local_polynomial_roots_bernstein::Context> (inlined)
            |          |                                branch<hypersolve::ordered_field_roots::OrderedFieldRootIsolationReport, hypersolve::algebraic_fiber::LocalFieldError> (inlined)
            |          |                                isolate_local_polynomial_roots_bernstein (inlined)
            |          |                                isolate_bivariate_fiber_roots_at_algebraic_parameter (inlined)
            |          |                                isolate_bivariate_fiber_roots_at_algebraic_parameter_complete (inlined)
            |          |          
            |          |--1.68%--equal_same_length<hyperreal::real::arithmetic::Real, hyperreal::real::arithmetic::Real> (inlined)
            |          |          eq<hyperreal::real::arithmetic::Real, hyperreal::real::arithmetic::Real> (inlined)
            |          |          eq<hyperreal::real::arithmetic::Real, hyperreal::real::arithmetic::Real, alloc::alloc::Global> (inlined)
            |          |          eq<alloc::vec::Vec<hyperreal::real::arithmetic::Real, alloc::alloc::Global>, [hyperreal::real::arithmetic::Real]> (inlined)
            |          |          {closure#1} (inlined)
            |          |          |          
            |          |           --1.64%--find<(alloc::vec::Vec<hyperreal::real::arithmetic::Real, alloc::alloc::Global>, core::cmp::Ordering), hypersolve::algebraic_fiber::{impl#3}::sign_polynomial_if_separated::{closure_env#1}> (inlined)
            |          |                     sign_polynomial_if_separated (inlined)
            |          |                     sign_if_separated (inlined)
            |          |                     sign_if_separated (inlined)
            |          |                     |          
            |          |                      --1.54%--bernstein_sign_variations<hypersolve::algebraic_fiber::LocalFieldElement, hypersolve::algebraic_fiber::isolate_local_polynomial_roots_bernstein::Context> (inlined)
            |          |                                branch<core::option::Option<usize>, hypersolve::algebraic_fiber::LocalFieldError> (inlined)
            |          |                                isolate_ordered_field_polynomial_roots<hypersolve::algebraic_fiber::LocalFieldElement, hypersolve::algebraic_fiber::isolate_local_polynomial_roots_bernstein::Context> (inlined)
            |          |                                branch<hypersolve::ordered_field_roots::OrderedFieldRootIsolationReport, hypersolve::algebraic_fiber::LocalFieldError> (inlined)
            |          |                                isolate_local_polynomial_roots_bernstein (inlined)
            |          |                                isolate_bivariate_fiber_roots_at_algebraic_parameter (inlined)
            |          |                                isolate_bivariate_fiber_roots_at_algebraic_parameter_complete (inlined)
            |          |                                |          
            |          |                                 --1.18%--algebraic_selected_fiber_root_interval_refined (inlined)
            |          |                                           branch<hypercurve::classify::Classification<hypersolve::root_isolation::IsolatedRootInterval>, hypercurve::error::CurveError> (inlined)
            |          |                                           |          
            |          |                                            --1.06%--algebraic_selected_fiber_root_predicate_sign (inlined)
            |          |                                                      branch<hypercurve::classify::Classification<hyperreal::structural::RealSign>, hypercurve::error::CurveError> (inlined)
            |          |                                                      |          
            |          |                                                       --0.72%--algebraic_selected_fiber_root_radical_sum_sign (inlined)
            |          |                                                                 branch<hypercurve::classify::Classification<hyperreal::structural::RealSign>, hypercurve::error::CurveError> (inlined)
            |          |                                                                 selected_parallel_normal_rational_selected_fiber_intersections (inlined)
            |          |                                                                 branch<hypercurve::classify::Classification<hypercurve::bezier_offset::BezierAlgebraicCuspSemicircleRationalIntersections2>, hypercurve::error::CurveError> (inlined)
            |          |                                                                 selected_parallel_normal_rational_intersections_internal (inlined)
            |          |                                                                 rational_intersections_internal (inlined)
            |          |                                                                 map_err<hypercurve::classify::Classification<(hypercurve::bezier_offset::BezierAlgebraicCuspSemicircleRationalIntersections2, core::option::Option<hypercurve::bezier_offset::BezierAlgebraicCuspSemicircleRationalParameterMap2>)>, hypercurve::error::CurveError, hypercurve::error::ExactCurveError, hypercurve::curve_region_boolean::{impl#12}::algebraic_cusp_rational_pair_result::{closure_env#0}> (inlined)
            |          |                                                                 algebraic_cusp_rational_pair_result (inlined)
            |          |                                                                 atomic_sub<usize, usize> (inlined)
            |          |                                                                 fetch_sub (inlined)
            |          |                                                                 drop<hypercurve::rational_bezier_general::RationalBezierData, alloc::alloc::Global> (inlined)
            |          |                                                                 drop_glue<alloc::sync::Arc<hypercurve::rational_bezier_general::RationalBezierData, alloc::alloc::Global>> (inlined)
            |          |                                                                 drop_glue<hypercurve::rational_bezier_general::RationalBezier2> (inlined)
            |          |                                                                 pair_result (inlined)
            |          |                                                                 branch<hypercurve::curve_region_boolean::RegionPairResult, hypercurve::error::ExactCurveError> (inlined)
            |          |          
            |           --1.48%--eq (inlined)
            |                     equal_same_length<hyperreal::real::arithmetic::Real, hyperreal::real::arithmetic::Real> (inlined)
            |                     eq<hyperreal::real::arithmetic::Real, hyperreal::real::arithmetic::Real> (inlined)
            |                     eq<hyperreal::real::arithmetic::Real, hyperreal::real::arithmetic::Real, alloc::alloc::Global> (inlined)
            |                     eq<alloc::vec::Vec<hyperreal::real::arithmetic::Real, alloc::alloc::Global>, [hyperreal::real::arithmetic::Real]> (inlined)
            |                     {closure#1} (inlined)
            |                     |          
            |                      --1.45%--find<(alloc::vec::Vec<hyperreal::real::arithmetic::Real, alloc::alloc::Global>, core::cmp::Ordering), hypersolve::algebraic_fiber::{impl#3}::sign_polynomial_if_separated::{closure_env#1}> (inlined)
            |                                sign_polynomial_if_separated (inlined)
            |                                sign_if_separated (inlined)
            |                                sign_if_separated (inlined)
            |                                |          
            |                                 --1.33%--bernstein_sign_variations<hypersolve::algebraic_fiber::LocalFieldElement, hypersolve::algebraic_fiber::isolate_local_polynomial_roots_bernstein::Context> (inlined)
            |                                           branch<core::option::Option<usize>, hypersolve::algebraic_fiber::LocalFieldError> (inlined)
            |                                           isolate_ordered_field_polynomial_roots<hypersolve::algebraic_fiber::LocalFieldElement, hypersolve::algebraic_fiber::isolate_local_polynomial_roots_bernstein::Context> (inlined)
            |                                           branch<hypersolve::ordered_field_roots::OrderedFieldRootIsolationReport, hypersolve::algebraic_fiber::LocalFieldError> (inlined)
            |                                           isolate_local_polynomial_roots_bernstein (inlined)
            |                                           isolate_bivariate_fiber_roots_at_algebraic_parameter (inlined)
            |                                           isolate_bivariate_fiber_roots_at_algebraic_parameter_complete (inlined)
            |                                           |          
            |                                            --0.93%--algebraic_selected_fiber_root_interval_refined (inlined)
            |                                                      branch<hypercurve::classify::Classification<hypersolve::root_isolation::IsolatedRootInterval>, hypercurve::error::CurveError> (inlined)
            |                                                      |          
            |                                                       --0.84%--algebraic_selected_fiber_root_predicate_sign (inlined)
            |                                                                 branch<hypercurve::classify::Classification<hyperreal::structural::RealSign>, hypercurve::error::CurveError> (inlined)
            |                                                                 |          
            |                                                                  --0.56%--algebraic_selected_fiber_root_radical_sum_sign (inlined)
            |                                                                            branch<hypercurve::classify::Classification<hyperreal::structural::RealSign>, hypercurve::error::CurveError> (inlined)
            |                                                                            selected_parallel_normal_rational_selected_fiber_intersections (inlined)
            |                                                                            branch<hypercurve::classify::Classification<hypercurve::bezier_offset::BezierAlgebraicCuspSemicircleRationalIntersections2>, hypercurve::error::CurveError> (inlined)
            |                                                                            selected_parallel_normal_rational_intersections_internal (inlined)
            |                                                                            rational_intersections_internal (inlined)
            |                                                                            map_err<hypercurve::classify::Classification<(hypercurve::bezier_offset::BezierAlgebraicCuspSemicircleRationalIntersections2, core::option::Option<hypercurve::bezier_offset::BezierAlgebraicCuspSemicircleRationalParameterMap2>)>, hypercurve::error::CurveError, hypercurve::error::ExactCurveError, hypercurve::curve_region_boolean::{impl#12}::algebraic_cusp_rational_pair_result::{closure_env#0}> (inlined)
            |                                                                            algebraic_cusp_rational_pair_result (inlined)
            |                                                                            atomic_sub<usize, usize> (inlined)
            |                                                                            fetch_sub (inlined)
            |                                                                            drop<hypercurve::rational_bezier_general::RationalBezierData, alloc::alloc::Global> (inlined)
            |                                                                            drop_glue<alloc::sync::Arc<hypercurve::rational_bezier_general::RationalBezierData, alloc::alloc::Global>> (inlined)
            |                                                                            drop_glue<hypercurve::rational_bezier_general::RationalBezier2> (inlined)
            |                                                                            pair_result (inlined)
            |                                                                            branch<hypercurve::curve_region_boolean::RegionPairResult, hypercurve::error::ExactCurveError> (inlined)
            |          
            |--8.64%--leading_zeros (inlined)
            |          bits (inlined)
            |          msd_exact (inlined)
            |          eq (inlined)
            |          eq (inlined)
            |          equal_same_length<hyperreal::real::arithmetic::Real, hyperreal::real::arithmetic::Real> (inlined)
            |          eq<hyperreal::real::arithmetic::Real, hyperreal::real::arithmetic::Real> (inlined)
            |          eq<hyperreal::real::arithmetic::Real, hyperreal::real::arithmetic::Real, alloc::alloc::Global> (inlined)
            |          eq<alloc::vec::Vec<hyperreal::real::arithmetic::Real, alloc::alloc::Global>, [hyperreal::real::arithmetic::Real]> (inlined)
            |          {closure#1} (inlined)
            |          |          
            |           --8.45%--find<(alloc::vec::Vec<hyperreal::real::arithmetic::Real, alloc::alloc::Global>, core::cmp::Ordering), hypersolve::algebraic_fiber::{impl#3}::sign_polynomial_if_separated::{closure_env#1}> (inlined)
            |                     sign_polynomial_if_separated (inlined)
            |                     sign_if_separated (inlined)
            |                     sign_if_separated (inlined)
            |                     |          
            |                     |--7.85%--bernstein_sign_variations<hypersolve::algebraic_fiber::LocalFieldElement, hypersolve::algebraic_fiber::isolate_local_polynomial_roots_bernstein::Context> (inlined)
            |                     |          branch<core::option::Option<usize>, hypersolve::algebraic_fiber::LocalFieldError> (inlined)
            |                     |          isolate_ordered_field_polynomial_roots<hypersolve::algebraic_fiber::LocalFieldElement, hypersolve::algebraic_fiber::isolate_local_polynomial_roots_bernstein::Context> (inlined)
            |                     |          branch<hypersolve::ordered_field_roots::OrderedFieldRootIsolationReport, hypersolve::algebraic_fiber::LocalFieldError> (inlined)
            |                     |          isolate_local_polynomial_roots_bernstein (inlined)
            |                     |          isolate_bivariate_fiber_roots_at_algebraic_parameter (inlined)
            |                     |          isolate_bivariate_fiber_roots_at_algebraic_parameter_complete (inlined)
            |                     |          |          
            |                     |          |--5.65%--algebraic_selected_fiber_root_interval_refined (inlined)
            |                     |          |          branch<hypercurve::classify::Classification<hypersolve::root_isolation::IsolatedRootInterval>, hypercurve::error::CurveError> (inlined)
            |                     |          |          |          
            |                     |          |           --5.20%--algebraic_selected_fiber_root_predicate_sign (inlined)
            |                     |          |                     branch<hypercurve::classify::Classification<hyperreal::structural::RealSign>, hypercurve::error::CurveError> (inlined)
            |                     |          |                     |          
            |                     |          |                     |--3.33%--algebraic_selected_fiber_root_radical_sum_sign (inlined)
            |                     |          |                     |          branch<hypercurve::classify::Classification<hyperreal::structural::RealSign>, hypercurve::error::CurveError> (inlined)
            |                     |          |                     |          selected_parallel_normal_rational_selected_fiber_intersections (inlined)
            |                     |          |                     |          branch<hypercurve::classify::Classification<hypercurve::bezier_offset::BezierAlgebraicCuspSemicircleRationalIntersections2>, hypercurve::error::CurveError> (inlined)
            |                     |          |                     |          selected_parallel_normal_rational_intersections_internal (inlined)
            |                     |          |                     |          rational_intersections_internal (inlined)
            |                     |          |                     |          map_err<hypercurve::classify::Classification<(hypercurve::bezier_offset::BezierAlgebraicCuspSemicircleRationalIntersections2, core::option::Option<hypercurve::bezier_offset::BezierAlgebraicCuspSemicircleRationalParameterMap2>)>, hypercurve::error::CurveError, hypercurve::error::ExactCurveError, hypercurve::curve_region_boolean::{impl#12}::algebraic_cusp_rational_pair_result::{closure_env#0}> (inlined)
            |                     |          |                     |          algebraic_cusp_rational_pair_result (inlined)
            |                     |          |                     |          atomic_sub<usize, usize> (inlined)
            |                     |          |                     |          fetch_sub (inlined)
            |                     |          |                     |          drop<hypercurve::rational_bezier_general::RationalBezierData, alloc::alloc::Global> (inlined)
            |                     |          |                     |          drop_glue<alloc::sync::Arc<hypercurve::rational_bezier_general::RationalBezierData, alloc::alloc::Global>> (inlined)
            |                     |          |                     |          drop_glue<hypercurve::rational_bezier_general::RationalBezier2> (inlined)
            |                     |          |                     |          pair_result (inlined)
            |                     |          |                     |          branch<hypercurve::curve_region_boolean::RegionPairResult, hypercurve::error::ExactCurveError> (inlined)
            |                     |          |                     |          |          
            |                     |          |                     |          |--1.69%--build_intersection_evidence (inlined)
            |                     |          |                     |          |          intersect_region_raw (inlined)
            |                     |          |                     |          |          {closure#0} (inlined)
            |                     |          |                     |          |          resolve_certified_operation<hypercurve::curve_region_boolean::CurveRegionIntersectionResult2, hypercurve::error::ExactCurveError, hypercurve::curve_region_boolean::{impl#11}::intersect_region::{closure_env#0}> (inlined)
            |                     |          |                     |          |          intersect_region (inlined)
            |                     |          |                     |          |          expect<hypercurve::policy::CurveOutcome<hypercurve::curve_region_boolean::CurveRegionIntersectionResult2>, hypercurve::error::ExactCurveError> (inlined)
            |                     |          |                     |          |          selected_fiber_genuinely_analytic_contacts_complete_region_booleans (inlined)
            |                     |          |                     |          |          assert_test_result<()> (inlined)
            |                     |          |                     |          |          {closure#0} (inlined)
            |                     |          |                     |          |          call_once<hypercurve::bezier_offset::conversion_tests::selected_fiber_genuinely_analytic_contacts_complete_region_booleans::{closure_env#0}, ()> (inlined)
            |                     |          |                     |          |          __rust_begin_short_backtrace<core::result::Result<(), alloc::string::String>, fn() -> core::result::Result<(), alloc::string::String>> (inlined)
            |                     |          |                     |          |          do_call<core::panic::unwind_safe::AssertUnwindSafe<test::run_test_in_process::{closure_env#0}>, core::result::Result<(), alloc::string::String>> (inlined)
            |                     |          |                     |          |          catch_unwind<core::result::Result<(), alloc::string::String>, core::panic::unwind_safe::AssertUnwindSafe<test::run_test_in_process::{closure_env#0}>> (inlined)
            |                     |          |                     |          |          catch_unwind<core::panic::unwind_safe::AssertUnwindSafe<test::run_test_in_process::{closure_env#0}>, core::result::Result<(), alloc::string::String>> (inlined)
            |                     |          |                     |          |          run_test_in_process (inlined)
            |                     |          |                     |          |          {closure#0} (inlined)
            |                     |          |                     |          |          done (inlined)
            |                     |          |                     |          |          drop<core::option::Option<test::run_test::{closure_env#0}>> (inlined)
            |                     |          |                     |          |          drop_glue<std::sync::poison::mutex::MutexGuard<core::option::Option<test::run_test::{closure_env#0}>>> (inlined)
            |                     |          |                     |          |          {closure#1} (inlined)
            |                     |          |                     |          |          __rust_begin_short_backtrace<test::run_test::{closure_env#1}, ()> (inlined)
            |                     |          |                     |          |          {closure#1}<test::run_test::{closure_env#1}, ()> (inlined)
            |                     |          |                     |          |          call_once<std::thread::lifecycle::spawn_unchecked::{closure_env#1}<test::run_test::{closure_env#1}, ()>, ()> (inlined)
            |                     |          |                     |          |          size_of_val_raw<(dyn core::ops::function::FnOnce<(), Output=()> + core::marker::Send)> (inlined)
            |                     |          |                     |          |          for_value_raw<(dyn core::ops::function::FnOnce<(), Output=()> + core::marker::Send)> (inlined)
            |                     |          |                     |          |          drop<(dyn core::ops::function::FnOnce<(), Output=()> + core::marker::Send), alloc::alloc::Global> (inlined)
            |                     |          |                     |          |          call_once<(), (dyn core::ops::function::FnOnce<(), Output=()> + core::marker::Send), alloc::alloc::Global> (inlined)
            |                     |          |                     |          |          thread_start (inlined)
            |                     |          |                     |          |          start_thread
            |                     |          |                     |          |          __GI___clone3
            |                     |          |                     |          |          
            |                     |          |                     |           --1.63%--build_split_topology (inlined)
            |                     |          |                     |                     branch<hypercurve::curve_region_boolean::CurveRegionSplitTopology, hypercurve::error::ExactCurveError> (inlined)
            |                     |          |                     |                     build_boolean_topology (inlined)
            |                     |          |                     |                     branch<hypercurve::curve_region_boolean::CurveRegionBooleanTopology, hypercurve::error::ExactCurveError> (inlined)
            |                     |          |                     |                     build_boolean_regions (inlined)
            |                     |          |                     |                     boolean_regions_raw (inlined)
            |                     |          |                     |                     {closure#0} (inlined)
            |                     |          |                     |                     |          
            |                     |          |                     |                     |--0.89%--map<hypercurve::curve_region_boolean::CurveRegionBooleanResults2, hypercurve::error::ExactCurveError, hypercurve::policy::CurveOutcome<hypercurve::curve_region_boolean::CurveRegionBooleanResults2>, hypercurve::policy::resolve_certified_operation::{closure_env#2}<hypercurve::curve_region_boolean::CurveRegionBooleanResults2, hypercurve::error::ExactCurveError, hypercurve::curve_region_boolean::{impl#11}::boolean_regions::{closure_env#0}>> (inlined)
            |                     |          |                     |                     |          resolve_certified_operation<hypercurve::curve_region_boolean::CurveRegionBooleanResults2, hypercurve::error::ExactCurveError, hypercurve::curve_region_boolean::{impl#11}::boolean_regions::{closure_env#0}> (inlined)
            |                     |          |                     |                     |          boolean_regions (inlined)
            |                     |          |                     |                     |          expect<hypercurve::policy::CurveOutcome<hypercurve::curve_region_boolean::CurveRegionBooleanResults2>, hypercurve::error::ExactCurveError> (inlined)
            |                     |          |                     |                     |          selected_fiber_genuinely_analytic_contacts_complete_region_booleans (inlined)
            |                     |          |                     |                     |          assert_test_result<()> (inlined)
            |                     |          |                     |                     |          {closure#0} (inlined)
            |                     |          |                     |                     |          call_once<hypercurve::bezier_offset::conversion_tests::selected_fiber_genuinely_analytic_contacts_complete_region_booleans::{closure_env#0}, ()> (inlined)
            |                     |          |                     |                     |          __rust_begin_short_backtrace<core::result::Result<(), alloc::string::String>, fn() -> core::result::Result<(), alloc::string::String>> (inlined)
            |                     |          |                     |                     |          do_call<core::panic::unwind_safe::AssertUnwindSafe<test::run_test_in_process::{closure_env#0}>, core::result::Result<(), alloc::string::String>> (inlined)
            |                     |          |                     |                     |          catch_unwind<core::result::Result<(), alloc::string::String>, core::panic::unwind_safe::AssertUnwindSafe<test::run_test_in_process::{closure_env#0}>> (inlined)
            |                     |          |                     |                     |          catch_unwind<core::panic::unwind_safe::AssertUnwindSafe<test::run_test_in_process::{closure_env#0}>, core::result::Result<(), alloc::string::String>> (inlined)
            |                     |          |                     |                     |          run_test_in_process (inlined)
            |                     |          |                     |                     |          {closure#0} (inlined)
            |                     |          |                     |                     |          done (inlined)
            |                     |          |                     |                     |          drop<core::option::Option<test::run_test::{closure_env#0}>> (inlined)
            |                     |          |                     |                     |          drop_glue<std::sync::poison::mutex::MutexGuard<core::option::Option<test::run_test::{closure_env#0}>>> (inlined)
            |                     |          |                     |                     |          {closure#1} (inlined)
            |                     |          |                     |                     |          __rust_begin_short_backtrace<test::run_test::{closure_env#1}, ()> (inlined)
            |                     |          |                     |                     |          {closure#1}<test::run_test::{closure_env#1}, ()> (inlined)
            |                     |          |                     |                     |          call_once<std::thread::lifecycle::spawn_unchecked::{closure_env#1}<test::run_test::{closure_env#1}, ()>, ()> (inlined)
            |                     |          |                     |                     |          size_of_val_raw<(dyn core::ops::function::FnOnce<(), Output=()> + core::marker::Send)> (inlined)
            |                     |          |                     |                     |          for_value_raw<(dyn core::ops::function::FnOnce<(), Output=()> + core::marker::Send)> (inlined)
            |                     |          |                     |                     |          drop<(dyn core::ops::function::FnOnce<(), Output=()> + core::marker::Send), alloc::alloc::Global> (inlined)
            |                     |          |                     |                     |          call_once<(), (dyn core::ops::function::FnOnce<(), Output=()> + core::marker::Send), alloc::alloc::Global> (inlined)
            |                     |          |                     |                     |          thread_start (inlined)
            |                     |          |                     |                     |          start_thread
            |                     |          |                     |                     |          __GI___clone3
            |                     |          |                     |                     |          
            |                     |          |                     |                      --0.74%--resolve_certified_operation<hypercurve::curve_region_boolean::CurveRegionBooleanResults2, hypercurve::error::ExactCurveError, hypercurve::curve_region_boolean::{impl#11}::boolean_regions::{closure_env#0}> (inlined)
            |                     |          |                     |                                boolean_regions (inlined)
            |                     |          |                     |                                expect<hypercurve::policy::CurveOutcome<hypercurve::curve_region_boolean::CurveRegionBooleanResults2>, hypercurve::error::ExactCurveError> (inlined)
            |                     |          |                     |                                selected_fiber_genuinely_analytic_contacts_complete_region_booleans (inlined)
            |                     |          |                     |                                assert_test_result<()> (inlined)
            |                     |          |                     |                                {closure#0} (inlined)
            |                     |          |                     |                                call_once<hypercurve::bezier_offset::conversion_tests::selected_fiber_genuinely_analytic_contacts_complete_region_booleans::{closure_env#0}, ()> (inlined)
            |                     |          |                     |                                __rust_begin_short_backtrace<core::result::Result<(), alloc::string::String>, fn() -> core::result::Result<(), alloc::string::String>> (inlined)
            |                     |          |                     |                                do_call<core::panic::unwind_safe::AssertUnwindSafe<test::run_test_in_process::{closure_env#0}>, core::result::Result<(), alloc::string::String>> (inlined)
            |                     |          |                     |                                catch_unwind<core::result::Result<(), alloc::string::String>, core::panic::unwind_safe::AssertUnwindSafe<test::run_test_in_process::{closure_env#0}>> (inlined)
            |                     |          |                     |                                catch_unwind<core::panic::unwind_safe::AssertUnwindSafe<test::run_test_in_process::{closure_env#0}>, core::result::Result<(), alloc::string::String>> (inlined)
            |                     |          |                     |                                run_test_in_process (inlined)
            |                     |          |                     |                                {closure#0} (inlined)
            |                     |          |                     |                                done (inlined)
            |                     |          |                     |                                drop<core::option::Option<test::run_test::{closure_env#0}>> (inlined)
            |                     |          |                     |                                drop_glue<std::sync::poison::mutex::MutexGuard<core::option::Option<test::run_test::{closure_env#0}>>> (inlined)
            |                     |          |                     |                                {closure#1} (inlined)
            |                     |          |                     |                                __rust_begin_short_backtrace<test::run_test::{closure_env#1}, ()> (inlined)
            |                     |          |                     |                                {closure#1}<test::run_test::{closure_env#1}, ()> (inlined)
            |                     |          |                     |                                call_once<std::thread::lifecycle::spawn_unchecked::{closure_env#1}<test::run_test::{closure_env#1}, ()>, ()> (inlined)
            |                     |          |                     |                                size_of_val_raw<(dyn core::ops::function::FnOnce<(), Output=()> + core::marker::Send)> (inlined)
            |                     |          |                     |                                for_value_raw<(dyn core::ops::function::FnOnce<(), Output=()> + core::marker::Send)> (inlined)
            |                     |          |                     |                                drop<(dyn core::ops::function::FnOnce<(), Output=()> + core::marker::Send), alloc::alloc::Global> (inlined)
            |                     |          |                     |                                call_once<(), (dyn core::ops::function::FnOnce<(), Output=()> + core::marker::Send), alloc::alloc::Global> (inlined)
            |                     |          |                     |                                thread_start (inlined)
            |                     |          |                     |                                start_thread
            |                     |          |                     |                                __GI___clone3
            |                     |          |                     |          
            |                     |          |                      --1.88%--cmp_bezier_parameter (inlined)
            |                     |          |                                branch<hypercurve::classify::Classification<core::cmp::Ordering>, hypercurve::error::CurveError> (inlined)
            |                     |          |                                select_promoted_bezier_parameter (inlined)
            |                     |          |                                promoted_bezier_parameter (inlined)
            |                     |          |                                branch<hypercurve::classify::Classification<hypercurve::bezier_parameter::BezierParameter2>, hypercurve::error::CurveError> (inlined)
            |                     |          |                                promoted_bezier_parameter_complete (inlined)
            |                     |          |                                |          
            |                     |          |                                |--1.10%--replace<bool> (inlined)
            |                     |          |                                |          replace<bool> (inlined)
            |                     |          |                                |          set<bool> (inlined)
            |                     |          |                                |          {closure#0} (inlined)
            |                     |          |                                |          try_with<core::cell::Cell<bool>, hypercurve::policy::{impl#3}::drop::{closure_env#0}, ()> (inlined)
            |                     |          |                                |          with<core::cell::Cell<bool>, hypercurve::policy::{impl#3}::drop::{closure_env#0}, ()> (inlined)
            |                     |          |                                |          drop (inlined)
            |                     |          |                                |          drop_glue<hypercurve::policy::StrictPredicatePass> (inlined)
            |                     |          |                                |          strict_predicate_pass<core::result::Result<hypercurve::classify::Classification<hypercurve::bezier_parameter::BezierParameter2>, hypercurve::error::CurveError>, hypercurve::bezier_offset::{impl#111}::recursive_projective_point::{closure_env#0}> (inlined)
            |                     |          |                                |          recursive_projective_point (inlined)
            |                     |          |                                |          branch<hypercurve::classify::Classification<core::option::Option<hypercurve::bezier_offset::BezierRecursiveQuadraticProjectivePoint2>>, hypercurve::error::CurveError> (inlined)
            |                     |          |                                |          recursive_projective_point_source (inlined)
            |                     |          |                                |          branch<hypercurve::classify::Classification<core::option::Option<hypercurve::bezier_offset::BezierRecursiveProjectivePointSource2>>, hypercurve::error::CurveError> (inlined)
            |                     |          |                                |          recursive_projective_evidence_points (inlined)
            |                     |          |                                |          branch<hypercurve::classify::Classification<core::option::Option<alloc::vec::Vec<hypercurve::bezier_offset::BezierRecursiveQuadraticProjectivePoint2, alloc::alloc::Global>>>, hypercurve::error::CurveError> (inlined)
            |                     |          |                                |          recursive_projective_point (inlined)
            |                     |          |                                |          branch<hypercurve::classify::Classification<core::option::Option<hypercurve::bezier_offset::BezierRecursiveQuadraticProjectivePoint2>>, hypercurve::error::CurveError> (inlined)
            |                     |          |                                |          recursive_projective_point_source (inlined)
            |                     |          |                                |          branch<hypercurve::classify::Classification<core::option::Option<hypercurve::bezier_offset::BezierRecursiveProjectivePointSource2>>, hypercurve::error::CurveError> (inlined)
            |                     |          |                                |          recursive_projective_evidence_points (inlined)
            |                     |          |                                |          branch<hypercurve::classify::Classification<core::option::Option<alloc::vec::Vec<hypercurve::bezier_offset::BezierRecursiveQuadraticProjectivePoint2, alloc::alloc::Global>>>, hypercurve::error::CurveError> (inlined)
            |                     |          |                                |          recursive_projective_point_evidence_equality (inlined)
            |                     |          |                                |          same_point (inlined)
            |                     |          |                                |          build_split_topology (inlined)
            |                     |          |                                |          branch<hypercurve::curve_region_boolean::CurveRegionSplitTopology, hypercurve::error::ExactCurveError> (inlined)
            |                     |          |                                |          build_boolean_topology (inlined)
            |                     |          |                                |          branch<hypercurve::curve_region_boolean::CurveRegionBooleanTopology, hypercurve::error::ExactCurveError> (inlined)
            |                     |          |                                |          build_boolean_regions (inlined)
            |                     |          |                                |          boolean_regions_raw (inlined)
            |                     |          |                                |          {closure#0} (inlined)
            |                     |          |                                |          map<hypercurve::curve_region_boolean::CurveRegionBooleanResults2, hypercurve::error::ExactCurveError, hypercurve::policy::CurveOutcome<hypercurve::curve_region_boolean::CurveRegionBooleanResults2>, hypercurve::policy::resolve_certified_operation::{closure_env#2}<hypercurve::curve_region_boolean::CurveRegionBooleanResults2, hypercurve::error::ExactCurveError, hypercurve::curve_region_boolean::{impl#11}::boolean_regions::{closure_env#0}>> (inlined)
            |                     |          |                                |          resolve_certified_operation<hypercurve::curve_region_boolean::CurveRegionBooleanResults2, hypercurve::error::ExactCurveError, hypercurve::curve_region_boolean::{impl#11}::boolean_regions::{closure_env#0}> (inlined)
            |                     |          |                                |          boolean_regions (inlined)
            |                     |          |                                |          expect<hypercurve::policy::CurveOutcome<hypercurve::curve_region_boolean::CurveRegionBooleanResults2>, hypercurve::error::ExactCurveError> (inlined)
            |                     |          |                                |          selected_fiber_genuinely_analytic_contacts_complete_region_booleans (inlined)
            |                     |          |                                |          assert_test_result<()> (inlined)
            |                     |          |                                |          {closure#0} (inlined)
            |                     |          |                                |          call_once<hypercurve::bezier_offset::conversion_tests::selected_fiber_genuinely_analytic_contacts_complete_region_booleans::{closure_env#0}, ()> (inlined)
            |                     |          |                                |          __rust_begin_short_backtrace<core::result::Result<(), alloc::string::String>, fn() -> core::result::Result<(), alloc::string::String>> (inlined)
            |                     |          |                                |          do_call<core::panic::unwind_safe::AssertUnwindSafe<test::run_test_in_process::{closure_env#0}>, core::result::Result<(), alloc::string::String>> (inlined)
            |                     |          |                                |          catch_unwind<core::result::Result<(), alloc::string::String>, core::panic::unwind_safe::AssertUnwindSafe<test::run_test_in_process::{closure_env#0}>> (inlined)
            |                     |          |                                |          catch_unwind<core::panic::unwind_safe::AssertUnwindSafe<test::run_test_in_process::{closure_env#0}>, core::result::Result<(), alloc::string::String>> (inlined)
            |                     |          |                                |          run_test_in_process (inlined)
            |                     |          |                                |          {closure#0} (inlined)
            |                     |          |                                |          done (inlined)
            |                     |          |                                |          drop<core::option::Option<test::run_test::{closure_env#0}>> (inlined)
            |                     |          |                                |          drop_glue<std::sync::poison::mutex::MutexGuard<core::option::Option<test::run_test::{closure_env#0}>>> (inlined)
            |                     |          |                                |          {closure#1} (inlined)
            |                     |          |                                |          __rust_begin_short_backtrace<test::run_test::{closure_env#1}, ()> (inlined)
            |                     |          |                                |          {closure#1}<test::run_test::{closure_env#1}, ()> (inlined)
            |                     |          |                                |          call_once<std::thread::lifecycle::spawn_unchecked::{closure_env#1}<test::run_test::{closure_env#1}, ()>, ()> (inlined)
            |                     |          |                                |          size_of_val_raw<(dyn core::ops::function::FnOnce<(), Output=()> + core::marker::Send)> (inlined)
            |                     |          |                                |          for_value_raw<(dyn core::ops::function::FnOnce<(), Output=()> + core::marker::Send)> (inlined)
            |                     |          |                                |          drop<(dyn core::ops::function::FnOnce<(), Output=()> + core::marker::Send), alloc::alloc::Global> (inlined)
            |                     |          |                                |          call_once<(), (dyn core::ops::function::FnOnce<(), Output=()> + core::marker::Send), alloc::alloc::Global> (inlined)
            |                     |          |                                |          thread_start (inlined)
            |                     |          |                                |          start_thread
            |                     |          |                                |          __GI___clone3
            |                     |          |                                |          
            |                     |          |                                 --0.78%--branch<hypercurve::classify::Classification<hypercurve::bezier_parameter::BezierParameter2>, hypercurve::error::CurveError> (inlined)
            |                     |          |                                           recursive_projective_point (inlined)
            |                     |          |                                           branch<hypercurve::classify::Classification<core::option::Option<hypercurve::bezier_offset::BezierRecursiveQuadraticProjectivePoint2>>, hypercurve::error::CurveError> (inlined)
            |                     |          |                                           recursive_projective_point_source (inlined)
            |                     |          |                                           branch<hypercurve::classify::Classification<core::option::Option<hypercurve::bezier_offset::BezierRecursiveProjectivePointSource2>>, hypercurve::error::CurveError> (inlined)
            |                     |          |                                           recursive_projective_evidence_points (inlined)
            |                     |          |                                           branch<hypercurve::classify::Classification<core::option::Option<alloc::vec::Vec<hypercurve::bezier_offset::BezierRecursiveQuadraticProjectivePoint2, alloc::alloc::Global>>>, hypercurve::error::CurveError> (inlined)
            |                     |          |                                           recursive_projective_point (inlined)
            |                     |          |                                           branch<hypercurve::classify::Classification<core::option::Option<hypercurve::bezier_offset::BezierRecursiveQuadraticProjectivePoint2>>, hypercurve::error::CurveError> (inlined)
            |                     |          |                                           recursive_projective_point_source (inlined)
            |                     |          |                                           branch<hypercurve::classify::Classification<core::option::Option<hypercurve::bezier_offset::BezierRecursiveProjectivePointSource2>>, hypercurve::error::CurveError> (inlined)
            |                     |          |                                           recursive_projective_evidence_points (inlined)
            |                     |          |                                           branch<hypercurve::classify::Classification<core::option::Option<alloc::vec::Vec<hypercurve::bezier_offset::BezierRecursiveQuadraticProjectivePoint2, alloc::alloc::Global>>>, hypercurve::error::CurveError> (inlined)
            |                     |          |                                           recursive_projective_point_evidence_equality (inlined)
            |                     |          |                                           same_point (inlined)
            |                     |          |                                           build_split_topology (inlined)
            |                     |          |                                           branch<hypercurve::curve_region_boolean::CurveRegionSplitTopology, hypercurve::error::ExactCurveError> (inlined)
            |                     |          |                                           build_boolean_topology (inlined)
            |                     |          |                                           branch<hypercurve::curve_region_boolean::CurveRegionBooleanTopology, hypercurve::error::ExactCurveError> (inlined)
            |                     |          |                                           build_boolean_regions (inlined)
            |                     |          |                                           boolean_regions_raw (inlined)
            |                     |          |                                           {closure#0} (inlined)
            |                     |          |                                           resolve_certified_operation<hypercurve::curve_region_boolean::CurveRegionBooleanResults2, hypercurve::error::ExactCurveError, hypercurve::curve_region_boolean::{impl#11}::boolean_regions::{closure_env#0}> (inlined)
            |                     |          |                                           boolean_regions (inlined)
            |                     |          |                                           expect<hypercurve::policy::CurveOutcome<hypercurve::curve_region_boolean::CurveRegionBooleanResults2>, hypercurve::error::ExactCurveError> (inlined)
            |                     |          |                                           selected_fiber_genuinely_analytic_contacts_complete_region_booleans (inlined)
            |                     |          |                                           assert_test_result<()> (inlined)
            |                     |          |                                           {closure#0} (inlined)
            |                     |          |                                           call_once<hypercurve::bezier_offset::conversion_tests::selected_fiber_genuinely_analytic_contacts_complete_region_booleans::{closure_env#0}, ()> (inlined)
            |                     |          |                                           __rust_begin_short_backtrace<core::result::Result<(), alloc::string::String>, fn() -> core::result::Result<(), alloc::string::String>> (inlined)
            |                     |          |                                           do_call<core::panic::unwind_safe::AssertUnwindSafe<test::run_test_in_process::{closure_env#0}>, core::result::Result<(), alloc::string::String>> (inlined)
            |                     |          |                                           catch_unwind<core::result::Result<(), alloc::string::String>, core::panic::unwind_safe::AssertUnwindSafe<test::run_test_in_process::{closure_env#0}>> (inlined)
            |                     |          |                                           catch_unwind<core::panic::unwind_safe::AssertUnwindSafe<test::run_test_in_process::{closure_env#0}>, core::result::Result<(), alloc::string::String>> (inlined)
            |                     |          |                                           run_test_in_process (inlined)
            |                     |          |                                           {closure#0} (inlined)
            |                     |          |                                           done (inlined)
            |                     |          |                                           drop<core::option::Option<test::run_test::{closure_env#0}>> (inlined)
            |                     |          |                                           drop_glue<std::sync::poison::mutex::MutexGuard<core::option::Option<test::run_test::{closure_env#0}>>> (inlined)
            |                     |          |                                           {closure#1} (inlined)
            |                     |          |                                           __rust_begin_short_backtrace<test::run_test::{closure_env#1}, ()> (inlined)
            |                     |          |                                           {closure#1}<test::run_test::{closure_env#1}, ()> (inlined)
            |                     |          |                                           call_once<std::thread::lifecycle::spawn_unchecked::{closure_env#1}<test::run_test::{closure_env#1}, ()>, ()> (inlined)
            |                     |          |                                           size_of_val_raw<(dyn core::ops::function::FnOnce<(), Output=()> + core::marker::Send)> (inlined)
            |                     |          |                                           for_value_raw<(dyn core::ops::function::FnOnce<(), Output=()> + core::marker::Send)> (inlined)
            |                     |          |                                           drop<(dyn core::ops::function::FnOnce<(), Output=()> + core::marker::Send), alloc::alloc::Global> (inlined)
            |                     |          |                                           call_once<(), (dyn core::ops::function::FnOnce<(), Output=()> + core::marker::Send), alloc::alloc::Global> (inlined)
            |                     |          |                                           thread_start (inlined)
            |                     |          |                                           start_thread
            |                     |          |                                           __GI___clone3
            |                     |          |          
            |                     |           --2.20%--selected_parallel_normal_rational_selected_fiber_intersections (inlined)
            |                     |                     branch<hypercurve::classify::Classification<hypercurve::bezier_offset::BezierAlgebraicCuspSemicircleRationalIntersections2>, hypercurve::error::CurveError> (inlined)
            |                     |                     selected_parallel_normal_rational_intersections_internal (inlined)
            |                     |                     rational_intersections_internal (inlined)
            |                     |                     map_err<hypercurve::classify::Classification<(hypercurve::bezier_offset::BezierAlgebraicCuspSemicircleRationalIntersections2, core::option::Option<hypercurve::bezier_offset::BezierAlgebraicCuspSemicircleRationalParameterMap2>)>, hypercurve::error::CurveError, hypercurve::error::ExactCurveError, hypercurve::curve_region_boolean::{impl#12}::algebraic_cusp_rational_pair_result::{closure_env#0}> (inlined)
            |                     |                     algebraic_cusp_rational_pair_result (inlined)
            |                     |                     atomic_sub<usize, usize> (inlined)
            |                     |                     fetch_sub (inlined)
            |                     |                     drop<hypercurve::rational_bezier_general::RationalBezierData, alloc::alloc::Global> (inlined)
            |                     |                     drop_glue<alloc::sync::Arc<hypercurve::rational_bezier_general::RationalBezierData, alloc::alloc::Global>> (inlined)
            |                     |                     drop_glue<hypercurve::rational_bezier_general::RationalBezier2> (inlined)
            |                     |                     pair_result (inlined)
            |                     |                     branch<hypercurve::curve_region_boolean::RegionPairResult, hypercurve::error::ExactCurveError> (inlined)
            |                     |                     |          
            |                     |                     |--1.11%--build_split_topology (inlined)
            |                     |                     |          branch<hypercurve::curve_region_boolean::CurveRegionSplitTopology, hypercurve::error::ExactCurveError> (inlined)
            |                     |                     |          build_boolean_topology (inlined)
            |                     |                     |          branch<hypercurve::curve_region_boolean::CurveRegionBooleanTopology, hypercurve::error::ExactCurveError> (inlined)
            |                     |                     |          build_boolean_regions (inlined)
            |                     |                     |          boolean_regions_raw (inlined)
            |                     |                     |          {closure#0} (inlined)
            |                     |                     |          |          
            |                     |                     |           --0.63%--resolve_certified_operation<hypercurve::curve_region_boolean::CurveRegionBooleanResults2, hypercurve::error::ExactCurveError, hypercurve::curve_region_boolean::{impl#11}::boolean_regions::{closure_env#0}> (inlined)
            |                     |                     |                     boolean_regions (inlined)
            |                     |                     |                     expect<hypercurve::policy::CurveOutcome<hypercurve::curve_region_boolean::CurveRegionBooleanResults2>, hypercurve::error::ExactCurveError> (inlined)
            |                     |                     |                     selected_fiber_genuinely_analytic_contacts_complete_region_booleans (inlined)
            |                     |                     |                     assert_test_result<()> (inlined)
            |                     |                     |                     {closure#0} (inlined)
            |                     |                     |                     call_once<hypercurve::bezier_offset::conversion_tests::selected_fiber_genuinely_analytic_contacts_complete_region_booleans::{closure_env#0}, ()> (inlined)
            |                     |                     |                     __rust_begin_short_backtrace<core::result::Result<(), alloc::string::String>, fn() -> core::result::Result<(), alloc::string::String>> (inlined)
            |                     |                     |                     do_call<core::panic::unwind_safe::AssertUnwindSafe<test::run_test_in_process::{closure_env#0}>, core::result::Result<(), alloc::string::String>> (inlined)
            |                     |                     |                     catch_unwind<core::result::Result<(), alloc::string::String>, core::panic::unwind_safe::AssertUnwindSafe<test::run_test_in_process::{closure_env#0}>> (inlined)
            |                     |                     |                     catch_unwind<core::panic::unwind_safe::AssertUnwindSafe<test::run_test_in_process::{closure_env#0}>, core::result::Result<(), alloc::string::String>> (inlined)
            |                     |                     |                     run_test_in_process (inlined)
            |                     |                     |                     {closure#0} (inlined)
            |                     |                     |                     done (inlined)
            |                     |                     |                     drop<core::option::Option<test::run_test::{closure_env#0}>> (inlined)
            |                     |                     |                     drop_glue<std::sync::poison::mutex::MutexGuard<core::option::Option<test::run_test::{closure_env#0}>>> (inlined)
            |                     |                     |                     {closure#1} (inlined)
            |                     |                     |                     __rust_begin_short_backtrace<test::run_test::{closure_env#1}, ()> (inlined)
            |                     |                     |                     {closure#1}<test::run_test::{closure_env#1}, ()> (inlined)
            |                     |                     |                     call_once<std::thread::lifecycle::spawn_unchecked::{closure_env#1}<test::run_test::{closure_env#1}, ()>, ()> (inlined)
            |                     |                     |                     size_of_val_raw<(dyn core::ops::function::FnOnce<(), Output=()> + core::marker::Send)> (inlined)
            |                     |                     |                     for_value_raw<(dyn core::ops::function::FnOnce<(), Output=()> + core::marker::Send)> (inlined)
            |                     |                     |                     drop<(dyn core::ops::function::FnOnce<(), Output=()> + core::marker::Send), alloc::alloc::Global> (inlined)
            |                     |                     |                     call_once<(), (dyn core::ops::function::FnOnce<(), Output=()> + core::marker::Send), alloc::alloc::Global> (inlined)
            |                     |                     |                     thread_start (inlined)
            |                     |                     |                     start_thread
            |                     |                     |                     __GI___clone3
            |                     |                     |          
            |                     |                      --1.09%--build_intersection_evidence (inlined)
            |                     |                                intersect_region_raw (inlined)
            |                     |                                {closure#0} (inlined)
            |                     |                                resolve_certified_operation<hypercurve::curve_region_boolean::CurveRegionIntersectionResult2, hypercurve::error::ExactCurveError, hypercurve::curve_region_boolean::{impl#11}::intersect_region::{closure_env#0}> (inlined)
            |                     |                                intersect_region (inlined)
            |                     |                                expect<hypercurve::policy::CurveOutcome<hypercurve::curve_region_boolean::CurveRegionIntersectionResult2>, hypercurve::error::ExactCurveError> (inlined)
            |                     |                                selected_fiber_genuinely_analytic_contacts_complete_region_booleans (inlined)
            |                     |                                assert_test_result<()> (inlined)
            |                     |                                {closure#0} (inlined)
            |                     |                                call_once<hypercurve::bezier_offset::conversion_tests::selected_fiber_genuinely_analytic_contacts_complete_region_booleans::{closure_env#0}, ()> (inlined)
            |                     |                                __rust_begin_short_backtrace<core::result::Result<(), alloc::string::String>, fn() -> core::result::Result<(), alloc::string::String>> (inlined)
            |                     |                                do_call<core::panic::unwind_safe::AssertUnwindSafe<test::run_test_in_process::{closure_env#0}>, core::result::Result<(), alloc::string::String>> (inlined)
            |                     |                                catch_unwind<core::result::Result<(), alloc::string::String>, core::panic::unwind_safe::AssertUnwindSafe<test::run_test_in_process::{closure_env#0}>> (inlined)
            |                     |                                catch_unwind<core::panic::unwind_safe::AssertUnwindSafe<test::run_test_in_process::{closure_env#0}>, core::result::Result<(), alloc::string::String>> (inlined)
            |                     |                                run_test_in_process (inlined)
            |                     |                                {closure#0} (inlined)
            |                     |                                done (inlined)
            |                     |                                drop<core::option::Option<test::run_test::{closure_env#0}>> (inlined)
            |                     |                                drop_glue<std::sync::poison::mutex::MutexGuard<core::option::Option<test::run_test::{closure_env#0}>>> (inlined)
            |                     |                                {closure#1} (inlined)
            |                     |                                __rust_begin_short_backtrace<test::run_test::{closure_env#1}, ()> (inlined)
            |                     |                                {closure#1}<test::run_test::{closure_env#1}, ()> (inlined)
            |                     |                                call_once<std::thread::lifecycle::spawn_unchecked::{closure_env#1}<test::run_test::{closure_env#1}, ()>, ()> (inlined)
            |                     |                                size_of_val_raw<(dyn core::ops::function::FnOnce<(), Output=()> + core::marker::Send)> (inlined)
            |                     |                                for_value_raw<(dyn core::ops::function::FnOnce<(), Output=()> + core::marker::Send)> (inlined)
            |                     |                                drop<(dyn core::ops::function::FnOnce<(), Output=()> + core::marker::Send), alloc::alloc::Global> (inlined)
            |                     |                                call_once<(), (dyn core::ops::function::FnOnce<(), Output=()> + core::marker::Send), alloc::alloc::Global> (inlined)
            |                     |                                thread_start (inlined)
            |                     |                                start_thread
            |                     |                                __GI___clone3
            |                     |          
            |                      --0.61%--transpose<core::option::Option<core::cmp::Ordering>, hypersolve::algebraic_fiber::LocalFieldError> (inlined)
            |                                isolate_ordered_field_polynomial_roots<hypersolve::algebraic_fiber::LocalFieldElement, hypersolve::algebraic_fiber::isolate_local_polynomial_roots_bernstein::Context> (inlined)
            |                                branch<hypersolve::ordered_field_roots::OrderedFieldRootIsolationReport, hypersolve::algebraic_fiber::LocalFieldError> (inlined)
            |                                isolate_local_polynomial_roots_bernstein (inlined)
            |                                isolate_bivariate_fiber_roots_at_algebraic_parameter (inlined)
            |                                isolate_bivariate_fiber_roots_at_algebraic_parameter_complete (inlined)
            |          
            |--5.06%--ptr_eq<hyperreal::rational::arithmetic::RationalData, alloc::alloc::Global> (inlined)
            |          eq (inlined)
            |          eq (inlined)
            |          equal_same_length<hyperreal::real::arithmetic::Real, hyperreal::real::arithmetic::Real> (inlined)
            |          eq<hyperreal::real::arithmetic::Real, hyperreal::real::arithmetic::Real> (inlined)
            |          eq<hyperreal::real::arithmetic::Real, hyperreal::real::arithmetic::Real, alloc::alloc::Global> (inlined)
            |          eq<alloc::vec::Vec<hyperreal::real::arithmetic::Real, alloc::alloc::Global>, [hyperreal::real::arithmetic::Real]> (inlined)
            |          {closure#1} (inlined)
            |          |          
            |           --4.84%--find<(alloc::vec::Vec<hyperreal::real::arithmetic::Real, alloc::alloc::Global>, core::cmp::Ordering), hypersolve::algebraic_fiber::{impl#3}::sign_polynomial_if_separated::{closure_env#1}> (inlined)
            |                     sign_polynomial_if_separated (inlined)
            |                     sign_if_separated (inlined)
            |                     sign_if_separated (inlined)
            |                     |          
            |                      --4.43%--bernstein_sign_variations<hypersolve::algebraic_fiber::LocalFieldElement, hypersolve::algebraic_fiber::isolate_local_polynomial_roots_bernstein::Context> (inlined)
            |                                branch<core::option::Option<usize>, hypersolve::algebraic_fiber::LocalFieldError> (inlined)
            |                                isolate_ordered_field_polynomial_roots<hypersolve::algebraic_fiber::LocalFieldElement, hypersolve::algebraic_fiber::isolate_local_polynomial_roots_bernstein::Context> (inlined)
            |                                branch<hypersolve::ordered_field_roots::OrderedFieldRootIsolationReport, hypersolve::algebraic_fiber::LocalFieldError> (inlined)
            |                                isolate_local_polynomial_roots_bernstein (inlined)
            |                                isolate_bivariate_fiber_roots_at_algebraic_parameter (inlined)
            |                                isolate_bivariate_fiber_roots_at_algebraic_parameter_complete (inlined)
            |                                |          
            |                                |--2.92%--algebraic_selected_fiber_root_interval_refined (inlined)
            |                                |          branch<hypercurve::classify::Classification<hypersolve::root_isolation::IsolatedRootInterval>, hypercurve::error::CurveError> (inlined)
            |                                |          |          
            |                                |           --2.74%--algebraic_selected_fiber_root_predicate_sign (inlined)
            |                                |                     branch<hypercurve::classify::Classification<hyperreal::structural::RealSign>, hypercurve::error::CurveError> (inlined)
            |                                |                     |          
            |                                |                     |--1.71%--algebraic_selected_fiber_root_radical_sum_sign (inlined)
            |                                |                     |          branch<hypercurve::classify::Classification<hyperreal::structural::RealSign>, hypercurve::error::CurveError> (inlined)
            |                                |                     |          selected_parallel_normal_rational_selected_fiber_intersections (inlined)
            |                                |                     |          branch<hypercurve::classify::Classification<hypercurve::bezier_offset::BezierAlgebraicCuspSemicircleRationalIntersections2>, hypercurve::error::CurveError> (inlined)
            |                                |                     |          selected_parallel_normal_rational_intersections_internal (inlined)
            |                                |                     |          rational_intersections_internal (inlined)
            |                                |                     |          map_err<hypercurve::classify::Classification<(hypercurve::bezier_offset::BezierAlgebraicCuspSemicircleRationalIntersections2, core::option::Option<hypercurve::bezier_offset::BezierAlgebraicCuspSemicircleRationalParameterMap2>)>, hypercurve::error::CurveError, hypercurve::error::ExactCurveError, hypercurve::curve_region_boolean::{impl#12}::algebraic_cusp_rational_pair_result::{closure_env#0}> (inlined)
            |                                |                     |          algebraic_cusp_rational_pair_result (inlined)
            |                                |                     |          atomic_sub<usize, usize> (inlined)
            |                                |                     |          fetch_sub (inlined)
            |                                |                     |          drop<hypercurve::rational_bezier_general::RationalBezierData, alloc::alloc::Global> (inlined)
            |                                |                     |          drop_glue<alloc::sync::Arc<hypercurve::rational_bezier_general::RationalBezierData, alloc::alloc::Global>> (inlined)
            |                                |                     |          drop_glue<hypercurve::rational_bezier_general::RationalBezier2> (inlined)
            |                                |                     |          pair_result (inlined)
            |                                |                     |          branch<hypercurve::curve_region_boolean::RegionPairResult, hypercurve::error::ExactCurveError> (inlined)
            |                                |                     |          |          
            |                                |                     |          |--0.97%--build_split_topology (inlined)
            |                                |                     |          |          branch<hypercurve::curve_region_boolean::CurveRegionSplitTopology, hypercurve::error::ExactCurveError> (inlined)
            |                                |                     |          |          build_boolean_topology (inlined)
            |                                |                     |          |          branch<hypercurve::curve_region_boolean::CurveRegionBooleanTopology, hypercurve::error::ExactCurveError> (inlined)
            |                                |                     |          |          build_boolean_regions (inlined)
            |                                |                     |          |          boolean_regions_raw (inlined)
            |                                |                     |          |          {closure#0} (inlined)
            |                                |                     |          |          |          
            |                                |                     |          |           --0.50%--resolve_certified_operation<hypercurve::curve_region_boolean::CurveRegionBooleanResults2, hypercurve::error::ExactCurveError, hypercurve::curve_region_boolean::{impl#11}::boolean_regions::{closure_env#0}> (inlined)
            |                                |                     |          |                     boolean_regions (inlined)
            |                                |                     |          |                     expect<hypercurve::policy::CurveOutcome<hypercurve::curve_region_boolean::CurveRegionBooleanResults2>, hypercurve::error::ExactCurveError> (inlined)
            |                                |                     |          |                     selected_fiber_genuinely_analytic_contacts_complete_region_booleans (inlined)
            |                                |                     |          |                     assert_test_result<()> (inlined)
            |                                |                     |          |                     {closure#0} (inlined)
            |                                |                     |          |                     call_once<hypercurve::bezier_offset::conversion_tests::selected_fiber_genuinely_analytic_contacts_complete_region_booleans::{closure_env#0}, ()> (inlined)
            |                                |                     |          |                     __rust_begin_short_backtrace<core::result::Result<(), alloc::string::String>, fn() -> core::result::Result<(), alloc::string::String>> (inlined)
            |                                |                     |          |                     do_call<core::panic::unwind_safe::AssertUnwindSafe<test::run_test_in_process::{closure_env#0}>, core::result::Result<(), alloc::string::String>> (inlined)
            |                                |                     |          |                     catch_unwind<core::result::Result<(), alloc::string::String>, core::panic::unwind_safe::AssertUnwindSafe<test::run_test_in_process::{closure_env#0}>> (inlined)
            |                                |                     |          |                     catch_unwind<core::panic::unwind_safe::AssertUnwindSafe<test::run_test_in_process::{closure_env#0}>, core::result::Result<(), alloc::string::String>> (inlined)
            |                                |                     |          |                     run_test_in_process (inlined)
            |                                |                     |          |                     {closure#0} (inlined)
            |                                |                     |          |                     done (inlined)
            |                                |                     |          |                     drop<core::option::Option<test::run_test::{closure_env#0}>> (inlined)
            |                                |                     |          |                     drop_glue<std::sync::poison::mutex::MutexGuard<core::option::Option<test::run_test::{closure_env#0}>>> (inlined)
            |                                |                     |          |                     {closure#1} (inlined)
            |                                |                     |          |                     __rust_begin_short_backtrace<test::run_test::{closure_env#1}, ()> (inlined)
            |                                |                     |          |                     {closure#1}<test::run_test::{closure_env#1}, ()> (inlined)
            |                                |                     |          |                     call_once<std::thread::lifecycle::spawn_unchecked::{closure_env#1}<test::run_test::{closure_env#1}, ()>, ()> (inlined)
            |                                |                     |          |                     size_of_val_raw<(dyn core::ops::function::FnOnce<(), Output=()> + core::marker::Send)> (inlined)
            |                                |                     |          |                     for_value_raw<(dyn core::ops::function::FnOnce<(), Output=()> + core::marker::Send)> (inlined)
            |                                |                     |          |                     drop<(dyn core::ops::function::FnOnce<(), Output=()> + core::marker::Send), alloc::alloc::Global> (inlined)
            |                                |                     |          |                     call_once<(), (dyn core::ops::function::FnOnce<(), Output=()> + core::marker::Send), alloc::alloc::Global> (inlined)
            |                                |                     |          |                     thread_start (inlined)
            |                                |                     |          |                     start_thread
            |                                |                     |          |                     __GI___clone3
            |                                |                     |          |          
            |                                |                     |           --0.74%--build_intersection_evidence (inlined)
            |                                |                     |                     intersect_region_raw (inlined)
            |                                |                     |                     {closure#0} (inlined)
            |                                |                     |                     resolve_certified_operation<hypercurve::curve_region_boolean::CurveRegionIntersectionResult2, hypercurve::error::ExactCurveError, hypercurve::curve_region_boolean::{impl#11}::intersect_region::{closure_env#0}> (inlined)
            |                                |                     |                     intersect_region (inlined)
            |                                |                     |                     expect<hypercurve::policy::CurveOutcome<hypercurve::curve_region_boolean::CurveRegionIntersectionResult2>, hypercurve::error::ExactCurveError> (inlined)
            |                                |                     |                     selected_fiber_genuinely_analytic_contacts_complete_region_booleans (inlined)
            |                                |                     |                     assert_test_result<()> (inlined)
            |                                |                     |                     {closure#0} (inlined)
            |                                |                     |                     call_once<hypercurve::bezier_offset::conversion_tests::selected_fiber_genuinely_analytic_contacts_complete_region_booleans::{closure_env#0}, ()> (inlined)
            |                                |                     |                     __rust_begin_short_backtrace<core::result::Result<(), alloc::string::String>, fn() -> core::result::Result<(), alloc::string::String>> (inlined)
            |                                |                     |                     do_call<core::panic::unwind_safe::AssertUnwindSafe<test::run_test_in_process::{closure_env#0}>, core::result::Result<(), alloc::string::String>> (inlined)
            |                                |                     |                     catch_unwind<core::result::Result<(), alloc::string::String>, core::panic::unwind_safe::AssertUnwindSafe<test::run_test_in_process::{closure_env#0}>> (inlined)
            |                                |                     |                     catch_unwind<core::panic::unwind_safe::AssertUnwindSafe<test::run_test_in_process::{closure_env#0}>, core::result::Result<(), alloc::string::String>> (inlined)
            |                                |                     |                     run_test_in_process (inlined)
            |                                |                     |                     {closure#0} (inlined)
            |                                |                     |                     done (inlined)
            |                                |                     |                     drop<core::option::Option<test::run_test::{closure_env#0}>> (inlined)
            |                                |                     |                     drop_glue<std::sync::poison::mutex::MutexGuard<core::option::Option<test::run_test::{closure_env#0}>>> (inlined)
            |                                |                     |                     {closure#1} (inlined)
            |                                |                     |                     __rust_begin_short_backtrace<test::run_test::{closure_env#1}, ()> (inlined)
            |                                |                     |                     {closure#1}<test::run_test::{closure_env#1}, ()> (inlined)
            |                                |                     |                     call_once<std::thread::lifecycle::spawn_unchecked::{closure_env#1}<test::run_test::{closure_env#1}, ()>, ()> (inlined)
            |                                |                     |                     size_of_val_raw<(dyn core::ops::function::FnOnce<(), Output=()> + core::marker::Send)> (inlined)
            |                                |                     |                     for_value_raw<(dyn core::ops::function::FnOnce<(), Output=()> + core::marker::Send)> (inlined)
            |                                |                     |                     drop<(dyn core::ops::function::FnOnce<(), Output=()> + core::marker::Send), alloc::alloc::Global> (inlined)
            |                                |                     |                     call_once<(), (dyn core::ops::function::FnOnce<(), Output=()> + core::marker::Send), alloc::alloc::Global> (inlined)
            |                                |                     |                     thread_start (inlined)
            |                                |                     |                     start_thread
            |                                |                     |                     __GI___clone3
            |                                |                     |          
            |                                |                      --1.03%--cmp_bezier_parameter (inlined)
            |                                |                                branch<hypercurve::classify::Classification<core::cmp::Ordering>, hypercurve::error::CurveError> (inlined)
            |                                |                                select_promoted_bezier_parameter (inlined)
            |                                |                                promoted_bezier_parameter (inlined)
            |                                |                                branch<hypercurve::classify::Classification<hypercurve::bezier_parameter::BezierParameter2>, hypercurve::error::CurveError> (inlined)
            |                                |                                promoted_bezier_parameter_complete (inlined)
            |                                |                                |          
            |                                |                                 --0.54%--replace<bool> (inlined)
            |                                |                                           replace<bool> (inlined)
            |                                |                                           set<bool> (inlined)
            |                                |                                           {closure#0} (inlined)
            |                                |                                           try_with<core::cell::Cell<bool>, hypercurve::policy::{impl#3}::drop::{closure_env#0}, ()> (inlined)
            |                                |                                           with<core::cell::Cell<bool>, hypercurve::policy::{impl#3}::drop::{closure_env#0}, ()> (inlined)
            |                                |                                           drop (inlined)
            |                                |                                           drop_glue<hypercurve::policy::StrictPredicatePass> (inlined)
            |                                |                                           strict_predicate_pass<core::result::Result<hypercurve::classify::Classification<hypercurve::bezier_parameter::BezierParameter2>, hypercurve::error::CurveError>, hypercurve::bezier_offset::{impl#111}::recursive_projective_point::{closure_env#0}> (inlined)
            |                                |                                           recursive_projective_point (inlined)
            |                                |                                           branch<hypercurve::classify::Classification<core::option::Option<hypercurve::bezier_offset::BezierRecursiveQuadraticProjectivePoint2>>, hypercurve::error::CurveError> (inlined)
            |                                |                                           recursive_projective_point_source (inlined)
            |                                |                                           branch<hypercurve::classify::Classification<core::option::Option<hypercurve::bezier_offset::BezierRecursiveProjectivePointSource2>>, hypercurve::error::CurveError> (inlined)
            |                                |                                           recursive_projective_evidence_points (inlined)
            |                                |                                           branch<hypercurve::classify::Classification<core::option::Option<alloc::vec::Vec<hypercurve::bezier_offset::BezierRecursiveQuadraticProjectivePoint2, alloc::alloc::Global>>>, hypercurve::error::CurveError> (inlined)
            |                                |                                           recursive_projective_point (inlined)
            |                                |                                           branch<hypercurve::classify::Classification<core::option::Option<hypercurve::bezier_offset::BezierRecursiveQuadraticProjectivePoint2>>, hypercurve::error::CurveError> (inlined)
            |                                |                                           recursive_projective_point_source (inlined)
            |                                |                                           branch<hypercurve::classify::Classification<core::option::Option<hypercurve::bezier_offset::BezierRecursiveProjectivePointSource2>>, hypercurve::error::CurveError> (inlined)
            |                                |                                           recursive_projective_evidence_points (inlined)
            |                                |                                           branch<hypercurve::classify::Classification<core::option::Option<alloc::vec::Vec<hypercurve::bezier_offset::BezierRecursiveQuadraticProjectivePoint2, alloc::alloc::Global>>>, hypercurve::error::CurveError> (inlined)
            |                                |                                           recursive_projective_point_evidence_equality (inlined)
            |                                |                                           same_point (inlined)
            |                                |                                           build_split_topology (inlined)
            |                                |                                           branch<hypercurve::curve_region_boolean::CurveRegionSplitTopology, hypercurve::error::ExactCurveError> (inlined)
            |                                |                                           build_boolean_topology (inlined)
            |                                |                                           branch<hypercurve::curve_region_boolean::CurveRegionBooleanTopology, hypercurve::error::ExactCurveError> (inlined)
            |                                |                                           build_boolean_regions (inlined)
            |                                |                                           boolean_regions_raw (inlined)
            |                                |                                           {closure#0} (inlined)
            |                                |                                           map<hypercurve::curve_region_boolean::CurveRegionBooleanResults2, hypercurve::error::ExactCurveError, hypercurve::policy::CurveOutcome<hypercurve::curve_region_boolean::CurveRegionBooleanResults2>, hypercurve::policy::resolve_certified_operation::{closure_env#2}<hypercurve::curve_region_boolean::CurveRegionBooleanResults2, hypercurve::error::ExactCurveError, hypercurve::curve_region_boolean::{impl#11}::boolean_regions::{closure_env#0}>> (inlined)
            |                                |                                           resolve_certified_operation<hypercurve::curve_region_boolean::CurveRegionBooleanResults2, hypercurve::error::ExactCurveError, hypercurve::curve_region_boolean::{impl#11}::boolean_regions::{closure_env#0}> (inlined)
            |                                |                                           boolean_regions (inlined)
            |                                |                                           expect<hypercurve::policy::CurveOutcome<hypercurve::curve_region_boolean::CurveRegionBooleanResults2>, hypercurve::error::ExactCurveError> (inlined)
            |                                |                                           selected_fiber_genuinely_analytic_contacts_complete_region_booleans (inlined)
            |                                |                                           assert_test_result<()> (inlined)
            |                                |                                           {closure#0} (inlined)
            |                                |                                           call_once<hypercurve::bezier_offset::conversion_tests::selected_fiber_genuinely_analytic_contacts_complete_region_booleans::{closure_env#0}, ()> (inlined)
            |                                |                                           __rust_begin_short_backtrace<core::result::Result<(), alloc::string::String>, fn() -> core::result::Result<(), alloc::string::String>> (inlined)
            |                                |                                           do_call<core::panic::unwind_safe::AssertUnwindSafe<test::run_test_in_process::{closure_env#0}>, core::result::Result<(), alloc::string::String>> (inlined)
            |                                |                                           catch_unwind<core::result::Result<(), alloc::string::String>, core::panic::unwind_safe::AssertUnwindSafe<test::run_test_in_process::{closure_env#0}>> (inlined)
            |                                |                                           catch_unwind<core::panic::unwind_safe::AssertUnwindSafe<test::run_test_in_process::{closure_env#0}>, core::result::Result<(), alloc::string::String>> (inlined)
            |                                |                                           run_test_in_process (inlined)
            |                                |                                           {closure#0} (inlined)
            |                                |                                           done (inlined)
            |                                |                                           drop<core::option::Option<test::run_test::{closure_env#0}>> (inlined)
            |                                |                                           drop_glue<std::sync::poison::mutex::MutexGuard<core::option::Option<test::run_test::{closure_env#0}>>> (inlined)
            |                                |                                           {closure#1} (inlined)
            |                                |                                           __rust_begin_short_backtrace<test::run_test::{closure_env#1}, ()> (inlined)
            |                                |                                           {closure#1}<test::run_test::{closure_env#1}, ()> (inlined)
            |                                |                                           call_once<std::thread::lifecycle::spawn_unchecked::{closure_env#1}<test::run_test::{closure_env#1}, ()>, ()> (inlined)
            |                                |                                           size_of_val_raw<(dyn core::ops::function::FnOnce<(), Output=()> + core::marker::Send)> (inlined)
            |                                |                                           for_value_raw<(dyn core::ops::function::FnOnce<(), Output=()> + core::marker::Send)> (inlined)
            |                                |                                           drop<(dyn core::ops::function::FnOnce<(), Output=()> + core::marker::Send), alloc::alloc::Global> (inlined)
            |                                |                                           call_once<(), (dyn core::ops::function::FnOnce<(), Output=()> + core::marker::Send), alloc::alloc::Global> (inlined)
            |                                |                                           thread_start (inlined)
            |                                |                                           start_thread
            |                                |                                           __GI___clone3
            |                                |          
            |                                 --1.50%--selected_parallel_normal_rational_selected_fiber_intersections (inlined)
            |                                           branch<hypercurve::classify::Classification<hypercurve::bezier_offset::BezierAlgebraicCuspSemicircleRationalIntersections2>, hypercurve::error::CurveError> (inlined)
            |                                           selected_parallel_normal_rational_intersections_internal (inlined)
            |                                           rational_intersections_internal (inlined)
            |                                           map_err<hypercurve::classify::Classification<(hypercurve::bezier_offset::BezierAlgebraicCuspSemicircleRationalIntersections2, core::option::Option<hypercurve::bezier_offset::BezierAlgebraicCuspSemicircleRationalParameterMap2>)>, hypercurve::error::CurveError, hypercurve::error::ExactCurveError, hypercurve::curve_region_boolean::{impl#12}::algebraic_cusp_rational_pair_result::{closure_env#0}> (inlined)
            |                                           algebraic_cusp_rational_pair_result (inlined)
            |                                           atomic_sub<usize, usize> (inlined)
            |                                           fetch_sub (inlined)
            |                                           drop<hypercurve::rational_bezier_general::RationalBezierData, alloc::alloc::Global> (inlined)
            |                                           drop_glue<alloc::sync::Arc<hypercurve::rational_bezier_general::RationalBezierData, alloc::alloc::Global>> (inlined)
            |                                           drop_glue<hypercurve::rational_bezier_general::RationalBezier2> (inlined)
            |                                           pair_result (inlined)
            |                                           branch<hypercurve::curve_region_boolean::RegionPairResult, hypercurve::error::ExactCurveError> (inlined)
            |                                           |          
            |                                           |--0.81%--build_intersection_evidence (inlined)
            |                                           |          intersect_region_raw (inlined)
            |                                           |          {closure#0} (inlined)
            |                                           |          resolve_certified_operation<hypercurve::curve_region_boolean::CurveRegionIntersectionResult2, hypercurve::error::ExactCurveError, hypercurve::curve_region_boolean::{impl#11}::intersect_region::{closure_env#0}> (inlined)
            |                                           |          intersect_region (inlined)
            |                                           |          expect<hypercurve::policy::CurveOutcome<hypercurve::curve_region_boolean::CurveRegionIntersectionResult2>, hypercurve::error::ExactCurveError> (inlined)
            |                                           |          selected_fiber_genuinely_analytic_contacts_complete_region_booleans (inlined)
            |                                           |          assert_test_result<()> (inlined)
            |                                           |          {closure#0} (inlined)
            |                                           |          call_once<hypercurve::bezier_offset::conversion_tests::selected_fiber_genuinely_analytic_contacts_complete_region_booleans::{closure_env#0}, ()> (inlined)
            |                                           |          __rust_begin_short_backtrace<core::result::Result<(), alloc::string::String>, fn() -> core::result::Result<(), alloc::string::String>> (inlined)
            |                                           |          do_call<core::panic::unwind_safe::AssertUnwindSafe<test::run_test_in_process::{closure_env#0}>, core::result::Result<(), alloc::string::String>> (inlined)
            |                                           |          catch_unwind<core::result::Result<(), alloc::string::String>, core::panic::unwind_safe::AssertUnwindSafe<test::run_test_in_process::{closure_env#0}>> (inlined)
            |                                           |          catch_unwind<core::panic::unwind_safe::AssertUnwindSafe<test::run_test_in_process::{closure_env#0}>, core::result::Result<(), alloc::string::String>> (inlined)
            |                                           |          run_test_in_process (inlined)
            |                                           |          {closure#0} (inlined)
            |                                           |          done (inlined)
            |                                           |          drop<core::option::Option<test::run_test::{closure_env#0}>> (inlined)
            |                                           |          drop_glue<std::sync::poison::mutex::MutexGuard<core::option::Option<test::run_test::{closure_env#0}>>> (inlined)
            |                                           |          {closure#1} (inlined)
            |                                           |          __rust_begin_short_backtrace<test::run_test::{closure_env#1}, ()> (inlined)
            |                                           |          {closure#1}<test::run_test::{closure_env#1}, ()> (inlined)
            |                                           |          call_once<std::thread::lifecycle::spawn_unchecked::{closure_env#1}<test::run_test::{closure_env#1}, ()>, ()> (inlined)
            |                                           |          size_of_val_raw<(dyn core::ops::function::FnOnce<(), Output=()> + core::marker::Send)> (inlined)
            |                                           |          for_value_raw<(dyn core::ops::function::FnOnce<(), Output=()> + core::marker::Send)> (inlined)
            |                                           |          drop<(dyn core::ops::function::FnOnce<(), Output=()> + core::marker::Send), alloc::alloc::Global> (inlined)
            |                                           |          call_once<(), (dyn core::ops::function::FnOnce<(), Output=()> + core::marker::Send), alloc::alloc::Global> (inlined)
            |                                           |          thread_start (inlined)
            |                                           |          start_thread
            |                                           |          __GI___clone3
            |                                           |          
            |                                            --0.69%--build_split_topology (inlined)
            |                                                      branch<hypercurve::curve_region_boolean::CurveRegionSplitTopology, hypercurve::error::ExactCurveError> (inlined)
            |                                                      build_boolean_topology (inlined)
            |                                                      branch<hypercurve::curve_region_boolean::CurveRegionBooleanTopology, hypercurve::error::ExactCurveError> (inlined)
            |                                                      build_boolean_regions (inlined)
            |                                                      boolean_regions_raw (inlined)
            |                                                      {closure#0} (inlined)
            |          
            |--1.66%--eq<u64, u64> (inlined)
            |          eq<u64, u64, alloc::alloc::Global, alloc::alloc::Global> (inlined)
            |          eq (inlined)
            |          eq (inlined)
            |          eq (inlined)
            |          equal_same_length<hyperreal::real::arithmetic::Real, hyperreal::real::arithmetic::Real> (inlined)
            |          eq<hyperreal::real::arithmetic::Real, hyperreal::real::arithmetic::Real> (inlined)
            |          eq<hyperreal::real::arithmetic::Real, hyperreal::real::arithmetic::Real, alloc::alloc::Global> (inlined)
            |          eq<alloc::vec::Vec<hyperreal::real::arithmetic::Real, alloc::alloc::Global>, [hyperreal::real::arithmetic::Real]> (inlined)
            |          {closure#1} (inlined)
            |          |          
            |           --1.63%--find<(alloc::vec::Vec<hyperreal::real::arithmetic::Real, alloc::alloc::Global>, core::cmp::Ordering), hypersolve::algebraic_fiber::{impl#3}::sign_polynomial_if_separated::{closure_env#1}> (inlined)
            |                     sign_polynomial_if_separated (inlined)
            |                     sign_if_separated (inlined)
            |                     sign_if_separated (inlined)
            |                     |          
            |                      --1.55%--bernstein_sign_variations<hypersolve::algebraic_fiber::LocalFieldElement, hypersolve::algebraic_fiber::isolate_local_polynomial_roots_bernstein::Context> (inlined)
            |                                branch<core::option::Option<usize>, hypersolve::algebraic_fiber::LocalFieldError> (inlined)
            |                                isolate_ordered_field_polynomial_roots<hypersolve::algebraic_fiber::LocalFieldElement, hypersolve::algebraic_fiber::isolate_local_polynomial_roots_bernstein::Context> (inlined)
            |                                branch<hypersolve::ordered_field_roots::OrderedFieldRootIsolationReport, hypersolve::algebraic_fiber::LocalFieldError> (inlined)
            |                                isolate_local_polynomial_roots_bernstein (inlined)
            |                                isolate_bivariate_fiber_roots_at_algebraic_parameter (inlined)
            |                                isolate_bivariate_fiber_roots_at_algebraic_parameter_complete (inlined)
            |                                |          
            |                                 --1.24%--algebraic_selected_fiber_root_interval_refined (inlined)
            |                                           branch<hypercurve::classify::Classification<hypersolve::root_isolation::IsolatedRootInterval>, hypercurve::error::CurveError> (inlined)
            |                                           |          
            |                                            --1.16%--algebraic_selected_fiber_root_predicate_sign (inlined)
            |                                                      branch<hypercurve::classify::Classification<hyperreal::structural::RealSign>, hypercurve::error::CurveError> (inlined)
            |                                                      |          
            |                                                       --0.78%--algebraic_selected_fiber_root_radical_sum_sign (inlined)
            |                                                                 branch<hypercurve::classify::Classification<hyperreal::structural::RealSign>, hypercurve::error::CurveError> (inlined)
            |                                                                 selected_parallel_normal_rational_selected_fiber_intersections (inlined)
            |                                                                 branch<hypercurve::classify::Classification<hypercurve::bezier_offset::BezierAlgebraicCuspSemicircleRationalIntersections2>, hypercurve::error::CurveError> (inlined)
            |                                                                 selected_parallel_normal_rational_intersections_internal (inlined)
            |                                                                 rational_intersections_internal (inlined)
            |                                                                 map_err<hypercurve::classify::Classification<(hypercurve::bezier_offset::BezierAlgebraicCuspSemicircleRationalIntersections2, core::option::Option<hypercurve::bezier_offset::BezierAlgebraicCuspSemicircleRationalParameterMap2>)>, hypercurve::error::CurveError, hypercurve::error::ExactCurveError, hypercurve::curve_region_boolean::{impl#12}::algebraic_cusp_rational_pair_result::{closure_env#0}> (inlined)
            |                                                                 algebraic_cusp_rational_pair_result (inlined)
            |                                                                 atomic_sub<usize, usize> (inlined)
            |                                                                 fetch_sub (inlined)
            |                                                                 drop<hypercurve::rational_bezier_general::RationalBezierData, alloc::alloc::Global> (inlined)
            |                                                                 drop_glue<alloc::sync::Arc<hypercurve::rational_bezier_general::RationalBezierData, alloc::alloc::Global>> (inlined)
            |                                                                 drop_glue<hypercurve::rational_bezier_general::RationalBezier2> (inlined)
            |                                                                 pair_result (inlined)
            |                                                                 branch<hypercurve::curve_region_boolean::RegionPairResult, hypercurve::error::ExactCurveError> (inlined)
            |          
            |--1.18%--msd_exact (inlined)
            |          eq (inlined)
            |          eq (inlined)
            |          equal_same_length<hyperreal::real::arithmetic::Real, hyperreal::real::arithmetic::Real> (inlined)
            |          eq<hyperreal::real::arithmetic::Real, hyperreal::real::arithmetic::Real> (inlined)
            |          eq<hyperreal::real::arithmetic::Real, hyperreal::real::arithmetic::Real, alloc::alloc::Global> (inlined)
            |          eq<alloc::vec::Vec<hyperreal::real::arithmetic::Real, alloc::alloc::Global>, [hyperreal::real::arithmetic::Real]> (inlined)
            |          {closure#1} (inlined)
            |          |          
            |           --1.15%--find<(alloc::vec::Vec<hyperreal::real::arithmetic::Real, alloc::alloc::Global>, core::cmp::Ordering), hypersolve::algebraic_fiber::{impl#3}::sign_polynomial_if_separated::{closure_env#1}> (inlined)
            |                     sign_polynomial_if_separated (inlined)
            |                     sign_if_separated (inlined)
            |                     sign_if_separated (inlined)
            |                     |          
            |                      --1.04%--bernstein_sign_variations<hypersolve::algebraic_fiber::LocalFieldElement, hypersolve::algebraic_fiber::isolate_local_polynomial_roots_bernstein::Context> (inlined)
            |                                branch<core::option::Option<usize>, hypersolve::algebraic_fiber::LocalFieldError> (inlined)
            |                                isolate_ordered_field_polynomial_roots<hypersolve::algebraic_fiber::LocalFieldElement, hypersolve::algebraic_fiber::isolate_local_polynomial_roots_bernstein::Context> (inlined)
            |                                branch<hypersolve::ordered_field_roots::OrderedFieldRootIsolationReport, hypersolve::algebraic_fiber::LocalFieldError> (inlined)
            |                                isolate_local_polynomial_roots_bernstein (inlined)
            |                                isolate_bivariate_fiber_roots_at_algebraic_parameter (inlined)
            |                                isolate_bivariate_fiber_roots_at_algebraic_parameter_complete (inlined)
            |                                |          
            |                                 --0.84%--algebraic_selected_fiber_root_interval_refined (inlined)
            |                                           branch<hypercurve::classify::Classification<hypersolve::root_isolation::IsolatedRootInterval>, hypercurve::error::CurveError> (inlined)
            |                                           |          
            |                                            --0.76%--algebraic_selected_fiber_root_predicate_sign (inlined)
            |                                                      branch<hypercurve::classify::Classification<hyperreal::structural::RealSign>, hypercurve::error::CurveError> (inlined)
            |                                                      |          
            |                                                       --0.50%--algebraic_selected_fiber_root_radical_sum_sign (inlined)
            |                                                                 branch<hypercurve::classify::Classification<hyperreal::structural::RealSign>, hypercurve::error::CurveError> (inlined)
            |                                                                 selected_parallel_normal_rational_selected_fiber_intersections (inlined)
            |                                                                 branch<hypercurve::classify::Classification<hypercurve::bezier_offset::BezierAlgebraicCuspSemicircleRationalIntersections2>, hypercurve::error::CurveError> (inlined)
            |                                                                 selected_parallel_normal_rational_intersections_internal (inlined)
            |                                                                 rational_intersections_internal (inlined)
            |                                                                 map_err<hypercurve::classify::Classification<(hypercurve::bezier_offset::BezierAlgebraicCuspSemicircleRationalIntersections2, core::option::Option<hypercurve::bezier_offset::BezierAlgebraicCuspSemicircleRationalParameterMap2>)>, hypercurve::error::CurveError, hypercurve::error::ExactCurveError, hypercurve::curve_region_boolean::{impl#12}::algebraic_cusp_rational_pair_result::{closure_env#0}> (inlined)
            |                                                                 algebraic_cusp_rational_pair_result (inlined)
            |                                                                 atomic_sub<usize, usize> (inlined)
            |                                                                 fetch_sub (inlined)
            |                                                                 drop<hypercurve::rational_bezier_general::RationalBezierData, alloc::alloc::Global> (inlined)
            |                                                                 drop_glue<alloc::sync::Arc<hypercurve::rational_bezier_general::RationalBezierData, alloc::alloc::Global>> (inlined)
            |                                                                 drop_glue<hypercurve::rational_bezier_general::RationalBezier2> (inlined)
            |                                                                 pair_result (inlined)
            |                                                                 branch<hypercurve::curve_region_boolean::RegionPairResult, hypercurve::error::ExactCurveError> (inlined)
            |          
             --0.65%--bits (inlined)
                       msd_exact (inlined)
                       eq (inlined)
                       eq (inlined)
                       equal_same_length<hyperreal::real::arithmetic::Real, hyperreal::real::arithmetic::Real> (inlined)
                       eq<hyperreal::real::arithmetic::Real, hyperreal::real::arithmetic::Real> (inlined)
                       eq<hyperreal::real::arithmetic::Real, hyperreal::real::arithmetic::Real, alloc::alloc::Global> (inlined)
                       eq<alloc::vec::Vec<hyperreal::real::arithmetic::Real, alloc::alloc::Global>, [hyperreal::real::arithmetic::Real]> (inlined)
                       {closure#1} (inlined)
                       |          
                        --0.64%--find<(alloc::vec::Vec<hyperreal::real::arithmetic::Real, alloc::alloc::Global>, core::cmp::Ordering), hypersolve::algebraic_fiber::{impl#3}::sign_polynomial_if_separated::{closure_env#1}> (inlined)
                                  sign_polynomial_if_separated (inlined)
                                  sign_if_separated (inlined)
                                  sign_if_separated (inlined)
                                  |          
                                   --0.63%--bernstein_sign_variations<hypersolve::algebraic_fiber::LocalFieldElement, hypersolve::algebraic_fiber::isolate_local_polynomial_roots_bernstein::Context> (inlined)
                                             branch<core::option::Option<usize>, hypersolve::algebraic_fiber::LocalFieldError> (inlined)
                                             isolate_ordered_field_polynomial_roots<hypersolve::algebraic_fiber::LocalFieldElement, hypersolve::algebraic_fiber::isolate_local_polynomial_roots_bernstein::Context> (inlined)
                                             branch<hypersolve::ordered_field_roots::OrderedFieldRootIsolationReport, hypersolve::algebraic_fiber::LocalFieldError> (inlined)
                                             isolate_local_polynomial_roots_bernstein (inlined)
                                             isolate_bivariate_fiber_roots_at_algebraic_parameter (inlined)
                                             isolate_bivariate_fiber_roots_at_algebraic_parameter_complete (inlined)

 8.23%  ,[.] <hyperreal::rational::arithmetic::Rational>::gcd_wide_magnitudes                                                                                                                                                                                                                                                                                ,-      -            
            |          
            |--2.69%--overflowing_mul (inlined)
            |          checked_mul (inlined)
            |          |          
            |           --2.68%--lehmer_gcd_matrix (inlined)
            |                     gcd_wide_magnitudes (inlined)
            |                     |          
            |                      --2.50%--gcd_magnitudes_with_mixed_width_fast_path (inlined)
            |                                |          
            |                                |--1.31%--atomic_load<u32> (inlined)
            |                                |          load (inlined)
            |                                |          is_completed (inlined)
            |                                |          call_once_force<std::sync::lazy_lock::{impl#0}::force::{closure_env#0}<num_bigint::biguint::BigUint, fn() -> num_bigint::biguint::BigUint>> (inlined)
            |                                |          force<num_bigint::biguint::BigUint, fn() -> num_bigint::biguint::BigUint> (inlined)
            |                                |          deref<num_bigint::biguint::BigUint, fn() -> num_bigint::biguint::BigUint> (inlined)
            |                                |          |          
            |                                |           --1.17%--reduce_with_possible_divisor (inlined)
            |                                |                     add_ref (inlined)
            |                                |                     add<&hyperreal::real::arithmetic::Real> (inlined)
            |                                |                     add<&hyperreal::real::arithmetic::Real> (inlined)
            |                                |                     add_polynomials (inlined)
            |                                |                     branch<alloc::vec::Vec<hyperreal::real::arithmetic::Real, alloc::alloc::Global>, hypersolve::algebraic_fiber::LocalFieldError> (inlined)
            |                                |                     combine (inlined)
            |                                |                     branch<hypersolve::algebraic_fiber::LocalFieldElement, hypersolve::algebraic_fiber::LocalFieldError> (inlined)
            |                                |                     power_to_bernstein_on_interval<hypersolve::algebraic_fiber::LocalFieldElement, hypersolve::algebraic_fiber::isolate_local_polynomial_roots_bernstein::Context> (inlined)
            |                                |                     branch<core::option::Option<alloc::vec::Vec<hypersolve::algebraic_fiber::LocalFieldElement, alloc::alloc::Global>>, hypersolve::algebraic_fiber::LocalFieldError> (inlined)
            |                                |                     isolate_ordered_field_polynomial_roots<hypersolve::algebraic_fiber::LocalFieldElement, hypersolve::algebraic_fiber::isolate_local_polynomial_roots_bernstein::Context> (inlined)
            |                                |                     branch<hypersolve::ordered_field_roots::OrderedFieldRootIsolationReport, hypersolve::algebraic_fiber::LocalFieldError> (inlined)
            |                                |                     isolate_local_polynomial_roots_bernstein (inlined)
            |                                |                     isolate_bivariate_fiber_roots_at_algebraic_parameter (inlined)
            |                                |                     isolate_bivariate_fiber_roots_at_algebraic_parameter_complete (inlined)
            |                                |                     |          
            |                                |                      --0.93%--algebraic_selected_fiber_root_interval_refined (inlined)
            |                                |                                branch<hypercurve::classify::Classification<hypersolve::root_isolation::IsolatedRootInterval>, hypercurve::error::CurveError> (inlined)
            |                                |                                |          
            |                                |                                 --0.84%--algebraic_selected_fiber_root_predicate_sign (inlined)
            |                                |                                           branch<hypercurve::classify::Classification<hyperreal::structural::RealSign>, hypercurve::error::CurveError> (inlined)
            |                                |                                           |          
            |                                |                                            --0.55%--algebraic_selected_fiber_root_radical_sum_sign (inlined)
            |                                |                                                      branch<hypercurve::classify::Classification<hyperreal::structural::RealSign>, hypercurve::error::CurveError> (inlined)
            |                                |                                                      selected_parallel_normal_rational_selected_fiber_intersections (inlined)
            |                                |                                                      branch<hypercurve::classify::Classification<hypercurve::bezier_offset::BezierAlgebraicCuspSemicircleRationalIntersections2>, hypercurve::error::CurveError> (inlined)
            |                                |                                                      selected_parallel_normal_rational_intersections_internal (inlined)
            |                                |                                                      rational_intersections_internal (inlined)
            |                                |                                                      map_err<hypercurve::classify::Classification<(hypercurve::bezier_offset::BezierAlgebraicCuspSemicircleRationalIntersections2, core::option::Option<hypercurve::bezier_offset::BezierAlgebraicCuspSemicircleRationalParameterMap2>)>, hypercurve::error::CurveError, hypercurve::error::ExactCurveError, hypercurve::curve_region_boolean::{impl#12}::algebraic_cusp_rational_pair_result::{closure_env#0}> (inlined)
            |                                |                                                      algebraic_cusp_rational_pair_result (inlined)
            |                                |                                                      atomic_sub<usize, usize> (inlined)
            |                                |                                                      fetch_sub (inlined)
            |                                |                                                      drop<hypercurve::rational_bezier_general::RationalBezierData, alloc::alloc::Global> (inlined)
            |                                |                                                      drop_glue<alloc::sync::Arc<hypercurve::rational_bezier_general::RationalBezierData, alloc::alloc::Global>> (inlined)
            |                                |                                                      drop_glue<hypercurve::rational_bezier_general::RationalBezier2> (inlined)
            |                                |                                                      pair_result (inlined)
            |                                |                                                      branch<hypercurve::curve_region_boolean::RegionPairResult, hypercurve::error::ExactCurveError> (inlined)
            |                                |          
            |                                 --1.19%--mul_wide_with_dyadic_denominator (inlined)
            |                                           mul<&hyperreal::rational::arithmetic::Rational> (inlined)
            |                                           exact_rational_unchecked (inlined)
            |                                           new (inlined)
            |                                           mul<&hyperreal::real::arithmetic::Real> (inlined)
            |                                           write<hyperreal::real::arithmetic::Real> (inlined)
            |                                           {closure#0}<hyperreal::real::arithmetic::Real, alloc::alloc::Global, core::iter::adapters::map::Map<core::slice::iter::Iter<hyperreal::real::arithmetic::Real>, hypersolve::algebraic_fiber::{impl#2}::scale::{closure_env#0}>> (inlined)
            |                                           {closure#0}<hyperreal::real::arithmetic::Real, alloc::vec::{impl#21}::extend_trusted::{closure_env#0}<hyperreal::real::arithmetic::Real, alloc::alloc::Global, core::iter::adapters::map::Map<core::slice::iter::Iter<hyperreal::real::arithmetic::Real>, hypersolve::algebraic_fiber::{impl#2}::scale::{closure_env#0}>>> (inlined)
            |                                           {closure#0}<&hyperreal::real::arithmetic::Real, hyperreal::real::arithmetic::Real, (), hypersolve::algebraic_fiber::{impl#2}::scale::{closure_env#0}, core::iter::traits::iterator::Iterator::for_each::call::{closure_env#0}<hyperreal::real::arithmetic::Real, alloc::vec::{impl#21}::extend_trusted::{closure_env#0}<hyperreal::real::arithmetic::Real, alloc::alloc::Global, core::iter::adapters::map::Map<core::slice::iter::Iter<hyperreal::real::arithmetic::Real>, hypersolve::algebraic_fiber::{impl#2}::scale::{closure_env#0}>>>> (inlined)
            |                                           fold<hyperreal::real::arithmetic::Real, (), core::iter::adapters::map::map_fold::{closure_env#0}<&hyperreal::real::arithmetic::Real, hyperreal::real::arithmetic::Real, (), hypersolve::algebraic_fiber::{impl#2}::scale::{closure_env#0}, core::iter::traits::iterator::Iterator::for_each::call::{closure_env#0}<hyperreal::real::arithmetic::Real, alloc::vec::{impl#21}::extend_trusted::{closure_env#0}<hyperreal::real::arithmetic::Real, alloc::alloc::Global, core::iter::adapters::map::Map<core::slice::iter::Iter<hyperreal::real::arithmetic::Real>, hypersolve::algebraic_fiber::{impl#2}::scale::{closure_env#0}>>>>> (inlined)
            |                                           fold<hyperreal::real::arithmetic::Real, core::slice::iter::Iter<hyperreal::real::arithmetic::Real>, hypersolve::algebraic_fiber::{impl#2}::scale::{closure_env#0}, (), core::iter::traits::iterator::Iterator::for_each::call::{closure_env#0}<hyperreal::real::arithmetic::Real, alloc::vec::{impl#21}::extend_trusted::{closure_env#0}<hyperreal::real::arithmetic::Real, alloc::alloc::Global, core::iter::adapters::map::Map<core::slice::iter::Iter<hyperreal::real::arithmetic::Real>, hypersolve::algebraic_fiber::{impl#2}::scale::{closure_env#0}>>>> (inlined)
            |                                           for_each<core::iter::adapters::map::Map<core::slice::iter::Iter<hyperreal::real::arithmetic::Real>, hypersolve::algebraic_fiber::{impl#2}::scale::{closure_env#0}>, alloc::vec::{impl#21}::extend_trusted::{closure_env#0}<hyperreal::real::arithmetic::Real, alloc::alloc::Global, core::iter::adapters::map::Map<core::slice::iter::Iter<hyperreal::real::arithmetic::Real>, hypersolve::algebraic_fiber::{impl#2}::scale::{closure_env#0}>>> (inlined)
            |                                           extend_trusted<hyperreal::real::arithmetic::Real, alloc::alloc::Global, core::iter::adapters::map::Map<core::slice::iter::Iter<hyperreal::real::arithmetic::Real>, hypersolve::algebraic_fiber::{impl#2}::scale::{closure_env#0}>> (inlined)
            |                                           spec_extend<hyperreal::real::arithmetic::Real, core::iter::adapters::map::Map<core::slice::iter::Iter<hyperreal::real::arithmetic::Real>, hypersolve::algebraic_fiber::{impl#2}::scale::{closure_env#0}>, alloc::alloc::Global> (inlined)
            |                                           from_iter<hyperreal::real::arithmetic::Real, core::iter::adapters::map::Map<core::slice::iter::Iter<hyperreal::real::arithmetic::Real>, hypersolve::algebraic_fiber::{impl#2}::scale::{closure_env#0}>> (inlined)
            |                                           from_iter<hyperreal::real::arithmetic::Real, core::iter::adapters::map::Map<core::slice::iter::Iter<hyperreal::real::arithmetic::Real>, hypersolve::algebraic_fiber::{impl#2}::scale::{closure_env#0}>> (inlined)
            |                                           from_iter<hyperreal::real::arithmetic::Real, core::iter::adapters::map::Map<core::slice::iter::Iter<hyperreal::real::arithmetic::Real>, hypersolve::algebraic_fiber::{impl#2}::scale::{closure_env#0}>> (inlined)
            |                                           collect<core::iter::adapters::map::Map<core::slice::iter::Iter<hyperreal::real::arithmetic::Real>, hypersolve::algebraic_fiber::{impl#2}::scale::{closure_env#0}>, alloc::vec::Vec<hyperreal::real::arithmetic::Real, alloc::alloc::Global>> (inlined)
            |                                           scale (inlined)
            |                                           branch<hypersolve::algebraic_fiber::LocalFieldElement, hypersolve::algebraic_fiber::LocalFieldError> (inlined)
            |                                           power_to_bernstein_on_interval<hypersolve::algebraic_fiber::LocalFieldElement, hypersolve::algebraic_fiber::isolate_local_polynomial_roots_bernstein::Context> (inlined)
            |                                           branch<core::option::Option<alloc::vec::Vec<hypersolve::algebraic_fiber::LocalFieldElement, alloc::alloc::Global>>, hypersolve::algebraic_fiber::LocalFieldError> (inlined)
            |                                           isolate_ordered_field_polynomial_roots<hypersolve::algebraic_fiber::LocalFieldElement, hypersolve::algebraic_fiber::isolate_local_polynomial_roots_bernstein::Context> (inlined)
            |                                           branch<hypersolve::ordered_field_roots::OrderedFieldRootIsolationReport, hypersolve::algebraic_fiber::LocalFieldError> (inlined)
            |                                           isolate_local_polynomial_roots_bernstein (inlined)
            |                                           isolate_bivariate_fiber_roots_at_algebraic_parameter (inlined)
            |                                           isolate_bivariate_fiber_roots_at_algebraic_parameter_complete (inlined)
            |                                           |          
            |                                            --0.86%--algebraic_selected_fiber_root_interval_refined (inlined)
            |                                                      branch<hypercurve::classify::Classification<hypersolve::root_isolation::IsolatedRootInterval>, hypercurve::error::CurveError> (inlined)
            |                                                      |          
            |                                                       --0.80%--algebraic_selected_fiber_root_predicate_sign (inlined)
            |                                                                 branch<hypercurve::classify::Classification<hyperreal::structural::RealSign>, hypercurve::error::CurveError> (inlined)
            |                                                                 |          
            |                                                                  --0.57%--algebraic_selected_fiber_root_radical_sum_sign (inlined)
            |                                                                            branch<hypercurve::classify::Classification<hyperreal::structural::RealSign>, hypercurve::error::CurveError> (inlined)
            |                                                                            selected_parallel_normal_rational_selected_fiber_intersections (inlined)
            |                                                                            branch<hypercurve::classify::Classification<hypercurve::bezier_offset::BezierAlgebraicCuspSemicircleRationalIntersections2>, hypercurve::error::CurveError> (inlined)
            |                                                                            selected_parallel_normal_rational_intersections_internal (inlined)
            |                                                                            rational_intersections_internal (inlined)
            |                                                                            map_err<hypercurve::classify::Classification<(hypercurve::bezier_offset::BezierAlgebraicCuspSemicircleRationalIntersections2, core::option::Option<hypercurve::bezier_offset::BezierAlgebraicCuspSemicircleRationalParameterMap2>)>, hypercurve::error::CurveError, hypercurve::error::ExactCurveError, hypercurve::curve_region_boolean::{impl#12}::algebraic_cusp_rational_pair_result::{closure_env#0}> (inlined)
            |                                                                            algebraic_cusp_rational_pair_result (inlined)
            |                                                                            atomic_sub<usize, usize> (inlined)
            |                                                                            fetch_sub (inlined)
            |                                                                            drop<hypercurve::rational_bezier_general::RationalBezierData, alloc::alloc::Global> (inlined)
            |                                                                            drop_glue<alloc::sync::Arc<hypercurve::rational_bezier_general::RationalBezierData, alloc::alloc::Global>> (inlined)
            |                                                                            drop_glue<hypercurve::rational_bezier_general::RationalBezier2> (inlined)
            |                                                                            pair_result (inlined)
            |                                                                            branch<hypercurve::curve_region_boolean::RegionPairResult, hypercurve::error::ExactCurveError> (inlined)
            |          
            |--1.28%--gcd_wide_magnitudes (inlined)
            |          |          
            |           --1.11%--gcd_magnitudes_with_mixed_width_fast_path (inlined)
            |                     |          
            |                      --0.63%--atomic_load<u32> (inlined)
            |                                load (inlined)
            |                                is_completed (inlined)
            |                                call_once_force<std::sync::lazy_lock::{impl#0}::force::{closure_env#0}<num_bigint::biguint::BigUint, fn() -> num_bigint::biguint::BigUint>> (inlined)
            |                                force<num_bigint::biguint::BigUint, fn() -> num_bigint::biguint::BigUint> (inlined)
            |                                deref<num_bigint::biguint::BigUint, fn() -> num_bigint::biguint::BigUint> (inlined)
            |                                |          
            |                                 --0.58%--reduce_with_possible_divisor (inlined)
            |                                           add_ref (inlined)
            |                                           add<&hyperreal::real::arithmetic::Real> (inlined)
            |                                           add<&hyperreal::real::arithmetic::Real> (inlined)
            |                                           add_polynomials (inlined)
            |                                           branch<alloc::vec::Vec<hyperreal::real::arithmetic::Real, alloc::alloc::Global>, hypersolve::algebraic_fiber::LocalFieldError> (inlined)
            |                                           combine (inlined)
            |                                           branch<hypersolve::algebraic_fiber::LocalFieldElement, hypersolve::algebraic_fiber::LocalFieldError> (inlined)
            |                                           power_to_bernstein_on_interval<hypersolve::algebraic_fiber::LocalFieldElement, hypersolve::algebraic_fiber::isolate_local_polynomial_roots_bernstein::Context> (inlined)
            |                                           branch<core::option::Option<alloc::vec::Vec<hypersolve::algebraic_fiber::LocalFieldElement, alloc::alloc::Global>>, hypersolve::algebraic_fiber::LocalFieldError> (inlined)
            |                                           isolate_ordered_field_polynomial_roots<hypersolve::algebraic_fiber::LocalFieldElement, hypersolve::algebraic_fiber::isolate_local_polynomial_roots_bernstein::Context> (inlined)
            |                                           branch<hypersolve::ordered_field_roots::OrderedFieldRootIsolationReport, hypersolve::algebraic_fiber::LocalFieldError> (inlined)
            |                                           isolate_local_polynomial_roots_bernstein (inlined)
            |                                           isolate_bivariate_fiber_roots_at_algebraic_parameter (inlined)
            |                                           isolate_bivariate_fiber_roots_at_algebraic_parameter_complete (inlined)
            |          
            |--1.18%--unlikely (inlined)
            |          |          
            |           --1.13%--checked_sub (inlined)
            |                     lehmer_gcd_matrix (inlined)
            |                     gcd_wide_magnitudes (inlined)
            |                     |          
            |                      --1.09%--gcd_magnitudes_with_mixed_width_fast_path (inlined)
            |                                |          
            |                                 --0.60%--atomic_load<u32> (inlined)
            |                                           load (inlined)
            |                                           is_completed (inlined)
            |                                           call_once_force<std::sync::lazy_lock::{impl#0}::force::{closure_env#0}<num_bigint::biguint::BigUint, fn() -> num_bigint::biguint::BigUint>> (inlined)
            |                                           force<num_bigint::biguint::BigUint, fn() -> num_bigint::biguint::BigUint> (inlined)
            |                                           deref<num_bigint::biguint::BigUint, fn() -> num_bigint::biguint::BigUint> (inlined)
            |                                           |          
            |                                            --0.56%--reduce_with_possible_divisor (inlined)
            |                                                      add_ref (inlined)
            |                                                      add<&hyperreal::real::arithmetic::Real> (inlined)
            |                                                      add<&hyperreal::real::arithmetic::Real> (inlined)
            |                                                      add_polynomials (inlined)
            |                                                      branch<alloc::vec::Vec<hyperreal::real::arithmetic::Real, alloc::alloc::Global>, hypersolve::algebraic_fiber::LocalFieldError> (inlined)
            |                                                      combine (inlined)
            |                                                      branch<hypersolve::algebraic_fiber::LocalFieldElement, hypersolve::algebraic_fiber::LocalFieldError> (inlined)
            |                                                      power_to_bernstein_on_interval<hypersolve::algebraic_fiber::LocalFieldElement, hypersolve::algebraic_fiber::isolate_local_polynomial_roots_bernstein::Context> (inlined)
            |                                                      branch<core::option::Option<alloc::vec::Vec<hypersolve::algebraic_fiber::LocalFieldElement, alloc::alloc::Global>>, hypersolve::algebraic_fiber::LocalFieldError> (inlined)
            |                                                      isolate_ordered_field_polynomial_roots<hypersolve::algebraic_fiber::LocalFieldElement, hypersolve::algebraic_fiber::isolate_local_polynomial_roots_bernstein::Context> (inlined)
            |                                                      branch<hypersolve::ordered_field_roots::OrderedFieldRootIsolationReport, hypersolve::algebraic_fiber::LocalFieldError> (inlined)
            |                                                      isolate_local_polynomial_roots_bernstein (inlined)
            |                                                      isolate_bivariate_fiber_roots_at_algebraic_parameter (inlined)
            |                                                      isolate_bivariate_fiber_roots_at_algebraic_parameter_complete (inlined)
            |          
            |--1.13%--lehmer_gcd_matrix (inlined)
            |          gcd_wide_magnitudes (inlined)
            |          |          
            |           --1.03%--gcd_magnitudes_with_mixed_width_fast_path (inlined)
            |                     |          
            |                     |--0.53%--atomic_load<u32> (inlined)
            |                     |          load (inlined)
            |                     |          is_completed (inlined)
            |                     |          call_once_force<std::sync::lazy_lock::{impl#0}::force::{closure_env#0}<num_bigint::biguint::BigUint, fn() -> num_bigint::biguint::BigUint>> (inlined)
            |                     |          force<num_bigint::biguint::BigUint, fn() -> num_bigint::biguint::BigUint> (inlined)
            |                     |          deref<num_bigint::biguint::BigUint, fn() -> num_bigint::biguint::BigUint> (inlined)
            |                     |          
            |                      --0.51%--mul_wide_with_dyadic_denominator (inlined)
            |                                mul<&hyperreal::rational::arithmetic::Rational> (inlined)
            |                                exact_rational_unchecked (inlined)
            |                                new (inlined)
            |                                mul<&hyperreal::real::arithmetic::Real> (inlined)
            |                                write<hyperreal::real::arithmetic::Real> (inlined)
            |                                {closure#0}<hyperreal::real::arithmetic::Real, alloc::alloc::Global, core::iter::adapters::map::Map<core::slice::iter::Iter<hyperreal::real::arithmetic::Real>, hypersolve::algebraic_fiber::{impl#2}::scale::{closure_env#0}>> (inlined)
            |                                {closure#0}<hyperreal::real::arithmetic::Real, alloc::vec::{impl#21}::extend_trusted::{closure_env#0}<hyperreal::real::arithmetic::Real, alloc::alloc::Global, core::iter::adapters::map::Map<core::slice::iter::Iter<hyperreal::real::arithmetic::Real>, hypersolve::algebraic_fiber::{impl#2}::scale::{closure_env#0}>>> (inlined)
            |                                {closure#0}<&hyperreal::real::arithmetic::Real, hyperreal::real::arithmetic::Real, (), hypersolve::algebraic_fiber::{impl#2}::scale::{closure_env#0}, core::iter::traits::iterator::Iterator::for_each::call::{closure_env#0}<hyperreal::real::arithmetic::Real, alloc::vec::{impl#21}::extend_trusted::{closure_env#0}<hyperreal::real::arithmetic::Real, alloc::alloc::Global, core::iter::adapters::map::Map<core::slice::iter::Iter<hyperreal::real::arithmetic::Real>, hypersolve::algebraic_fiber::{impl#2}::scale::{closure_env#0}>>>> (inlined)
            |                                fold<hyperreal::real::arithmetic::Real, (), core::iter::adapters::map::map_fold::{closure_env#0}<&hyperreal::real::arithmetic::Real, hyperreal::real::arithmetic::Real, (), hypersolve::algebraic_fiber::{impl#2}::scale::{closure_env#0}, core::iter::traits::iterator::Iterator::for_each::call::{closure_env#0}<hyperreal::real::arithmetic::Real, alloc::vec::{impl#21}::extend_trusted::{closure_env#0}<hyperreal::real::arithmetic::Real, alloc::alloc::Global, core::iter::adapters::map::Map<core::slice::iter::Iter<hyperreal::real::arithmetic::Real>, hypersolve::algebraic_fiber::{impl#2}::scale::{closure_env#0}>>>>> (inlined)
            |                                fold<hyperreal::real::arithmetic::Real, core::slice::iter::Iter<hyperreal::real::arithmetic::Real>, hypersolve::algebraic_fiber::{impl#2}::scale::{closure_env#0}, (), core::iter::traits::iterator::Iterator::for_each::call::{closure_env#0}<hyperreal::real::arithmetic::Real, alloc::vec::{impl#21}::extend_trusted::{closure_env#0}<hyperreal::real::arithmetic::Real, alloc::alloc::Global, core::iter::adapters::map::Map<core::slice::iter::Iter<hyperreal::real::arithmetic::Real>, hypersolve::algebraic_fiber::{impl#2}::scale::{closure_env#0}>>>> (inlined)
            |                                for_each<core::iter::adapters::map::Map<core::slice::iter::Iter<hyperreal::real::arithmetic::Real>, hypersolve::algebraic_fiber::{impl#2}::scale::{closure_env#0}>, alloc::vec::{impl#21}::extend_trusted::{closure_env#0}<hyperreal::real::arithmetic::Real, alloc::alloc::Global, core::iter::adapters::map::Map<core::slice::iter::Iter<hyperreal::real::arithmetic::Real>, hypersolve::algebraic_fiber::{impl#2}::scale::{closure_env#0}>>> (inlined)
            |                                extend_trusted<hyperreal::real::arithmetic::Real, alloc::alloc::Global, core::iter::adapters::map::Map<core::slice::iter::Iter<hyperreal::real::arithmetic::Real>, hypersolve::algebraic_fiber::{impl#2}::scale::{closure_env#0}>> (inlined)
            |                                spec_extend<hyperreal::real::arithmetic::Real, core::iter::adapters::map::Map<core::slice::iter::Iter<hyperreal::real::arithmetic::Real>, hypersolve::algebraic_fiber::{impl#2}::scale::{closure_env#0}>, alloc::alloc::Global> (inlined)
            |                                from_iter<hyperreal::real::arithmetic::Real, core::iter::adapters::map::Map<core::slice::iter::Iter<hyperreal::real::arithmetic::Real>, hypersolve::algebraic_fiber::{impl#2}::scale::{closure_env#0}>> (inlined)
            |                                from_iter<hyperreal::real::arithmetic::Real, core::iter::adapters::map::Map<core::slice::iter::Iter<hyperreal::real::arithmetic::Real>, hypersolve::algebraic_fiber::{impl#2}::scale::{closure_env#0}>> (inlined)
            |                                from_iter<hyperreal::real::arithmetic::Real, core::iter::adapters::map::Map<core::slice::iter::Iter<hyperreal::real::arithmetic::Real>, hypersolve::algebraic_fiber::{impl#2}::scale::{closure_env#0}>> (inlined)
            |                                collect<core::iter::adapters::map::Map<core::slice::iter::Iter<hyperreal::real::arithmetic::Real>, hypersolve::algebraic_fiber::{impl#2}::scale::{closure_env#0}>, alloc::vec::Vec<hyperreal::real::arithmetic::Real, alloc::alloc::Global>> (inlined)
            |                                scale (inlined)
            |                                branch<hypersolve::algebraic_fiber::LocalFieldElement, hypersolve::algebraic_fiber::LocalFieldError> (inlined)
            |                                power_to_bernstein_on_interval<hypersolve::algebraic_fiber::LocalFieldElement, hypersolve::algebraic_fiber::isolate_local_polynomial_roots_bernstein::Context> (inlined)
            |                                branch<core::option::Option<alloc::vec::Vec<hypersolve::algebraic_fiber::LocalFieldElement, alloc::alloc::Global>>, hypersolve::algebraic_fiber::LocalFieldError> (inlined)
            |                                isolate_ordered_field_polynomial_roots<hypersolve::algebraic_fiber::LocalFieldElement, hypersolve::algebraic_fiber::isolate_local_polynomial_roots_bernstein::Context> (inlined)
            |                                branch<hypersolve::ordered_field_roots::OrderedFieldRootIsolationReport, hypersolve::algebraic_fiber::LocalFieldError> (inlined)
            |                                isolate_local_polynomial_roots_bernstein (inlined)
            |                                isolate_bivariate_fiber_roots_at_algebraic_parameter (inlined)
            |                                isolate_bivariate_fiber_roots_at_algebraic_parameter_complete (inlined)
            |          
             --0.71%--leading_zeros (inlined)
                       bits (inlined)
                       gcd_wide_magnitudes (inlined)
                       |          
                        --0.62%--gcd_magnitudes_with_mixed_width_fast_path (inlined)

 7.48%  ,[.] num_bigint::biguint::division::div_rem_core                                                                                                                                                                                                                                                                                                     ,-      -            
            |          
            |--2.82%--div_rem_core (inlined)
            |          |          
            |           --2.78%--div_rem_ref (inlined)
            |                     |          
            |                      --2.76%--rem (inlined)
            |                                |          
            |                                 --2.74%--gcd_wide_magnitudes (inlined)
            |                                           |          
            |                                            --2.37%--gcd_magnitudes_with_mixed_width_fast_path (inlined)
            |                                                      |          
            |                                                      |--1.47%--atomic_load<u32> (inlined)
            |                                                      |          load (inlined)
            |                                                      |          is_completed (inlined)
            |                                                      |          call_once_force<std::sync::lazy_lock::{impl#0}::force::{closure_env#0}<num_bigint::biguint::BigUint, fn() -> num_bigint::biguint::BigUint>> (inlined)
            |                                                      |          force<num_bigint::biguint::BigUint, fn() -> num_bigint::biguint::BigUint> (inlined)
            |                                                      |          deref<num_bigint::biguint::BigUint, fn() -> num_bigint::biguint::BigUint> (inlined)
            |                                                      |          |          
            |                                                      |           --1.39%--reduce_with_possible_divisor (inlined)
            |                                                      |                     add_ref (inlined)
            |                                                      |                     add<&hyperreal::real::arithmetic::Real> (inlined)
            |                                                      |                     add<&hyperreal::real::arithmetic::Real> (inlined)
            |                                                      |                     add_polynomials (inlined)
            |                                                      |                     branch<alloc::vec::Vec<hyperreal::real::arithmetic::Real, alloc::alloc::Global>, hypersolve::algebraic_fiber::LocalFieldError> (inlined)
            |                                                      |                     combine (inlined)
            |                                                      |                     branch<hypersolve::algebraic_fiber::LocalFieldElement, hypersolve::algebraic_fiber::LocalFieldError> (inlined)
            |                                                      |                     power_to_bernstein_on_interval<hypersolve::algebraic_fiber::LocalFieldElement, hypersolve::algebraic_fiber::isolate_local_polynomial_roots_bernstein::Context> (inlined)
            |                                                      |                     branch<core::option::Option<alloc::vec::Vec<hypersolve::algebraic_fiber::LocalFieldElement, alloc::alloc::Global>>, hypersolve::algebraic_fiber::LocalFieldError> (inlined)
            |                                                      |                     isolate_ordered_field_polynomial_roots<hypersolve::algebraic_fiber::LocalFieldElement, hypersolve::algebraic_fiber::isolate_local_polynomial_roots_bernstein::Context> (inlined)
            |                                                      |                     branch<hypersolve::ordered_field_roots::OrderedFieldRootIsolationReport, hypersolve::algebraic_fiber::LocalFieldError> (inlined)
            |                                                      |                     isolate_local_polynomial_roots_bernstein (inlined)
            |                                                      |                     isolate_bivariate_fiber_roots_at_algebraic_parameter (inlined)
            |                                                      |                     isolate_bivariate_fiber_roots_at_algebraic_parameter_complete (inlined)
            |                                                      |                     |          
            |                                                      |                      --1.06%--algebraic_selected_fiber_root_interval_refined (inlined)
            |                                                      |                                branch<hypercurve::classify::Classification<hypersolve::root_isolation::IsolatedRootInterval>, hypercurve::error::CurveError> (inlined)
            |                                                      |                                |          
            |                                                      |                                 --0.96%--algebraic_selected_fiber_root_predicate_sign (inlined)
            |                                                      |                                           branch<hypercurve::classify::Classification<hyperreal::structural::RealSign>, hypercurve::error::CurveError> (inlined)
            |                                                      |                                           |          
            |                                                      |                                            --0.55%--algebraic_selected_fiber_root_radical_sum_sign (inlined)
            |                                                      |                                                      branch<hypercurve::classify::Classification<hyperreal::structural::RealSign>, hypercurve::error::CurveError> (inlined)
            |                                                      |                                                      selected_parallel_normal_rational_selected_fiber_intersections (inlined)
            |                                                      |                                                      branch<hypercurve::classify::Classification<hypercurve::bezier_offset::BezierAlgebraicCuspSemicircleRationalIntersections2>, hypercurve::error::CurveError> (inlined)
            |                                                      |                                                      selected_parallel_normal_rational_intersections_internal (inlined)
            |                                                      |                                                      rational_intersections_internal (inlined)
            |                                                      |                                                      map_err<hypercurve::classify::Classification<(hypercurve::bezier_offset::BezierAlgebraicCuspSemicircleRationalIntersections2, core::option::Option<hypercurve::bezier_offset::BezierAlgebraicCuspSemicircleRationalParameterMap2>)>, hypercurve::error::CurveError, hypercurve::error::ExactCurveError, hypercurve::curve_region_boolean::{impl#12}::algebraic_cusp_rational_pair_result::{closure_env#0}> (inlined)
            |                                                      |                                                      algebraic_cusp_rational_pair_result (inlined)
            |                                                      |                                                      atomic_sub<usize, usize> (inlined)
            |                                                      |                                                      fetch_sub (inlined)
            |                                                      |                                                      drop<hypercurve::rational_bezier_general::RationalBezierData, alloc::alloc::Global> (inlined)
            |                                                      |                                                      drop_glue<alloc::sync::Arc<hypercurve::rational_bezier_general::RationalBezierData, alloc::alloc::Global>> (inlined)
            |                                                      |                                                      drop_glue<hypercurve::rational_bezier_general::RationalBezier2> (inlined)
            |                                                      |                                                      pair_result (inlined)
            |                                                      |                                                      branch<hypercurve::curve_region_boolean::RegionPairResult, hypercurve::error::ExactCurveError> (inlined)
            |                                                      |          
            |                                                       --0.87%--mul_wide_with_dyadic_denominator (inlined)
            |                                                                 mul<&hyperreal::rational::arithmetic::Rational> (inlined)
            |                                                                 exact_rational_unchecked (inlined)
            |                                                                 new (inlined)
            |                                                                 mul<&hyperreal::real::arithmetic::Real> (inlined)
            |                                                                 write<hyperreal::real::arithmetic::Real> (inlined)
            |                                                                 {closure#0}<hyperreal::real::arithmetic::Real, alloc::alloc::Global, core::iter::adapters::map::Map<core::slice::iter::Iter<hyperreal::real::arithmetic::Real>, hypersolve::algebraic_fiber::{impl#2}::scale::{closure_env#0}>> (inlined)
            |                                                                 {closure#0}<hyperreal::real::arithmetic::Real, alloc::vec::{impl#21}::extend_trusted::{closure_env#0}<hyperreal::real::arithmetic::Real, alloc::alloc::Global, core::iter::adapters::map::Map<core::slice::iter::Iter<hyperreal::real::arithmetic::Real>, hypersolve::algebraic_fiber::{impl#2}::scale::{closure_env#0}>>> (inlined)
            |                                                                 {closure#0}<&hyperreal::real::arithmetic::Real, hyperreal::real::arithmetic::Real, (), hypersolve::algebraic_fiber::{impl#2}::scale::{closure_env#0}, core::iter::traits::iterator::Iterator::for_each::call::{closure_env#0}<hyperreal::real::arithmetic::Real, alloc::vec::{impl#21}::extend_trusted::{closure_env#0}<hyperreal::real::arithmetic::Real, alloc::alloc::Global, core::iter::adapters::map::Map<core::slice::iter::Iter<hyperreal::real::arithmetic::Real>, hypersolve::algebraic_fiber::{impl#2}::scale::{closure_env#0}>>>> (inlined)
            |                                                                 fold<hyperreal::real::arithmetic::Real, (), core::iter::adapters::map::map_fold::{closure_env#0}<&hyperreal::real::arithmetic::Real, hyperreal::real::arithmetic::Real, (), hypersolve::algebraic_fiber::{impl#2}::scale::{closure_env#0}, core::iter::traits::iterator::Iterator::for_each::call::{closure_env#0}<hyperreal::real::arithmetic::Real, alloc::vec::{impl#21}::extend_trusted::{closure_env#0}<hyperreal::real::arithmetic::Real, alloc::alloc::Global, core::iter::adapters::map::Map<core::slice::iter::Iter<hyperreal::real::arithmetic::Real>, hypersolve::algebraic_fiber::{impl#2}::scale::{closure_env#0}>>>>> (inlined)
            |                                                                 fold<hyperreal::real::arithmetic::Real, core::slice::iter::Iter<hyperreal::real::arithmetic::Real>, hypersolve::algebraic_fiber::{impl#2}::scale::{closure_env#0}, (), core::iter::traits::iterator::Iterator::for_each::call::{closure_env#0}<hyperreal::real::arithmetic::Real, alloc::vec::{impl#21}::extend_trusted::{closure_env#0}<hyperreal::real::arithmetic::Real, alloc::alloc::Global, core::iter::adapters::map::Map<core::slice::iter::Iter<hyperreal::real::arithmetic::Real>, hypersolve::algebraic_fiber::{impl#2}::scale::{closure_env#0}>>>> (inlined)
            |                                                                 for_each<core::iter::adapters::map::Map<core::slice::iter::Iter<hyperreal::real::arithmetic::Real>, hypersolve::algebraic_fiber::{impl#2}::scale::{closure_env#0}>, alloc::vec::{impl#21}::extend_trusted::{closure_env#0}<hyperreal::real::arithmetic::Real, alloc::alloc::Global, core::iter::adapters::map::Map<core::slice::iter::Iter<hyperreal::real::arithmetic::Real>, hypersolve::algebraic_fiber::{impl#2}::scale::{closure_env#0}>>> (inlined)
            |                                                                 extend_trusted<hyperreal::real::arithmetic::Real, alloc::alloc::Global, core::iter::adapters::map::Map<core::slice::iter::Iter<hyperreal::real::arithmetic::Real>, hypersolve::algebraic_fiber::{impl#2}::scale::{closure_env#0}>> (inlined)
            |                                                                 spec_extend<hyperreal::real::arithmetic::Real, core::iter::adapters::map::Map<core::slice::iter::Iter<hyperreal::real::arithmetic::Real>, hypersolve::algebraic_fiber::{impl#2}::scale::{closure_env#0}>, alloc::alloc::Global> (inlined)
            |                                                                 from_iter<hyperreal::real::arithmetic::Real, core::iter::adapters::map::Map<core::slice::iter::Iter<hyperreal::real::arithmetic::Real>, hypersolve::algebraic_fiber::{impl#2}::scale::{closure_env#0}>> (inlined)
            |                                                                 from_iter<hyperreal::real::arithmetic::Real, core::iter::adapters::map::Map<core::slice::iter::Iter<hyperreal::real::arithmetic::Real>, hypersolve::algebraic_fiber::{impl#2}::scale::{closure_env#0}>> (inlined)
            |                                                                 from_iter<hyperreal::real::arithmetic::Real, core::iter::adapters::map::Map<core::slice::iter::Iter<hyperreal::real::arithmetic::Real>, hypersolve::algebraic_fiber::{impl#2}::scale::{closure_env#0}>> (inlined)
            |                                                                 collect<core::iter::adapters::map::Map<core::slice::iter::Iter<hyperreal::real::arithmetic::Real>, hypersolve::algebraic_fiber::{impl#2}::scale::{closure_env#0}>, alloc::vec::Vec<hyperreal::real::arithmetic::Real, alloc::alloc::Global>> (inlined)
            |                                                                 scale (inlined)
            |                                                                 branch<hypersolve::algebraic_fiber::LocalFieldElement, hypersolve::algebraic_fiber::LocalFieldError> (inlined)
            |                                                                 power_to_bernstein_on_interval<hypersolve::algebraic_fiber::LocalFieldElement, hypersolve::algebraic_fiber::isolate_local_polynomial_roots_bernstein::Context> (inlined)
            |                                                                 branch<core::option::Option<alloc::vec::Vec<hypersolve::algebraic_fiber::LocalFieldElement, alloc::alloc::Global>>, hypersolve::algebraic_fiber::LocalFieldError> (inlined)
            |                                                                 isolate_ordered_field_polynomial_roots<hypersolve::algebraic_fiber::LocalFieldElement, hypersolve::algebraic_fiber::isolate_local_polynomial_roots_bernstein::Context> (inlined)
            |                                                                 branch<hypersolve::ordered_field_roots::OrderedFieldRootIsolationReport, hypersolve::algebraic_fiber::LocalFieldError> (inlined)
            |                                                                 isolate_local_polynomial_roots_bernstein (inlined)
            |                                                                 isolate_bivariate_fiber_roots_at_algebraic_parameter (inlined)
            |                                                                 isolate_bivariate_fiber_roots_at_algebraic_parameter_complete (inlined)
            |                                                                 |          
            |                                                                  --0.60%--algebraic_selected_fiber_root_interval_refined (inlined)
            |                                                                            branch<hypercurve::classify::Classification<hypersolve::root_isolation::IsolatedRootInterval>, hypercurve::error::CurveError> (inlined)
            |                                                                            |          
            |                                                                             --0.54%--algebraic_selected_fiber_root_predicate_sign (inlined)
            |                                                                                       branch<hypercurve::classify::Classification<hyperreal::structural::RealSign>, hypercurve::error::CurveError> (inlined)
            |          
            |--1.96%--sub_mul_digit_same_len (inlined)
            |          div_rem_core (inlined)
            |          div_rem_ref (inlined)
            |          |          
            |           --1.94%--rem (inlined)
            |                     gcd_wide_magnitudes (inlined)
            |                     |          
            |                      --1.80%--gcd_magnitudes_with_mixed_width_fast_path (inlined)
            |                                |          
            |                                |--1.11%--atomic_load<u32> (inlined)
            |                                |          load (inlined)
            |                                |          is_completed (inlined)
            |                                |          call_once_force<std::sync::lazy_lock::{impl#0}::force::{closure_env#0}<num_bigint::biguint::BigUint, fn() -> num_bigint::biguint::BigUint>> (inlined)
            |                                |          force<num_bigint::biguint::BigUint, fn() -> num_bigint::biguint::BigUint> (inlined)
            |                                |          deref<num_bigint::biguint::BigUint, fn() -> num_bigint::biguint::BigUint> (inlined)
            |                                |          |          
            |                                |           --1.07%--reduce_with_possible_divisor (inlined)
            |                                |                     add_ref (inlined)
            |                                |                     add<&hyperreal::real::arithmetic::Real> (inlined)
            |                                |                     add<&hyperreal::real::arithmetic::Real> (inlined)
            |                                |                     add_polynomials (inlined)
            |                                |                     branch<alloc::vec::Vec<hyperreal::real::arithmetic::Real, alloc::alloc::Global>, hypersolve::algebraic_fiber::LocalFieldError> (inlined)
            |                                |                     combine (inlined)
            |                                |                     branch<hypersolve::algebraic_fiber::LocalFieldElement, hypersolve::algebraic_fiber::LocalFieldError> (inlined)
            |                                |                     power_to_bernstein_on_interval<hypersolve::algebraic_fiber::LocalFieldElement, hypersolve::algebraic_fiber::isolate_local_polynomial_roots_bernstein::Context> (inlined)
            |                                |                     branch<core::option::Option<alloc::vec::Vec<hypersolve::algebraic_fiber::LocalFieldElement, alloc::alloc::Global>>, hypersolve::algebraic_fiber::LocalFieldError> (inlined)
            |                                |                     isolate_ordered_field_polynomial_roots<hypersolve::algebraic_fiber::LocalFieldElement, hypersolve::algebraic_fiber::isolate_local_polynomial_roots_bernstein::Context> (inlined)
            |                                |                     branch<hypersolve::ordered_field_roots::OrderedFieldRootIsolationReport, hypersolve::algebraic_fiber::LocalFieldError> (inlined)
            |                                |                     isolate_local_polynomial_roots_bernstein (inlined)
            |                                |                     isolate_bivariate_fiber_roots_at_algebraic_parameter (inlined)
            |                                |                     isolate_bivariate_fiber_roots_at_algebraic_parameter_complete (inlined)
            |                                |                     |          
            |                                |                      --0.76%--algebraic_selected_fiber_root_interval_refined (inlined)
            |                                |                                branch<hypercurve::classify::Classification<hypersolve::root_isolation::IsolatedRootInterval>, hypercurve::error::CurveError> (inlined)
            |                                |                                |          
            |                                |                                 --0.73%--algebraic_selected_fiber_root_predicate_sign (inlined)
            |                                |                                           branch<hypercurve::classify::Classification<hyperreal::structural::RealSign>, hypercurve::error::CurveError> (inlined)
            |                                |          
            |                                 --0.67%--mul_wide_with_dyadic_denominator (inlined)
            |                                           mul<&hyperreal::rational::arithmetic::Rational> (inlined)
            |                                           exact_rational_unchecked (inlined)
            |                                           new (inlined)
            |                                           mul<&hyperreal::real::arithmetic::Real> (inlined)
            |                                           write<hyperreal::real::arithmetic::Real> (inlined)
            |                                           {closure#0}<hyperreal::real::arithmetic::Real, alloc::alloc::Global, core::iter::adapters::map::Map<core::slice::iter::Iter<hyperreal::real::arithmetic::Real>, hypersolve::algebraic_fiber::{impl#2}::scale::{closure_env#0}>> (inlined)
            |                                           {closure#0}<hyperreal::real::arithmetic::Real, alloc::vec::{impl#21}::extend_trusted::{closure_env#0}<hyperreal::real::arithmetic::Real, alloc::alloc::Global, core::iter::adapters::map::Map<core::slice::iter::Iter<hyperreal::real::arithmetic::Real>, hypersolve::algebraic_fiber::{impl#2}::scale::{closure_env#0}>>> (inlined)
            |                                           {closure#0}<&hyperreal::real::arithmetic::Real, hyperreal::real::arithmetic::Real, (), hypersolve::algebraic_fiber::{impl#2}::scale::{closure_env#0}, core::iter::traits::iterator::Iterator::for_each::call::{closure_env#0}<hyperreal::real::arithmetic::Real, alloc::vec::{impl#21}::extend_trusted::{closure_env#0}<hyperreal::real::arithmetic::Real, alloc::alloc::Global, core::iter::adapters::map::Map<core::slice::iter::Iter<hyperreal::real::arithmetic::Real>, hypersolve::algebraic_fiber::{impl#2}::scale::{closure_env#0}>>>> (inlined)
            |                                           fold<hyperreal::real::arithmetic::Real, (), core::iter::adapters::map::map_fold::{closure_env#0}<&hyperreal::real::arithmetic::Real, hyperreal::real::arithmetic::Real, (), hypersolve::algebraic_fiber::{impl#2}::scale::{closure_env#0}, core::iter::traits::iterator::Iterator::for_each::call::{closure_env#0}<hyperreal::real::arithmetic::Real, alloc::vec::{impl#21}::extend_trusted::{closure_env#0}<hyperreal::real::arithmetic::Real, alloc::alloc::Global, core::iter::adapters::map::Map<core::slice::iter::Iter<hyperreal::real::arithmetic::Real>, hypersolve::algebraic_fiber::{impl#2}::scale::{closure_env#0}>>>>> (inlined)
            |                                           fold<hyperreal::real::arithmetic::Real, core::slice::iter::Iter<hyperreal::real::arithmetic::Real>, hypersolve::algebraic_fiber::{impl#2}::scale::{closure_env#0}, (), core::iter::traits::iterator::Iterator::for_each::call::{closure_env#0}<hyperreal::real::arithmetic::Real, alloc::vec::{impl#21}::extend_trusted::{closure_env#0}<hyperreal::real::arithmetic::Real, alloc::alloc::Global, core::iter::adapters::map::Map<core::slice::iter::Iter<hyperreal::real::arithmetic::Real>, hypersolve::algebraic_fiber::{impl#2}::scale::{closure_env#0}>>>> (inlined)
            |                                           for_each<core::iter::adapters::map::Map<core::slice::iter::Iter<hyperreal::real::arithmetic::Real>, hypersolve::algebraic_fiber::{impl#2}::scale::{closure_env#0}>, alloc::vec::{impl#21}::extend_trusted::{closure_env#0}<hyperreal::real::arithmetic::Real, alloc::alloc::Global, core::iter::adapters::map::Map<core::slice::iter::Iter<hyperreal::real::arithmetic::Real>, hypersolve::algebraic_fiber::{impl#2}::scale::{closure_env#0}>>> (inlined)
            |                                           extend_trusted<hyperreal::real::arithmetic::Real, alloc::alloc::Global, core::iter::adapters::map::Map<core::slice::iter::Iter<hyperreal::real::arithmetic::Real>, hypersolve::algebraic_fiber::{impl#2}::scale::{closure_env#0}>> (inlined)
            |                                           spec_extend<hyperreal::real::arithmetic::Real, core::iter::adapters::map::Map<core::slice::iter::Iter<hyperreal::real::arithmetic::Real>, hypersolve::algebraic_fiber::{impl#2}::scale::{closure_env#0}>, alloc::alloc::Global> (inlined)
            |                                           from_iter<hyperreal::real::arithmetic::Real, core::iter::adapters::map::Map<core::slice::iter::Iter<hyperreal::real::arithmetic::Real>, hypersolve::algebraic_fiber::{impl#2}::scale::{closure_env#0}>> (inlined)
            |                                           from_iter<hyperreal::real::arithmetic::Real, core::iter::adapters::map::Map<core::slice::iter::Iter<hyperreal::real::arithmetic::Real>, hypersolve::algebraic_fiber::{impl#2}::scale::{closure_env#0}>> (inlined)
            |                                           from_iter<hyperreal::real::arithmetic::Real, core::iter::adapters::map::Map<core::slice::iter::Iter<hyperreal::real::arithmetic::Real>, hypersolve::algebraic_fiber::{impl#2}::scale::{closure_env#0}>> (inlined)
            |                                           collect<core::iter::adapters::map::Map<core::slice::iter::Iter<hyperreal::real::arithmetic::Real>, hypersolve::algebraic_fiber::{impl#2}::scale::{closure_env#0}>, alloc::vec::Vec<hyperreal::real::arithmetic::Real, alloc::alloc::Global>> (inlined)
            |                                           scale (inlined)
            |                                           branch<hypersolve::algebraic_fiber::LocalFieldElement, hypersolve::algebraic_fiber::LocalFieldError> (inlined)
            |                                           power_to_bernstein_on_interval<hypersolve::algebraic_fiber::LocalFieldElement, hypersolve::algebraic_fiber::isolate_local_polynomial_roots_bernstein::Context> (inlined)
            |                                           branch<core::option::Option<alloc::vec::Vec<hypersolve::algebraic_fiber::LocalFieldElement, alloc::alloc::Global>>, hypersolve::algebraic_fiber::LocalFieldError> (inlined)
            |                                           isolate_ordered_field_polynomial_roots<hypersolve::algebraic_fiber::LocalFieldElement, hypersolve::algebraic_fiber::isolate_local_polynomial_roots_bernstein::Context> (inlined)
            |                                           branch<hypersolve::ordered_field_roots::OrderedFieldRootIsolationReport, hypersolve::algebraic_fiber::LocalFieldError> (inlined)
            |                                           isolate_local_polynomial_roots_bernstein (inlined)
            |                                           isolate_bivariate_fiber_roots_at_algebraic_parameter (inlined)
            |                                           isolate_bivariate_fiber_roots_at_algebraic_parameter_complete (inlined)
            |                                           |          
            |                                            --0.50%--algebraic_selected_fiber_root_interval_refined (inlined)
            |                                                      branch<hypercurve::classify::Classification<hypersolve::root_isolation::IsolatedRootInterval>, hypercurve::error::CurveError> (inlined)
            |          
            |--0.74%--div_wide (inlined)
            |          div_rem_core (inlined)
            |          div_rem_ref (inlined)
            |          |          
            |           --0.70%--rem (inlined)
            |                     |          
            |                      --0.68%--gcd_wide_magnitudes (inlined)
            |                                |          
            |                                 --0.63%--gcd_magnitudes_with_mixed_width_fast_path (inlined)
            |          
             --0.57%--normalize (inlined)
                       div_rem_core (inlined)
                       div_rem_ref (inlined)
                       rem (inlined)
                       gcd_wide_magnitudes (inlined)

 6.94%  ,[.] hyperreal::rational::arithmetic::compare_shifted_biguints                                                                                                                                                                                                                                                                                       ,-      -            
            |          
            |--1.59%--cmp (inlined)
            |          compare_shifted_biguints (inlined)
            |          eq (inlined)
            |          msd_exact (inlined)
            |          eq (inlined)
            |          eq (inlined)
            |          equal_same_length<hyperreal::real::arithmetic::Real, hyperreal::real::arithmetic::Real> (inlined)
            |          eq<hyperreal::real::arithmetic::Real, hyperreal::real::arithmetic::Real> (inlined)
            |          eq<hyperreal::real::arithmetic::Real, hyperreal::real::arithmetic::Real, alloc::alloc::Global> (inlined)
            |          eq<alloc::vec::Vec<hyperreal::real::arithmetic::Real, alloc::alloc::Global>, [hyperreal::real::arithmetic::Real]> (inlined)
            |          {closure#1} (inlined)
            |          |          
            |           --1.55%--find<(alloc::vec::Vec<hyperreal::real::arithmetic::Real, alloc::alloc::Global>, core::cmp::Ordering), hypersolve::algebraic_fiber::{impl#3}::sign_polynomial_if_separated::{closure_env#1}> (inlined)
            |                     sign_polynomial_if_separated (inlined)
            |                     sign_if_separated (inlined)
            |                     sign_if_separated (inlined)
            |                     |          
            |                      --1.47%--bernstein_sign_variations<hypersolve::algebraic_fiber::LocalFieldElement, hypersolve::algebraic_fiber::isolate_local_polynomial_roots_bernstein::Context> (inlined)
            |                                branch<core::option::Option<usize>, hypersolve::algebraic_fiber::LocalFieldError> (inlined)
            |                                isolate_ordered_field_polynomial_roots<hypersolve::algebraic_fiber::LocalFieldElement, hypersolve::algebraic_fiber::isolate_local_polynomial_roots_bernstein::Context> (inlined)
            |                                branch<hypersolve::ordered_field_roots::OrderedFieldRootIsolationReport, hypersolve::algebraic_fiber::LocalFieldError> (inlined)
            |                                isolate_local_polynomial_roots_bernstein (inlined)
            |                                isolate_bivariate_fiber_roots_at_algebraic_parameter (inlined)
            |                                isolate_bivariate_fiber_roots_at_algebraic_parameter_complete (inlined)
            |                                |          
            |                                 --1.18%--algebraic_selected_fiber_root_interval_refined (inlined)
            |                                           branch<hypercurve::classify::Classification<hypersolve::root_isolation::IsolatedRootInterval>, hypercurve::error::CurveError> (inlined)
            |                                           |          
            |                                            --1.09%--algebraic_selected_fiber_root_predicate_sign (inlined)
            |                                                      branch<hypercurve::classify::Classification<hyperreal::structural::RealSign>, hypercurve::error::CurveError> (inlined)
            |                                                      |          
            |                                                       --0.78%--algebraic_selected_fiber_root_radical_sum_sign (inlined)
            |                                                                 branch<hypercurve::classify::Classification<hyperreal::structural::RealSign>, hypercurve::error::CurveError> (inlined)
            |                                                                 selected_parallel_normal_rational_selected_fiber_intersections (inlined)
            |                                                                 branch<hypercurve::classify::Classification<hypercurve::bezier_offset::BezierAlgebraicCuspSemicircleRationalIntersections2>, hypercurve::error::CurveError> (inlined)
            |                                                                 selected_parallel_normal_rational_intersections_internal (inlined)
            |                                                                 rational_intersections_internal (inlined)
            |                                                                 map_err<hypercurve::classify::Classification<(hypercurve::bezier_offset::BezierAlgebraicCuspSemicircleRationalIntersections2, core::option::Option<hypercurve::bezier_offset::BezierAlgebraicCuspSemicircleRationalParameterMap2>)>, hypercurve::error::CurveError, hypercurve::error::ExactCurveError, hypercurve::curve_region_boolean::{impl#12}::algebraic_cusp_rational_pair_result::{closure_env#0}> (inlined)
            |                                                                 algebraic_cusp_rational_pair_result (inlined)
            |                                                                 atomic_sub<usize, usize> (inlined)
            |                                                                 fetch_sub (inlined)
            |                                                                 drop<hypercurve::rational_bezier_general::RationalBezierData, alloc::alloc::Global> (inlined)
            |                                                                 drop_glue<alloc::sync::Arc<hypercurve::rational_bezier_general::RationalBezierData, alloc::alloc::Global>> (inlined)
            |                                                                 drop_glue<hypercurve::rational_bezier_general::RationalBezier2> (inlined)
            |                                                                 pair_result (inlined)
            |                                                                 branch<hypercurve::curve_region_boolean::RegionPairResult, hypercurve::error::ExactCurveError> (inlined)
            |          
            |--1.46%--{closure#0} (inlined)
            |          compare_shifted_biguints (inlined)
            |          eq (inlined)
            |          msd_exact (inlined)
            |          eq (inlined)
            |          eq (inlined)
            |          equal_same_length<hyperreal::real::arithmetic::Real, hyperreal::real::arithmetic::Real> (inlined)
            |          eq<hyperreal::real::arithmetic::Real, hyperreal::real::arithmetic::Real> (inlined)
            |          eq<hyperreal::real::arithmetic::Real, hyperreal::real::arithmetic::Real, alloc::alloc::Global> (inlined)
            |          eq<alloc::vec::Vec<hyperreal::real::arithmetic::Real, alloc::alloc::Global>, [hyperreal::real::arithmetic::Real]> (inlined)
            |          {closure#1} (inlined)
            |          |          
            |           --1.42%--find<(alloc::vec::Vec<hyperreal::real::arithmetic::Real, alloc::alloc::Global>, core::cmp::Ordering), hypersolve::algebraic_fiber::{impl#3}::sign_polynomial_if_separated::{closure_env#1}> (inlined)
            |                     sign_polynomial_if_separated (inlined)
            |                     sign_if_separated (inlined)
            |                     sign_if_separated (inlined)
            |                     |          
            |                      --1.32%--bernstein_sign_variations<hypersolve::algebraic_fiber::LocalFieldElement, hypersolve::algebraic_fiber::isolate_local_polynomial_roots_bernstein::Context> (inlined)
            |                                branch<core::option::Option<usize>, hypersolve::algebraic_fiber::LocalFieldError> (inlined)
            |                                isolate_ordered_field_polynomial_roots<hypersolve::algebraic_fiber::LocalFieldElement, hypersolve::algebraic_fiber::isolate_local_polynomial_roots_bernstein::Context> (inlined)
            |                                branch<hypersolve::ordered_field_roots::OrderedFieldRootIsolationReport, hypersolve::algebraic_fiber::LocalFieldError> (inlined)
            |                                isolate_local_polynomial_roots_bernstein (inlined)
            |                                isolate_bivariate_fiber_roots_at_algebraic_parameter (inlined)
            |                                isolate_bivariate_fiber_roots_at_algebraic_parameter_complete (inlined)
            |                                |          
            |                                 --1.00%--algebraic_selected_fiber_root_interval_refined (inlined)
            |                                           branch<hypercurve::classify::Classification<hypersolve::root_isolation::IsolatedRootInterval>, hypercurve::error::CurveError> (inlined)
            |                                           |          
            |                                            --0.89%--algebraic_selected_fiber_root_predicate_sign (inlined)
            |                                                      branch<hypercurve::classify::Classification<hyperreal::structural::RealSign>, hypercurve::error::CurveError> (inlined)
            |                                                      |          
            |                                                       --0.56%--algebraic_selected_fiber_root_radical_sum_sign (inlined)
            |                                                                 branch<hypercurve::classify::Classification<hyperreal::structural::RealSign>, hypercurve::error::CurveError> (inlined)
            |                                                                 selected_parallel_normal_rational_selected_fiber_intersections (inlined)
            |                                                                 branch<hypercurve::classify::Classification<hypercurve::bezier_offset::BezierAlgebraicCuspSemicircleRationalIntersections2>, hypercurve::error::CurveError> (inlined)
            |                                                                 selected_parallel_normal_rational_intersections_internal (inlined)
            |                                                                 rational_intersections_internal (inlined)
            |                                                                 map_err<hypercurve::classify::Classification<(hypercurve::bezier_offset::BezierAlgebraicCuspSemicircleRationalIntersections2, core::option::Option<hypercurve::bezier_offset::BezierAlgebraicCuspSemicircleRationalParameterMap2>)>, hypercurve::error::CurveError, hypercurve::error::ExactCurveError, hypercurve::curve_region_boolean::{impl#12}::algebraic_cusp_rational_pair_result::{closure_env#0}> (inlined)
            |                                                                 algebraic_cusp_rational_pair_result (inlined)
            |                                                                 atomic_sub<usize, usize> (inlined)
            |                                                                 fetch_sub (inlined)
            |                                                                 drop<hypercurve::rational_bezier_general::RationalBezierData, alloc::alloc::Global> (inlined)
            |                                                                 drop_glue<alloc::sync::Arc<hypercurve::rational_bezier_general::RationalBezierData, alloc::alloc::Global>> (inlined)
            |                                                                 drop_glue<hypercurve::rational_bezier_general::RationalBezier2> (inlined)
            |                                                                 pair_result (inlined)
            |                                                                 branch<hypercurve::curve_region_boolean::RegionPairResult, hypercurve::error::ExactCurveError> (inlined)
            |          
            |--1.25%--compare_shifted_biguints (inlined)
            |          eq (inlined)
            |          |          
            |           --0.96%--msd_exact (inlined)
            |                     eq (inlined)
            |                     eq (inlined)
            |                     equal_same_length<hyperreal::real::arithmetic::Real, hyperreal::real::arithmetic::Real> (inlined)
            |                     eq<hyperreal::real::arithmetic::Real, hyperreal::real::arithmetic::Real> (inlined)
            |                     eq<hyperreal::real::arithmetic::Real, hyperreal::real::arithmetic::Real, alloc::alloc::Global> (inlined)
            |                     eq<alloc::vec::Vec<hyperreal::real::arithmetic::Real, alloc::alloc::Global>, [hyperreal::real::arithmetic::Real]> (inlined)
            |                     {closure#1} (inlined)
            |                     |          
            |                      --0.95%--find<(alloc::vec::Vec<hyperreal::real::arithmetic::Real, alloc::alloc::Global>, core::cmp::Ordering), hypersolve::algebraic_fiber::{impl#3}::sign_polynomial_if_separated::{closure_env#1}> (inlined)
            |                                sign_polynomial_if_separated (inlined)
            |                                sign_if_separated (inlined)
            |                                sign_if_separated (inlined)
            |                                |          
            |                                 --0.86%--bernstein_sign_variations<hypersolve::algebraic_fiber::LocalFieldElement, hypersolve::algebraic_fiber::isolate_local_polynomial_roots_bernstein::Context> (inlined)
            |                                           branch<core::option::Option<usize>, hypersolve::algebraic_fiber::LocalFieldError> (inlined)
            |                                           isolate_ordered_field_polynomial_roots<hypersolve::algebraic_fiber::LocalFieldElement, hypersolve::algebraic_fiber::isolate_local_polynomial_roots_bernstein::Context> (inlined)
            |                                           branch<hypersolve::ordered_field_roots::OrderedFieldRootIsolationReport, hypersolve::algebraic_fiber::LocalFieldError> (inlined)
            |                                           isolate_local_polynomial_roots_bernstein (inlined)
            |                                           isolate_bivariate_fiber_roots_at_algebraic_parameter (inlined)
            |                                           isolate_bivariate_fiber_roots_at_algebraic_parameter_complete (inlined)
            |                                           |          
            |                                            --0.61%--algebraic_selected_fiber_root_interval_refined (inlined)
            |                                                      branch<hypercurve::classify::Classification<hypersolve::root_isolation::IsolatedRootInterval>, hypercurve::error::CurveError> (inlined)
            |                                                      |          
            |                                                       --0.56%--algebraic_selected_fiber_root_predicate_sign (inlined)
            |                                                                 branch<hypercurve::classify::Classification<hyperreal::structural::RealSign>, hypercurve::error::CurveError> (inlined)
            |          
            |--1.15%--bits (inlined)
            |          compare_shifted_biguints (inlined)
            |          eq (inlined)
            |          msd_exact (inlined)
            |          eq (inlined)
            |          eq (inlined)
            |          equal_same_length<hyperreal::real::arithmetic::Real, hyperreal::real::arithmetic::Real> (inlined)
            |          eq<hyperreal::real::arithmetic::Real, hyperreal::real::arithmetic::Real> (inlined)
            |          eq<hyperreal::real::arithmetic::Real, hyperreal::real::arithmetic::Real, alloc::alloc::Global> (inlined)
            |          eq<alloc::vec::Vec<hyperreal::real::arithmetic::Real, alloc::alloc::Global>, [hyperreal::real::arithmetic::Real]> (inlined)
            |          {closure#1} (inlined)
            |          find<(alloc::vec::Vec<hyperreal::real::arithmetic::Real, alloc::alloc::Global>, core::cmp::Ordering), hypersolve::algebraic_fiber::{impl#3}::sign_polynomial_if_separated::{closure_env#1}> (inlined)
            |          sign_polynomial_if_separated (inlined)
            |          sign_if_separated (inlined)
            |          sign_if_separated (inlined)
            |          |          
            |           --1.11%--bernstein_sign_variations<hypersolve::algebraic_fiber::LocalFieldElement, hypersolve::algebraic_fiber::isolate_local_polynomial_roots_bernstein::Context> (inlined)
            |                     branch<core::option::Option<usize>, hypersolve::algebraic_fiber::LocalFieldError> (inlined)
            |                     isolate_ordered_field_polynomial_roots<hypersolve::algebraic_fiber::LocalFieldElement, hypersolve::algebraic_fiber::isolate_local_polynomial_roots_bernstein::Context> (inlined)
            |                     branch<hypersolve::ordered_field_roots::OrderedFieldRootIsolationReport, hypersolve::algebraic_fiber::LocalFieldError> (inlined)
            |                     isolate_local_polynomial_roots_bernstein (inlined)
            |                     isolate_bivariate_fiber_roots_at_algebraic_parameter (inlined)
            |                     isolate_bivariate_fiber_roots_at_algebraic_parameter_complete (inlined)
            |                     |          
            |                      --0.84%--algebraic_selected_fiber_root_interval_refined (inlined)
            |                                branch<hypercurve::classify::Classification<hypersolve::root_isolation::IsolatedRootInterval>, hypercurve::error::CurveError> (inlined)
            |                                |          
            |                                 --0.76%--algebraic_selected_fiber_root_predicate_sign (inlined)
            |                                           branch<hypercurve::classify::Classification<hyperreal::structural::RealSign>, hypercurve::error::CurveError> (inlined)
            |                                           |          
            |                                            --0.50%--algebraic_selected_fiber_root_radical_sum_sign (inlined)
            |                                                      branch<hypercurve::classify::Classification<hyperreal::structural::RealSign>, hypercurve::error::CurveError> (inlined)
            |                                                      selected_parallel_normal_rational_selected_fiber_intersections (inlined)
            |                                                      branch<hypercurve::classify::Classification<hypercurve::bezier_offset::BezierAlgebraicCuspSemicircleRationalIntersections2>, hypercurve::error::CurveError> (inlined)
            |                                                      selected_parallel_normal_rational_intersections_internal (inlined)
            |                                                      rational_intersections_internal (inlined)
            |                                                      map_err<hypercurve::classify::Classification<(hypercurve::bezier_offset::BezierAlgebraicCuspSemicircleRationalIntersections2, core::option::Option<hypercurve::bezier_offset::BezierAlgebraicCuspSemicircleRationalParameterMap2>)>, hypercurve::error::CurveError, hypercurve::error::ExactCurveError, hypercurve::curve_region_boolean::{impl#12}::algebraic_cusp_rational_pair_result::{closure_env#0}> (inlined)
            |                                                      algebraic_cusp_rational_pair_result (inlined)
            |                                                      atomic_sub<usize, usize> (inlined)
            |                                                      fetch_sub (inlined)
            |                                                      drop<hypercurve::rational_bezier_general::RationalBezierData, alloc::alloc::Global> (inlined)
            |                                                      drop_glue<alloc::sync::Arc<hypercurve::rational_bezier_general::RationalBezierData, alloc::alloc::Global>> (inlined)
            |                                                      drop_glue<hypercurve::rational_bezier_general::RationalBezier2> (inlined)
            |                                                      pair_result (inlined)
            |                                                      branch<hypercurve::curve_region_boolean::RegionPairResult, hypercurve::error::ExactCurveError> (inlined)
            |          
             --0.69%--leading_zeros (inlined)
                       bits (inlined)
                       compare_shifted_biguints (inlined)
                       |          
                        --0.68%--eq (inlined)
                                  msd_exact (inlined)
                                  eq (inlined)
                                  eq (inlined)
                                  equal_same_length<hyperreal::real::arithmetic::Real, hyperreal::real::arithmetic::Real> (inlined)
                                  eq<hyperreal::real::arithmetic::Real, hyperreal::real::arithmetic::Real> (inlined)
                                  eq<hyperreal::real::arithmetic::Real, hyperreal::real::arithmetic::Real, alloc::alloc::Global> (inlined)
                                  eq<alloc::vec::Vec<hyperreal::real::arithmetic::Real, alloc::alloc::Global>, [hyperreal::real::arithmetic::Real]> (inlined)
                                  {closure#1} (inlined)
                                  |          
                                   --0.64%--find<(alloc::vec::Vec<hyperreal::real::arithmetic::Real, alloc::alloc::Global>, core::cmp::Ordering), hypersolve::algebraic_fiber::{impl#3}::sign_polynomial_if_separated::{closure_env#1}> (inlined)
                                             sign_polynomial_if_separated (inlined)
                                             sign_if_separated (inlined)
                                             sign_if_separated (inlined)
                                             |          
                                              --0.60%--bernstein_sign_variations<hypersolve::algebraic_fiber::LocalFieldElement, hypersolve::algebraic_fiber::isolate_local_polynomial_roots_bernstein::Context> (inlined)
                                                        branch<core::option::Option<usize>, hypersolve::algebraic_fiber::LocalFieldError> (inlined)
                                                        isolate_ordered_field_polynomial_roots<hypersolve::algebraic_fiber::LocalFieldElement, hypersolve::algebraic_fiber::isolate_local_polynomial_roots_bernstein::Context> (inlined)
                                                        branch<hypersolve::ordered_field_roots::OrderedFieldRootIsolationReport, hypersolve::algebraic_fiber::LocalFieldError> (inlined)
                                                        isolate_local_polynomial_roots_bernstein (inlined)
                                                        isolate_bivariate_fiber_roots_at_algebraic_parameter (inlined)
                                                        isolate_bivariate_fiber_roots_at_algebraic_parameter_complete (inlined)
                                                        |          
                                                         --0.51%--algebraic_selected_fiber_root_interval_refined (inlined)
                                                                   branch<hypercurve::classify::Classification<hypersolve::root_isolation::IsolatedRootInterval>, hypercurve::error::CurveError> (inlined)
                                                                   algebraic_selected_fiber_root_predicate_sign (inlined)
                                                                   branch<hypercurve::classify::Classification<hyperreal::structural::RealSign>, hypercurve::error::CurveError> (inlined)

 6.33%  ,[.] num_bigint::biguint::shift::biguint_shl2                                                                                                                                                                                                                                                                                                        ,-      -            
            |          
             --4.31%--biguint_shl2 (inlined)
                       |          
                       |--2.40%--biguint_shl<usize> (inlined)
                       |          |          
                       |           --2.31%--shl (inlined)
                       |                     div_rem_ref (inlined)
                       |                     |          
                       |                      --2.28%--rem (inlined)
                       |                                |          
                       |                                 --2.26%--gcd_wide_magnitudes (inlined)
                       |                                           |          
                       |                                            --2.00%--gcd_magnitudes_with_mixed_width_fast_path (inlined)
                       |                                                      |          
                       |                                                      |--1.35%--atomic_load<u32> (inlined)
                       |                                                      |          load (inlined)
                       |                                                      |          is_completed (inlined)
                       |                                                      |          call_once_force<std::sync::lazy_lock::{impl#0}::force::{closure_env#0}<num_bigint::biguint::BigUint, fn() -> num_bigint::biguint::BigUint>> (inlined)
                       |                                                      |          force<num_bigint::biguint::BigUint, fn() -> num_bigint::biguint::BigUint> (inlined)
                       |                                                      |          deref<num_bigint::biguint::BigUint, fn() -> num_bigint::biguint::BigUint> (inlined)
                       |                                                      |          |          
                       |                                                      |           --1.23%--reduce_with_possible_divisor (inlined)
                       |                                                      |                     add_ref (inlined)
                       |                                                      |                     add<&hyperreal::real::arithmetic::Real> (inlined)
                       |                                                      |                     add<&hyperreal::real::arithmetic::Real> (inlined)
                       |                                                      |                     add_polynomials (inlined)
                       |                                                      |                     branch<alloc::vec::Vec<hyperreal::real::arithmetic::Real, alloc::alloc::Global>, hypersolve::algebraic_fiber::LocalFieldError> (inlined)
                       |                                                      |                     combine (inlined)
                       |                                                      |                     branch<hypersolve::algebraic_fiber::LocalFieldElement, hypersolve::algebraic_fiber::LocalFieldError> (inlined)
                       |                                                      |                     |          
                       |                                                      |                      --1.21%--power_to_bernstein_on_interval<hypersolve::algebraic_fiber::LocalFieldElement, hypersolve::algebraic_fiber::isolate_local_polynomial_roots_bernstein::Context> (inlined)
                       |                                                      |                                branch<core::option::Option<alloc::vec::Vec<hypersolve::algebraic_fiber::LocalFieldElement, alloc::alloc::Global>>, hypersolve::algebraic_fiber::LocalFieldError> (inlined)
                       |                                                      |                                isolate_ordered_field_polynomial_roots<hypersolve::algebraic_fiber::LocalFieldElement, hypersolve::algebraic_fiber::isolate_local_polynomial_roots_bernstein::Context> (inlined)
                       |                                                      |                                branch<hypersolve::ordered_field_roots::OrderedFieldRootIsolationReport, hypersolve::algebraic_fiber::LocalFieldError> (inlined)
                       |                                                      |                                isolate_local_polynomial_roots_bernstein (inlined)
                       |                                                      |                                isolate_bivariate_fiber_roots_at_algebraic_parameter (inlined)
                       |                                                      |                                isolate_bivariate_fiber_roots_at_algebraic_parameter_complete (inlined)
                       |                                                      |                                |          
                       |                                                      |                                 --0.99%--algebraic_selected_fiber_root_interval_refined (inlined)
                       |                                                      |                                           branch<hypercurve::classify::Classification<hypersolve::root_isolation::IsolatedRootInterval>, hypercurve::error::CurveError> (inlined)
                       |                                                      |                                           |          
                       |                                                      |                                            --0.88%--algebraic_selected_fiber_root_predicate_sign (inlined)
                       |                                                      |                                                      branch<hypercurve::classify::Classification<hyperreal::structural::RealSign>, hypercurve::error::CurveError> (inlined)
                       |                                                      |                                                      |          
                       |                                                      |                                                       --0.52%--algebraic_selected_fiber_root_radical_sum_sign (inlined)
                       |                                                      |                                                                 branch<hypercurve::classify::Classification<hyperreal::structural::RealSign>, hypercurve::error::CurveError> (inlined)
                       |                                                      |                                                                 selected_parallel_normal_rational_selected_fiber_intersections (inlined)
                       |                                                      |                                                                 branch<hypercurve::classify::Classification<hypercurve::bezier_offset::BezierAlgebraicCuspSemicircleRationalIntersections2>, hypercurve::error::CurveError> (inlined)
                       |                                                      |                                                                 selected_parallel_normal_rational_intersections_internal (inlined)
                       |                                                      |                                                                 rational_intersections_internal (inlined)
                       |                                                      |                                                                 map_err<hypercurve::classify::Classification<(hypercurve::bezier_offset::BezierAlgebraicCuspSemicircleRationalIntersections2, core::option::Option<hypercurve::bezier_offset::BezierAlgebraicCuspSemicircleRationalParameterMap2>)>, hypercurve::error::CurveError, hypercurve::error::ExactCurveError, hypercurve::curve_region_boolean::{impl#12}::algebraic_cusp_rational_pair_result::{closure_env#0}> (inlined)
                       |                                                      |                                                                 algebraic_cusp_rational_pair_result (inlined)
                       |                                                      |                                                                 atomic_sub<usize, usize> (inlined)
                       |                                                      |                                                                 fetch_sub (inlined)
                       |                                                      |                                                                 drop<hypercurve::rational_bezier_general::RationalBezierData, alloc::alloc::Global> (inlined)
                       |                                                      |                                                                 drop_glue<alloc::sync::Arc<hypercurve::rational_bezier_general::RationalBezierData, alloc::alloc::Global>> (inlined)
                       |                                                      |                                                                 drop_glue<hypercurve::rational_bezier_general::RationalBezier2> (inlined)
                       |                                                      |                                                                 pair_result (inlined)
                       |                                                      |                                                                 branch<hypercurve::curve_region_boolean::RegionPairResult, hypercurve::error::ExactCurveError> (inlined)
                       |                                                      |          
                       |                                                       --0.64%--mul_wide_with_dyadic_denominator (inlined)
                       |                                                                 mul<&hyperreal::rational::arithmetic::Rational> (inlined)
                       |                                                                 exact_rational_unchecked (inlined)
                       |                                                                 new (inlined)
                       |                                                                 mul<&hyperreal::real::arithmetic::Real> (inlined)
                       |                                                                 write<hyperreal::real::arithmetic::Real> (inlined)
                       |                                                                 {closure#0}<hyperreal::real::arithmetic::Real, alloc::alloc::Global, core::iter::adapters::map::Map<core::slice::iter::Iter<hyperreal::real::arithmetic::Real>, hypersolve::algebraic_fiber::{impl#2}::scale::{closure_env#0}>> (inlined)
                       |                                                                 {closure#0}<hyperreal::real::arithmetic::Real, alloc::vec::{impl#21}::extend_trusted::{closure_env#0}<hyperreal::real::arithmetic::Real, alloc::alloc::Global, core::iter::adapters::map::Map<core::slice::iter::Iter<hyperreal::real::arithmetic::Real>, hypersolve::algebraic_fiber::{impl#2}::scale::{closure_env#0}>>> (inlined)
                       |                                                                 {closure#0}<&hyperreal::real::arithmetic::Real, hyperreal::real::arithmetic::Real, (), hypersolve::algebraic_fiber::{impl#2}::scale::{closure_env#0}, core::iter::traits::iterator::Iterator::for_each::call::{closure_env#0}<hyperreal::real::arithmetic::Real, alloc::vec::{impl#21}::extend_trusted::{closure_env#0}<hyperreal::real::arithmetic::Real, alloc::alloc::Global, core::iter::adapters::map::Map<core::slice::iter::Iter<hyperreal::real::arithmetic::Real>, hypersolve::algebraic_fiber::{impl#2}::scale::{closure_env#0}>>>> (inlined)
                       |                                                                 fold<hyperreal::real::arithmetic::Real, (), core::iter::adapters::map::map_fold::{closure_env#0}<&hyperreal::real::arithmetic::Real, hyperreal::real::arithmetic::Real, (), hypersolve::algebraic_fiber::{impl#2}::scale::{closure_env#0}, core::iter::traits::iterator::Iterator::for_each::call::{closure_env#0}<hyperreal::real::arithmetic::Real, alloc::vec::{impl#21}::extend_trusted::{closure_env#0}<hyperreal::real::arithmetic::Real, alloc::alloc::Global, core::iter::adapters::map::Map<core::slice::iter::Iter<hyperreal::real::arithmetic::Real>, hypersolve::algebraic_fiber::{impl#2}::scale::{closure_env#0}>>>>> (inlined)
                       |                                                                 fold<hyperreal::real::arithmetic::Real, core::slice::iter::Iter<hyperreal::real::arithmetic::Real>, hypersolve::algebraic_fiber::{impl#2}::scale::{closure_env#0}, (), core::iter::traits::iterator::Iterator::for_each::call::{closure_env#0}<hyperreal::real::arithmetic::Real, alloc::vec::{impl#21}::extend_trusted::{closure_env#0}<hyperreal::real::arithmetic::Real, alloc::alloc::Global, core::iter::adapters::map::Map<core::slice::iter::Iter<hyperreal::real::arithmetic::Real>, hypersolve::algebraic_fiber::{impl#2}::scale::{closure_env#0}>>>> (inlined)
                       |                                                                 for_each<core::iter::adapters::map::Map<core::slice::iter::Iter<hyperreal::real::arithmetic::Real>, hypersolve::algebraic_fiber::{impl#2}::scale::{closure_env#0}>, alloc::vec::{impl#21}::extend_trusted::{closure_env#0}<hyperreal::real::arithmetic::Real, alloc::alloc::Global, core::iter::adapters::map::Map<core::slice::iter::Iter<hyperreal::real::arithmetic::Real>, hypersolve::algebraic_fiber::{impl#2}::scale::{closure_env#0}>>> (inlined)
                       |                                                                 extend_trusted<hyperreal::real::arithmetic::Real, alloc::alloc::Global, core::iter::adapters::map::Map<core::slice::iter::Iter<hyperreal::real::arithmetic::Real>, hypersolve::algebraic_fiber::{impl#2}::scale::{closure_env#0}>> (inlined)
                       |                                                                 spec_extend<hyperreal::real::arithmetic::Real, core::iter::adapters::map::Map<core::slice::iter::Iter<hyperreal::real::arithmetic::Real>, hypersolve::algebraic_fiber::{impl#2}::scale::{closure_env#0}>, alloc::alloc::Global> (inlined)
                       |                                                                 from_iter<hyperreal::real::arithmetic::Real, core::iter::adapters::map::Map<core::slice::iter::Iter<hyperreal::real::arithmetic::Real>, hypersolve::algebraic_fiber::{impl#2}::scale::{closure_env#0}>> (inlined)
                       |                                                                 from_iter<hyperreal::real::arithmetic::Real, core::iter::adapters::map::Map<core::slice::iter::Iter<hyperreal::real::arithmetic::Real>, hypersolve::algebraic_fiber::{impl#2}::scale::{closure_env#0}>> (inlined)
                       |                                                                 from_iter<hyperreal::real::arithmetic::Real, core::iter::adapters::map::Map<core::slice::iter::Iter<hyperreal::real::arithmetic::Real>, hypersolve::algebraic_fiber::{impl#2}::scale::{closure_env#0}>> (inlined)
                       |                                                                 collect<core::iter::adapters::map::Map<core::slice::iter::Iter<hyperreal::real::arithmetic::Real>, hypersolve::algebraic_fiber::{impl#2}::scale::{closure_env#0}>, alloc::vec::Vec<hyperreal::real::arithmetic::Real, alloc::alloc::Global>> (inlined)
                       |                                                                 scale (inlined)
                       |                                                                 branch<hypersolve::algebraic_fiber::LocalFieldElement, hypersolve::algebraic_fiber::LocalFieldError> (inlined)
                       |                                                                 power_to_bernstein_on_interval<hypersolve::algebraic_fiber::LocalFieldElement, hypersolve::algebraic_fiber::isolate_local_polynomial_roots_bernstein::Context> (inlined)
                       |                                                                 branch<core::option::Option<alloc::vec::Vec<hypersolve::algebraic_fiber::LocalFieldElement, alloc::alloc::Global>>, hypersolve::algebraic_fiber::LocalFieldError> (inlined)
                       |                                                                 isolate_ordered_field_polynomial_roots<hypersolve::algebraic_fiber::LocalFieldElement, hypersolve::algebraic_fiber::isolate_local_polynomial_roots_bernstein::Context> (inlined)
                       |                                                                 branch<hypersolve::ordered_field_roots::OrderedFieldRootIsolationReport, hypersolve::algebraic_fiber::LocalFieldError> (inlined)
                       |                                                                 isolate_local_polynomial_roots_bernstein (inlined)
                       |                                                                 isolate_bivariate_fiber_roots_at_algebraic_parameter (inlined)
                       |                                                                 isolate_bivariate_fiber_roots_at_algebraic_parameter_complete (inlined)
                       |          
                        --1.69%--non_null<alloc::alloc::Global, u64> (inlined)
                                  ptr<alloc::alloc::Global, u64> (inlined)
                                  ptr<u64, alloc::alloc::Global> (inlined)
                                  as_ptr<u64, alloc::alloc::Global> (inlined)
                                  as_slice<u64, alloc::alloc::Global> (inlined)
                                  deref<u64, alloc::alloc::Global> (inlined)
                                  div_rem_ref (inlined)
                                  |          
                                   --1.66%--rem (inlined)
                                             |          
                                              --1.65%--gcd_wide_magnitudes (inlined)
                                                        |          
                                                         --1.51%--gcd_magnitudes_with_mixed_width_fast_path (inlined)
                                                                   |          
                                                                   |--0.92%--atomic_load<u32> (inlined)
                                                                   |          load (inlined)
                                                                   |          is_completed (inlined)
                                                                   |          call_once_force<std::sync::lazy_lock::{impl#0}::force::{closure_env#0}<num_bigint::biguint::BigUint, fn() -> num_bigint::biguint::BigUint>> (inlined)
                                                                   |          force<num_bigint::biguint::BigUint, fn() -> num_bigint::biguint::BigUint> (inlined)
                                                                   |          deref<num_bigint::biguint::BigUint, fn() -> num_bigint::biguint::BigUint> (inlined)
                                                                   |          |          
                                                                   |           --0.89%--reduce_with_possible_divisor (inlined)
                                                                   |                     add_ref (inlined)
                                                                   |                     add<&hyperreal::real::arithmetic::Real> (inlined)
                                                                   |                     add<&hyperreal::real::arithmetic::Real> (inlined)
                                                                   |                     add_polynomials (inlined)
                                                                   |                     branch<alloc::vec::Vec<hyperreal::real::arithmetic::Real, alloc::alloc::Global>, hypersolve::algebraic_fiber::LocalFieldError> (inlined)
                                                                   |                     combine (inlined)
                                                                   |                     branch<hypersolve::algebraic_fiber::LocalFieldElement, hypersolve::algebraic_fiber::LocalFieldError> (inlined)
                                                                   |                     power_to_bernstein_on_interval<hypersolve::algebraic_fiber::LocalFieldElement, hypersolve::algebraic_fiber::isolate_local_polynomial_roots_bernstein::Context> (inlined)
                                                                   |                     branch<core::option::Option<alloc::vec::Vec<hypersolve::algebraic_fiber::LocalFieldElement, alloc::alloc::Global>>, hypersolve::algebraic_fiber::LocalFieldError> (inlined)
                                                                   |                     isolate_ordered_field_polynomial_roots<hypersolve::algebraic_fiber::LocalFieldElement, hypersolve::algebraic_fiber::isolate_local_polynomial_roots_bernstein::Context> (inlined)
                                                                   |                     branch<hypersolve::ordered_field_roots::OrderedFieldRootIsolationReport, hypersolve::algebraic_fiber::LocalFieldError> (inlined)
                                                                   |                     isolate_local_polynomial_roots_bernstein (inlined)
                                                                   |                     isolate_bivariate_fiber_roots_at_algebraic_parameter (inlined)
                                                                   |                     isolate_bivariate_fiber_roots_at_algebraic_parameter_complete (inlined)
                                                                   |                     |          
                                                                   |                      --0.58%--algebraic_selected_fiber_root_interval_refined (inlined)
                                                                   |                                branch<hypercurve::classify::Classification<hypersolve::root_isolation::IsolatedRootInterval>, hypercurve::error::CurveError> (inlined)
                                                                   |                                |          
                                                                   |                                 --0.55%--algebraic_selected_fiber_root_predicate_sign (inlined)
                                                                   |                                           branch<hypercurve::classify::Classification<hyperreal::structural::RealSign>, hypercurve::error::CurveError> (inlined)
                                                                   |          
                                                                    --0.59%--mul_wide_with_dyadic_denominator (inlined)
                                                                              mul<&hyperreal::rational::arithmetic::Rational> (inlined)
                                                                              exact_rational_unchecked (inlined)
                                                                              new (inlined)
                                                                              mul<&hyperreal::real::arithmetic::Real> (inlined)
                                                                              write<hyperreal::real::arithmetic::Real> (inlined)
                                                                              {closure#0}<hyperreal::real::arithmetic::Real, alloc::alloc::Global, core::iter::adapters::map::Map<core::slice::iter::Iter<hyperreal::real::arithmetic::Real>, hypersolve::algebraic_fiber::{impl#2}::scale::{closure_env#0}>> (inlined)
                                                                              {closure#0}<hyperreal::real::arithmetic::Real, alloc::vec::{impl#21}::extend_trusted::{closure_env#0}<hyperreal::real::arithmetic::Real, alloc::alloc::Global, core::iter::adapters::map::Map<core::slice::iter::Iter<hyperreal::real::arithmetic::Real>, hypersolve::algebraic_fiber::{impl#2}::scale::{closure_env#0}>>> (inlined)
                                                                              {closure#0}<&hyperreal::real::arithmetic::Real, hyperreal::real::arithmetic::Real, (), hypersolve::algebraic_fiber::{impl#2}::scale::{closure_env#0}, core::iter::traits::iterator::Iterator::for_each::call::{closure_env#0}<hyperreal::real::arithmetic::Real, alloc::vec::{impl#21}::extend_trusted::{closure_env#0}<hyperreal::real::arithmetic::Real, alloc::alloc::Global, core::iter::adapters::map::Map<core::slice::iter::Iter<hyperreal::real::arithmetic::Real>, hypersolve::algebraic_fiber::{impl#2}::scale::{closure_env#0}>>>> (inlined)
                                                                              fold<hyperreal::real::arithmetic::Real, (), core::iter::adapters::map::map_fold::{closure_env#0}<&hyperreal::real::arithmetic::Real, hyperreal::real::arithmetic::Real, (), hypersolve::algebraic_fiber::{impl#2}::scale::{closure_env#0}, core::iter::traits::iterator::Iterator::for_each::call::{closure_env#0}<hyperreal::real::arithmetic::Real, alloc::vec::{impl#21}::extend_trusted::{closure_env#0}<hyperreal::real::arithmetic::Real, alloc::alloc::Global, core::iter::adapters::map::Map<core::slice::iter::Iter<hyperreal::real::arithmetic::Real>, hypersolve::algebraic_fiber::{impl#2}::scale::{closure_env#0}>>>>> (inlined)
                                                                              fold<hyperreal::real::arithmetic::Real, core::slice::iter::Iter<hyperreal::real::arithmetic::Real>, hypersolve::algebraic_fiber::{impl#2}::scale::{closure_env#0}, (), core::iter::traits::iterator::Iterator::for_each::call::{closure_env#0}<hyperreal::real::arithmetic::Real, alloc::vec::{impl#21}::extend_trusted::{closure_env#0}<hyperreal::real::arithmetic::Real, alloc::alloc::Global, core::iter::adapters::map::Map<core::slice::iter::Iter<hyperreal::real::arithmetic::Real>, hypersolve::algebraic_fiber::{impl#2}::scale::{closure_env#0}>>>> (inlined)
                                                                              for_each<core::iter::adapters::map::Map<core::slice::iter::Iter<hyperreal::real::arithmetic::Real>, hypersolve::algebraic_fiber::{impl#2}::scale::{closure_env#0}>, alloc::vec::{impl#21}::extend_trusted::{closure_env#0}<hyperreal::real::arithmetic::Real, alloc::alloc::Global, core::iter::adapters::map::Map<core::slice::iter::Iter<hyperreal::real::arithmetic::Real>, hypersolve::algebraic_fiber::{impl#2}::scale::{closure_env#0}>>> (inlined)
                                                                              extend_trusted<hyperreal::real::arithmetic::Real, alloc::alloc::Global, core::iter::adapters::map::Map<core::slice::iter::Iter<hyperreal::real::arithmetic::Real>, hypersolve::algebraic_fiber::{impl#2}::scale::{closure_env#0}>> (inlined)
                                                                              spec_extend<hyperreal::real::arithmetic::Real, core::iter::adapters::map::Map<core::slice::iter::Iter<hyperreal::real::arithmetic::Real>, hypersolve::algebraic_fiber::{impl#2}::scale::{closure_env#0}>, alloc::alloc::Global> (inlined)
                                                                              from_iter<hyperreal::real::arithmetic::Real, core::iter::adapters::map::Map<core::slice::iter::Iter<hyperreal::real::arithmetic::Real>, hypersolve::algebraic_fiber::{impl#2}::scale::{closure_env#0}>> (inlined)
                                                                              from_iter<hyperreal::real::arithmetic::Real, core::iter::adapters::map::Map<core::slice::iter::Iter<hyperreal::real::arithmetic::Real>, hypersolve::algebraic_fiber::{impl#2}::scale::{closure_env#0}>> (inlined)
                                                                              from_iter<hyperreal::real::arithmetic::Real, core::iter::adapters::map::Map<core::slice::iter::Iter<hyperreal::real::arithmetic::Real>, hypersolve::algebraic_fiber::{impl#2}::scale::{closure_env#0}>> (inlined)
                                                                              collect<core::iter::adapters::map::Map<core::slice::iter::Iter<hyperreal::real::arithmetic::Real>, hypersolve::algebraic_fiber::{impl#2}::scale::{closure_env#0}>, alloc::vec::Vec<hyperreal::real::arithmetic::Real, alloc::alloc::Global>> (inlined)
                                                                              scale (inlined)
                                                                              branch<hypersolve::algebraic_fiber::LocalFieldElement, hypersolve::algebraic_fiber::LocalFieldError> (inlined)
                                                                              power_to_bernstein_on_interval<hypersolve::algebraic_fiber::LocalFieldElement, hypersolve::algebraic_fiber::isolate_local_polynomial_roots_bernstein::Context> (inlined)
                                                                              branch<core::option::Option<alloc::vec::Vec<hypersolve::algebraic_fiber::LocalFieldElement, alloc::alloc::Global>>, hypersolve::algebraic_fiber::LocalFieldError> (inlined)
                                                                              isolate_ordered_field_polynomial_roots<hypersolve::algebraic_fiber::LocalFieldElement, hypersolve::algebraic_fiber::isolate_local_polynomial_roots_bernstein::Context> (inlined)
                                                                              branch<hypersolve::ordered_field_roots::OrderedFieldRootIsolationReport, hypersolve::algebraic_fiber::LocalFieldError> (inlined)
                                                                              isolate_local_polynomial_roots_bernstein (inlined)
                                                                              isolate_bivariate_fiber_roots_at_algebraic_parameter (inlined)
                                                                              isolate_bivariate_fiber_roots_at_algebraic_parameter_complete (inlined)

 3.68%  ,[.] <num_bigint::biguint::BigUint>::normalized                                                                                                                                                                                                                                                                                                      ,-      -            
            |          
            |--2.41%--normalize (inlined)
            |          normalized (inlined)
            |          |          
            |           --2.13%--biguint_shl2 (inlined)
            |                     |          
            |                     |--1.08%--biguint_shl<usize> (inlined)
            |                     |          |          
            |                     |           --1.07%--shl (inlined)
            |                     |                     div_rem_ref (inlined)
            |                     |                     rem (inlined)
            |                     |                     gcd_wide_magnitudes (inlined)
            |                     |                     |          
            |                     |                      --0.96%--gcd_magnitudes_with_mixed_width_fast_path (inlined)
            |                     |                                |          
            |                     |                                 --0.61%--atomic_load<u32> (inlined)
            |                     |                                           load (inlined)
            |                     |                                           is_completed (inlined)
            |                     |                                           call_once_force<std::sync::lazy_lock::{impl#0}::force::{closure_env#0}<num_bigint::biguint::BigUint, fn() -> num_bigint::biguint::BigUint>> (inlined)
            |                     |                                           force<num_bigint::biguint::BigUint, fn() -> num_bigint::biguint::BigUint> (inlined)
            |                     |                                           deref<num_bigint::biguint::BigUint, fn() -> num_bigint::biguint::BigUint> (inlined)
            |                     |                                           |          
            |                     |                                            --0.54%--reduce_with_possible_divisor (inlined)
            |                     |                                                      add_ref (inlined)
            |                     |                                                      add<&hyperreal::real::arithmetic::Real> (inlined)
            |                     |                                                      add<&hyperreal::real::arithmetic::Real> (inlined)
            |                     |                                                      add_polynomials (inlined)
            |                     |                                                      branch<alloc::vec::Vec<hyperreal::real::arithmetic::Real, alloc::alloc::Global>, hypersolve::algebraic_fiber::LocalFieldError> (inlined)
            |                     |                                                      combine (inlined)
            |                     |                                                      branch<hypersolve::algebraic_fiber::LocalFieldElement, hypersolve::algebraic_fiber::LocalFieldError> (inlined)
            |                     |                                                      power_to_bernstein_on_interval<hypersolve::algebraic_fiber::LocalFieldElement, hypersolve::algebraic_fiber::isolate_local_polynomial_roots_bernstein::Context> (inlined)
            |                     |                                                      branch<core::option::Option<alloc::vec::Vec<hypersolve::algebraic_fiber::LocalFieldElement, alloc::alloc::Global>>, hypersolve::algebraic_fiber::LocalFieldError> (inlined)
            |                     |                                                      isolate_ordered_field_polynomial_roots<hypersolve::algebraic_fiber::LocalFieldElement, hypersolve::algebraic_fiber::isolate_local_polynomial_roots_bernstein::Context> (inlined)
            |                     |                                                      branch<hypersolve::ordered_field_roots::OrderedFieldRootIsolationReport, hypersolve::algebraic_fiber::LocalFieldError> (inlined)
            |                     |                                                      isolate_local_polynomial_roots_bernstein (inlined)
            |                     |                                                      isolate_bivariate_fiber_roots_at_algebraic_parameter (inlined)
            |                     |                                                      isolate_bivariate_fiber_roots_at_algebraic_parameter_complete (inlined)
            |                     |          
            |                      --1.04%--non_null<alloc::alloc::Global, u64> (inlined)
            |                                ptr<alloc::alloc::Global, u64> (inlined)
            |                                ptr<u64, alloc::alloc::Global> (inlined)
            |                                as_ptr<u64, alloc::alloc::Global> (inlined)
            |                                as_slice<u64, alloc::alloc::Global> (inlined)
            |                                deref<u64, alloc::alloc::Global> (inlined)
            |                                div_rem_ref (inlined)
            |                                rem (inlined)
            |                                gcd_wide_magnitudes (inlined)
            |                                |          
            |                                 --0.89%--gcd_magnitudes_with_mixed_width_fast_path (inlined)
            |                                           |          
            |                                            --0.64%--atomic_load<u32> (inlined)
            |                                                      load (inlined)
            |                                                      is_completed (inlined)
            |                                                      call_once_force<std::sync::lazy_lock::{impl#0}::force::{closure_env#0}<num_bigint::biguint::BigUint, fn() -> num_bigint::biguint::BigUint>> (inlined)
            |                                                      force<num_bigint::biguint::BigUint, fn() -> num_bigint::biguint::BigUint> (inlined)
            |                                                      deref<num_bigint::biguint::BigUint, fn() -> num_bigint::biguint::BigUint> (inlined)
            |                                                      |          
            |                                                       --0.57%--reduce_with_possible_divisor (inlined)
            |                                                                 add_ref (inlined)
            |                                                                 add<&hyperreal::real::arithmetic::Real> (inlined)
            |                                                                 add<&hyperreal::real::arithmetic::Real> (inlined)
            |                                                                 add_polynomials (inlined)
            |                                                                 branch<alloc::vec::Vec<hyperreal::real::arithmetic::Real, alloc::alloc::Global>, hypersolve::algebraic_fiber::LocalFieldError> (inlined)
            |                                                                 combine (inlined)
            |                                                                 branch<hypersolve::algebraic_fiber::LocalFieldElement, hypersolve::algebraic_fiber::LocalFieldError> (inlined)
            |                                                                 power_to_bernstein_on_interval<hypersolve::algebraic_fiber::LocalFieldElement, hypersolve::algebraic_fiber::isolate_local_polynomial_roots_bernstein::Context> (inlined)
            |                                                                 branch<core::option::Option<alloc::vec::Vec<hypersolve::algebraic_fiber::LocalFieldElement, alloc::alloc::Global>>, hypersolve::algebraic_fiber::LocalFieldError> (inlined)
            |                                                                 isolate_ordered_field_polynomial_roots<hypersolve::algebraic_fiber::LocalFieldElement, hypersolve::algebraic_fiber::isolate_local_polynomial_roots_bernstein::Context> (inlined)
            |                                                                 branch<hypersolve::ordered_field_roots::OrderedFieldRootIsolationReport, hypersolve::algebraic_fiber::LocalFieldError> (inlined)
            |                                                                 isolate_local_polynomial_roots_bernstein (inlined)
            |                                                                 isolate_bivariate_fiber_roots_at_algebraic_parameter (inlined)
            |                                                                 isolate_bivariate_fiber_roots_at_algebraic_parameter_complete (inlined)
            |          
             --0.70%--normalized (inlined)

 3.27%  ,[.] _int_malloc                                                                                                                                                                                                                                                                                                                                     ,-      -            
            |          
            |--1.80%--_int_realloc
            |          realloc
            |          finish_grow<alloc::alloc::Global> (inlined)
            |          branch<core::ptr::non_null::NonNull<[u8]>, alloc::collections::TryReserveError> (inlined)
            |          grow_amortized<alloc::alloc::Global> (inlined)
            |          grow_one<alloc::alloc::Global> (inlined)
            |          |          
            |           --1.79%--grow_one<u64, alloc::alloc::Global> (inlined)
            |                     |          
            |                      --1.41%--non_null<alloc::alloc::Global, u64> (inlined)
            |                                ptr<alloc::alloc::Global, u64> (inlined)
            |                                ptr<u64, alloc::alloc::Global> (inlined)
            |                                as_mut_ptr<u64, alloc::alloc::Global> (inlined)
            |                                push_mut<u64, alloc::alloc::Global> (inlined)
            |                                push<u64, alloc::alloc::Global> (inlined)
            |                                biguint_shl2 (inlined)
            |                                |          
            |                                 --1.38%--biguint_shl<usize> (inlined)
            |                                           shl (inlined)
            |                                           div_rem_ref (inlined)
            |                                           |          
            |                                            --1.34%--rem (inlined)
            |                                                      |          
            |                                                       --1.33%--gcd_wide_magnitudes (inlined)
            |                                                                 |          
            |                                                                  --1.19%--gcd_magnitudes_with_mixed_width_fast_path (inlined)
            |                                                                            |          
            |                                                                            |--0.62%--atomic_load<u32> (inlined)
            |                                                                            |          load (inlined)
            |                                                                            |          is_completed (inlined)
            |                                                                            |          call_once_force<std::sync::lazy_lock::{impl#0}::force::{closure_env#0}<num_bigint::biguint::BigUint, fn() -> num_bigint::biguint::BigUint>> (inlined)
            |                                                                            |          force<num_bigint::biguint::BigUint, fn() -> num_bigint::biguint::BigUint> (inlined)
            |                                                                            |          deref<num_bigint::biguint::BigUint, fn() -> num_bigint::biguint::BigUint> (inlined)
            |                                                                            |          |          
            |                                                                            |           --0.55%--reduce_with_possible_divisor (inlined)
            |                                                                            |                     add_ref (inlined)
            |                                                                            |                     add<&hyperreal::real::arithmetic::Real> (inlined)
            |                                                                            |                     add<&hyperreal::real::arithmetic::Real> (inlined)
            |                                                                            |                     add_polynomials (inlined)
            |                                                                            |                     branch<alloc::vec::Vec<hyperreal::real::arithmetic::Real, alloc::alloc::Global>, hypersolve::algebraic_fiber::LocalFieldError> (inlined)
            |                                                                            |                     combine (inlined)
            |                                                                            |                     branch<hypersolve::algebraic_fiber::LocalFieldElement, hypersolve::algebraic_fiber::LocalFieldError> (inlined)
            |                                                                            |                     power_to_bernstein_on_interval<hypersolve::algebraic_fiber::LocalFieldElement, hypersolve::algebraic_fiber::isolate_local_polynomial_roots_bernstein::Context> (inlined)
            |                                                                            |                     branch<core::option::Option<alloc::vec::Vec<hypersolve::algebraic_fiber::LocalFieldElement, alloc::alloc::Global>>, hypersolve::algebraic_fiber::LocalFieldError> (inlined)
            |                                                                            |                     isolate_ordered_field_polynomial_roots<hypersolve::algebraic_fiber::LocalFieldElement, hypersolve::algebraic_fiber::isolate_local_polynomial_roots_bernstein::Context> (inlined)
            |                                                                            |                     branch<hypersolve::ordered_field_roots::OrderedFieldRootIsolationReport, hypersolve::algebraic_fiber::LocalFieldError> (inlined)
            |                                                                            |                     isolate_local_polynomial_roots_bernstein (inlined)
            |                                                                            |                     isolate_bivariate_fiber_roots_at_algebraic_parameter (inlined)
            |                                                                            |                     isolate_bivariate_fiber_roots_at_algebraic_parameter_complete (inlined)
            |                                                                            |          
            |                                                                             --0.51%--mul_wide_with_dyadic_denominator (inlined)
            |                                                                                       mul<&hyperreal::rational::arithmetic::Rational> (inlined)
            |                                                                                       exact_rational_unchecked (inlined)
            |                                                                                       new (inlined)
            |                                                                                       mul<&hyperreal::real::arithmetic::Real> (inlined)
            |                                                                                       write<hyperreal::real::arithmetic::Real> (inlined)
            |                                                                                       {closure#0}<hyperreal::real::arithmetic::Real, alloc::alloc::Global, core::iter::adapters::map::Map<core::slice::iter::Iter<hyperreal::real::arithmetic::Real>, hypersolve::algebraic_fiber::{impl#2}::scale::{closure_env#0}>> (inlined)
            |                                                                                       {closure#0}<hyperreal::real::arithmetic::Real, alloc::vec::{impl#21}::extend_trusted::{closure_env#0}<hyperreal::real::arithmetic::Real, alloc::alloc::Global, core::iter::adapters::map::Map<core::slice::iter::Iter<hyperreal::real::arithmetic::Real>, hypersolve::algebraic_fiber::{impl#2}::scale::{closure_env#0}>>> (inlined)
            |                                                                                       {closure#0}<&hyperreal::real::arithmetic::Real, hyperreal::real::arithmetic::Real, (), hypersolve::algebraic_fiber::{impl#2}::scale::{closure_env#0}, core::iter::traits::iterator::Iterator::for_each::call::{closure_env#0}<hyperreal::real::arithmetic::Real, alloc::vec::{impl#21}::extend_trusted::{closure_env#0}<hyperreal::real::arithmetic::Real, alloc::alloc::Global, core::iter::adapters::map::Map<core::slice::iter::Iter<hyperreal::real::arithmetic::Real>, hypersolve::algebraic_fiber::{impl#2}::scale::{closure_env#0}>>>> (inlined)
            |                                                                                       fold<hyperreal::real::arithmetic::Real, (), core::iter::adapters::map::map_fold::{closure_env#0}<&hyperreal::real::arithmetic::Real, hyperreal::real::arithmetic::Real, (), hypersolve::algebraic_fiber::{impl#2}::scale::{closure_env#0}, core::iter::traits::iterator::Iterator::for_each::call::{closure_env#0}<hyperreal::real::arithmetic::Real, alloc::vec::{impl#21}::extend_trusted::{closure_env#0}<hyperreal::real::arithmetic::Real, alloc::alloc::Global, core::iter::adapters::map::Map<core::slice::iter::Iter<hyperreal::real::arithmetic::Real>, hypersolve::algebraic_fiber::{impl#2}::scale::{closure_env#0}>>>>> (inlined)
            |                                                                                       fold<hyperreal::real::arithmetic::Real, core::slice::iter::Iter<hyperreal::real::arithmetic::Real>, hypersolve::algebraic_fiber::{impl#2}::scale::{closure_env#0}, (), core::iter::traits::iterator::Iterator::for_each::call::{closure_env#0}<hyperreal::real::arithmetic::Real, alloc::vec::{impl#21}::extend_trusted::{closure_env#0}<hyperreal::real::arithmetic::Real, alloc::alloc::Global, core::iter::adapters::map::Map<core::slice::iter::Iter<hyperreal::real::arithmetic::Real>, hypersolve::algebraic_fiber::{impl#2}::scale::{closure_env#0}>>>> (inlined)
            |                                                                                       for_each<core::iter::adapters::map::Map<core::slice::iter::Iter<hyperreal::real::arithmetic::Real>, hypersolve::algebraic_fiber::{impl#2}::scale::{closure_env#0}>, alloc::vec::{impl#21}::extend_trusted::{closure_env#0}<hyperreal::real::arithmetic::Real, alloc::alloc::Global, core::iter::adapters::map::Map<core::slice::iter::Iter<hyperreal::real::arithmetic::Real>, hypersolve::algebraic_fiber::{impl#2}::scale::{closure_env#0}>>> (inlined)
            |                                                                                       extend_trusted<hyperreal::real::arithmetic::Real, alloc::alloc::Global, core::iter::adapters::map::Map<core::slice::iter::Iter<hyperreal::real::arithmetic::Real>, hypersolve::algebraic_fiber::{impl#2}::scale::{closure_env#0}>> (inlined)
            |                                                                                       spec_extend<hyperreal::real::arithmetic::Real, core::iter::adapters::map::Map<core::slice::iter::Iter<hyperreal::real::arithmetic::Real>, hypersolve::algebraic_fiber::{impl#2}::scale::{closure_env#0}>, alloc::alloc::Global> (inlined)
            |                                                                                       from_iter<hyperreal::real::arithmetic::Real, core::iter::adapters::map::Map<core::slice::iter::Iter<hyperreal::real::arithmetic::Real>, hypersolve::algebraic_fiber::{impl#2}::scale::{closure_env#0}>> (inlined)
            |                                                                                       from_iter<hyperreal::real::arithmetic::Real, core::iter::adapters::map::Map<core::slice::iter::Iter<hyperreal::real::arithmetic::Real>, hypersolve::algebraic_fiber::{impl#2}::scale::{closure_env#0}>> (inlined)
            |                                                                                       from_iter<hyperreal::real::arithmetic::Real, core::iter::adapters::map::Map<core::slice::iter::Iter<hyperreal::real::arithmetic::Real>, hypersolve::algebraic_fiber::{impl#2}::scale::{closure_env#0}>> (inlined)
            |                                                                                       collect<core::iter::adapters::map::Map<core::slice::iter::Iter<hyperreal::real::arithmetic::Real>, hypersolve::algebraic_fiber::{impl#2}::scale::{closure_env#0}>, alloc::vec::Vec<hyperreal::real::arithmetic::Real, alloc::alloc::Global>> (inlined)
            |                                                                                       scale (inlined)
            |                                                                                       branch<hypersolve::algebraic_fiber::LocalFieldElement, hypersolve::algebraic_fiber::LocalFieldError> (inlined)
            |                                                                                       power_to_bernstein_on_interval<hypersolve::algebraic_fiber::LocalFieldElement, hypersolve::algebraic_fiber::isolate_local_polynomial_roots_bernstein::Context> (inlined)
            |                                                                                       branch<core::option::Option<alloc::vec::Vec<hypersolve::algebraic_fiber::LocalFieldElement, alloc::alloc::Global>>, hypersolve::algebraic_fiber::LocalFieldError> (inlined)
            |                                                                                       isolate_ordered_field_polynomial_roots<hypersolve::algebraic_fiber::LocalFieldElement, hypersolve::algebraic_fiber::isolate_local_polynomial_roots_bernstein::Context> (inlined)
            |                                                                                       branch<hypersolve::ordered_field_roots::OrderedFieldRootIsolationReport, hypersolve::algebraic_fiber::LocalFieldError> (inlined)
            |                                                                                       isolate_local_polynomial_roots_bernstein (inlined)
            |                                                                                       isolate_bivariate_fiber_roots_at_algebraic_parameter (inlined)
            |                                                                                       isolate_bivariate_fiber_roots_at_algebraic_parameter_complete (inlined)
            |          
            |--0.84%--__libc_malloc2
            |          |          
            |           --0.52%--alloc (inlined)
            |                     alloc_impl_runtime (inlined)
            |                     alloc_impl (inlined)
            |                     allocate (inlined)
            |                     try_allocate_in<alloc::alloc::Global> (inlined)
            |                     with_capacity_in<alloc::alloc::Global> (inlined)
            |                     with_capacity_in<u64, alloc::alloc::Global> (inlined)
            |                     with_capacity_in<u64, alloc::alloc::Global> (inlined)
            |                     to_vec<u64, alloc::alloc::Global> (inlined)
            |                     to_vec_in<u64, alloc::alloc::Global> (inlined)
            |                     clone<u64, alloc::alloc::Global> (inlined)
            |                     clone (inlined)
            |                     to_owned<num_bigint::biguint::BigUint> (inlined)
            |                     into_owned<num_bigint::biguint::BigUint> (inlined)
            |                     biguint_shl2 (inlined)
            |          
             --0.54%--__libc_calloc2
                       alloc_zeroed (inlined)
                       alloc_impl_runtime (inlined)
                       alloc_impl (inlined)
                       allocate_zeroed (inlined)
                       try_allocate_in<alloc::alloc::Global> (inlined)
                       with_capacity_zeroed_in<alloc::alloc::Global> (inlined)
                       with_capacity_zeroed_in<u64, alloc::alloc::Global> (inlined)
                       from_elem<u64, alloc::alloc::Global> (inlined)
                       from_elem<u64> (inlined)
                       div_rem_core (inlined)
                       div_rem_ref (inlined)
                       rem (inlined)
                       gcd_wide_magnitudes (inlined)

 3.03%  ,[.] <&num_bigint::biguint::BigUint as core::ops::arith::Rem>::rem                                                                                                                                                                                                                                                                                   ,-      -            
            |          
             --2.06%--rem (inlined)
                       |          
                        --2.04%--gcd_wide_magnitudes (inlined)
                                  |          
                                   --1.69%--gcd_magnitudes_with_mixed_width_fast_path (inlined)
                                             |          
                                             |--1.00%--atomic_load<u32> (inlined)
                                             |          load (inlined)
                                             |          is_completed (inlined)
                                             |          call_once_force<std::sync::lazy_lock::{impl#0}::force::{closure_env#0}<num_bigint::biguint::BigUint, fn() -> num_bigint::biguint::BigUint>> (inlined)
                                             |          force<num_bigint::biguint::BigUint, fn() -> num_bigint::biguint::BigUint> (inlined)
                                             |          deref<num_bigint::biguint::BigUint, fn() -> num_bigint::biguint::BigUint> (inlined)
                                             |          |          
                                             |           --0.94%--reduce_with_possible_divisor (inlined)
                                             |                     add_ref (inlined)
                                             |                     add<&hyperreal::real::arithmetic::Real> (inlined)
                                             |                     add<&hyperreal::real::arithmetic::Real> (inlined)
                                             |                     add_polynomials (inlined)
                                             |                     branch<alloc::vec::Vec<hyperreal::real::arithmetic::Real, alloc::alloc::Global>, hypersolve::algebraic_fiber::LocalFieldError> (inlined)
                                             |                     combine (inlined)
                                             |                     branch<hypersolve::algebraic_fiber::LocalFieldElement, hypersolve::algebraic_fiber::LocalFieldError> (inlined)
                                             |                     power_to_bernstein_on_interval<hypersolve::algebraic_fiber::LocalFieldElement, hypersolve::algebraic_fiber::isolate_local_polynomial_roots_bernstein::Context> (inlined)
                                             |                     branch<core::option::Option<alloc::vec::Vec<hypersolve::algebraic_fiber::LocalFieldElement, alloc::alloc::Global>>, hypersolve::algebraic_fiber::LocalFieldError> (inlined)
                                             |                     isolate_ordered_field_polynomial_roots<hypersolve::algebraic_fiber::LocalFieldElement, hypersolve::algebraic_fiber::isolate_local_polynomial_roots_bernstein::Context> (inlined)
                                             |                     branch<hypersolve::ordered_field_roots::OrderedFieldRootIsolationReport, hypersolve::algebraic_fiber::LocalFieldError> (inlined)
                                             |                     isolate_local_polynomial_roots_bernstein (inlined)
                                             |                     isolate_bivariate_fiber_roots_at_algebraic_parameter (inlined)
                                             |                     isolate_bivariate_fiber_roots_at_algebraic_parameter_complete (inlined)
                                             |                     |          
                                             |                      --0.72%--algebraic_selected_fiber_root_interval_refined (inlined)
                                             |                                branch<hypercurve::classify::Classification<hypersolve::root_isolation::IsolatedRootInterval>, hypercurve::error::CurveError> (inlined)
                                             |                                |          
                                             |                                 --0.71%--algebraic_selected_fiber_root_predicate_sign (inlined)
                                             |                                           branch<hypercurve::classify::Classification<hyperreal::structural::RealSign>, hypercurve::error::CurveError> (inlined)
                                             |          
                                              --0.67%--mul_wide_with_dyadic_denominator (inlined)
                                                        mul<&hyperreal::rational::arithmetic::Rational> (inlined)
                                                        exact_rational_unchecked (inlined)
                                                        new (inlined)
                                                        mul<&hyperreal::real::arithmetic::Real> (inlined)
                                                        write<hyperreal::real::arithmetic::Real> (inlined)
                                                        {closure#0}<hyperreal::real::arithmetic::Real, alloc::alloc::Global, core::iter::adapters::map::Map<core::slice::iter::Iter<hyperreal::real::arithmetic::Real>, hypersolve::algebraic_fiber::{impl#2}::scale::{closure_env#0}>> (inlined)
                                                        {closure#0}<hyperreal::real::arithmetic::Real, alloc::vec::{impl#21}::extend_trusted::{closure_env#0}<hyperreal::real::arithmetic::Real, alloc::alloc::Global, core::iter::adapters::map::Map<core::slice::iter::Iter<hyperreal::real::arithmetic::Real>, hypersolve::algebraic_fiber::{impl#2}::scale::{closure_env#0}>>> (inlined)
                                                        {closure#0}<&hyperreal::real::arithmetic::Real, hyperreal::real::arithmetic::Real, (), hypersolve::algebraic_fiber::{impl#2}::scale::{closure_env#0}, core::iter::traits::iterator::Iterator::for_each::call::{closure_env#0}<hyperreal::real::arithmetic::Real, alloc::vec::{impl#21}::extend_trusted::{closure_env#0}<hyperreal::real::arithmetic::Real, alloc::alloc::Global, core::iter::adapters::map::Map<core::slice::iter::Iter<hyperreal::real::arithmetic::Real>, hypersolve::algebraic_fiber::{impl#2}::scale::{closure_env#0}>>>> (inlined)
                                                        fold<hyperreal::real::arithmetic::Real, (), core::iter::adapters::map::map_fold::{closure_env#0}<&hyperreal::real::arithmetic::Real, hyperreal::real::arithmetic::Real, (), hypersolve::algebraic_fiber::{impl#2}::scale::{closure_env#0}, core::iter::traits::iterator::Iterator::for_each::call::{closure_env#0}<hyperreal::real::arithmetic::Real, alloc::vec::{impl#21}::extend_trusted::{closure_env#0}<hyperreal::real::arithmetic::Real, alloc::alloc::Global, core::iter::adapters::map::Map<core::slice::iter::Iter<hyperreal::real::arithmetic::Real>, hypersolve::algebraic_fiber::{impl#2}::scale::{closure_env#0}>>>>> (inlined)
                                                        fold<hyperreal::real::arithmetic::Real, core::slice::iter::Iter<hyperreal::real::arithmetic::Real>, hypersolve::algebraic_fiber::{impl#2}::scale::{closure_env#0}, (), core::iter::traits::iterator::Iterator::for_each::call::{closure_env#0}<hyperreal::real::arithmetic::Real, alloc::vec::{impl#21}::extend_trusted::{closure_env#0}<hyperreal::real::arithmetic::Real, alloc::alloc::Global, core::iter::adapters::map::Map<core::slice::iter::Iter<hyperreal::real::arithmetic::Real>, hypersolve::algebraic_fiber::{impl#2}::scale::{closure_env#0}>>>> (inlined)
                                                        for_each<core::iter::adapters::map::Map<core::slice::iter::Iter<hyperreal::real::arithmetic::Real>, hypersolve::algebraic_fiber::{impl#2}::scale::{closure_env#0}>, alloc::vec::{impl#21}::extend_trusted::{closure_env#0}<hyperreal::real::arithmetic::Real, alloc::alloc::Global, core::iter::adapters::map::Map<core::slice::iter::Iter<hyperreal::real::arithmetic::Real>, hypersolve::algebraic_fiber::{impl#2}::scale::{closure_env#0}>>> (inlined)
                                                        extend_trusted<hyperreal::real::arithmetic::Real, alloc::alloc::Global, core::iter::adapters::map::Map<core::slice::iter::Iter<hyperreal::real::arithmetic::Real>, hypersolve::algebraic_fiber::{impl#2}::scale::{closure_env#0}>> (inlined)
                                                        spec_extend<hyperreal::real::arithmetic::Real, core::iter::adapters::map::Map<core::slice::iter::Iter<hyperreal::real::arithmetic::Real>, hypersolve::algebraic_fiber::{impl#2}::scale::{closure_env#0}>, alloc::alloc::Global> (inlined)
                                                        from_iter<hyperreal::real::arithmetic::Real, core::iter::adapters::map::Map<core::slice::iter::Iter<hyperreal::real::arithmetic::Real>, hypersolve::algebraic_fiber::{impl#2}::scale::{closure_env#0}>> (inlined)
                                                        from_iter<hyperreal::real::arithmetic::Real, core::iter::adapters::map::Map<core::slice::iter::Iter<hyperreal::real::arithmetic::Real>, hypersolve::algebraic_fiber::{impl#2}::scale::{closure_env#0}>> (inlined)
                                                        from_iter<hyperreal::real::arithmetic::Real, core::iter::adapters::map::Map<core::slice::iter::Iter<hyperreal::real::arithmetic::Real>, hypersolve::algebraic_fiber::{impl#2}::scale::{closure_env#0}>> (inlined)
                                                        collect<core::iter::adapters::map::Map<core::slice::iter::Iter<hyperreal::real::arithmetic::Real>, hypersolve::algebraic_fiber::{impl#2}::scale::{closure_env#0}>, alloc::vec::Vec<hyperreal::real::arithmetic::Real, alloc::alloc::Global>> (inlined)
                                                        scale (inlined)
                                                        branch<hypersolve::algebraic_fiber::LocalFieldElement, hypersolve::algebraic_fiber::LocalFieldError> (inlined)
                                                        power_to_bernstein_on_interval<hypersolve::algebraic_fiber::LocalFieldElement, hypersolve::algebraic_fiber::isolate_local_polynomial_roots_bernstein::Context> (inlined)
                                                        branch<core::option::Option<alloc::vec::Vec<hypersolve::algebraic_fiber::LocalFieldElement, alloc::alloc::Global>>, hypersolve::algebraic_fiber::LocalFieldError> (inlined)
                                                        isolate_ordered_field_polynomial_roots<hypersolve::algebraic_fiber::LocalFieldElement, hypersolve::algebraic_fiber::isolate_local_polynomial_roots_bernstein::Context> (inlined)
                                                        branch<hypersolve::ordered_field_roots::OrderedFieldRootIsolationReport, hypersolve::algebraic_fiber::LocalFieldError> (inlined)
                                                        isolate_local_polynomial_roots_bernstein (inlined)
                                                        isolate_bivariate_fiber_roots_at_algebraic_parameter (inlined)
                                                        isolate_bivariate_fiber_roots_at_algebraic_parameter_complete (inlined)
                                                        |          
                                                         --0.52%--algebraic_selected_fiber_root_interval_refined (inlined)
                                                                   branch<hypercurve::classify::Classification<hypersolve::root_isolation::IsolatedRootInterval>, hypercurve::error::CurveError> (inlined)

 2.91%  ,[.] num_bigint::biguint::division::div_rem_ref                                                                                                                                                                                                                                                                                                      ,-      -            
            |          
             --1.48%--div_rem_ref (inlined)
                       |          
                        --1.29%--rem (inlined)
                                  gcd_wide_magnitudes (inlined)
                                  |          
                                   --1.05%--gcd_magnitudes_with_mixed_width_fast_path (inlined)
                                             |          
                                              --0.71%--atomic_load<u32> (inlined)
                                                        load (inlined)
                                                        is_completed (inlined)
                                                        call_once_force<std::sync::lazy_lock::{impl#0}::force::{closure_env#0}<num_bigint::biguint::BigUint, fn() -> num_bigint::biguint::BigUint>> (inlined)
                                                        force<num_bigint::biguint::BigUint, fn() -> num_bigint::biguint::BigUint> (inlined)
                                                        deref<num_bigint::biguint::BigUint, fn() -> num_bigint::biguint::BigUint> (inlined)
                                                        |          
                                                         --0.65%--reduce_with_possible_divisor (inlined)
                                                                   add_ref (inlined)
                                                                   add<&hyperreal::real::arithmetic::Real> (inlined)
                                                                   add<&hyperreal::real::arithmetic::Real> (inlined)
                                                                   add_polynomials (inlined)
                                                                   branch<alloc::vec::Vec<hyperreal::real::arithmetic::Real, alloc::alloc::Global>, hypersolve::algebraic_fiber::LocalFieldError> (inlined)
                                                                   combine (inlined)
                                                                   branch<hypersolve::algebraic_fiber::LocalFieldElement, hypersolve::algebraic_fiber::LocalFieldError> (inlined)
                                                                   power_to_bernstein_on_interval<hypersolve::algebraic_fiber::LocalFieldElement, hypersolve::algebraic_fiber::isolate_local_polynomial_roots_bernstein::Context> (inlined)
                                                                   branch<core::option::Option<alloc::vec::Vec<hypersolve::algebraic_fiber::LocalFieldElement, alloc::alloc::Global>>, hypersolve::algebraic_fiber::LocalFieldError> (inlined)
                                                                   isolate_ordered_field_polynomial_roots<hypersolve::algebraic_fiber::LocalFieldElement, hypersolve::algebraic_fiber::isolate_local_polynomial_roots_bernstein::Context> (inlined)
                                                                   branch<hypersolve::ordered_field_roots::OrderedFieldRootIsolationReport, hypersolve::algebraic_fiber::LocalFieldError> (inlined)
                                                                   isolate_local_polynomial_roots_bernstein (inlined)
                                                                   isolate_bivariate_fiber_roots_at_algebraic_parameter (inlined)
                                                                   isolate_bivariate_fiber_roots_at_algebraic_parameter_complete (inlined)

 2.10%  ,[.] _int_free_chunk                                                                                                                                                                                                                                                                                                                                 ,-      -            
            |          
            |--0.77%--dealloc_nonnull (inlined)
            |          deallocate_impl_runtime (inlined)
            |          deallocate_impl (inlined)
            |          deallocate (inlined)
            |          deallocate<alloc::alloc::Global> (inlined)
            |          drop<u64, alloc::alloc::Global> (inlined)
            |          drop_glue<alloc::raw_vec::RawVec<u64, alloc::alloc::Global>> (inlined)
            |          drop_glue<alloc::vec::Vec<u64, alloc::alloc::Global>> (inlined)
            |          drop_glue<num_bigint::biguint::BigUint> (inlined)
            |          |          
            |           --0.74%--gcd_wide_magnitudes (inlined)
            |                     |          
            |                      --0.66%--gcd_magnitudes_with_mixed_width_fast_path (inlined)
            |          
             --0.72%--_int_realloc
                       realloc
                       finish_grow<alloc::alloc::Global> (inlined)
                       branch<core::ptr::non_null::NonNull<[u8]>, alloc::collections::TryReserveError> (inlined)
                       grow_amortized<alloc::alloc::Global> (inlined)
                       grow_one<alloc::alloc::Global> (inlined)
                       grow_one<u64, alloc::alloc::Global> (inlined)
                       |          
                        --0.65%--non_null<alloc::alloc::Global, u64> (inlined)
                                  ptr<alloc::alloc::Global, u64> (inlined)
                                  ptr<u64, alloc::alloc::Global> (inlined)
                                  as_mut_ptr<u64, alloc::alloc::Global> (inlined)
                                  push_mut<u64, alloc::alloc::Global> (inlined)
                                  push<u64, alloc::alloc::Global> (inlined)
                                  biguint_shl2 (inlined)
                                  biguint_shl<usize> (inlined)
                                  shl (inlined)
                                  div_rem_ref (inlined)
                                  |          
                                   --0.64%--rem (inlined)
                                             gcd_wide_magnitudes (inlined)
                                             |          
                                              --0.58%--gcd_magnitudes_with_mixed_width_fast_path (inlined)

 1.86%  ,[.] cfree@GLIBC_2.2.5                                                                                                                                                                                                                                                                                                                               ,-      -            
            |          
             --0.62%--gcd_magnitudes_with_mixed_width_fast_path (inlined)

 1.75%  ,[.] hyperreal::rational::arithmetic::compare_word_magnitudes                                                                                                                                                                                                                                                                                        ,-      -            
            |          
             --0.98%--to_u128 (inlined)
                       compare_word_magnitudes (inlined)
                       eq (inlined)
                       eq (inlined)
                       equal_same_length<hyperreal::real::arithmetic::Real, hyperreal::real::arithmetic::Real> (inlined)
                       eq<hyperreal::real::arithmetic::Real, hyperreal::real::arithmetic::Real> (inlined)
                       eq<hyperreal::real::arithmetic::Real, hyperreal::real::arithmetic::Real, alloc::alloc::Global> (inlined)
                       eq<alloc::vec::Vec<hyperreal::real::arithmetic::Real, alloc::alloc::Global>, [hyperreal::real::arithmetic::Real]> (inlined)
                       {closure#1} (inlined)
                       |          
                        --0.97%--find<(alloc::vec::Vec<hyperreal::real::arithmetic::Real, alloc::alloc::Global>, core::cmp::Ordering), hypersolve::algebraic_fiber::{impl#3}::sign_polynomial_if_separated::{closure_env#1}> (inlined)
                                  sign_polynomial_if_separated (inlined)
                                  sign_if_separated (inlined)
                                  sign_if_separated (inlined)
                                  |          
                                   --0.88%--bernstein_sign_variations<hypersolve::algebraic_fiber::LocalFieldElement, hypersolve::algebraic_fiber::isolate_local_polynomial_roots_bernstein::Context> (inlined)
                                             branch<core::option::Option<usize>, hypersolve::algebraic_fiber::LocalFieldError> (inlined)
                                             isolate_ordered_field_polynomial_roots<hypersolve::algebraic_fiber::LocalFieldElement, hypersolve::algebraic_fiber::isolate_local_polynomial_roots_bernstein::Context> (inlined)
                                             branch<hypersolve::ordered_field_roots::OrderedFieldRootIsolationReport, hypersolve::algebraic_fiber::LocalFieldError> (inlined)
                                             isolate_local_polynomial_roots_bernstein (inlined)
                                             isolate_bivariate_fiber_roots_at_algebraic_parameter (inlined)
                                             isolate_bivariate_fiber_roots_at_algebraic_parameter_complete (inlined)
                                             |          
                                              --0.71%--algebraic_selected_fiber_root_interval_refined (inlined)
                                                        branch<hypercurve::classify::Classification<hypersolve::root_isolation::IsolatedRootInterval>, hypercurve::error::CurveError> (inlined)
                                                        |          
                                                         --0.63%--algebraic_selected_fiber_root_predicate_sign (inlined)
                                                                   branch<hypercurve::classify::Classification<hyperreal::structural::RealSign>, hypercurve::error::CurveError> (inlined)

 1.65%  ,[.] malloc                                                                                                                                                                                                                                                                                                                                          ,-      -            
            |          
            |--0.53%--biguint_shl<usize> (inlined)
            |          |          
            |           --0.51%--shl (inlined)
            |                     div_rem_ref (inlined)
            |                     rem (inlined)
            |          
             --0.53%--non_null<alloc::alloc::Global, u64> (inlined)
                       ptr<alloc::alloc::Global, u64> (inlined)
                       ptr<u64, alloc::alloc::Global> (inlined)
                       as_ptr<u64, alloc::alloc::Global> (inlined)
                       as_slice<u64, alloc::alloc::Global> (inlined)
                       deref<u64, alloc::alloc::Global> (inlined)
                       div_rem_ref (inlined)
                       |          
                        --0.51%--rem (inlined)
                                  gcd_wide_magnitudes (inlined)

 1.51%  ,[.] realloc                                                                                                                                                                                                                                                                                                                                         ,-      -            
            |          
             --1.49%--finish_grow<alloc::alloc::Global> (inlined)
                       branch<core::ptr::non_null::NonNull<[u8]>, alloc::collections::TryReserveError> (inlined)
                       grow_amortized<alloc::alloc::Global> (inlined)
                       grow_one<alloc::alloc::Global> (inlined)
                       grow_one<u64, alloc::alloc::Global> (inlined)
                       |          
                        --1.25%--non_null<alloc::alloc::Global, u64> (inlined)
                                  ptr<alloc::alloc::Global, u64> (inlined)
                                  ptr<u64, alloc::alloc::Global> (inlined)
                                  as_mut_ptr<u64, alloc::alloc::Global> (inlined)
                                  push_mut<u64, alloc::alloc::Global> (inlined)
                                  push<u64, alloc::alloc::Global> (inlined)
                                  biguint_shl2 (inlined)
                                  biguint_shl<usize> (inlined)
                                  shl (inlined)
                                  div_rem_ref (inlined)
                                  rem (inlined)
                                  |          
                                   --1.24%--gcd_wide_magnitudes (inlined)
                                             |          
                                              --1.00%--gcd_magnitudes_with_mixed_width_fast_path (inlined)
                                                        |          
                                                         --0.62%--atomic_load<u32> (inlined)
                                                                   load (inlined)
                                                                   is_completed (inlined)
                                                                   call_once_force<std::sync::lazy_lock::{impl#0}::force::{closure_env#0}<num_bigint::biguint::BigUint, fn() -> num_bigint::biguint::BigUint>> (inlined)
                                                                   force<num_bigint::biguint::BigUint, fn() -> num_bigint::biguint::BigUint> (inlined)
                                                                   deref<num_bigint::biguint::BigUint, fn() -> num_bigint::biguint::BigUint> (inlined)
                                                                   |          
                                                                    --0.56%--reduce_with_possible_divisor (inlined)
                                                                              add_ref (inlined)
                                                                              add<&hyperreal::real::arithmetic::Real> (inlined)
                                                                              add<&hyperreal::real::arithmetic::Real> (inlined)
                                                                              add_polynomials (inlined)
                                                                              branch<alloc::vec::Vec<hyperreal::real::arithmetic::Real, alloc::alloc::Global>, hypersolve::algebraic_fiber::LocalFieldError> (inlined)
                                                                              combine (inlined)
                                                                              branch<hypersolve::algebraic_fiber::LocalFieldElement, hypersolve::algebraic_fiber::LocalFieldError> (inlined)
                                                                              power_to_bernstein_on_interval<hypersolve::algebraic_fiber::LocalFieldElement, hypersolve::algebraic_fiber::isolate_local_polynomial_roots_bernstein::Context> (inlined)
                                                                              branch<core::option::Option<alloc::vec::Vec<hypersolve::algebraic_fiber::LocalFieldElement, alloc::alloc::Global>>, hypersolve::algebraic_fiber::LocalFieldError> (inlined)
                                                                              isolate_ordered_field_polynomial_roots<hypersolve::algebraic_fiber::LocalFieldElement, hypersolve::algebraic_fiber::isolate_local_polynomial_roots_bernstein::Context> (inlined)
                                                                              branch<hypersolve::ordered_field_roots::OrderedFieldRootIsolationReport, hypersolve::algebraic_fiber::LocalFieldError> (inlined)
                                                                              isolate_local_polynomial_roots_bernstein (inlined)
                                                                              isolate_bivariate_fiber_roots_at_algebraic_parameter (inlined)
                                                                              isolate_bivariate_fiber_roots_at_algebraic_parameter_complete (inlined)

 1.49%  ,[.] __memmove_avx_unaligned_erms                                                                                                                                                                                                                                                                                                                    ,-      -            
 1.47%  ,[.] num_bigint::biguint::shift::biguint_shr2                                                                                                                                                                                                                                                                                                        ,-      -            
            |          
             --0.97%--biguint_shr2 (inlined)
                       |          
                        --0.60%--div_rem_ref (inlined)
                                  rem (inlined)
                                  gcd_wide_magnitudes (inlined)
                                  |          
                                   --0.53%--gcd_magnitudes_with_mixed_width_fast_path (inlined)

 1.00%  ,[.] _int_realloc                                                                                                                                                                                                                                                                                                                                    ,-      -            
            |          
             --0.97%--realloc
                       finish_grow<alloc::alloc::Global> (inlined)
                       branch<core::ptr::non_null::NonNull<[u8]>, alloc::collections::TryReserveError> (inlined)
                       grow_amortized<alloc::alloc::Global> (inlined)
                       grow_one<alloc::alloc::Global> (inlined)
                       grow_one<u64, alloc::alloc::Global> (inlined)
                       |          
                        --0.88%--non_null<alloc::alloc::Global, u64> (inlined)
                                  ptr<alloc::alloc::Global, u64> (inlined)
                                  ptr<u64, alloc::alloc::Global> (inlined)
                                  as_mut_ptr<u64, alloc::alloc::Global> (inlined)
                                  push_mut<u64, alloc::alloc::Global> (inlined)
                                  push<u64, alloc::alloc::Global> (inlined)
                                  biguint_shl2 (inlined)
                                  biguint_shl<usize> (inlined)
                                  shl (inlined)
                                  div_rem_ref (inlined)
                                  |          
                                   --0.85%--rem (inlined)
                                             gcd_wide_magnitudes (inlined)
                                             |          
                                              --0.71%--gcd_magnitudes_with_mixed_width_fast_path (inlined)

 0.95%  ,[.] <alloc::raw_vec::RawVec<u64>>::grow_one                                                                                                                                                                                                                                                                                                         ,-      -            
 0.94%  ,[.] <hyperreal::rational::arithmetic::Rational>::gcd_magnitudes_with_mixed_width_fast_path                                                                                                                                                                                                                                                          ,-      -            
 0.90%  ,[.] __rustc::__rust_dealloc                                                                                                                                                                                                                                                                                                                         ,-      -            
 0.84%  ,[.] __rustc::__rust_no_alloc_shim_is_unstable_v2                                                                                                                                                                                                                                                                                                    ,-      -            
 0.83%  ,[.] __rustc::__rust_alloc                                                                                                                                                                                                                                                                                                                           ,-      -            
 0.74%  ,[.] <hypersolve::algebraic_fiber::LocalAlgebraicField>::sign_polynomial_if_separated                                                                                                                                                                                                                                                                ,-      -            
 0.72%  ,[.] <hyperreal::real::arithmetic::Real as core::cmp::PartialEq>::eq                                                                                                                                                                                                                                                                                 ,-      -            
            |          
             --0.55%--sign_if_separated (inlined)
                       sign_if_separated (inlined)
                       |          
                        --0.52%--bernstein_sign_variations<hypersolve::algebraic_fiber::LocalFieldElement, hypersolve::algebraic_fiber::isolate_local_polynomial_roots_bernstein::Context> (inlined)
                                  branch<core::option::Option<usize>, hypersolve::algebraic_fiber::LocalFieldError> (inlined)
                                  isolate_ordered_field_polynomial_roots<hypersolve::algebraic_fiber::LocalFieldElement, hypersolve::algebraic_fiber::isolate_local_polynomial_roots_bernstein::Context> (inlined)
                                  branch<hypersolve::ordered_field_roots::OrderedFieldRootIsolationReport, hypersolve::algebraic_fiber::LocalFieldError> (inlined)
                                  isolate_local_polynomial_roots_bernstein (inlined)
                                  isolate_bivariate_fiber_roots_at_algebraic_parameter (inlined)
                                  isolate_bivariate_fiber_roots_at_algebraic_parameter_complete (inlined)

 0.66%  ,[.] <hyperreal::rational::arithmetic::Rational>::apply_lehmer_gcd_matrix::{closure#0}                                                                                                                                                                                                                                                               ,-      -            
 0.65%  ,[.] __memcmp_avx2_movbe                                                                                                                                                                                                                                                                                                                             ,-      -            
            |          
             --0.55%--eq (inlined)
                       equal_same_length<hyperreal::real::arithmetic::Real, hyperreal::real::arithmetic::Real> (inlined)
                       eq<hyperreal::real::arithmetic::Real, hyperreal::real::arithmetic::Real> (inlined)
                       eq<hyperreal::real::arithmetic::Real, hyperreal::real::arithmetic::Real, alloc::alloc::Global> (inlined)
                       eq<alloc::vec::Vec<hyperreal::real::arithmetic::Real, alloc::alloc::Global>, [hyperreal::real::arithmetic::Real]> (inlined)
                       {closure#1} (inlined)
                       |          
                        --0.54%--find<(alloc::vec::Vec<hyperreal::real::arithmetic::Real, alloc::alloc::Global>, core::cmp::Ordering), hypersolve::algebraic_fiber::{impl#3}::sign_polynomial_if_separated::{closure_env#1}> (inlined)
                                  sign_polynomial_if_separated (inlined)
                                  sign_if_separated (inlined)
                                  sign_if_separated (inlined)
                                  |          
                                   --0.52%--bernstein_sign_variations<hypersolve::algebraic_fiber::LocalFieldElement, hypersolve::algebraic_fiber::isolate_local_polynomial_roots_bernstein::Context> (inlined)
                                             branch<core::option::Option<usize>, hypersolve::algebraic_fiber::LocalFieldError> (inlined)
                                             isolate_ordered_field_polynomial_roots<hypersolve::algebraic_fiber::LocalFieldElement, hypersolve::algebraic_fiber::isolate_local_polynomial_roots_bernstein::Context> (inlined)
                                             branch<hypersolve::ordered_field_roots::OrderedFieldRootIsolationReport, hypersolve::algebraic_fiber::LocalFieldError> (inlined)
                                             isolate_local_polynomial_roots_bernstein (inlined)
                                             isolate_bivariate_fiber_roots_at_algebraic_parameter (inlined)
                                             isolate_bivariate_fiber_roots_at_algebraic_parameter_complete (inlined)

 0.61%  ,[.] __libc_calloc                                                                                                                                                                                                                                                                                                                                   ,-      -            
            |          
             --0.58%--div_rem_ref (inlined)
                       rem (inlined)
                       gcd_wide_magnitudes (inlined)

 0.60%  ,[.] <num_bigint::biguint::BigUint>::normalized                                                                                                                                                                                                                                                                                                      ,-      -            
 0.60%  ,[.] hyperreal::rational::arithmetic::compare_dyadic_magnitudes                                                                                                                                                                                                                                                                                      ,-      -            
 0.60%  ,[.] num_bigint::biguint::multiplication::scalar_mul                                                                                                                                                                                                                                                                                                 ,-      -            
 0.59%  ,[.] <alloc::raw_vec::RawVecInner>::finish_grow                                                                                                                                                                                                                                                                                                      ,-      -            
 0.50%  ,[.] <num_bigint::biguint::BigUint as core::ops::arith::SubAssign<&num_bigint::biguint::BigUint>>::sub_assign                                                                                                                                                                                                                                        ,-      -            


#
# (Tip: To only collect call graph on one event use perf record -e cpu/cpu-cycles,callgraph=1/,branches ; perf report --show-ref-call-graph)
#
