{"type":"angle","q":1,"p":-2,"scale":1,"op":"root","phase":0,"ok":1,"poly":["-1","1"],"real":["1","1","0"],"imag":["0","0","0"],"recognized":1,"nullRecognized":1,"rp":0,"rq":1}
{"type":"angle","q":1,"p":-2,"scale":1,"op":"root","phase":1,"ok":1,"poly":["-1","1"],"real":["1","1","0"],"imag":["0","0","0"],"recognized":1,"nullRecognized":1,"rp":0,"rq":1}
{"type":"angle","q":1,"p":-2,"scale":1,"op":"exp","phase":0,"ok":1,"poly":["-1","1"],"real":["1","1","0"],"imag":["0","0","0"],"recognized":1,"nullRecognized":1,"rp":0,"rq":1}
{"type":"angle","q":1,"p":-2,"scale":1,"op":"exp","phase":1,"ok":1,"poly":["-1","1"],"real":["1","1","0"],"imag":["0","0","0"],"recognized":1,"nullRecognized":1,"rp":0,"rq":1}
{"type":"angle","q":1,"p":-2,"scale":1,"op":"sin","phase":0,"ok":1,"poly":["0","1"],"real":["0","0","0"],"imag":["0","0","0"]}
{"type":"angle","q":1,"p":-2,"scale":1,"op":"sin","phase":1,"ok":1,"poly":["0","1"],"real":["0","0","0"],"imag":["0","0","0"]}
{"type":"angle","q":1,"p":-2,"scale":1,"op":"cos","phase":0,"ok":1,"poly":["-1","1"],"real":["1","1","0"],"imag":["0","0","0"]}
{"type":"angle","q":1,"p":-2,"scale":1,"op":"cos","phase":1,"ok":1,"poly":["-1","1"],"real":["1","1","0"],"imag":["0","0","0"]}
{"type":"angle","q":1,"p":-2,"scale":1,"op":"tan","phase":0,"ok":1,"poly":["0","1"],"real":["0","0","0"],"imag":["0","0","0"]}
{"type":"angle","q":1,"p":-2,"scale":1,"op":"tan","phase":1,"ok":1,"poly":["0","1"],"real":["0","0","0"],"imag":["0","0","0"]}
{"type":"angle","q":1,"p":-2,"scale":1,"op":"cot","phase":0,"ok":0}
{"type":"angle","q":1,"p":-2,"scale":1,"op":"cot","phase":1,"ok":0}
{"type":"angle","q":1,"p":-2,"scale":1,"op":"sec","phase":0,"ok":1,"poly":["-1","1"],"real":["1","1","0"],"imag":["0","0","0"]}
{"type":"angle","q":1,"p":-2,"scale":1,"op":"sec","phase":1,"ok":1,"poly":["-1","1"],"real":["1","1","0"],"imag":["0","0","0"]}
{"type":"angle","q":1,"p":-2,"scale":1,"op":"csc","phase":0,"ok":0}
{"type":"angle","q":1,"p":-2,"scale":1,"op":"csc","phase":1,"ok":0}
{"type":"angle","q":1,"p":-2,"scale":3,"op":"root","phase":0,"ok":1,"poly":["-1","1"],"real":["1","1","0"],"imag":["0","0","0"],"recognized":1,"nullRecognized":1,"rp":0,"rq":1}
{"type":"angle","q":1,"p":-2,"scale":3,"op":"root","phase":1,"ok":1,"poly":["-1","1"],"real":["1","1","0"],"imag":["0","0","0"],"recognized":1,"nullRecognized":1,"rp":0,"rq":1}
{"type":"angle","q":1,"p":-2,"scale":3,"op":"exp","phase":0,"ok":1,"poly":["-1","1"],"real":["1","1","0"],"imag":["0","0","0"],"recognized":1,"nullRecognized":1,"rp":0,"rq":1}
{"type":"angle","q":1,"p":-2,"scale":3,"op":"exp","phase":1,"ok":1,"poly":["-1","1"],"real":["1","1","0"],"imag":["0","0","0"],"recognized":1,"nullRecognized":1,"rp":0,"rq":1}
{"type":"angle","q":1,"p":-2,"scale":3,"op":"sin","phase":0,"ok":1,"poly":["0","1"],"real":["0","0","0"],"imag":["0","0","0"]}
{"type":"angle","q":1,"p":-2,"scale":3,"op":"sin","phase":1,"ok":1,"poly":["0","1"],"real":["0","0","0"],"imag":["0","0","0"]}
{"type":"angle","q":1,"p":-2,"scale":3,"op":"cos","phase":0,"ok":1,"poly":["-1","1"],"real":["1","1","0"],"imag":["0","0","0"]}
{"type":"angle","q":1,"p":-2,"scale":3,"op":"cos","phase":1,"ok":1,"poly":["-1","1"],"real":["1","1","0"],"imag":["0","0","0"]}
{"type":"angle","q":1,"p":-2,"scale":3,"op":"tan","phase":0,"ok":1,"poly":["0","1"],"real":["0","0","0"],"imag":["0","0","0"]}
{"type":"angle","q":1,"p":-2,"scale":3,"op":"tan","phase":1,"ok":1,"poly":["0","1"],"real":["0","0","0"],"imag":["0","0","0"]}
{"type":"angle","q":1,"p":-2,"scale":3,"op":"cot","phase":0,"ok":0}
{"type":"angle","q":1,"p":-2,"scale":3,"op":"cot","phase":1,"ok":0}
{"type":"angle","q":1,"p":-2,"scale":3,"op":"sec","phase":0,"ok":1,"poly":["-1","1"],"real":["1","1","0"],"imag":["0","0","0"]}
{"type":"angle","q":1,"p":-2,"scale":3,"op":"sec","phase":1,"ok":1,"poly":["-1","1"],"real":["1","1","0"],"imag":["0","0","0"]}
{"type":"angle","q":1,"p":-2,"scale":3,"op":"csc","phase":0,"ok":0}
{"type":"angle","q":1,"p":-2,"scale":3,"op":"csc","phase":1,"ok":0}
{"type":"angle","q":1,"p":-1,"scale":1,"op":"root","phase":0,"ok":1,"poly":["-1","1"],"real":["1","1","0"],"imag":["0","0","0"],"recognized":1,"nullRecognized":1,"rp":0,"rq":1}
{"type":"angle","q":1,"p":-1,"scale":1,"op":"root","phase":1,"ok":1,"poly":["-1","1"],"real":["1","1","0"],"imag":["0","0","0"],"recognized":1,"nullRecognized":1,"rp":0,"rq":1}
{"type":"angle","q":1,"p":-1,"scale":1,"op":"exp","phase":0,"ok":1,"poly":["1","1"],"real":["-1","-1","0"],"imag":["0","0","0"],"recognized":1,"nullRecognized":1,"rp":1,"rq":2}
{"type":"angle","q":1,"p":-1,"scale":1,"op":"exp","phase":1,"ok":1,"poly":["1","1"],"real":["-1","-1","0"],"imag":["0","0","0"],"recognized":1,"nullRecognized":1,"rp":1,"rq":2}
{"type":"angle","q":1,"p":-1,"scale":1,"op":"sin","phase":0,"ok":1,"poly":["0","1"],"real":["0","0","0"],"imag":["0","0","0"]}
{"type":"angle","q":1,"p":-1,"scale":1,"op":"sin","phase":1,"ok":1,"poly":["0","1"],"real":["0","0","0"],"imag":["0","0","0"]}
{"type":"angle","q":1,"p":-1,"scale":1,"op":"cos","phase":0,"ok":1,"poly":["1","1"],"real":["-1","-1","0"],"imag":["0","0","0"]}
{"type":"angle","q":1,"p":-1,"scale":1,"op":"cos","phase":1,"ok":1,"poly":["1","1"],"real":["-1","-1","0"],"imag":["0","0","0"]}
{"type":"angle","q":1,"p":-1,"scale":1,"op":"tan","phase":0,"ok":1,"poly":["0","1"],"real":["0","0","0"],"imag":["0","0","0"]}
{"type":"angle","q":1,"p":-1,"scale":1,"op":"tan","phase":1,"ok":1,"poly":["0","1"],"real":["0","0","0"],"imag":["0","0","0"]}
{"type":"angle","q":1,"p":-1,"scale":1,"op":"cot","phase":0,"ok":0}
{"type":"angle","q":1,"p":-1,"scale":1,"op":"cot","phase":1,"ok":0}
{"type":"angle","q":1,"p":-1,"scale":1,"op":"sec","phase":0,"ok":1,"poly":["1","1"],"real":["-1","-1","0"],"imag":["0","0","0"]}
{"type":"angle","q":1,"p":-1,"scale":1,"op":"sec","phase":1,"ok":1,"poly":["1","1"],"real":["-1","-1","0"],"imag":["0","0","0"]}
{"type":"angle","q":1,"p":-1,"scale":1,"op":"csc","phase":0,"ok":0}
{"type":"angle","q":1,"p":-1,"scale":1,"op":"csc","phase":1,"ok":0}
{"type":"angle","q":1,"p":-1,"scale":3,"op":"root","phase":0,"ok":1,"poly":["-1","1"],"real":["1","1","0"],"imag":["0","0","0"],"recognized":1,"nullRecognized":1,"rp":0,"rq":1}
{"type":"angle","q":1,"p":-1,"scale":3,"op":"root","phase":1,"ok":1,"poly":["-1","1"],"real":["1","1","0"],"imag":["0","0","0"],"recognized":1,"nullRecognized":1,"rp":0,"rq":1}
{"type":"angle","q":1,"p":-1,"scale":3,"op":"exp","phase":0,"ok":1,"poly":["1","1"],"real":["-1","-1","0"],"imag":["0","0","0"],"recognized":1,"nullRecognized":1,"rp":1,"rq":2}
{"type":"angle","q":1,"p":-1,"scale":3,"op":"exp","phase":1,"ok":1,"poly":["1","1"],"real":["-1","-1","0"],"imag":["0","0","0"],"recognized":1,"nullRecognized":1,"rp":1,"rq":2}
{"type":"angle","q":1,"p":-1,"scale":3,"op":"sin","phase":0,"ok":1,"poly":["0","1"],"real":["0","0","0"],"imag":["0","0","0"]}
{"type":"angle","q":1,"p":-1,"scale":3,"op":"sin","phase":1,"ok":1,"poly":["0","1"],"real":["0","0","0"],"imag":["0","0","0"]}
{"type":"angle","q":1,"p":-1,"scale":3,"op":"cos","phase":0,"ok":1,"poly":["1","1"],"real":["-1","-1","0"],"imag":["0","0","0"]}
{"type":"angle","q":1,"p":-1,"scale":3,"op":"cos","phase":1,"ok":1,"poly":["1","1"],"real":["-1","-1","0"],"imag":["0","0","0"]}
{"type":"angle","q":1,"p":-1,"scale":3,"op":"tan","phase":0,"ok":1,"poly":["0","1"],"real":["0","0","0"],"imag":["0","0","0"]}
{"type":"angle","q":1,"p":-1,"scale":3,"op":"tan","phase":1,"ok":1,"poly":["0","1"],"real":["0","0","0"],"imag":["0","0","0"]}
{"type":"angle","q":1,"p":-1,"scale":3,"op":"cot","phase":0,"ok":0}
{"type":"angle","q":1,"p":-1,"scale":3,"op":"cot","phase":1,"ok":0}
{"type":"angle","q":1,"p":-1,"scale":3,"op":"sec","phase":0,"ok":1,"poly":["1","1"],"real":["-1","-1","0"],"imag":["0","0","0"]}
{"type":"angle","q":1,"p":-1,"scale":3,"op":"sec","phase":1,"ok":1,"poly":["1","1"],"real":["-1","-1","0"],"imag":["0","0","0"]}
{"type":"angle","q":1,"p":-1,"scale":3,"op":"csc","phase":0,"ok":0}
{"type":"angle","q":1,"p":-1,"scale":3,"op":"csc","phase":1,"ok":0}
{"type":"angle","q":1,"p":0,"scale":1,"op":"root","phase":0,"ok":1,"poly":["-1","1"],"real":["1","1","0"],"imag":["0","0","0"],"recognized":1,"nullRecognized":1,"rp":0,"rq":1}
{"type":"angle","q":1,"p":0,"scale":1,"op":"root","phase":1,"ok":1,"poly":["-1","1"],"real":["1","1","0"],"imag":["0","0","0"],"recognized":1,"nullRecognized":1,"rp":0,"rq":1}
{"type":"angle","q":1,"p":0,"scale":1,"op":"exp","phase":0,"ok":1,"poly":["-1","1"],"real":["1","1","0"],"imag":["0","0","0"],"recognized":1,"nullRecognized":1,"rp":0,"rq":1}
{"type":"angle","q":1,"p":0,"scale":1,"op":"exp","phase":1,"ok":1,"poly":["-1","1"],"real":["1","1","0"],"imag":["0","0","0"],"recognized":1,"nullRecognized":1,"rp":0,"rq":1}
{"type":"angle","q":1,"p":0,"scale":1,"op":"sin","phase":0,"ok":1,"poly":["0","1"],"real":["0","0","0"],"imag":["0","0","0"]}
{"type":"angle","q":1,"p":0,"scale":1,"op":"sin","phase":1,"ok":1,"poly":["0","1"],"real":["0","0","0"],"imag":["0","0","0"]}
{"type":"angle","q":1,"p":0,"scale":1,"op":"cos","phase":0,"ok":1,"poly":["-1","1"],"real":["1","1","0"],"imag":["0","0","0"]}
{"type":"angle","q":1,"p":0,"scale":1,"op":"cos","phase":1,"ok":1,"poly":["-1","1"],"real":["1","1","0"],"imag":["0","0","0"]}
{"type":"angle","q":1,"p":0,"scale":1,"op":"tan","phase":0,"ok":1,"poly":["0","1"],"real":["0","0","0"],"imag":["0","0","0"]}
{"type":"angle","q":1,"p":0,"scale":1,"op":"tan","phase":1,"ok":1,"poly":["0","1"],"real":["0","0","0"],"imag":["0","0","0"]}
{"type":"angle","q":1,"p":0,"scale":1,"op":"cot","phase":0,"ok":0}
{"type":"angle","q":1,"p":0,"scale":1,"op":"cot","phase":1,"ok":0}
{"type":"angle","q":1,"p":0,"scale":1,"op":"sec","phase":0,"ok":1,"poly":["-1","1"],"real":["1","1","0"],"imag":["0","0","0"]}
{"type":"angle","q":1,"p":0,"scale":1,"op":"sec","phase":1,"ok":1,"poly":["-1","1"],"real":["1","1","0"],"imag":["0","0","0"]}
{"type":"angle","q":1,"p":0,"scale":1,"op":"csc","phase":0,"ok":0}
{"type":"angle","q":1,"p":0,"scale":1,"op":"csc","phase":1,"ok":0}
{"type":"angle","q":1,"p":0,"scale":3,"op":"root","phase":0,"ok":1,"poly":["-1","1"],"real":["1","1","0"],"imag":["0","0","0"],"recognized":1,"nullRecognized":1,"rp":0,"rq":1}
{"type":"angle","q":1,"p":0,"scale":3,"op":"root","phase":1,"ok":1,"poly":["-1","1"],"real":["1","1","0"],"imag":["0","0","0"],"recognized":1,"nullRecognized":1,"rp":0,"rq":1}
{"type":"angle","q":1,"p":0,"scale":3,"op":"exp","phase":0,"ok":1,"poly":["-1","1"],"real":["1","1","0"],"imag":["0","0","0"],"recognized":1,"nullRecognized":1,"rp":0,"rq":1}
{"type":"angle","q":1,"p":0,"scale":3,"op":"exp","phase":1,"ok":1,"poly":["-1","1"],"real":["1","1","0"],"imag":["0","0","0"],"recognized":1,"nullRecognized":1,"rp":0,"rq":1}
{"type":"angle","q":1,"p":0,"scale":3,"op":"sin","phase":0,"ok":1,"poly":["0","1"],"real":["0","0","0"],"imag":["0","0","0"]}
{"type":"angle","q":1,"p":0,"scale":3,"op":"sin","phase":1,"ok":1,"poly":["0","1"],"real":["0","0","0"],"imag":["0","0","0"]}
{"type":"angle","q":1,"p":0,"scale":3,"op":"cos","phase":0,"ok":1,"poly":["-1","1"],"real":["1","1","0"],"imag":["0","0","0"]}
{"type":"angle","q":1,"p":0,"scale":3,"op":"cos","phase":1,"ok":1,"poly":["-1","1"],"real":["1","1","0"],"imag":["0","0","0"]}
{"type":"angle","q":1,"p":0,"scale":3,"op":"tan","phase":0,"ok":1,"poly":["0","1"],"real":["0","0","0"],"imag":["0","0","0"]}
{"type":"angle","q":1,"p":0,"scale":3,"op":"tan","phase":1,"ok":1,"poly":["0","1"],"real":["0","0","0"],"imag":["0","0","0"]}
{"type":"angle","q":1,"p":0,"scale":3,"op":"cot","phase":0,"ok":0}
{"type":"angle","q":1,"p":0,"scale":3,"op":"cot","phase":1,"ok":0}
{"type":"angle","q":1,"p":0,"scale":3,"op":"sec","phase":0,"ok":1,"poly":["-1","1"],"real":["1","1","0"],"imag":["0","0","0"]}
{"type":"angle","q":1,"p":0,"scale":3,"op":"sec","phase":1,"ok":1,"poly":["-1","1"],"real":["1","1","0"],"imag":["0","0","0"]}
{"type":"angle","q":1,"p":0,"scale":3,"op":"csc","phase":0,"ok":0}
{"type":"angle","q":1,"p":0,"scale":3,"op":"csc","phase":1,"ok":0}
{"type":"angle","q":1,"p":1,"scale":1,"op":"root","phase":0,"ok":1,"poly":["-1","1"],"real":["1","1","0"],"imag":["0","0","0"],"recognized":1,"nullRecognized":1,"rp":0,"rq":1}
{"type":"angle","q":1,"p":1,"scale":1,"op":"root","phase":1,"ok":1,"poly":["-1","1"],"real":["1","1","0"],"imag":["0","0","0"],"recognized":1,"nullRecognized":1,"rp":0,"rq":1}
{"type":"angle","q":1,"p":1,"scale":1,"op":"exp","phase":0,"ok":1,"poly":["1","1"],"real":["-1","-1","0"],"imag":["0","0","0"],"recognized":1,"nullRecognized":1,"rp":1,"rq":2}
{"type":"angle","q":1,"p":1,"scale":1,"op":"exp","phase":1,"ok":1,"poly":["1","1"],"real":["-1","-1","0"],"imag":["0","0","0"],"recognized":1,"nullRecognized":1,"rp":1,"rq":2}
{"type":"angle","q":1,"p":1,"scale":1,"op":"sin","phase":0,"ok":1,"poly":["0","1"],"real":["0","0","0"],"imag":["0","0","0"]}
{"type":"angle","q":1,"p":1,"scale":1,"op":"sin","phase":1,"ok":1,"poly":["0","1"],"real":["0","0","0"],"imag":["0","0","0"]}
{"type":"angle","q":1,"p":1,"scale":1,"op":"cos","phase":0,"ok":1,"poly":["1","1"],"real":["-1","-1","0"],"imag":["0","0","0"]}
{"type":"angle","q":1,"p":1,"scale":1,"op":"cos","phase":1,"ok":1,"poly":["1","1"],"real":["-1","-1","0"],"imag":["0","0","0"]}
{"type":"angle","q":1,"p":1,"scale":1,"op":"tan","phase":0,"ok":1,"poly":["0","1"],"real":["0","0","0"],"imag":["0","0","0"]}
{"type":"angle","q":1,"p":1,"scale":1,"op":"tan","phase":1,"ok":1,"poly":["0","1"],"real":["0","0","0"],"imag":["0","0","0"]}
{"type":"angle","q":1,"p":1,"scale":1,"op":"cot","phase":0,"ok":0}
{"type":"angle","q":1,"p":1,"scale":1,"op":"cot","phase":1,"ok":0}
{"type":"angle","q":1,"p":1,"scale":1,"op":"sec","phase":0,"ok":1,"poly":["1","1"],"real":["-1","-1","0"],"imag":["0","0","0"]}
{"type":"angle","q":1,"p":1,"scale":1,"op":"sec","phase":1,"ok":1,"poly":["1","1"],"real":["-1","-1","0"],"imag":["0","0","0"]}
{"type":"angle","q":1,"p":1,"scale":1,"op":"csc","phase":0,"ok":0}
{"type":"angle","q":1,"p":1,"scale":1,"op":"csc","phase":1,"ok":0}
{"type":"angle","q":1,"p":1,"scale":3,"op":"root","phase":0,"ok":1,"poly":["-1","1"],"real":["1","1","0"],"imag":["0","0","0"],"recognized":1,"nullRecognized":1,"rp":0,"rq":1}
{"type":"angle","q":1,"p":1,"scale":3,"op":"root","phase":1,"ok":1,"poly":["-1","1"],"real":["1","1","0"],"imag":["0","0","0"],"recognized":1,"nullRecognized":1,"rp":0,"rq":1}
{"type":"angle","q":1,"p":1,"scale":3,"op":"exp","phase":0,"ok":1,"poly":["1","1"],"real":["-1","-1","0"],"imag":["0","0","0"],"recognized":1,"nullRecognized":1,"rp":1,"rq":2}
{"type":"angle","q":1,"p":1,"scale":3,"op":"exp","phase":1,"ok":1,"poly":["1","1"],"real":["-1","-1","0"],"imag":["0","0","0"],"recognized":1,"nullRecognized":1,"rp":1,"rq":2}
{"type":"angle","q":1,"p":1,"scale":3,"op":"sin","phase":0,"ok":1,"poly":["0","1"],"real":["0","0","0"],"imag":["0","0","0"]}
{"type":"angle","q":1,"p":1,"scale":3,"op":"sin","phase":1,"ok":1,"poly":["0","1"],"real":["0","0","0"],"imag":["0","0","0"]}
{"type":"angle","q":1,"p":1,"scale":3,"op":"cos","phase":0,"ok":1,"poly":["1","1"],"real":["-1","-1","0"],"imag":["0","0","0"]}
{"type":"angle","q":1,"p":1,"scale":3,"op":"cos","phase":1,"ok":1,"poly":["1","1"],"real":["-1","-1","0"],"imag":["0","0","0"]}
{"type":"angle","q":1,"p":1,"scale":3,"op":"tan","phase":0,"ok":1,"poly":["0","1"],"real":["0","0","0"],"imag":["0","0","0"]}
{"type":"angle","q":1,"p":1,"scale":3,"op":"tan","phase":1,"ok":1,"poly":["0","1"],"real":["0","0","0"],"imag":["0","0","0"]}
{"type":"angle","q":1,"p":1,"scale":3,"op":"cot","phase":0,"ok":0}
{"type":"angle","q":1,"p":1,"scale":3,"op":"cot","phase":1,"ok":0}
{"type":"angle","q":1,"p":1,"scale":3,"op":"sec","phase":0,"ok":1,"poly":["1","1"],"real":["-1","-1","0"],"imag":["0","0","0"]}
{"type":"angle","q":1,"p":1,"scale":3,"op":"sec","phase":1,"ok":1,"poly":["1","1"],"real":["-1","-1","0"],"imag":["0","0","0"]}
{"type":"angle","q":1,"p":1,"scale":3,"op":"csc","phase":0,"ok":0}
{"type":"angle","q":1,"p":1,"scale":3,"op":"csc","phase":1,"ok":0}
{"type":"angle","q":1,"p":2,"scale":1,"op":"root","phase":0,"ok":1,"poly":["-1","1"],"real":["1","1","0"],"imag":["0","0","0"],"recognized":1,"nullRecognized":1,"rp":0,"rq":1}
{"type":"angle","q":1,"p":2,"scale":1,"op":"root","phase":1,"ok":1,"poly":["-1","1"],"real":["1","1","0"],"imag":["0","0","0"],"recognized":1,"nullRecognized":1,"rp":0,"rq":1}
{"type":"angle","q":1,"p":2,"scale":1,"op":"exp","phase":0,"ok":1,"poly":["-1","1"],"real":["1","1","0"],"imag":["0","0","0"],"recognized":1,"nullRecognized":1,"rp":0,"rq":1}
{"type":"angle","q":1,"p":2,"scale":1,"op":"exp","phase":1,"ok":1,"poly":["-1","1"],"real":["1","1","0"],"imag":["0","0","0"],"recognized":1,"nullRecognized":1,"rp":0,"rq":1}
{"type":"angle","q":1,"p":2,"scale":1,"op":"sin","phase":0,"ok":1,"poly":["0","1"],"real":["0","0","0"],"imag":["0","0","0"]}
{"type":"angle","q":1,"p":2,"scale":1,"op":"sin","phase":1,"ok":1,"poly":["0","1"],"real":["0","0","0"],"imag":["0","0","0"]}
{"type":"angle","q":1,"p":2,"scale":1,"op":"cos","phase":0,"ok":1,"poly":["-1","1"],"real":["1","1","0"],"imag":["0","0","0"]}
{"type":"angle","q":1,"p":2,"scale":1,"op":"cos","phase":1,"ok":1,"poly":["-1","1"],"real":["1","1","0"],"imag":["0","0","0"]}
{"type":"angle","q":1,"p":2,"scale":1,"op":"tan","phase":0,"ok":1,"poly":["0","1"],"real":["0","0","0"],"imag":["0","0","0"]}
{"type":"angle","q":1,"p":2,"scale":1,"op":"tan","phase":1,"ok":1,"poly":["0","1"],"real":["0","0","0"],"imag":["0","0","0"]}
{"type":"angle","q":1,"p":2,"scale":1,"op":"cot","phase":0,"ok":0}
{"type":"angle","q":1,"p":2,"scale":1,"op":"cot","phase":1,"ok":0}
{"type":"angle","q":1,"p":2,"scale":1,"op":"sec","phase":0,"ok":1,"poly":["-1","1"],"real":["1","1","0"],"imag":["0","0","0"]}
{"type":"angle","q":1,"p":2,"scale":1,"op":"sec","phase":1,"ok":1,"poly":["-1","1"],"real":["1","1","0"],"imag":["0","0","0"]}
{"type":"angle","q":1,"p":2,"scale":1,"op":"csc","phase":0,"ok":0}
{"type":"angle","q":1,"p":2,"scale":1,"op":"csc","phase":1,"ok":0}
{"type":"angle","q":1,"p":2,"scale":3,"op":"root","phase":0,"ok":1,"poly":["-1","1"],"real":["1","1","0"],"imag":["0","0","0"],"recognized":1,"nullRecognized":1,"rp":0,"rq":1}
{"type":"angle","q":1,"p":2,"scale":3,"op":"root","phase":1,"ok":1,"poly":["-1","1"],"real":["1","1","0"],"imag":["0","0","0"],"recognized":1,"nullRecognized":1,"rp":0,"rq":1}
{"type":"angle","q":1,"p":2,"scale":3,"op":"exp","phase":0,"ok":1,"poly":["-1","1"],"real":["1","1","0"],"imag":["0","0","0"],"recognized":1,"nullRecognized":1,"rp":0,"rq":1}
{"type":"angle","q":1,"p":2,"scale":3,"op":"exp","phase":1,"ok":1,"poly":["-1","1"],"real":["1","1","0"],"imag":["0","0","0"],"recognized":1,"nullRecognized":1,"rp":0,"rq":1}
{"type":"angle","q":1,"p":2,"scale":3,"op":"sin","phase":0,"ok":1,"poly":["0","1"],"real":["0","0","0"],"imag":["0","0","0"]}
{"type":"angle","q":1,"p":2,"scale":3,"op":"sin","phase":1,"ok":1,"poly":["0","1"],"real":["0","0","0"],"imag":["0","0","0"]}
{"type":"angle","q":1,"p":2,"scale":3,"op":"cos","phase":0,"ok":1,"poly":["-1","1"],"real":["1","1","0"],"imag":["0","0","0"]}
{"type":"angle","q":1,"p":2,"scale":3,"op":"cos","phase":1,"ok":1,"poly":["-1","1"],"real":["1","1","0"],"imag":["0","0","0"]}
{"type":"angle","q":1,"p":2,"scale":3,"op":"tan","phase":0,"ok":1,"poly":["0","1"],"real":["0","0","0"],"imag":["0","0","0"]}
{"type":"angle","q":1,"p":2,"scale":3,"op":"tan","phase":1,"ok":1,"poly":["0","1"],"real":["0","0","0"],"imag":["0","0","0"]}
{"type":"angle","q":1,"p":2,"scale":3,"op":"cot","phase":0,"ok":0}
{"type":"angle","q":1,"p":2,"scale":3,"op":"cot","phase":1,"ok":0}
{"type":"angle","q":1,"p":2,"scale":3,"op":"sec","phase":0,"ok":1,"poly":["-1","1"],"real":["1","1","0"],"imag":["0","0","0"]}
{"type":"angle","q":1,"p":2,"scale":3,"op":"sec","phase":1,"ok":1,"poly":["-1","1"],"real":["1","1","0"],"imag":["0","0","0"]}
{"type":"angle","q":1,"p":2,"scale":3,"op":"csc","phase":0,"ok":0}
{"type":"angle","q":1,"p":2,"scale":3,"op":"csc","phase":1,"ok":0}
{"type":"angle","q":2,"p":-4,"scale":1,"op":"root","phase":0,"ok":1,"poly":["-1","1"],"real":["1","1","0"],"imag":["0","0","0"],"recognized":1,"nullRecognized":1,"rp":0,"rq":1}
{"type":"angle","q":2,"p":-4,"scale":1,"op":"root","phase":1,"ok":1,"poly":["-1","1"],"real":["1","1","0"],"imag":["0","0","0"],"recognized":1,"nullRecognized":1,"rp":0,"rq":1}
{"type":"angle","q":2,"p":-4,"scale":1,"op":"exp","phase":0,"ok":1,"poly":["-1","1"],"real":["1","1","0"],"imag":["0","0","0"],"recognized":1,"nullRecognized":1,"rp":0,"rq":1}
{"type":"angle","q":2,"p":-4,"scale":1,"op":"exp","phase":1,"ok":1,"poly":["-1","1"],"real":["1","1","0"],"imag":["0","0","0"],"recognized":1,"nullRecognized":1,"rp":0,"rq":1}
{"type":"angle","q":2,"p":-4,"scale":1,"op":"sin","phase":0,"ok":1,"poly":["0","1"],"real":["0","0","0"],"imag":["0","0","0"]}
{"type":"angle","q":2,"p":-4,"scale":1,"op":"sin","phase":1,"ok":1,"poly":["0","1"],"real":["0","0","0"],"imag":["0","0","0"]}
{"type":"angle","q":2,"p":-4,"scale":1,"op":"cos","phase":0,"ok":1,"poly":["-1","1"],"real":["1","1","0"],"imag":["0","0","0"]}
{"type":"angle","q":2,"p":-4,"scale":1,"op":"cos","phase":1,"ok":1,"poly":["-1","1"],"real":["1","1","0"],"imag":["0","0","0"]}
{"type":"angle","q":2,"p":-4,"scale":1,"op":"tan","phase":0,"ok":1,"poly":["0","1"],"real":["0","0","0"],"imag":["0","0","0"]}
{"type":"angle","q":2,"p":-4,"scale":1,"op":"tan","phase":1,"ok":1,"poly":["0","1"],"real":["0","0","0"],"imag":["0","0","0"]}
{"type":"angle","q":2,"p":-4,"scale":1,"op":"cot","phase":0,"ok":0}
{"type":"angle","q":2,"p":-4,"scale":1,"op":"cot","phase":1,"ok":0}
{"type":"angle","q":2,"p":-4,"scale":1,"op":"sec","phase":0,"ok":1,"poly":["-1","1"],"real":["1","1","0"],"imag":["0","0","0"]}
{"type":"angle","q":2,"p":-4,"scale":1,"op":"sec","phase":1,"ok":1,"poly":["-1","1"],"real":["1","1","0"],"imag":["0","0","0"]}
{"type":"angle","q":2,"p":-4,"scale":1,"op":"csc","phase":0,"ok":0}
{"type":"angle","q":2,"p":-4,"scale":1,"op":"csc","phase":1,"ok":0}
{"type":"angle","q":2,"p":-4,"scale":3,"op":"root","phase":0,"ok":1,"poly":["-1","1"],"real":["1","1","0"],"imag":["0","0","0"],"recognized":1,"nullRecognized":1,"rp":0,"rq":1}
{"type":"angle","q":2,"p":-4,"scale":3,"op":"root","phase":1,"ok":1,"poly":["-1","1"],"real":["1","1","0"],"imag":["0","0","0"],"recognized":1,"nullRecognized":1,"rp":0,"rq":1}
{"type":"angle","q":2,"p":-4,"scale":3,"op":"exp","phase":0,"ok":1,"poly":["-1","1"],"real":["1","1","0"],"imag":["0","0","0"],"recognized":1,"nullRecognized":1,"rp":0,"rq":1}
{"type":"angle","q":2,"p":-4,"scale":3,"op":"exp","phase":1,"ok":1,"poly":["-1","1"],"real":["1","1","0"],"imag":["0","0","0"],"recognized":1,"nullRecognized":1,"rp":0,"rq":1}
{"type":"angle","q":2,"p":-4,"scale":3,"op":"sin","phase":0,"ok":1,"poly":["0","1"],"real":["0","0","0"],"imag":["0","0","0"]}
{"type":"angle","q":2,"p":-4,"scale":3,"op":"sin","phase":1,"ok":1,"poly":["0","1"],"real":["0","0","0"],"imag":["0","0","0"]}
{"type":"angle","q":2,"p":-4,"scale":3,"op":"cos","phase":0,"ok":1,"poly":["-1","1"],"real":["1","1","0"],"imag":["0","0","0"]}
{"type":"angle","q":2,"p":-4,"scale":3,"op":"cos","phase":1,"ok":1,"poly":["-1","1"],"real":["1","1","0"],"imag":["0","0","0"]}
{"type":"angle","q":2,"p":-4,"scale":3,"op":"tan","phase":0,"ok":1,"poly":["0","1"],"real":["0","0","0"],"imag":["0","0","0"]}
{"type":"angle","q":2,"p":-4,"scale":3,"op":"tan","phase":1,"ok":1,"poly":["0","1"],"real":["0","0","0"],"imag":["0","0","0"]}
{"type":"angle","q":2,"p":-4,"scale":3,"op":"cot","phase":0,"ok":0}
{"type":"angle","q":2,"p":-4,"scale":3,"op":"cot","phase":1,"ok":0}
{"type":"angle","q":2,"p":-4,"scale":3,"op":"sec","phase":0,"ok":1,"poly":["-1","1"],"real":["1","1","0"],"imag":["0","0","0"]}
{"type":"angle","q":2,"p":-4,"scale":3,"op":"sec","phase":1,"ok":1,"poly":["-1","1"],"real":["1","1","0"],"imag":["0","0","0"]}
{"type":"angle","q":2,"p":-4,"scale":3,"op":"csc","phase":0,"ok":0}
{"type":"angle","q":2,"p":-4,"scale":3,"op":"csc","phase":1,"ok":0}
{"type":"angle","q":2,"p":-3,"scale":1,"op":"root","phase":0,"ok":1,"poly":["1","1"],"real":["-1","-1","0"],"imag":["0","0","0"],"recognized":1,"nullRecognized":1,"rp":1,"rq":2}
{"type":"angle","q":2,"p":-3,"scale":1,"op":"root","phase":1,"ok":1,"poly":["1","1"],"real":["-1","-1","0"],"imag":["0","0","0"],"recognized":1,"nullRecognized":1,"rp":1,"rq":2}
{"type":"angle","q":2,"p":-3,"scale":1,"op":"exp","phase":0,"ok":1,"poly":["1","0","1"],"real":["0","0","0"],"imag":["1","1","0"],"recognized":1,"nullRecognized":1,"rp":1,"rq":4}
{"type":"angle","q":2,"p":-3,"scale":1,"op":"exp","phase":1,"ok":1,"poly":["1","0","1"],"real":["0","0","0"],"imag":["1","1","0"],"recognized":1,"nullRecognized":1,"rp":1,"rq":4}
{"type":"angle","q":2,"p":-3,"scale":1,"op":"sin","phase":0,"ok":1,"poly":["-1","1"],"real":["1","1","0"],"imag":["0","0","0"]}
{"type":"angle","q":2,"p":-3,"scale":1,"op":"sin","phase":1,"ok":1,"poly":["-1","1"],"real":["1","1","0"],"imag":["0","0","0"]}
{"type":"angle","q":2,"p":-3,"scale":1,"op":"cos","phase":0,"ok":1,"poly":["0","1"],"real":["0","0","0"],"imag":["0","0","0"]}
{"type":"angle","q":2,"p":-3,"scale":1,"op":"cos","phase":1,"ok":1,"poly":["0","1"],"real":["0","0","0"],"imag":["0","0","0"]}
{"type":"angle","q":2,"p":-3,"scale":1,"op":"tan","phase":0,"ok":0}
{"type":"angle","q":2,"p":-3,"scale":1,"op":"tan","phase":1,"ok":0}
{"type":"angle","q":2,"p":-3,"scale":1,"op":"cot","phase":0,"ok":1,"poly":["0","1"],"real":["0","0","0"],"imag":["0","0","0"]}
{"type":"angle","q":2,"p":-3,"scale":1,"op":"cot","phase":1,"ok":1,"poly":["0","1"],"real":["0","0","0"],"imag":["0","0","0"]}
{"type":"angle","q":2,"p":-3,"scale":1,"op":"sec","phase":0,"ok":0}
{"type":"angle","q":2,"p":-3,"scale":1,"op":"sec","phase":1,"ok":0}
{"type":"angle","q":2,"p":-3,"scale":1,"op":"csc","phase":0,"ok":1,"poly":["-1","1"],"real":["1","1","0"],"imag":["0","0","0"]}
{"type":"angle","q":2,"p":-3,"scale":1,"op":"csc","phase":1,"ok":1,"poly":["-1","1"],"real":["1","1","0"],"imag":["0","0","0"]}
{"type":"angle","q":2,"p":-3,"scale":3,"op":"root","phase":0,"ok":1,"poly":["1","1"],"real":["-1","-1","0"],"imag":["0","0","0"],"recognized":1,"nullRecognized":1,"rp":1,"rq":2}
{"type":"angle","q":2,"p":-3,"scale":3,"op":"root","phase":1,"ok":1,"poly":["1","1"],"real":["-1","-1","0"],"imag":["0","0","0"],"recognized":1,"nullRecognized":1,"rp":1,"rq":2}
{"type":"angle","q":2,"p":-3,"scale":3,"op":"exp","phase":0,"ok":1,"poly":["1","0","1"],"real":["0","0","0"],"imag":["1","1","0"],"recognized":1,"nullRecognized":1,"rp":1,"rq":4}
{"type":"angle","q":2,"p":-3,"scale":3,"op":"exp","phase":1,"ok":1,"poly":["1","0","1"],"real":["0","0","0"],"imag":["1","1","0"],"recognized":1,"nullRecognized":1,"rp":1,"rq":4}
{"type":"angle","q":2,"p":-3,"scale":3,"op":"sin","phase":0,"ok":1,"poly":["-1","1"],"real":["1","1","0"],"imag":["0","0","0"]}
{"type":"angle","q":2,"p":-3,"scale":3,"op":"sin","phase":1,"ok":1,"poly":["-1","1"],"real":["1","1","0"],"imag":["0","0","0"]}
{"type":"angle","q":2,"p":-3,"scale":3,"op":"cos","phase":0,"ok":1,"poly":["0","1"],"real":["0","0","0"],"imag":["0","0","0"]}
{"type":"angle","q":2,"p":-3,"scale":3,"op":"cos","phase":1,"ok":1,"poly":["0","1"],"real":["0","0","0"],"imag":["0","0","0"]}
{"type":"angle","q":2,"p":-3,"scale":3,"op":"tan","phase":0,"ok":0}
{"type":"angle","q":2,"p":-3,"scale":3,"op":"tan","phase":1,"ok":0}
{"type":"angle","q":2,"p":-3,"scale":3,"op":"cot","phase":0,"ok":1,"poly":["0","1"],"real":["0","0","0"],"imag":["0","0","0"]}
{"type":"angle","q":2,"p":-3,"scale":3,"op":"cot","phase":1,"ok":1,"poly":["0","1"],"real":["0","0","0"],"imag":["0","0","0"]}
{"type":"angle","q":2,"p":-3,"scale":3,"op":"sec","phase":0,"ok":0}
{"type":"angle","q":2,"p":-3,"scale":3,"op":"sec","phase":1,"ok":0}
{"type":"angle","q":2,"p":-3,"scale":3,"op":"csc","phase":0,"ok":1,"poly":["-1","1"],"real":["1","1","0"],"imag":["0","0","0"]}
{"type":"angle","q":2,"p":-3,"scale":3,"op":"csc","phase":1,"ok":1,"poly":["-1","1"],"real":["1","1","0"],"imag":["0","0","0"]}
{"type":"angle","q":2,"p":-2,"scale":1,"op":"root","phase":0,"ok":1,"poly":["-1","1"],"real":["1","1","0"],"imag":["0","0","0"],"recognized":1,"nullRecognized":1,"rp":0,"rq":1}
{"type":"angle","q":2,"p":-2,"scale":1,"op":"root","phase":1,"ok":1,"poly":["-1","1"],"real":["1","1","0"],"imag":["0","0","0"],"recognized":1,"nullRecognized":1,"rp":0,"rq":1}
{"type":"angle","q":2,"p":-2,"scale":1,"op":"exp","phase":0,"ok":1,"poly":["1","1"],"real":["-1","-1","0"],"imag":["0","0","0"],"recognized":1,"nullRecognized":1,"rp":1,"rq":2}
{"type":"angle","q":2,"p":-2,"scale":1,"op":"exp","phase":1,"ok":1,"poly":["1","1"],"real":["-1","-1","0"],"imag":["0","0","0"],"recognized":1,"nullRecognized":1,"rp":1,"rq":2}
{"type":"angle","q":2,"p":-2,"scale":1,"op":"sin","phase":0,"ok":1,"poly":["0","1"],"real":["0","0","0"],"imag":["0","0","0"]}
{"type":"angle","q":2,"p":-2,"scale":1,"op":"sin","phase":1,"ok":1,"poly":["0","1"],"real":["0","0","0"],"imag":["0","0","0"]}
{"type":"angle","q":2,"p":-2,"scale":1,"op":"cos","phase":0,"ok":1,"poly":["1","1"],"real":["-1","-1","0"],"imag":["0","0","0"]}
{"type":"angle","q":2,"p":-2,"scale":1,"op":"cos","phase":1,"ok":1,"poly":["1","1"],"real":["-1","-1","0"],"imag":["0","0","0"]}
{"type":"angle","q":2,"p":-2,"scale":1,"op":"tan","phase":0,"ok":1,"poly":["0","1"],"real":["0","0","0"],"imag":["0","0","0"]}
{"type":"angle","q":2,"p":-2,"scale":1,"op":"tan","phase":1,"ok":1,"poly":["0","1"],"real":["0","0","0"],"imag":["0","0","0"]}
{"type":"angle","q":2,"p":-2,"scale":1,"op":"cot","phase":0,"ok":0}
{"type":"angle","q":2,"p":-2,"scale":1,"op":"cot","phase":1,"ok":0}
{"type":"angle","q":2,"p":-2,"scale":1,"op":"sec","phase":0,"ok":1,"poly":["1","1"],"real":["-1","-1","0"],"imag":["0","0","0"]}
{"type":"angle","q":2,"p":-2,"scale":1,"op":"sec","phase":1,"ok":1,"poly":["1","1"],"real":["-1","-1","0"],"imag":["0","0","0"]}
{"type":"angle","q":2,"p":-2,"scale":1,"op":"csc","phase":0,"ok":0}
{"type":"angle","q":2,"p":-2,"scale":1,"op":"csc","phase":1,"ok":0}
{"type":"angle","q":2,"p":-2,"scale":3,"op":"root","phase":0,"ok":1,"poly":["-1","1"],"real":["1","1","0"],"imag":["0","0","0"],"recognized":1,"nullRecognized":1,"rp":0,"rq":1}
{"type":"angle","q":2,"p":-2,"scale":3,"op":"root","phase":1,"ok":1,"poly":["-1","1"],"real":["1","1","0"],"imag":["0","0","0"],"recognized":1,"nullRecognized":1,"rp":0,"rq":1}
{"type":"angle","q":2,"p":-2,"scale":3,"op":"exp","phase":0,"ok":1,"poly":["1","1"],"real":["-1","-1","0"],"imag":["0","0","0"],"recognized":1,"nullRecognized":1,"rp":1,"rq":2}
{"type":"angle","q":2,"p":-2,"scale":3,"op":"exp","phase":1,"ok":1,"poly":["1","1"],"real":["-1","-1","0"],"imag":["0","0","0"],"recognized":1,"nullRecognized":1,"rp":1,"rq":2}
{"type":"angle","q":2,"p":-2,"scale":3,"op":"sin","phase":0,"ok":1,"poly":["0","1"],"real":["0","0","0"],"imag":["0","0","0"]}
{"type":"angle","q":2,"p":-2,"scale":3,"op":"sin","phase":1,"ok":1,"poly":["0","1"],"real":["0","0","0"],"imag":["0","0","0"]}
{"type":"angle","q":2,"p":-2,"scale":3,"op":"cos","phase":0,"ok":1,"poly":["1","1"],"real":["-1","-1","0"],"imag":["0","0","0"]}
{"type":"angle","q":2,"p":-2,"scale":3,"op":"cos","phase":1,"ok":1,"poly":["1","1"],"real":["-1","-1","0"],"imag":["0","0","0"]}
{"type":"angle","q":2,"p":-2,"scale":3,"op":"tan","phase":0,"ok":1,"poly":["0","1"],"real":["0","0","0"],"imag":["0","0","0"]}
{"type":"angle","q":2,"p":-2,"scale":3,"op":"tan","phase":1,"ok":1,"poly":["0","1"],"real":["0","0","0"],"imag":["0","0","0"]}
{"type":"angle","q":2,"p":-2,"scale":3,"op":"cot","phase":0,"ok":0}
{"type":"angle","q":2,"p":-2,"scale":3,"op":"cot","phase":1,"ok":0}
{"type":"angle","q":2,"p":-2,"scale":3,"op":"sec","phase":0,"ok":1,"poly":["1","1"],"real":["-1","-1","0"],"imag":["0","0","0"]}
{"type":"angle","q":2,"p":-2,"scale":3,"op":"sec","phase":1,"ok":1,"poly":["1","1"],"real":["-1","-1","0"],"imag":["0","0","0"]}
{"type":"angle","q":2,"p":-2,"scale":3,"op":"csc","phase":0,"ok":0}
{"type":"angle","q":2,"p":-2,"scale":3,"op":"csc","phase":1,"ok":0}
{"type":"angle","q":2,"p":-1,"scale":1,"op":"root","phase":0,"ok":1,"poly":["1","1"],"real":["-1","-1","0"],"imag":["0","0","0"],"recognized":1,"nullRecognized":1,"rp":1,"rq":2}
{"type":"angle","q":2,"p":-1,"scale":1,"op":"root","phase":1,"ok":1,"poly":["1","1"],"real":["-1","-1","0"],"imag":["0","0","0"],"recognized":1,"nullRecognized":1,"rp":1,"rq":2}
{"type":"angle","q":2,"p":-1,"scale":1,"op":"exp","phase":0,"ok":1,"poly":["1","0","1"],"real":["0","0","0"],"imag":["-1","-1","0"],"recognized":1,"nullRecognized":1,"rp":3,"rq":4}
{"type":"angle","q":2,"p":-1,"scale":1,"op":"exp","phase":1,"ok":1,"poly":["1","0","1"],"real":["0","0","0"],"imag":["-1","-1","0"],"recognized":1,"nullRecognized":1,"rp":3,"rq":4}
{"type":"angle","q":2,"p":-1,"scale":1,"op":"sin","phase":0,"ok":1,"poly":["1","1"],"real":["-1","-1","0"],"imag":["0","0","0"]}
{"type":"angle","q":2,"p":-1,"scale":1,"op":"sin","phase":1,"ok":1,"poly":["1","1"],"real":["-1","-1","0"],"imag":["0","0","0"]}
{"type":"angle","q":2,"p":-1,"scale":1,"op":"cos","phase":0,"ok":1,"poly":["0","1"],"real":["0","0","0"],"imag":["0","0","0"]}
{"type":"angle","q":2,"p":-1,"scale":1,"op":"cos","phase":1,"ok":1,"poly":["0","1"],"real":["0","0","0"],"imag":["0","0","0"]}
{"type":"angle","q":2,"p":-1,"scale":1,"op":"tan","phase":0,"ok":0}
{"type":"angle","q":2,"p":-1,"scale":1,"op":"tan","phase":1,"ok":0}
{"type":"angle","q":2,"p":-1,"scale":1,"op":"cot","phase":0,"ok":1,"poly":["0","1"],"real":["0","0","0"],"imag":["0","0","0"]}
{"type":"angle","q":2,"p":-1,"scale":1,"op":"cot","phase":1,"ok":1,"poly":["0","1"],"real":["0","0","0"],"imag":["0","0","0"]}
{"type":"angle","q":2,"p":-1,"scale":1,"op":"sec","phase":0,"ok":0}
{"type":"angle","q":2,"p":-1,"scale":1,"op":"sec","phase":1,"ok":0}
{"type":"angle","q":2,"p":-1,"scale":1,"op":"csc","phase":0,"ok":1,"poly":["1","1"],"real":["-1","-1","0"],"imag":["0","0","0"]}
{"type":"angle","q":2,"p":-1,"scale":1,"op":"csc","phase":1,"ok":1,"poly":["1","1"],"real":["-1","-1","0"],"imag":["0","0","0"]}
{"type":"angle","q":2,"p":-1,"scale":3,"op":"root","phase":0,"ok":1,"poly":["1","1"],"real":["-1","-1","0"],"imag":["0","0","0"],"recognized":1,"nullRecognized":1,"rp":1,"rq":2}
{"type":"angle","q":2,"p":-1,"scale":3,"op":"root","phase":1,"ok":1,"poly":["1","1"],"real":["-1","-1","0"],"imag":["0","0","0"],"recognized":1,"nullRecognized":1,"rp":1,"rq":2}
{"type":"angle","q":2,"p":-1,"scale":3,"op":"exp","phase":0,"ok":1,"poly":["1","0","1"],"real":["0","0","0"],"imag":["-1","-1","0"],"recognized":1,"nullRecognized":1,"rp":3,"rq":4}
{"type":"angle","q":2,"p":-1,"scale":3,"op":"exp","phase":1,"ok":1,"poly":["1","0","1"],"real":["0","0","0"],"imag":["-1","-1","0"],"recognized":1,"nullRecognized":1,"rp":3,"rq":4}
{"type":"angle","q":2,"p":-1,"scale":3,"op":"sin","phase":0,"ok":1,"poly":["1","1"],"real":["-1","-1","0"],"imag":["0","0","0"]}
{"type":"angle","q":2,"p":-1,"scale":3,"op":"sin","phase":1,"ok":1,"poly":["1","1"],"real":["-1","-1","0"],"imag":["0","0","0"]}
{"type":"angle","q":2,"p":-1,"scale":3,"op":"cos","phase":0,"ok":1,"poly":["0","1"],"real":["0","0","0"],"imag":["0","0","0"]}
{"type":"angle","q":2,"p":-1,"scale":3,"op":"cos","phase":1,"ok":1,"poly":["0","1"],"real":["0","0","0"],"imag":["0","0","0"]}
{"type":"angle","q":2,"p":-1,"scale":3,"op":"tan","phase":0,"ok":0}
{"type":"angle","q":2,"p":-1,"scale":3,"op":"tan","phase":1,"ok":0}
{"type":"angle","q":2,"p":-1,"scale":3,"op":"cot","phase":0,"ok":1,"poly":["0","1"],"real":["0","0","0"],"imag":["0","0","0"]}
{"type":"angle","q":2,"p":-1,"scale":3,"op":"cot","phase":1,"ok":1,"poly":["0","1"],"real":["0","0","0"],"imag":["0","0","0"]}
{"type":"angle","q":2,"p":-1,"scale":3,"op":"sec","phase":0,"ok":0}
{"type":"angle","q":2,"p":-1,"scale":3,"op":"sec","phase":1,"ok":0}
{"type":"angle","q":2,"p":-1,"scale":3,"op":"csc","phase":0,"ok":1,"poly":["1","1"],"real":["-1","-1","0"],"imag":["0","0","0"]}
{"type":"angle","q":2,"p":-1,"scale":3,"op":"csc","phase":1,"ok":1,"poly":["1","1"],"real":["-1","-1","0"],"imag":["0","0","0"]}
{"type":"angle","q":2,"p":0,"scale":1,"op":"root","phase":0,"ok":1,"poly":["-1","1"],"real":["1","1","0"],"imag":["0","0","0"],"recognized":1,"nullRecognized":1,"rp":0,"rq":1}
{"type":"angle","q":2,"p":0,"scale":1,"op":"root","phase":1,"ok":1,"poly":["-1","1"],"real":["1","1","0"],"imag":["0","0","0"],"recognized":1,"nullRecognized":1,"rp":0,"rq":1}
{"type":"angle","q":2,"p":0,"scale":1,"op":"exp","phase":0,"ok":1,"poly":["-1","1"],"real":["1","1","0"],"imag":["0","0","0"],"recognized":1,"nullRecognized":1,"rp":0,"rq":1}
{"type":"angle","q":2,"p":0,"scale":1,"op":"exp","phase":1,"ok":1,"poly":["-1","1"],"real":["1","1","0"],"imag":["0","0","0"],"recognized":1,"nullRecognized":1,"rp":0,"rq":1}
{"type":"angle","q":2,"p":0,"scale":1,"op":"sin","phase":0,"ok":1,"poly":["0","1"],"real":["0","0","0"],"imag":["0","0","0"]}
{"type":"angle","q":2,"p":0,"scale":1,"op":"sin","phase":1,"ok":1,"poly":["0","1"],"real":["0","0","0"],"imag":["0","0","0"]}
{"type":"angle","q":2,"p":0,"scale":1,"op":"cos","phase":0,"ok":1,"poly":["-1","1"],"real":["1","1","0"],"imag":["0","0","0"]}
{"type":"angle","q":2,"p":0,"scale":1,"op":"cos","phase":1,"ok":1,"poly":["-1","1"],"real":["1","1","0"],"imag":["0","0","0"]}
{"type":"angle","q":2,"p":0,"scale":1,"op":"tan","phase":0,"ok":1,"poly":["0","1"],"real":["0","0","0"],"imag":["0","0","0"]}
{"type":"angle","q":2,"p":0,"scale":1,"op":"tan","phase":1,"ok":1,"poly":["0","1"],"real":["0","0","0"],"imag":["0","0","0"]}
{"type":"angle","q":2,"p":0,"scale":1,"op":"cot","phase":0,"ok":0}
{"type":"angle","q":2,"p":0,"scale":1,"op":"cot","phase":1,"ok":0}
{"type":"angle","q":2,"p":0,"scale":1,"op":"sec","phase":0,"ok":1,"poly":["-1","1"],"real":["1","1","0"],"imag":["0","0","0"]}
{"type":"angle","q":2,"p":0,"scale":1,"op":"sec","phase":1,"ok":1,"poly":["-1","1"],"real":["1","1","0"],"imag":["0","0","0"]}
{"type":"angle","q":2,"p":0,"scale":1,"op":"csc","phase":0,"ok":0}
{"type":"angle","q":2,"p":0,"scale":1,"op":"csc","phase":1,"ok":0}
{"type":"angle","q":2,"p":0,"scale":3,"op":"root","phase":0,"ok":1,"poly":["-1","1"],"real":["1","1","0"],"imag":["0","0","0"],"recognized":1,"nullRecognized":1,"rp":0,"rq":1}
{"type":"angle","q":2,"p":0,"scale":3,"op":"root","phase":1,"ok":1,"poly":["-1","1"],"real":["1","1","0"],"imag":["0","0","0"],"recognized":1,"nullRecognized":1,"rp":0,"rq":1}
{"type":"angle","q":2,"p":0,"scale":3,"op":"exp","phase":0,"ok":1,"poly":["-1","1"],"real":["1","1","0"],"imag":["0","0","0"],"recognized":1,"nullRecognized":1,"rp":0,"rq":1}
{"type":"angle","q":2,"p":0,"scale":3,"op":"exp","phase":1,"ok":1,"poly":["-1","1"],"real":["1","1","0"],"imag":["0","0","0"],"recognized":1,"nullRecognized":1,"rp":0,"rq":1}
{"type":"angle","q":2,"p":0,"scale":3,"op":"sin","phase":0,"ok":1,"poly":["0","1"],"real":["0","0","0"],"imag":["0","0","0"]}
{"type":"angle","q":2,"p":0,"scale":3,"op":"sin","phase":1,"ok":1,"poly":["0","1"],"real":["0","0","0"],"imag":["0","0","0"]}
{"type":"angle","q":2,"p":0,"scale":3,"op":"cos","phase":0,"ok":1,"poly":["-1","1"],"real":["1","1","0"],"imag":["0","0","0"]}
{"type":"angle","q":2,"p":0,"scale":3,"op":"cos","phase":1,"ok":1,"poly":["-1","1"],"real":["1","1","0"],"imag":["0","0","0"]}
{"type":"angle","q":2,"p":0,"scale":3,"op":"tan","phase":0,"ok":1,"poly":["0","1"],"real":["0","0","0"],"imag":["0","0","0"]}
{"type":"angle","q":2,"p":0,"scale":3,"op":"tan","phase":1,"ok":1,"poly":["0","1"],"real":["0","0","0"],"imag":["0","0","0"]}
{"type":"angle","q":2,"p":0,"scale":3,"op":"cot","phase":0,"ok":0}
{"type":"angle","q":2,"p":0,"scale":3,"op":"cot","phase":1,"ok":0}
{"type":"angle","q":2,"p":0,"scale":3,"op":"sec","phase":0,"ok":1,"poly":["-1","1"],"real":["1","1","0"],"imag":["0","0","0"]}
{"type":"angle","q":2,"p":0,"scale":3,"op":"sec","phase":1,"ok":1,"poly":["-1","1"],"real":["1","1","0"],"imag":["0","0","0"]}
{"type":"angle","q":2,"p":0,"scale":3,"op":"csc","phase":0,"ok":0}
{"type":"angle","q":2,"p":0,"scale":3,"op":"csc","phase":1,"ok":0}
{"type":"angle","q":2,"p":1,"scale":1,"op":"root","phase":0,"ok":1,"poly":["1","1"],"real":["-1","-1","0"],"imag":["0","0","0"],"recognized":1,"nullRecognized":1,"rp":1,"rq":2}
{"type":"angle","q":2,"p":1,"scale":1,"op":"root","phase":1,"ok":1,"poly":["1","1"],"real":["-1","-1","0"],"imag":["0","0","0"],"recognized":1,"nullRecognized":1,"rp":1,"rq":2}
{"type":"angle","q":2,"p":1,"scale":1,"op":"exp","phase":0,"ok":1,"poly":["1","0","1"],"real":["0","0","0"],"imag":["1","1","0"],"recognized":1,"nullRecognized":1,"rp":1,"rq":4}
{"type":"angle","q":2,"p":1,"scale":1,"op":"exp","phase":1,"ok":1,"poly":["1","0","1"],"real":["0","0","0"],"imag":["1","1","0"],"recognized":1,"nullRecognized":1,"rp":1,"rq":4}
{"type":"angle","q":2,"p":1,"scale":1,"op":"sin","phase":0,"ok":1,"poly":["-1","1"],"real":["1","1","0"],"imag":["0","0","0"]}
{"type":"angle","q":2,"p":1,"scale":1,"op":"sin","phase":1,"ok":1,"poly":["-1","1"],"real":["1","1","0"],"imag":["0","0","0"]}
{"type":"angle","q":2,"p":1,"scale":1,"op":"cos","phase":0,"ok":1,"poly":["0","1"],"real":["0","0","0"],"imag":["0","0","0"]}
{"type":"angle","q":2,"p":1,"scale":1,"op":"cos","phase":1,"ok":1,"poly":["0","1"],"real":["0","0","0"],"imag":["0","0","0"]}
{"type":"angle","q":2,"p":1,"scale":1,"op":"tan","phase":0,"ok":0}
{"type":"angle","q":2,"p":1,"scale":1,"op":"tan","phase":1,"ok":0}
{"type":"angle","q":2,"p":1,"scale":1,"op":"cot","phase":0,"ok":1,"poly":["0","1"],"real":["0","0","0"],"imag":["0","0","0"]}
{"type":"angle","q":2,"p":1,"scale":1,"op":"cot","phase":1,"ok":1,"poly":["0","1"],"real":["0","0","0"],"imag":["0","0","0"]}
{"type":"angle","q":2,"p":1,"scale":1,"op":"sec","phase":0,"ok":0}
{"type":"angle","q":2,"p":1,"scale":1,"op":"sec","phase":1,"ok":0}
{"type":"angle","q":2,"p":1,"scale":1,"op":"csc","phase":0,"ok":1,"poly":["-1","1"],"real":["1","1","0"],"imag":["0","0","0"]}
{"type":"angle","q":2,"p":1,"scale":1,"op":"csc","phase":1,"ok":1,"poly":["-1","1"],"real":["1","1","0"],"imag":["0","0","0"]}
{"type":"angle","q":2,"p":1,"scale":3,"op":"root","phase":0,"ok":1,"poly":["1","1"],"real":["-1","-1","0"],"imag":["0","0","0"],"recognized":1,"nullRecognized":1,"rp":1,"rq":2}
{"type":"angle","q":2,"p":1,"scale":3,"op":"root","phase":1,"ok":1,"poly":["1","1"],"real":["-1","-1","0"],"imag":["0","0","0"],"recognized":1,"nullRecognized":1,"rp":1,"rq":2}
{"type":"angle","q":2,"p":1,"scale":3,"op":"exp","phase":0,"ok":1,"poly":["1","0","1"],"real":["0","0","0"],"imag":["1","1","0"],"recognized":1,"nullRecognized":1,"rp":1,"rq":4}
{"type":"angle","q":2,"p":1,"scale":3,"op":"exp","phase":1,"ok":1,"poly":["1","0","1"],"real":["0","0","0"],"imag":["1","1","0"],"recognized":1,"nullRecognized":1,"rp":1,"rq":4}
{"type":"angle","q":2,"p":1,"scale":3,"op":"sin","phase":0,"ok":1,"poly":["-1","1"],"real":["1","1","0"],"imag":["0","0","0"]}
{"type":"angle","q":2,"p":1,"scale":3,"op":"sin","phase":1,"ok":1,"poly":["-1","1"],"real":["1","1","0"],"imag":["0","0","0"]}
{"type":"angle","q":2,"p":1,"scale":3,"op":"cos","phase":0,"ok":1,"poly":["0","1"],"real":["0","0","0"],"imag":["0","0","0"]}
{"type":"angle","q":2,"p":1,"scale":3,"op":"cos","phase":1,"ok":1,"poly":["0","1"],"real":["0","0","0"],"imag":["0","0","0"]}
{"type":"angle","q":2,"p":1,"scale":3,"op":"tan","phase":0,"ok":0}
{"type":"angle","q":2,"p":1,"scale":3,"op":"tan","phase":1,"ok":0}
{"type":"angle","q":2,"p":1,"scale":3,"op":"cot","phase":0,"ok":1,"poly":["0","1"],"real":["0","0","0"],"imag":["0","0","0"]}
{"type":"angle","q":2,"p":1,"scale":3,"op":"cot","phase":1,"ok":1,"poly":["0","1"],"real":["0","0","0"],"imag":["0","0","0"]}
{"type":"angle","q":2,"p":1,"scale":3,"op":"sec","phase":0,"ok":0}
{"type":"angle","q":2,"p":1,"scale":3,"op":"sec","phase":1,"ok":0}
{"type":"angle","q":2,"p":1,"scale":3,"op":"csc","phase":0,"ok":1,"poly":["-1","1"],"real":["1","1","0"],"imag":["0","0","0"]}
{"type":"angle","q":2,"p":1,"scale":3,"op":"csc","phase":1,"ok":1,"poly":["-1","1"],"real":["1","1","0"],"imag":["0","0","0"]}
{"type":"angle","q":2,"p":2,"scale":1,"op":"root","phase":0,"ok":1,"poly":["-1","1"],"real":["1","1","0"],"imag":["0","0","0"],"recognized":1,"nullRecognized":1,"rp":0,"rq":1}
{"type":"angle","q":2,"p":2,"scale":1,"op":"root","phase":1,"ok":1,"poly":["-1","1"],"real":["1","1","0"],"imag":["0","0","0"],"recognized":1,"nullRecognized":1,"rp":0,"rq":1}
{"type":"angle","q":2,"p":2,"scale":1,"op":"exp","phase":0,"ok":1,"poly":["1","1"],"real":["-1","-1","0"],"imag":["0","0","0"],"recognized":1,"nullRecognized":1,"rp":1,"rq":2}
{"type":"angle","q":2,"p":2,"scale":1,"op":"exp","phase":1,"ok":1,"poly":["1","1"],"real":["-1","-1","0"],"imag":["0","0","0"],"recognized":1,"nullRecognized":1,"rp":1,"rq":2}
{"type":"angle","q":2,"p":2,"scale":1,"op":"sin","phase":0,"ok":1,"poly":["0","1"],"real":["0","0","0"],"imag":["0","0","0"]}
{"type":"angle","q":2,"p":2,"scale":1,"op":"sin","phase":1,"ok":1,"poly":["0","1"],"real":["0","0","0"],"imag":["0","0","0"]}
{"type":"angle","q":2,"p":2,"scale":1,"op":"cos","phase":0,"ok":1,"poly":["1","1"],"real":["-1","-1","0"],"imag":["0","0","0"]}
{"type":"angle","q":2,"p":2,"scale":1,"op":"cos","phase":1,"ok":1,"poly":["1","1"],"real":["-1","-1","0"],"imag":["0","0","0"]}
{"type":"angle","q":2,"p":2,"scale":1,"op":"tan","phase":0,"ok":1,"poly":["0","1"],"real":["0","0","0"],"imag":["0","0","0"]}
{"type":"angle","q":2,"p":2,"scale":1,"op":"tan","phase":1,"ok":1,"poly":["0","1"],"real":["0","0","0"],"imag":["0","0","0"]}
{"type":"angle","q":2,"p":2,"scale":1,"op":"cot","phase":0,"ok":0}
{"type":"angle","q":2,"p":2,"scale":1,"op":"cot","phase":1,"ok":0}
{"type":"angle","q":2,"p":2,"scale":1,"op":"sec","phase":0,"ok":1,"poly":["1","1"],"real":["-1","-1","0"],"imag":["0","0","0"]}
{"type":"angle","q":2,"p":2,"scale":1,"op":"sec","phase":1,"ok":1,"poly":["1","1"],"real":["-1","-1","0"],"imag":["0","0","0"]}
{"type":"angle","q":2,"p":2,"scale":1,"op":"csc","phase":0,"ok":0}
{"type":"angle","q":2,"p":2,"scale":1,"op":"csc","phase":1,"ok":0}
{"type":"angle","q":2,"p":2,"scale":3,"op":"root","phase":0,"ok":1,"poly":["-1","1"],"real":["1","1","0"],"imag":["0","0","0"],"recognized":1,"nullRecognized":1,"rp":0,"rq":1}
{"type":"angle","q":2,"p":2,"scale":3,"op":"root","phase":1,"ok":1,"poly":["-1","1"],"real":["1","1","0"],"imag":["0","0","0"],"recognized":1,"nullRecognized":1,"rp":0,"rq":1}
{"type":"angle","q":2,"p":2,"scale":3,"op":"exp","phase":0,"ok":1,"poly":["1","1"],"real":["-1","-1","0"],"imag":["0","0","0"],"recognized":1,"nullRecognized":1,"rp":1,"rq":2}
{"type":"angle","q":2,"p":2,"scale":3,"op":"exp","phase":1,"ok":1,"poly":["1","1"],"real":["-1","-1","0"],"imag":["0","0","0"],"recognized":1,"nullRecognized":1,"rp":1,"rq":2}
{"type":"angle","q":2,"p":2,"scale":3,"op":"sin","phase":0,"ok":1,"poly":["0","1"],"real":["0","0","0"],"imag":["0","0","0"]}
{"type":"angle","q":2,"p":2,"scale":3,"op":"sin","phase":1,"ok":1,"poly":["0","1"],"real":["0","0","0"],"imag":["0","0","0"]}
{"type":"angle","q":2,"p":2,"scale":3,"op":"cos","phase":0,"ok":1,"poly":["1","1"],"real":["-1","-1","0"],"imag":["0","0","0"]}
{"type":"angle","q":2,"p":2,"scale":3,"op":"cos","phase":1,"ok":1,"poly":["1","1"],"real":["-1","-1","0"],"imag":["0","0","0"]}
{"type":"angle","q":2,"p":2,"scale":3,"op":"tan","phase":0,"ok":1,"poly":["0","1"],"real":["0","0","0"],"imag":["0","0","0"]}
{"type":"angle","q":2,"p":2,"scale":3,"op":"tan","phase":1,"ok":1,"poly":["0","1"],"real":["0","0","0"],"imag":["0","0","0"]}
{"type":"angle","q":2,"p":2,"scale":3,"op":"cot","phase":0,"ok":0}
{"type":"angle","q":2,"p":2,"scale":3,"op":"cot","phase":1,"ok":0}
{"type":"angle","q":2,"p":2,"scale":3,"op":"sec","phase":0,"ok":1,"poly":["1","1"],"real":["-1","-1","0"],"imag":["0","0","0"]}
{"type":"angle","q":2,"p":2,"scale":3,"op":"sec","phase":1,"ok":1,"poly":["1","1"],"real":["-1","-1","0"],"imag":["0","0","0"]}
{"type":"angle","q":2,"p":2,"scale":3,"op":"csc","phase":0,"ok":0}
{"type":"angle","q":2,"p":2,"scale":3,"op":"csc","phase":1,"ok":0}
{"type":"angle","q":2,"p":3,"scale":1,"op":"root","phase":0,"ok":1,"poly":["1","1"],"real":["-1","-1","0"],"imag":["0","0","0"],"recognized":1,"nullRecognized":1,"rp":1,"rq":2}
{"type":"angle","q":2,"p":3,"scale":1,"op":"root","phase":1,"ok":1,"poly":["1","1"],"real":["-1","-1","0"],"imag":["0","0","0"],"recognized":1,"nullRecognized":1,"rp":1,"rq":2}
{"type":"angle","q":2,"p":3,"scale":1,"op":"exp","phase":0,"ok":1,"poly":["1","0","1"],"real":["0","0","0"],"imag":["-1","-1","0"],"recognized":1,"nullRecognized":1,"rp":3,"rq":4}
{"type":"angle","q":2,"p":3,"scale":1,"op":"exp","phase":1,"ok":1,"poly":["1","0","1"],"real":["0","0","0"],"imag":["-1","-1","0"],"recognized":1,"nullRecognized":1,"rp":3,"rq":4}
{"type":"angle","q":2,"p":3,"scale":1,"op":"sin","phase":0,"ok":1,"poly":["1","1"],"real":["-1","-1","0"],"imag":["0","0","0"]}
{"type":"angle","q":2,"p":3,"scale":1,"op":"sin","phase":1,"ok":1,"poly":["1","1"],"real":["-1","-1","0"],"imag":["0","0","0"]}
{"type":"angle","q":2,"p":3,"scale":1,"op":"cos","phase":0,"ok":1,"poly":["0","1"],"real":["0","0","0"],"imag":["0","0","0"]}
{"type":"angle","q":2,"p":3,"scale":1,"op":"cos","phase":1,"ok":1,"poly":["0","1"],"real":["0","0","0"],"imag":["0","0","0"]}
{"type":"angle","q":2,"p":3,"scale":1,"op":"tan","phase":0,"ok":0}
{"type":"angle","q":2,"p":3,"scale":1,"op":"tan","phase":1,"ok":0}
{"type":"angle","q":2,"p":3,"scale":1,"op":"cot","phase":0,"ok":1,"poly":["0","1"],"real":["0","0","0"],"imag":["0","0","0"]}
{"type":"angle","q":2,"p":3,"scale":1,"op":"cot","phase":1,"ok":1,"poly":["0","1"],"real":["0","0","0"],"imag":["0","0","0"]}
{"type":"angle","q":2,"p":3,"scale":1,"op":"sec","phase":0,"ok":0}
{"type":"angle","q":2,"p":3,"scale":1,"op":"sec","phase":1,"ok":0}
{"type":"angle","q":2,"p":3,"scale":1,"op":"csc","phase":0,"ok":1,"poly":["1","1"],"real":["-1","-1","0"],"imag":["0","0","0"]}
{"type":"angle","q":2,"p":3,"scale":1,"op":"csc","phase":1,"ok":1,"poly":["1","1"],"real":["-1","-1","0"],"imag":["0","0","0"]}
{"type":"angle","q":2,"p":3,"scale":3,"op":"root","phase":0,"ok":1,"poly":["1","1"],"real":["-1","-1","0"],"imag":["0","0","0"],"recognized":1,"nullRecognized":1,"rp":1,"rq":2}
{"type":"angle","q":2,"p":3,"scale":3,"op":"root","phase":1,"ok":1,"poly":["1","1"],"real":["-1","-1","0"],"imag":["0","0","0"],"recognized":1,"nullRecognized":1,"rp":1,"rq":2}
{"type":"angle","q":2,"p":3,"scale":3,"op":"exp","phase":0,"ok":1,"poly":["1","0","1"],"real":["0","0","0"],"imag":["-1","-1","0"],"recognized":1,"nullRecognized":1,"rp":3,"rq":4}
{"type":"angle","q":2,"p":3,"scale":3,"op":"exp","phase":1,"ok":1,"poly":["1","0","1"],"real":["0","0","0"],"imag":["-1","-1","0"],"recognized":1,"nullRecognized":1,"rp":3,"rq":4}
{"type":"angle","q":2,"p":3,"scale":3,"op":"sin","phase":0,"ok":1,"poly":["1","1"],"real":["-1","-1","0"],"imag":["0","0","0"]}
{"type":"angle","q":2,"p":3,"scale":3,"op":"sin","phase":1,"ok":1,"poly":["1","1"],"real":["-1","-1","0"],"imag":["0","0","0"]}
{"type":"angle","q":2,"p":3,"scale":3,"op":"cos","phase":0,"ok":1,"poly":["0","1"],"real":["0","0","0"],"imag":["0","0","0"]}
{"type":"angle","q":2,"p":3,"scale":3,"op":"cos","phase":1,"ok":1,"poly":["0","1"],"real":["0","0","0"],"imag":["0","0","0"]}
{"type":"angle","q":2,"p":3,"scale":3,"op":"tan","phase":0,"ok":0}
{"type":"angle","q":2,"p":3,"scale":3,"op":"tan","phase":1,"ok":0}
{"type":"angle","q":2,"p":3,"scale":3,"op":"cot","phase":0,"ok":1,"poly":["0","1"],"real":["0","0","0"],"imag":["0","0","0"]}
{"type":"angle","q":2,"p":3,"scale":3,"op":"cot","phase":1,"ok":1,"poly":["0","1"],"real":["0","0","0"],"imag":["0","0","0"]}
{"type":"angle","q":2,"p":3,"scale":3,"op":"sec","phase":0,"ok":0}
{"type":"angle","q":2,"p":3,"scale":3,"op":"sec","phase":1,"ok":0}
{"type":"angle","q":2,"p":3,"scale":3,"op":"csc","phase":0,"ok":1,"poly":["1","1"],"real":["-1","-1","0"],"imag":["0","0","0"]}
{"type":"angle","q":2,"p":3,"scale":3,"op":"csc","phase":1,"ok":1,"poly":["1","1"],"real":["-1","-1","0"],"imag":["0","0","0"]}
{"type":"angle","q":2,"p":4,"scale":1,"op":"root","phase":0,"ok":1,"poly":["-1","1"],"real":["1","1","0"],"imag":["0","0","0"],"recognized":1,"nullRecognized":1,"rp":0,"rq":1}
{"type":"angle","q":2,"p":4,"scale":1,"op":"root","phase":1,"ok":1,"poly":["-1","1"],"real":["1","1","0"],"imag":["0","0","0"],"recognized":1,"nullRecognized":1,"rp":0,"rq":1}
{"type":"angle","q":2,"p":4,"scale":1,"op":"exp","phase":0,"ok":1,"poly":["-1","1"],"real":["1","1","0"],"imag":["0","0","0"],"recognized":1,"nullRecognized":1,"rp":0,"rq":1}
{"type":"angle","q":2,"p":4,"scale":1,"op":"exp","phase":1,"ok":1,"poly":["-1","1"],"real":["1","1","0"],"imag":["0","0","0"],"recognized":1,"nullRecognized":1,"rp":0,"rq":1}
{"type":"angle","q":2,"p":4,"scale":1,"op":"sin","phase":0,"ok":1,"poly":["0","1"],"real":["0","0","0"],"imag":["0","0","0"]}
{"type":"angle","q":2,"p":4,"scale":1,"op":"sin","phase":1,"ok":1,"poly":["0","1"],"real":["0","0","0"],"imag":["0","0","0"]}
{"type":"angle","q":2,"p":4,"scale":1,"op":"cos","phase":0,"ok":1,"poly":["-1","1"],"real":["1","1","0"],"imag":["0","0","0"]}
{"type":"angle","q":2,"p":4,"scale":1,"op":"cos","phase":1,"ok":1,"poly":["-1","1"],"real":["1","1","0"],"imag":["0","0","0"]}
{"type":"angle","q":2,"p":4,"scale":1,"op":"tan","phase":0,"ok":1,"poly":["0","1"],"real":["0","0","0"],"imag":["0","0","0"]}
{"type":"angle","q":2,"p":4,"scale":1,"op":"tan","phase":1,"ok":1,"poly":["0","1"],"real":["0","0","0"],"imag":["0","0","0"]}
{"type":"angle","q":2,"p":4,"scale":1,"op":"cot","phase":0,"ok":0}
{"type":"angle","q":2,"p":4,"scale":1,"op":"cot","phase":1,"ok":0}
{"type":"angle","q":2,"p":4,"scale":1,"op":"sec","phase":0,"ok":1,"poly":["-1","1"],"real":["1","1","0"],"imag":["0","0","0"]}
{"type":"angle","q":2,"p":4,"scale":1,"op":"sec","phase":1,"ok":1,"poly":["-1","1"],"real":["1","1","0"],"imag":["0","0","0"]}
{"type":"angle","q":2,"p":4,"scale":1,"op":"csc","phase":0,"ok":0}
{"type":"angle","q":2,"p":4,"scale":1,"op":"csc","phase":1,"ok":0}
{"type":"angle","q":2,"p":4,"scale":3,"op":"root","phase":0,"ok":1,"poly":["-1","1"],"real":["1","1","0"],"imag":["0","0","0"],"recognized":1,"nullRecognized":1,"rp":0,"rq":1}
{"type":"angle","q":2,"p":4,"scale":3,"op":"root","phase":1,"ok":1,"poly":["-1","1"],"real":["1","1","0"],"imag":["0","0","0"],"recognized":1,"nullRecognized":1,"rp":0,"rq":1}
{"type":"angle","q":2,"p":4,"scale":3,"op":"exp","phase":0,"ok":1,"poly":["-1","1"],"real":["1","1","0"],"imag":["0","0","0"],"recognized":1,"nullRecognized":1,"rp":0,"rq":1}
{"type":"angle","q":2,"p":4,"scale":3,"op":"exp","phase":1,"ok":1,"poly":["-1","1"],"real":["1","1","0"],"imag":["0","0","0"],"recognized":1,"nullRecognized":1,"rp":0,"rq":1}
{"type":"angle","q":2,"p":4,"scale":3,"op":"sin","phase":0,"ok":1,"poly":["0","1"],"real":["0","0","0"],"imag":["0","0","0"]}
{"type":"angle","q":2,"p":4,"scale":3,"op":"sin","phase":1,"ok":1,"poly":["0","1"],"real":["0","0","0"],"imag":["0","0","0"]}
{"type":"angle","q":2,"p":4,"scale":3,"op":"cos","phase":0,"ok":1,"poly":["-1","1"],"real":["1","1","0"],"imag":["0","0","0"]}
{"type":"angle","q":2,"p":4,"scale":3,"op":"cos","phase":1,"ok":1,"poly":["-1","1"],"real":["1","1","0"],"imag":["0","0","0"]}
{"type":"angle","q":2,"p":4,"scale":3,"op":"tan","phase":0,"ok":1,"poly":["0","1"],"real":["0","0","0"],"imag":["0","0","0"]}
{"type":"angle","q":2,"p":4,"scale":3,"op":"tan","phase":1,"ok":1,"poly":["0","1"],"real":["0","0","0"],"imag":["0","0","0"]}
{"type":"angle","q":2,"p":4,"scale":3,"op":"cot","phase":0,"ok":0}
{"type":"angle","q":2,"p":4,"scale":3,"op":"cot","phase":1,"ok":0}
{"type":"angle","q":2,"p":4,"scale":3,"op":"sec","phase":0,"ok":1,"poly":["-1","1"],"real":["1","1","0"],"imag":["0","0","0"]}
{"type":"angle","q":2,"p":4,"scale":3,"op":"sec","phase":1,"ok":1,"poly":["-1","1"],"real":["1","1","0"],"imag":["0","0","0"]}
{"type":"angle","q":2,"p":4,"scale":3,"op":"csc","phase":0,"ok":0}
{"type":"angle","q":2,"p":4,"scale":3,"op":"csc","phase":1,"ok":0}
{"type":"angle","q":3,"p":-6,"scale":1,"op":"root","phase":0,"ok":1,"poly":["-1","1"],"real":["1","1","0"],"imag":["0","0","0"],"recognized":1,"nullRecognized":1,"rp":0,"rq":1}
{"type":"angle","q":3,"p":-6,"scale":1,"op":"root","phase":1,"ok":1,"poly":["-1","1"],"real":["1","1","0"],"imag":["0","0","0"],"recognized":1,"nullRecognized":1,"rp":0,"rq":1}
{"type":"angle","q":3,"p":-6,"scale":1,"op":"exp","phase":0,"ok":1,"poly":["-1","1"],"real":["1","1","0"],"imag":["0","0","0"],"recognized":1,"nullRecognized":1,"rp":0,"rq":1}
{"type":"angle","q":3,"p":-6,"scale":1,"op":"exp","phase":1,"ok":1,"poly":["-1","1"],"real":["1","1","0"],"imag":["0","0","0"],"recognized":1,"nullRecognized":1,"rp":0,"rq":1}
{"type":"angle","q":3,"p":-6,"scale":1,"op":"sin","phase":0,"ok":1,"poly":["0","1"],"real":["0","0","0"],"imag":["0","0","0"]}
{"type":"angle","q":3,"p":-6,"scale":1,"op":"sin","phase":1,"ok":1,"poly":["0","1"],"real":["0","0","0"],"imag":["0","0","0"]}
{"type":"angle","q":3,"p":-6,"scale":1,"op":"cos","phase":0,"ok":1,"poly":["-1","1"],"real":["1","1","0"],"imag":["0","0","0"]}
{"type":"angle","q":3,"p":-6,"scale":1,"op":"cos","phase":1,"ok":1,"poly":["-1","1"],"real":["1","1","0"],"imag":["0","0","0"]}
{"type":"angle","q":3,"p":-6,"scale":1,"op":"tan","phase":0,"ok":1,"poly":["0","1"],"real":["0","0","0"],"imag":["0","0","0"]}
{"type":"angle","q":3,"p":-6,"scale":1,"op":"tan","phase":1,"ok":1,"poly":["0","1"],"real":["0","0","0"],"imag":["0","0","0"]}
{"type":"angle","q":3,"p":-6,"scale":1,"op":"cot","phase":0,"ok":0}
{"type":"angle","q":3,"p":-6,"scale":1,"op":"cot","phase":1,"ok":0}
{"type":"angle","q":3,"p":-6,"scale":1,"op":"sec","phase":0,"ok":1,"poly":["-1","1"],"real":["1","1","0"],"imag":["0","0","0"]}
{"type":"angle","q":3,"p":-6,"scale":1,"op":"sec","phase":1,"ok":1,"poly":["-1","1"],"real":["1","1","0"],"imag":["0","0","0"]}
{"type":"angle","q":3,"p":-6,"scale":1,"op":"csc","phase":0,"ok":0}
{"type":"angle","q":3,"p":-6,"scale":1,"op":"csc","phase":1,"ok":0}
{"type":"angle","q":3,"p":-6,"scale":3,"op":"root","phase":0,"ok":1,"poly":["-1","1"],"real":["1","1","0"],"imag":["0","0","0"],"recognized":1,"nullRecognized":1,"rp":0,"rq":1}
{"type":"angle","q":3,"p":-6,"scale":3,"op":"root","phase":1,"ok":1,"poly":["-1","1"],"real":["1","1","0"],"imag":["0","0","0"],"recognized":1,"nullRecognized":1,"rp":0,"rq":1}
{"type":"angle","q":3,"p":-6,"scale":3,"op":"exp","phase":0,"ok":1,"poly":["-1","1"],"real":["1","1","0"],"imag":["0","0","0"],"recognized":1,"nullRecognized":1,"rp":0,"rq":1}
{"type":"angle","q":3,"p":-6,"scale":3,"op":"exp","phase":1,"ok":1,"poly":["-1","1"],"real":["1","1","0"],"imag":["0","0","0"],"recognized":1,"nullRecognized":1,"rp":0,"rq":1}
{"type":"angle","q":3,"p":-6,"scale":3,"op":"sin","phase":0,"ok":1,"poly":["0","1"],"real":["0","0","0"],"imag":["0","0","0"]}
{"type":"angle","q":3,"p":-6,"scale":3,"op":"sin","phase":1,"ok":1,"poly":["0","1"],"real":["0","0","0"],"imag":["0","0","0"]}
{"type":"angle","q":3,"p":-6,"scale":3,"op":"cos","phase":0,"ok":1,"poly":["-1","1"],"real":["1","1","0"],"imag":["0","0","0"]}
{"type":"angle","q":3,"p":-6,"scale":3,"op":"cos","phase":1,"ok":1,"poly":["-1","1"],"real":["1","1","0"],"imag":["0","0","0"]}
{"type":"angle","q":3,"p":-6,"scale":3,"op":"tan","phase":0,"ok":1,"poly":["0","1"],"real":["0","0","0"],"imag":["0","0","0"]}
{"type":"angle","q":3,"p":-6,"scale":3,"op":"tan","phase":1,"ok":1,"poly":["0","1"],"real":["0","0","0"],"imag":["0","0","0"]}
{"type":"angle","q":3,"p":-6,"scale":3,"op":"cot","phase":0,"ok":0}
{"type":"angle","q":3,"p":-6,"scale":3,"op":"cot","phase":1,"ok":0}
{"type":"angle","q":3,"p":-6,"scale":3,"op":"sec","phase":0,"ok":1,"poly":["-1","1"],"real":["1","1","0"],"imag":["0","0","0"]}
{"type":"angle","q":3,"p":-6,"scale":3,"op":"sec","phase":1,"ok":1,"poly":["-1","1"],"real":["1","1","0"],"imag":["0","0","0"]}
{"type":"angle","q":3,"p":-6,"scale":3,"op":"csc","phase":0,"ok":0}
{"type":"angle","q":3,"p":-6,"scale":3,"op":"csc","phase":1,"ok":0}
{"type":"angle","q":3,"p":-5,"scale":1,"op":"root","phase":0,"ok":1,"poly":["1","1","1"],"real":["-2923003274661805836407369665432566039312575708607","-2923003274661805836407369665432566039311154463297","-162"],"imag":["9888262075008698521265948413861084763581315187","9888262075008698521265948413861084763695613837","-153"],"recognized":1,"nullRecognized":1,"rp":1,"rq":3}
{"type":"angle","q":3,"p":-5,"scale":1,"op":"root","phase":1,"ok":1,"poly":["1","1","1"],"real":["-115172193140305827399949785796761135587064246228529065807379342658863042065190089480167441564259605943037975312218134915154131611020654072038617988630148194794852651","-115172193140305827399949785796761135587064246228529065807379342658863042065190089480167441564259605943037975312218134915154131611020654072038617988630148194588045013","-546"],"imag":["7758703378874425295012906352138220585149514059631517741930490590284721003955059673161110578290891948031","7758703378874425295012906352138220585149514059631517741930490590284721003955059673161110578291965689857","-342"],"recognized":1,"nullRecognized":1,"rp":1,"rq":3}
{"type":"angle","q":3,"p":-5,"scale":1,"op":"exp","phase":0,"ok":1,"poly":["1","-1","1"],"real":["2923003274661805836407369665432566039311154463297","2923003274661805836407369665432566039312575708607","-162"],"imag":["9888262075008698521265948413861084763581315187","9888262075008698521265948413861084763695613837","-153"],"recognized":1,"nullRecognized":1,"rp":1,"rq":6}
{"type":"angle","q":3,"p":-5,"scale":1,"op":"exp","phase":1,"ok":1,"poly":["1","-1","1"],"real":["115172193140305827399949785796761135587064246228529065807379342658863042065190089480167441564259605943037975312218134915154131611020654072038617988630148194588045013","115172193140305827399949785796761135587064246228529065807379342658863042065190089480167441564259605943037975312218134915154131611020654072038617988630148194794852651","-546"],"imag":["7758703378874425295012906352138220585149514059631517741930490590284721003955059673161110578290891948031","7758703378874425295012906352138220585149514059631517741930490590284721003955059673161110578291965689857","-342"],"recognized":1,"nullRecognized":1,"rp":1,"rq":6}
{"type":"angle","q":3,"p":-5,"scale":1,"op":"sin","phase":0,"ok":1,"poly":["-3","0","4"],"real":["158212193200139176340255174621777356217301037233","158212193200139176340255174621777356219129827151","-157"],"imag":["0","0","0"]}
{"type":"angle","q":3,"p":-5,"scale":1,"op":"sin","phase":1,"ok":1,"poly":["-3","0","4"],"real":["7758703378874425295012906352138220585149514059631517741930490590284721003955059673161110578290891948031","7758703378874425295012906352138220585149514059631517741930490590284721003955059673161110578291965689857","-342"],"imag":["0","0","0"]}
{"type":"angle","q":3,"p":-5,"scale":1,"op":"cos","phase":0,"ok":1,"poly":["-1","2"],"real":["1","1","-1"],"imag":["0","0","0"]}
{"type":"angle","q":3,"p":-5,"scale":1,"op":"cos","phase":1,"ok":1,"poly":["-1","2"],"real":["1","1","-1"],"imag":["0","0","0"]}
{"type":"angle","q":3,"p":-5,"scale":1,"op":"tan","phase":0,"ok":1,"poly":["-3","0","1"],"real":["294693174213430241384087455685767077315","294693174213430241384087455685767077317","-127"],"imag":["0","0","0"]}
{"type":"angle","q":3,"p":-5,"scale":1,"op":"tan","phase":1,"ok":1,"poly":["-3","0","1"],"real":["7758703378874425295012906352138220585149514059631517741930490590284721003955059673161110578290891948031","7758703378874425295012906352138220585149514059631517741930490590284721003955059673161110578291965689857","-341"],"imag":["0","0","0"]}
{"type":"angle","q":3,"p":-5,"scale":1,"op":"cot","phase":0,"ok":1,"poly":["-1","0","3"],"real":["52737397733379725446751724873925785405868761865","52737397733379725446751724873925785406453816567","-156"],"imag":["0","0","0"]}
{"type":"angle","q":3,"p":-5,"scale":1,"op":"cot","phase":1,"ok":1,"poly":["-1","0","3"],"real":["5172468919249616863341937568092147056766342706421011827953660393523147335970039782107407052193749008383","5172468919249616863341937568092147056766342706421011827953660393523147335970039782107407052194822750209","-342"],"imag":["0","0","0"]}
{"type":"angle","q":3,"p":-5,"scale":1,"op":"sec","phase":0,"ok":1,"poly":["-2","1"],"real":["1","1","1"],"imag":["0","0","0"]}
{"type":"angle","q":3,"p":-5,"scale":1,"op":"sec","phase":1,"ok":1,"poly":["-2","1"],"real":["1","1","1"],"imag":["0","0","0"]}
{"type":"angle","q":3,"p":-5,"scale":1,"op":"csc","phase":0,"ok":1,"poly":["-4","0","3"],"real":["52737397733379725446751724873925785405868761865","52737397733379725446751724873925785406453816567","-155"],"imag":["0","0","0"]}
{"type":"angle","q":3,"p":-5,"scale":1,"op":"csc","phase":1,"ok":1,"poly":["-4","0","3"],"real":["5172468919249616863341937568092147056766342706421011827953660393523147335970039782107407052193749008383","5172468919249616863341937568092147056766342706421011827953660393523147335970039782107407052194822750209","-341"],"imag":["0","0","0"]}
{"type":"angle","q":3,"p":-5,"scale":3,"op":"root","phase":0,"ok":1,"poly":["1","1","1"],"real":["-2923003274661805836407369665432566039312575708607","-2923003274661805836407369665432566039311154463297","-162"],"imag":["9888262075008698521265948413861084763581315187","9888262075008698521265948413861084763695613837","-153"],"recognized":1,"nullRecognized":1,"rp":1,"rq":3}
{"type":"angle","q":3,"p":-5,"scale":3,"op":"root","phase":1,"ok":1,"poly":["1","1","1"],"real":["-115172193140305827399949785796761135587064246228529065807379342658863042065190089480167441564259605943037975312218134915154131611020654072038617988630148194794852651","-115172193140305827399949785796761135587064246228529065807379342658863042065190089480167441564259605943037975312218134915154131611020654072038617988630148194588045013","-546"],"imag":["7758703378874425295012906352138220585149514059631517741930490590284721003955059673161110578290891948031","7758703378874425295012906352138220585149514059631517741930490590284721003955059673161110578291965689857","-342"],"recognized":1,"nullRecognized":1,"rp":1,"rq":3}
{"type":"angle","q":3,"p":-5,"scale":3,"op":"exp","phase":0,"ok":1,"poly":["1","-1","1"],"real":["2923003274661805836407369665432566039311154463297","2923003274661805836407369665432566039312575708607","-162"],"imag":["9888262075008698521265948413861084763581315187","9888262075008698521265948413861084763695613837","-153"],"recognized":1,"nullRecognized":1,"rp":1,"rq":6}
{"type":"angle","q":3,"p":-5,"scale":3,"op":"exp","phase":1,"ok":1,"poly":["1","-1","1"],"real":["115172193140305827399949785796761135587064246228529065807379342658863042065190089480167441564259605943037975312218134915154131611020654072038617988630148194588045013","115172193140305827399949785796761135587064246228529065807379342658863042065190089480167441564259605943037975312218134915154131611020654072038617988630148194794852651","-546"],"imag":["7758703378874425295012906352138220585149514059631517741930490590284721003955059673161110578290891948031","7758703378874425295012906352138220585149514059631517741930490590284721003955059673161110578291965689857","-342"],"recognized":1,"nullRecognized":1,"rp":1,"rq":6}
{"type":"angle","q":3,"p":-5,"scale":3,"op":"sin","phase":0,"ok":1,"poly":["-3","0","4"],"real":["158212193200139176340255174621777356217301037233","158212193200139176340255174621777356219129827151","-157"],"imag":["0","0","0"]}
{"type":"angle","q":3,"p":-5,"scale":3,"op":"sin","phase":1,"ok":1,"poly":["-3","0","4"],"real":["7758703378874425295012906352138220585149514059631517741930490590284721003955059673161110578290891948031","7758703378874425295012906352138220585149514059631517741930490590284721003955059673161110578291965689857","-342"],"imag":["0","0","0"]}
{"type":"angle","q":3,"p":-5,"scale":3,"op":"cos","phase":0,"ok":1,"poly":["-1","2"],"real":["1","1","-1"],"imag":["0","0","0"]}
{"type":"angle","q":3,"p":-5,"scale":3,"op":"cos","phase":1,"ok":1,"poly":["-1","2"],"real":["1","1","-1"],"imag":["0","0","0"]}
{"type":"angle","q":3,"p":-5,"scale":3,"op":"tan","phase":0,"ok":1,"poly":["-3","0","1"],"real":["294693174213430241384087455685767077315","294693174213430241384087455685767077317","-127"],"imag":["0","0","0"]}
{"type":"angle","q":3,"p":-5,"scale":3,"op":"tan","phase":1,"ok":1,"poly":["-3","0","1"],"real":["7758703378874425295012906352138220585149514059631517741930490590284721003955059673161110578290891948031","7758703378874425295012906352138220585149514059631517741930490590284721003955059673161110578291965689857","-341"],"imag":["0","0","0"]}
{"type":"angle","q":3,"p":-5,"scale":3,"op":"cot","phase":0,"ok":1,"poly":["-1","0","3"],"real":["52737397733379725446751724873925785405868761865","52737397733379725446751724873925785406453816567","-156"],"imag":["0","0","0"]}
{"type":"angle","q":3,"p":-5,"scale":3,"op":"cot","phase":1,"ok":1,"poly":["-1","0","3"],"real":["5172468919249616863341937568092147056766342706421011827953660393523147335970039782107407052193749008383","5172468919249616863341937568092147056766342706421011827953660393523147335970039782107407052194822750209","-342"],"imag":["0","0","0"]}
{"type":"angle","q":3,"p":-5,"scale":3,"op":"sec","phase":0,"ok":1,"poly":["-2","1"],"real":["1","1","1"],"imag":["0","0","0"]}
{"type":"angle","q":3,"p":-5,"scale":3,"op":"sec","phase":1,"ok":1,"poly":["-2","1"],"real":["1","1","1"],"imag":["0","0","0"]}
{"type":"angle","q":3,"p":-5,"scale":3,"op":"csc","phase":0,"ok":1,"poly":["-4","0","3"],"real":["52737397733379725446751724873925785405868761865","52737397733379725446751724873925785406453816567","-155"],"imag":["0","0","0"]}
{"type":"angle","q":3,"p":-5,"scale":3,"op":"csc","phase":1,"ok":1,"poly":["-4","0","3"],"real":["5172468919249616863341937568092147056766342706421011827953660393523147335970039782107407052193749008383","5172468919249616863341937568092147056766342706421011827953660393523147335970039782107407052194822750209","-341"],"imag":["0","0","0"]}
{"type":"angle","q":3,"p":-4,"scale":1,"op":"root","phase":0,"ok":1,"poly":["1","1","1"],"real":["-2923003274661805836407369665432566039312575708607","-2923003274661805836407369665432566039311154463297","-162"],"imag":["-9888262075008698521265948413861084763695613837","-9888262075008698521265948413861084763581315187","-153"],"recognized":1,"nullRecognized":1,"rp":2,"rq":3}
{"type":"angle","q":3,"p":-4,"scale":1,"op":"root","phase":1,"ok":1,"poly":["1","1","1"],"real":["-115172193140305827399949785796761135587064246228529065807379342658863042065190089480167441564259605943037975312218134915154131611020654072038617988630148194794852651","-115172193140305827399949785796761135587064246228529065807379342658863042065190089480167441564259605943037975312218134915154131611020654072038617988630148194588045013","-546"],"imag":["-7758703378874425295012906352138220585149514059631517741930490590284721003955059673161110578291965689857","-7758703378874425295012906352138220585149514059631517741930490590284721003955059673161110578290891948031","-342"],"recognized":1,"nullRecognized":1,"rp":2,"rq":3}
{"type":"angle","q":3,"p":-4,"scale":1,"op":"exp","phase":0,"ok":1,"poly":["1","1","1"],"real":["-2923003274661805836407369665432566039312575708607","-2923003274661805836407369665432566039311154463297","-162"],"imag":["9888262075008698521265948413861084763581315187","9888262075008698521265948413861084763695613837","-153"],"recognized":1,"nullRecognized":1,"rp":1,"rq":3}
{"type":"angle","q":3,"p":-4,"scale":1,"op":"exp","phase":1,"ok":1,"poly":["1","1","1"],"real":["-115172193140305827399949785796761135587064246228529065807379342658863042065190089480167441564259605943037975312218134915154131611020654072038617988630148194794852651","-115172193140305827399949785796761135587064246228529065807379342658863042065190089480167441564259605943037975312218134915154131611020654072038617988630148194588045013","-546"],"imag":["7758703378874425295012906352138220585149514059631517741930490590284721003955059673161110578290891948031","7758703378874425295012906352138220585149514059631517741930490590284721003955059673161110578291965689857","-342"],"recognized":1,"nullRecognized":1,"rp":1,"rq":3}
{"type":"angle","q":3,"p":-4,"scale":1,"op":"sin","phase":0,"ok":1,"poly":["-3","0","4"],"real":["158212193200139176340255174621777356217301037233","158212193200139176340255174621777356219129827151","-157"],"imag":["0","0","0"]}
{"type":"angle","q":3,"p":-4,"scale":1,"op":"sin","phase":1,"ok":1,"poly":["-3","0","4"],"real":["7758703378874425295012906352138220585149514059631517741930490590284721003955059673161110578290891948031","7758703378874425295012906352138220585149514059631517741930490590284721003955059673161110578291965689857","-342"],"imag":["0","0","0"]}
{"type":"angle","q":3,"p":-4,"scale":1,"op":"cos","phase":0,"ok":1,"poly":["1","2"],"real":["-1","-1","-1"],"imag":["0","0","0"]}
{"type":"angle","q":3,"p":-4,"scale":1,"op":"cos","phase":1,"ok":1,"poly":["1","2"],"real":["-1","-1","-1"],"imag":["0","0","0"]}
{"type":"angle","q":3,"p":-4,"scale":1,"op":"tan","phase":0,"ok":1,"poly":["-3","0","1"],"real":["-294693174213430241384087455685767077317","-294693174213430241384087455685767077315","-127"],"imag":["0","0","0"]}
{"type":"angle","q":3,"p":-4,"scale":1,"op":"tan","phase":1,"ok":1,"poly":["-3","0","1"],"real":["-7758703378874425295012906352138220585149514059631517741930490590284721003955059673161110578291965689857","-7758703378874425295012906352138220585149514059631517741930490590284721003955059673161110578290891948031","-341"],"imag":["0","0","0"]}
{"type":"angle","q":3,"p":-4,"scale":1,"op":"cot","phase":0,"ok":1,"poly":["-1","0","3"],"real":["-52737397733379725446751724873925785406453816567","-52737397733379725446751724873925785405868761865","-156"],"imag":["0","0","0"]}
{"type":"angle","q":3,"p":-4,"scale":1,"op":"cot","phase":1,"ok":1,"poly":["-1","0","3"],"real":["-5172468919249616863341937568092147056766342706421011827953660393523147335970039782107407052194822750209","-5172468919249616863341937568092147056766342706421011827953660393523147335970039782107407052193749008383","-342"],"imag":["0","0","0"]}
{"type":"angle","q":3,"p":-4,"scale":1,"op":"sec","phase":0,"ok":1,"poly":["2","1"],"real":["-1","-1","1"],"imag":["0","0","0"]}
{"type":"angle","q":3,"p":-4,"scale":1,"op":"sec","phase":1,"ok":1,"poly":["2","1"],"real":["-1","-1","1"],"imag":["0","0","0"]}
{"type":"angle","q":3,"p":-4,"scale":1,"op":"csc","phase":0,"ok":1,"poly":["-4","0","3"],"real":["52737397733379725446751724873925785405868761865","52737397733379725446751724873925785406453816567","-155"],"imag":["0","0","0"]}
{"type":"angle","q":3,"p":-4,"scale":1,"op":"csc","phase":1,"ok":1,"poly":["-4","0","3"],"real":["5172468919249616863341937568092147056766342706421011827953660393523147335970039782107407052193749008383","5172468919249616863341937568092147056766342706421011827953660393523147335970039782107407052194822750209","-341"],"imag":["0","0","0"]}
{"type":"angle","q":3,"p":-4,"scale":3,"op":"root","phase":0,"ok":1,"poly":["1","1","1"],"real":["-2923003274661805836407369665432566039312575708607","-2923003274661805836407369665432566039311154463297","-162"],"imag":["-9888262075008698521265948413861084763695613837","-9888262075008698521265948413861084763581315187","-153"],"recognized":1,"nullRecognized":1,"rp":2,"rq":3}
{"type":"angle","q":3,"p":-4,"scale":3,"op":"root","phase":1,"ok":1,"poly":["1","1","1"],"real":["-115172193140305827399949785796761135587064246228529065807379342658863042065190089480167441564259605943037975312218134915154131611020654072038617988630148194794852651","-115172193140305827399949785796761135587064246228529065807379342658863042065190089480167441564259605943037975312218134915154131611020654072038617988630148194588045013","-546"],"imag":["-7758703378874425295012906352138220585149514059631517741930490590284721003955059673161110578291965689857","-7758703378874425295012906352138220585149514059631517741930490590284721003955059673161110578290891948031","-342"],"recognized":1,"nullRecognized":1,"rp":2,"rq":3}
{"type":"angle","q":3,"p":-4,"scale":3,"op":"exp","phase":0,"ok":1,"poly":["1","1","1"],"real":["-2923003274661805836407369665432566039312575708607","-2923003274661805836407369665432566039311154463297","-162"],"imag":["9888262075008698521265948413861084763581315187","9888262075008698521265948413861084763695613837","-153"],"recognized":1,"nullRecognized":1,"rp":1,"rq":3}
{"type":"angle","q":3,"p":-4,"scale":3,"op":"exp","phase":1,"ok":1,"poly":["1","1","1"],"real":["-115172193140305827399949785796761135587064246228529065807379342658863042065190089480167441564259605943037975312218134915154131611020654072038617988630148194794852651","-115172193140305827399949785796761135587064246228529065807379342658863042065190089480167441564259605943037975312218134915154131611020654072038617988630148194588045013","-546"],"imag":["7758703378874425295012906352138220585149514059631517741930490590284721003955059673161110578290891948031","7758703378874425295012906352138220585149514059631517741930490590284721003955059673161110578291965689857","-342"],"recognized":1,"nullRecognized":1,"rp":1,"rq":3}
{"type":"angle","q":3,"p":-4,"scale":3,"op":"sin","phase":0,"ok":1,"poly":["-3","0","4"],"real":["158212193200139176340255174621777356217301037233","158212193200139176340255174621777356219129827151","-157"],"imag":["0","0","0"]}
{"type":"angle","q":3,"p":-4,"scale":3,"op":"sin","phase":1,"ok":1,"poly":["-3","0","4"],"real":["7758703378874425295012906352138220585149514059631517741930490590284721003955059673161110578290891948031","7758703378874425295012906352138220585149514059631517741930490590284721003955059673161110578291965689857","-342"],"imag":["0","0","0"]}
{"type":"angle","q":3,"p":-4,"scale":3,"op":"cos","phase":0,"ok":1,"poly":["1","2"],"real":["-1","-1","-1"],"imag":["0","0","0"]}
{"type":"angle","q":3,"p":-4,"scale":3,"op":"cos","phase":1,"ok":1,"poly":["1","2"],"real":["-1","-1","-1"],"imag":["0","0","0"]}
{"type":"angle","q":3,"p":-4,"scale":3,"op":"tan","phase":0,"ok":1,"poly":["-3","0","1"],"real":["-294693174213430241384087455685767077317","-294693174213430241384087455685767077315","-127"],"imag":["0","0","0"]}
{"type":"angle","q":3,"p":-4,"scale":3,"op":"tan","phase":1,"ok":1,"poly":["-3","0","1"],"real":["-7758703378874425295012906352138220585149514059631517741930490590284721003955059673161110578291965689857","-7758703378874425295012906352138220585149514059631517741930490590284721003955059673161110578290891948031","-341"],"imag":["0","0","0"]}
{"type":"angle","q":3,"p":-4,"scale":3,"op":"cot","phase":0,"ok":1,"poly":["-1","0","3"],"real":["-52737397733379725446751724873925785406453816567","-52737397733379725446751724873925785405868761865","-156"],"imag":["0","0","0"]}
{"type":"angle","q":3,"p":-4,"scale":3,"op":"cot","phase":1,"ok":1,"poly":["-1","0","3"],"real":["-5172468919249616863341937568092147056766342706421011827953660393523147335970039782107407052194822750209","-5172468919249616863341937568092147056766342706421011827953660393523147335970039782107407052193749008383","-342"],"imag":["0","0","0"]}
{"type":"angle","q":3,"p":-4,"scale":3,"op":"sec","phase":0,"ok":1,"poly":["2","1"],"real":["-1","-1","1"],"imag":["0","0","0"]}
{"type":"angle","q":3,"p":-4,"scale":3,"op":"sec","phase":1,"ok":1,"poly":["2","1"],"real":["-1","-1","1"],"imag":["0","0","0"]}
{"type":"angle","q":3,"p":-4,"scale":3,"op":"csc","phase":0,"ok":1,"poly":["-4","0","3"],"real":["52737397733379725446751724873925785405868761865","52737397733379725446751724873925785406453816567","-155"],"imag":["0","0","0"]}
{"type":"angle","q":3,"p":-4,"scale":3,"op":"csc","phase":1,"ok":1,"poly":["-4","0","3"],"real":["5172468919249616863341937568092147056766342706421011827953660393523147335970039782107407052193749008383","5172468919249616863341937568092147056766342706421011827953660393523147335970039782107407052194822750209","-341"],"imag":["0","0","0"]}
{"type":"angle","q":3,"p":-3,"scale":1,"op":"root","phase":0,"ok":1,"poly":["-1","1"],"real":["1","1","0"],"imag":["0","0","0"],"recognized":1,"nullRecognized":1,"rp":0,"rq":1}
{"type":"angle","q":3,"p":-3,"scale":1,"op":"root","phase":1,"ok":1,"poly":["-1","1"],"real":["1","1","0"],"imag":["0","0","0"],"recognized":1,"nullRecognized":1,"rp":0,"rq":1}
{"type":"angle","q":3,"p":-3,"scale":1,"op":"exp","phase":0,"ok":1,"poly":["1","1"],"real":["-1","-1","0"],"imag":["0","0","0"],"recognized":1,"nullRecognized":1,"rp":1,"rq":2}
{"type":"angle","q":3,"p":-3,"scale":1,"op":"exp","phase":1,"ok":1,"poly":["1","1"],"real":["-1","-1","0"],"imag":["0","0","0"],"recognized":1,"nullRecognized":1,"rp":1,"rq":2}
{"type":"angle","q":3,"p":-3,"scale":1,"op":"sin","phase":0,"ok":1,"poly":["0","1"],"real":["0","0","0"],"imag":["0","0","0"]}
{"type":"angle","q":3,"p":-3,"scale":1,"op":"sin","phase":1,"ok":1,"poly":["0","1"],"real":["0","0","0"],"imag":["0","0","0"]}
{"type":"angle","q":3,"p":-3,"scale":1,"op":"cos","phase":0,"ok":1,"poly":["1","1"],"real":["-1","-1","0"],"imag":["0","0","0"]}
{"type":"angle","q":3,"p":-3,"scale":1,"op":"cos","phase":1,"ok":1,"poly":["1","1"],"real":["-1","-1","0"],"imag":["0","0","0"]}
{"type":"angle","q":3,"p":-3,"scale":1,"op":"tan","phase":0,"ok":1,"poly":["0","1"],"real":["0","0","0"],"imag":["0","0","0"]}
{"type":"angle","q":3,"p":-3,"scale":1,"op":"tan","phase":1,"ok":1,"poly":["0","1"],"real":["0","0","0"],"imag":["0","0","0"]}
{"type":"angle","q":3,"p":-3,"scale":1,"op":"cot","phase":0,"ok":0}
{"type":"angle","q":3,"p":-3,"scale":1,"op":"cot","phase":1,"ok":0}
{"type":"angle","q":3,"p":-3,"scale":1,"op":"sec","phase":0,"ok":1,"poly":["1","1"],"real":["-1","-1","0"],"imag":["0","0","0"]}
{"type":"angle","q":3,"p":-3,"scale":1,"op":"sec","phase":1,"ok":1,"poly":["1","1"],"real":["-1","-1","0"],"imag":["0","0","0"]}
{"type":"angle","q":3,"p":-3,"scale":1,"op":"csc","phase":0,"ok":0}
{"type":"angle","q":3,"p":-3,"scale":1,"op":"csc","phase":1,"ok":0}
{"type":"angle","q":3,"p":-3,"scale":3,"op":"root","phase":0,"ok":1,"poly":["-1","1"],"real":["1","1","0"],"imag":["0","0","0"],"recognized":1,"nullRecognized":1,"rp":0,"rq":1}
{"type":"angle","q":3,"p":-3,"scale":3,"op":"root","phase":1,"ok":1,"poly":["-1","1"],"real":["1","1","0"],"imag":["0","0","0"],"recognized":1,"nullRecognized":1,"rp":0,"rq":1}
{"type":"angle","q":3,"p":-3,"scale":3,"op":"exp","phase":0,"ok":1,"poly":["1","1"],"real":["-1","-1","0"],"imag":["0","0","0"],"recognized":1,"nullRecognized":1,"rp":1,"rq":2}
{"type":"angle","q":3,"p":-3,"scale":3,"op":"exp","phase":1,"ok":1,"poly":["1","1"],"real":["-1","-1","0"],"imag":["0","0","0"],"recognized":1,"nullRecognized":1,"rp":1,"rq":2}
{"type":"angle","q":3,"p":-3,"scale":3,"op":"sin","phase":0,"ok":1,"poly":["0","1"],"real":["0","0","0"],"imag":["0","0","0"]}
{"type":"angle","q":3,"p":-3,"scale":3,"op":"sin","phase":1,"ok":1,"poly":["0","1"],"real":["0","0","0"],"imag":["0","0","0"]}
{"type":"angle","q":3,"p":-3,"scale":3,"op":"cos","phase":0,"ok":1,"poly":["1","1"],"real":["-1","-1","0"],"imag":["0","0","0"]}
{"type":"angle","q":3,"p":-3,"scale":3,"op":"cos","phase":1,"ok":1,"poly":["1","1"],"real":["-1","-1","0"],"imag":["0","0","0"]}
{"type":"angle","q":3,"p":-3,"scale":3,"op":"tan","phase":0,"ok":1,"poly":["0","1"],"real":["0","0","0"],"imag":["0","0","0"]}
{"type":"angle","q":3,"p":-3,"scale":3,"op":"tan","phase":1,"ok":1,"poly":["0","1"],"real":["0","0","0"],"imag":["0","0","0"]}
{"type":"angle","q":3,"p":-3,"scale":3,"op":"cot","phase":0,"ok":0}
{"type":"angle","q":3,"p":-3,"scale":3,"op":"cot","phase":1,"ok":0}
{"type":"angle","q":3,"p":-3,"scale":3,"op":"sec","phase":0,"ok":1,"poly":["1","1"],"real":["-1","-1","0"],"imag":["0","0","0"]}
{"type":"angle","q":3,"p":-3,"scale":3,"op":"sec","phase":1,"ok":1,"poly":["1","1"],"real":["-1","-1","0"],"imag":["0","0","0"]}
{"type":"angle","q":3,"p":-3,"scale":3,"op":"csc","phase":0,"ok":0}
{"type":"angle","q":3,"p":-3,"scale":3,"op":"csc","phase":1,"ok":0}
{"type":"angle","q":3,"p":-2,"scale":1,"op":"root","phase":0,"ok":1,"poly":["1","1","1"],"real":["-2923003274661805836407369665432566039312575708607","-2923003274661805836407369665432566039311154463297","-162"],"imag":["9888262075008698521265948413861084763581315187","9888262075008698521265948413861084763695613837","-153"],"recognized":1,"nullRecognized":1,"rp":1,"rq":3}
{"type":"angle","q":3,"p":-2,"scale":1,"op":"root","phase":1,"ok":1,"poly":["1","1","1"],"real":["-115172193140305827399949785796761135587064246228529065807379342658863042065190089480167441564259605943037975312218134915154131611020654072038617988630148194794852651","-115172193140305827399949785796761135587064246228529065807379342658863042065190089480167441564259605943037975312218134915154131611020654072038617988630148194588045013","-546"],"imag":["7758703378874425295012906352138220585149514059631517741930490590284721003955059673161110578290891948031","7758703378874425295012906352138220585149514059631517741930490590284721003955059673161110578291965689857","-342"],"recognized":1,"nullRecognized":1,"rp":1,"rq":3}
{"type":"angle","q":3,"p":-2,"scale":1,"op":"exp","phase":0,"ok":1,"poly":["1","1","1"],"real":["-2923003274661805836407369665432566039312575708607","-2923003274661805836407369665432566039311154463297","-162"],"imag":["-9888262075008698521265948413861084763695613837","-9888262075008698521265948413861084763581315187","-153"],"recognized":1,"nullRecognized":1,"rp":2,"rq":3}
{"type":"angle","q":3,"p":-2,"scale":1,"op":"exp","phase":1,"ok":1,"poly":["1","1","1"],"real":["-115172193140305827399949785796761135587064246228529065807379342658863042065190089480167441564259605943037975312218134915154131611020654072038617988630148194794852651","-115172193140305827399949785796761135587064246228529065807379342658863042065190089480167441564259605943037975312218134915154131611020654072038617988630148194588045013","-546"],"imag":["-7758703378874425295012906352138220585149514059631517741930490590284721003955059673161110578291965689857","-7758703378874425295012906352138220585149514059631517741930490590284721003955059673161110578290891948031","-342"],"recognized":1,"nullRecognized":1,"rp":2,"rq":3}
{"type":"angle","q":3,"p":-2,"scale":1,"op":"sin","phase":0,"ok":1,"poly":["-3","0","4"],"real":["-158212193200139176340255174621777356219129827151","-158212193200139176340255174621777356217301037233","-157"],"imag":["0","0","0"]}
{"type":"angle","q":3,"p":-2,"scale":1,"op":"sin","phase":1,"ok":1,"poly":["-3","0","4"],"real":["-7758703378874425295012906352138220585149514059631517741930490590284721003955059673161110578291965689857","-7758703378874425295012906352138220585149514059631517741930490590284721003955059673161110578290891948031","-342"],"imag":["0","0","0"]}
{"type":"angle","q":3,"p":-2,"scale":1,"op":"cos","phase":0,"ok":1,"poly":["1","2"],"real":["-1","-1","-1"],"imag":["0","0","0"]}
{"type":"angle","q":3,"p":-2,"scale":1,"op":"cos","phase":1,"ok":1,"poly":["1","2"],"real":["-1","-1","-1"],"imag":["0","0","0"]}
{"type":"angle","q":3,"p":-2,"scale":1,"op":"tan","phase":0,"ok":1,"poly":["-3","0","1"],"real":["294693174213430241384087455685767077315","294693174213430241384087455685767077317","-127"],"imag":["0","0","0"]}
{"type":"angle","q":3,"p":-2,"scale":1,"op":"tan","phase":1,"ok":1,"poly":["-3","0","1"],"real":["7758703378874425295012906352138220585149514059631517741930490590284721003955059673161110578290891948031","7758703378874425295012906352138220585149514059631517741930490590284721003955059673161110578291965689857","-341"],"imag":["0","0","0"]}
{"type":"angle","q":3,"p":-2,"scale":1,"op":"cot","phase":0,"ok":1,"poly":["-1","0","3"],"real":["52737397733379725446751724873925785405868761865","52737397733379725446751724873925785406453816567","-156"],"imag":["0","0","0"]}
{"type":"angle","q":3,"p":-2,"scale":1,"op":"cot","phase":1,"ok":1,"poly":["-1","0","3"],"real":["5172468919249616863341937568092147056766342706421011827953660393523147335970039782107407052193749008383","5172468919249616863341937568092147056766342706421011827953660393523147335970039782107407052194822750209","-342"],"imag":["0","0","0"]}
{"type":"angle","q":3,"p":-2,"scale":1,"op":"sec","phase":0,"ok":1,"poly":["2","1"],"real":["-1","-1","1"],"imag":["0","0","0"]}
{"type":"angle","q":3,"p":-2,"scale":1,"op":"sec","phase":1,"ok":1,"poly":["2","1"],"real":["-1","-1","1"],"imag":["0","0","0"]}
{"type":"angle","q":3,"p":-2,"scale":1,"op":"csc","phase":0,"ok":1,"poly":["-4","0","3"],"real":["-52737397733379725446751724873925785406453816567","-52737397733379725446751724873925785405868761865","-155"],"imag":["0","0","0"]}
{"type":"angle","q":3,"p":-2,"scale":1,"op":"csc","phase":1,"ok":1,"poly":["-4","0","3"],"real":["-5172468919249616863341937568092147056766342706421011827953660393523147335970039782107407052194822750209","-5172468919249616863341937568092147056766342706421011827953660393523147335970039782107407052193749008383","-341"],"imag":["0","0","0"]}
{"type":"angle","q":3,"p":-2,"scale":3,"op":"root","phase":0,"ok":1,"poly":["1","1","1"],"real":["-2923003274661805836407369665432566039312575708607","-2923003274661805836407369665432566039311154463297","-162"],"imag":["9888262075008698521265948413861084763581315187","9888262075008698521265948413861084763695613837","-153"],"recognized":1,"nullRecognized":1,"rp":1,"rq":3}
{"type":"angle","q":3,"p":-2,"scale":3,"op":"root","phase":1,"ok":1,"poly":["1","1","1"],"real":["-115172193140305827399949785796761135587064246228529065807379342658863042065190089480167441564259605943037975312218134915154131611020654072038617988630148194794852651","-115172193140305827399949785796761135587064246228529065807379342658863042065190089480167441564259605943037975312218134915154131611020654072038617988630148194588045013","-546"],"imag":["7758703378874425295012906352138220585149514059631517741930490590284721003955059673161110578290891948031","7758703378874425295012906352138220585149514059631517741930490590284721003955059673161110578291965689857","-342"],"recognized":1,"nullRecognized":1,"rp":1,"rq":3}
{"type":"angle","q":3,"p":-2,"scale":3,"op":"exp","phase":0,"ok":1,"poly":["1","1","1"],"real":["-2923003274661805836407369665432566039312575708607","-2923003274661805836407369665432566039311154463297","-162"],"imag":["-9888262075008698521265948413861084763695613837","-9888262075008698521265948413861084763581315187","-153"],"recognized":1,"nullRecognized":1,"rp":2,"rq":3}
{"type":"angle","q":3,"p":-2,"scale":3,"op":"exp","phase":1,"ok":1,"poly":["1","1","1"],"real":["-115172193140305827399949785796761135587064246228529065807379342658863042065190089480167441564259605943037975312218134915154131611020654072038617988630148194794852651","-115172193140305827399949785796761135587064246228529065807379342658863042065190089480167441564259605943037975312218134915154131611020654072038617988630148194588045013","-546"],"imag":["-7758703378874425295012906352138220585149514059631517741930490590284721003955059673161110578291965689857","-7758703378874425295012906352138220585149514059631517741930490590284721003955059673161110578290891948031","-342"],"recognized":1,"nullRecognized":1,"rp":2,"rq":3}
{"type":"angle","q":3,"p":-2,"scale":3,"op":"sin","phase":0,"ok":1,"poly":["-3","0","4"],"real":["-158212193200139176340255174621777356219129827151","-158212193200139176340255174621777356217301037233","-157"],"imag":["0","0","0"]}
{"type":"angle","q":3,"p":-2,"scale":3,"op":"sin","phase":1,"ok":1,"poly":["-3","0","4"],"real":["-7758703378874425295012906352138220585149514059631517741930490590284721003955059673161110578291965689857","-7758703378874425295012906352138220585149514059631517741930490590284721003955059673161110578290891948031","-342"],"imag":["0","0","0"]}
{"type":"angle","q":3,"p":-2,"scale":3,"op":"cos","phase":0,"ok":1,"poly":["1","2"],"real":["-1","-1","-1"],"imag":["0","0","0"]}
{"type":"angle","q":3,"p":-2,"scale":3,"op":"cos","phase":1,"ok":1,"poly":["1","2"],"real":["-1","-1","-1"],"imag":["0","0","0"]}
{"type":"angle","q":3,"p":-2,"scale":3,"op":"tan","phase":0,"ok":1,"poly":["-3","0","1"],"real":["294693174213430241384087455685767077315","294693174213430241384087455685767077317","-127"],"imag":["0","0","0"]}
{"type":"angle","q":3,"p":-2,"scale":3,"op":"tan","phase":1,"ok":1,"poly":["-3","0","1"],"real":["7758703378874425295012906352138220585149514059631517741930490590284721003955059673161110578290891948031","7758703378874425295012906352138220585149514059631517741930490590284721003955059673161110578291965689857","-341"],"imag":["0","0","0"]}
{"type":"angle","q":3,"p":-2,"scale":3,"op":"cot","phase":0,"ok":1,"poly":["-1","0","3"],"real":["52737397733379725446751724873925785405868761865","52737397733379725446751724873925785406453816567","-156"],"imag":["0","0","0"]}
{"type":"angle","q":3,"p":-2,"scale":3,"op":"cot","phase":1,"ok":1,"poly":["-1","0","3"],"real":["5172468919249616863341937568092147056766342706421011827953660393523147335970039782107407052193749008383","5172468919249616863341937568092147056766342706421011827953660393523147335970039782107407052194822750209","-342"],"imag":["0","0","0"]}
{"type":"angle","q":3,"p":-2,"scale":3,"op":"sec","phase":0,"ok":1,"poly":["2","1"],"real":["-1","-1","1"],"imag":["0","0","0"]}
{"type":"angle","q":3,"p":-2,"scale":3,"op":"sec","phase":1,"ok":1,"poly":["2","1"],"real":["-1","-1","1"],"imag":["0","0","0"]}
{"type":"angle","q":3,"p":-2,"scale":3,"op":"csc","phase":0,"ok":1,"poly":["-4","0","3"],"real":["-52737397733379725446751724873925785406453816567","-52737397733379725446751724873925785405868761865","-155"],"imag":["0","0","0"]}
{"type":"angle","q":3,"p":-2,"scale":3,"op":"csc","phase":1,"ok":1,"poly":["-4","0","3"],"real":["-5172468919249616863341937568092147056766342706421011827953660393523147335970039782107407052194822750209","-5172468919249616863341937568092147056766342706421011827953660393523147335970039782107407052193749008383","-341"],"imag":["0","0","0"]}
{"type":"angle","q":3,"p":-1,"scale":1,"op":"root","phase":0,"ok":1,"poly":["1","1","1"],"real":["-2923003274661805836407369665432566039312575708607","-2923003274661805836407369665432566039311154463297","-162"],"imag":["-9888262075008698521265948413861084763695613837","-9888262075008698521265948413861084763581315187","-153"],"recognized":1,"nullRecognized":1,"rp":2,"rq":3}
{"type":"angle","q":3,"p":-1,"scale":1,"op":"root","phase":1,"ok":1,"poly":["1","1","1"],"real":["-115172193140305827399949785796761135587064246228529065807379342658863042065190089480167441564259605943037975312218134915154131611020654072038617988630148194794852651","-115172193140305827399949785796761135587064246228529065807379342658863042065190089480167441564259605943037975312218134915154131611020654072038617988630148194588045013","-546"],"imag":["-7758703378874425295012906352138220585149514059631517741930490590284721003955059673161110578291965689857","-7758703378874425295012906352138220585149514059631517741930490590284721003955059673161110578290891948031","-342"],"recognized":1,"nullRecognized":1,"rp":2,"rq":3}
{"type":"angle","q":3,"p":-1,"scale":1,"op":"exp","phase":0,"ok":1,"poly":["1","-1","1"],"real":["2923003274661805836407369665432566039311154463297","2923003274661805836407369665432566039312575708607","-162"],"imag":["-9888262075008698521265948413861084763695613837","-9888262075008698521265948413861084763581315187","-153"],"recognized":1,"nullRecognized":1,"rp":5,"rq":6}
{"type":"angle","q":3,"p":-1,"scale":1,"op":"exp","phase":1,"ok":1,"poly":["1","-1","1"],"real":["115172193140305827399949785796761135587064246228529065807379342658863042065190089480167441564259605943037975312218134915154131611020654072038617988630148194588045013","115172193140305827399949785796761135587064246228529065807379342658863042065190089480167441564259605943037975312218134915154131611020654072038617988630148194794852651","-546"],"imag":["-7758703378874425295012906352138220585149514059631517741930490590284721003955059673161110578291965689857","-7758703378874425295012906352138220585149514059631517741930490590284721003955059673161110578290891948031","-342"],"recognized":1,"nullRecognized":1,"rp":5,"rq":6}
{"type":"angle","q":3,"p":-1,"scale":1,"op":"sin","phase":0,"ok":1,"poly":["-3","0","4"],"real":["-158212193200139176340255174621777356219129827151","-158212193200139176340255174621777356217301037233","-157"],"imag":["0","0","0"]}
{"type":"angle","q":3,"p":-1,"scale":1,"op":"sin","phase":1,"ok":1,"poly":["-3","0","4"],"real":["-7758703378874425295012906352138220585149514059631517741930490590284721003955059673161110578291965689857","-7758703378874425295012906352138220585149514059631517741930490590284721003955059673161110578290891948031","-342"],"imag":["0","0","0"]}
{"type":"angle","q":3,"p":-1,"scale":1,"op":"cos","phase":0,"ok":1,"poly":["-1","2"],"real":["1","1","-1"],"imag":["0","0","0"]}
{"type":"angle","q":3,"p":-1,"scale":1,"op":"cos","phase":1,"ok":1,"poly":["-1","2"],"real":["1","1","-1"],"imag":["0","0","0"]}
{"type":"angle","q":3,"p":-1,"scale":1,"op":"tan","phase":0,"ok":1,"poly":["-3","0","1"],"real":["-294693174213430241384087455685767077317","-294693174213430241384087455685767077315","-127"],"imag":["0","0","0"]}
{"type":"angle","q":3,"p":-1,"scale":1,"op":"tan","phase":1,"ok":1,"poly":["-3","0","1"],"real":["-7758703378874425295012906352138220585149514059631517741930490590284721003955059673161110578291965689857","-7758703378874425295012906352138220585149514059631517741930490590284721003955059673161110578290891948031","-341"],"imag":["0","0","0"]}
{"type":"angle","q":3,"p":-1,"scale":1,"op":"cot","phase":0,"ok":1,"poly":["-1","0","3"],"real":["-52737397733379725446751724873925785406453816567","-52737397733379725446751724873925785405868761865","-156"],"imag":["0","0","0"]}
{"type":"angle","q":3,"p":-1,"scale":1,"op":"cot","phase":1,"ok":1,"poly":["-1","0","3"],"real":["-5172468919249616863341937568092147056766342706421011827953660393523147335970039782107407052194822750209","-5172468919249616863341937568092147056766342706421011827953660393523147335970039782107407052193749008383","-342"],"imag":["0","0","0"]}
{"type":"angle","q":3,"p":-1,"scale":1,"op":"sec","phase":0,"ok":1,"poly":["-2","1"],"real":["1","1","1"],"imag":["0","0","0"]}
{"type":"angle","q":3,"p":-1,"scale":1,"op":"sec","phase":1,"ok":1,"poly":["-2","1"],"real":["1","1","1"],"imag":["0","0","0"]}
{"type":"angle","q":3,"p":-1,"scale":1,"op":"csc","phase":0,"ok":1,"poly":["-4","0","3"],"real":["-52737397733379725446751724873925785406453816567","-52737397733379725446751724873925785405868761865","-155"],"imag":["0","0","0"]}
{"type":"angle","q":3,"p":-1,"scale":1,"op":"csc","phase":1,"ok":1,"poly":["-4","0","3"],"real":["-5172468919249616863341937568092147056766342706421011827953660393523147335970039782107407052194822750209","-5172468919249616863341937568092147056766342706421011827953660393523147335970039782107407052193749008383","-341"],"imag":["0","0","0"]}
{"type":"angle","q":3,"p":-1,"scale":3,"op":"root","phase":0,"ok":1,"poly":["1","1","1"],"real":["-2923003274661805836407369665432566039312575708607","-2923003274661805836407369665432566039311154463297","-162"],"imag":["-9888262075008698521265948413861084763695613837","-9888262075008698521265948413861084763581315187","-153"],"recognized":1,"nullRecognized":1,"rp":2,"rq":3}
{"type":"angle","q":3,"p":-1,"scale":3,"op":"root","phase":1,"ok":1,"poly":["1","1","1"],"real":["-115172193140305827399949785796761135587064246228529065807379342658863042065190089480167441564259605943037975312218134915154131611020654072038617988630148194794852651","-115172193140305827399949785796761135587064246228529065807379342658863042065190089480167441564259605943037975312218134915154131611020654072038617988630148194588045013","-546"],"imag":["-7758703378874425295012906352138220585149514059631517741930490590284721003955059673161110578291965689857","-7758703378874425295012906352138220585149514059631517741930490590284721003955059673161110578290891948031","-342"],"recognized":1,"nullRecognized":1,"rp":2,"rq":3}
{"type":"angle","q":3,"p":-1,"scale":3,"op":"exp","phase":0,"ok":1,"poly":["1","-1","1"],"real":["2923003274661805836407369665432566039311154463297","2923003274661805836407369665432566039312575708607","-162"],"imag":["-9888262075008698521265948413861084763695613837","-9888262075008698521265948413861084763581315187","-153"],"recognized":1,"nullRecognized":1,"rp":5,"rq":6}
{"type":"angle","q":3,"p":-1,"scale":3,"op":"exp","phase":1,"ok":1,"poly":["1","-1","1"],"real":["115172193140305827399949785796761135587064246228529065807379342658863042065190089480167441564259605943037975312218134915154131611020654072038617988630148194588045013","115172193140305827399949785796761135587064246228529065807379342658863042065190089480167441564259605943037975312218134915154131611020654072038617988630148194794852651","-546"],"imag":["-7758703378874425295012906352138220585149514059631517741930490590284721003955059673161110578291965689857","-7758703378874425295012906352138220585149514059631517741930490590284721003955059673161110578290891948031","-342"],"recognized":1,"nullRecognized":1,"rp":5,"rq":6}
{"type":"angle","q":3,"p":-1,"scale":3,"op":"sin","phase":0,"ok":1,"poly":["-3","0","4"],"real":["-158212193200139176340255174621777356219129827151","-158212193200139176340255174621777356217301037233","-157"],"imag":["0","0","0"]}
{"type":"angle","q":3,"p":-1,"scale":3,"op":"sin","phase":1,"ok":1,"poly":["-3","0","4"],"real":["-7758703378874425295012906352138220585149514059631517741930490590284721003955059673161110578291965689857","-7758703378874425295012906352138220585149514059631517741930490590284721003955059673161110578290891948031","-342"],"imag":["0","0","0"]}
{"type":"angle","q":3,"p":-1,"scale":3,"op":"cos","phase":0,"ok":1,"poly":["-1","2"],"real":["1","1","-1"],"imag":["0","0","0"]}
{"type":"angle","q":3,"p":-1,"scale":3,"op":"cos","phase":1,"ok":1,"poly":["-1","2"],"real":["1","1","-1"],"imag":["0","0","0"]}
{"type":"angle","q":3,"p":-1,"scale":3,"op":"tan","phase":0,"ok":1,"poly":["-3","0","1"],"real":["-294693174213430241384087455685767077317","-294693174213430241384087455685767077315","-127"],"imag":["0","0","0"]}
{"type":"angle","q":3,"p":-1,"scale":3,"op":"tan","phase":1,"ok":1,"poly":["-3","0","1"],"real":["-7758703378874425295012906352138220585149514059631517741930490590284721003955059673161110578291965689857","-7758703378874425295012906352138220585149514059631517741930490590284721003955059673161110578290891948031","-341"],"imag":["0","0","0"]}
{"type":"angle","q":3,"p":-1,"scale":3,"op":"cot","phase":0,"ok":1,"poly":["-1","0","3"],"real":["-52737397733379725446751724873925785406453816567","-52737397733379725446751724873925785405868761865","-156"],"imag":["0","0","0"]}
{"type":"angle","q":3,"p":-1,"scale":3,"op":"cot","phase":1,"ok":1,"poly":["-1","0","3"],"real":["-5172468919249616863341937568092147056766342706421011827953660393523147335970039782107407052194822750209","-5172468919249616863341937568092147056766342706421011827953660393523147335970039782107407052193749008383","-342"],"imag":["0","0","0"]}
{"type":"angle","q":3,"p":-1,"scale":3,"op":"sec","phase":0,"ok":1,"poly":["-2","1"],"real":["1","1","1"],"imag":["0","0","0"]}
{"type":"angle","q":3,"p":-1,"scale":3,"op":"sec","phase":1,"ok":1,"poly":["-2","1"],"real":["1","1","1"],"imag":["0","0","0"]}
{"type":"angle","q":3,"p":-1,"scale":3,"op":"csc","phase":0,"ok":1,"poly":["-4","0","3"],"real":["-52737397733379725446751724873925785406453816567","-52737397733379725446751724873925785405868761865","-155"],"imag":["0","0","0"]}
{"type":"angle","q":3,"p":-1,"scale":3,"op":"csc","phase":1,"ok":1,"poly":["-4","0","3"],"real":["-5172468919249616863341937568092147056766342706421011827953660393523147335970039782107407052194822750209","-5172468919249616863341937568092147056766342706421011827953660393523147335970039782107407052193749008383","-341"],"imag":["0","0","0"]}
{"type":"angle","q":3,"p":0,"scale":1,"op":"root","phase":0,"ok":1,"poly":["-1","1"],"real":["1","1","0"],"imag":["0","0","0"],"recognized":1,"nullRecognized":1,"rp":0,"rq":1}
{"type":"angle","q":3,"p":0,"scale":1,"op":"root","phase":1,"ok":1,"poly":["-1","1"],"real":["1","1","0"],"imag":["0","0","0"],"recognized":1,"nullRecognized":1,"rp":0,"rq":1}
{"type":"angle","q":3,"p":0,"scale":1,"op":"exp","phase":0,"ok":1,"poly":["-1","1"],"real":["1","1","0"],"imag":["0","0","0"],"recognized":1,"nullRecognized":1,"rp":0,"rq":1}
{"type":"angle","q":3,"p":0,"scale":1,"op":"exp","phase":1,"ok":1,"poly":["-1","1"],"real":["1","1","0"],"imag":["0","0","0"],"recognized":1,"nullRecognized":1,"rp":0,"rq":1}
{"type":"angle","q":3,"p":0,"scale":1,"op":"sin","phase":0,"ok":1,"poly":["0","1"],"real":["0","0","0"],"imag":["0","0","0"]}
{"type":"angle","q":3,"p":0,"scale":1,"op":"sin","phase":1,"ok":1,"poly":["0","1"],"real":["0","0","0"],"imag":["0","0","0"]}
{"type":"angle","q":3,"p":0,"scale":1,"op":"cos","phase":0,"ok":1,"poly":["-1","1"],"real":["1","1","0"],"imag":["0","0","0"]}
{"type":"angle","q":3,"p":0,"scale":1,"op":"cos","phase":1,"ok":1,"poly":["-1","1"],"real":["1","1","0"],"imag":["0","0","0"]}
{"type":"angle","q":3,"p":0,"scale":1,"op":"tan","phase":0,"ok":1,"poly":["0","1"],"real":["0","0","0"],"imag":["0","0","0"]}
{"type":"angle","q":3,"p":0,"scale":1,"op":"tan","phase":1,"ok":1,"poly":["0","1"],"real":["0","0","0"],"imag":["0","0","0"]}
{"type":"angle","q":3,"p":0,"scale":1,"op":"cot","phase":0,"ok":0}
{"type":"angle","q":3,"p":0,"scale":1,"op":"cot","phase":1,"ok":0}
{"type":"angle","q":3,"p":0,"scale":1,"op":"sec","phase":0,"ok":1,"poly":["-1","1"],"real":["1","1","0"],"imag":["0","0","0"]}
{"type":"angle","q":3,"p":0,"scale":1,"op":"sec","phase":1,"ok":1,"poly":["-1","1"],"real":["1","1","0"],"imag":["0","0","0"]}
{"type":"angle","q":3,"p":0,"scale":1,"op":"csc","phase":0,"ok":0}
{"type":"angle","q":3,"p":0,"scale":1,"op":"csc","phase":1,"ok":0}
{"type":"angle","q":3,"p":0,"scale":3,"op":"root","phase":0,"ok":1,"poly":["-1","1"],"real":["1","1","0"],"imag":["0","0","0"],"recognized":1,"nullRecognized":1,"rp":0,"rq":1}
{"type":"angle","q":3,"p":0,"scale":3,"op":"root","phase":1,"ok":1,"poly":["-1","1"],"real":["1","1","0"],"imag":["0","0","0"],"recognized":1,"nullRecognized":1,"rp":0,"rq":1}
{"type":"angle","q":3,"p":0,"scale":3,"op":"exp","phase":0,"ok":1,"poly":["-1","1"],"real":["1","1","0"],"imag":["0","0","0"],"recognized":1,"nullRecognized":1,"rp":0,"rq":1}
{"type":"angle","q":3,"p":0,"scale":3,"op":"exp","phase":1,"ok":1,"poly":["-1","1"],"real":["1","1","0"],"imag":["0","0","0"],"recognized":1,"nullRecognized":1,"rp":0,"rq":1}
{"type":"angle","q":3,"p":0,"scale":3,"op":"sin","phase":0,"ok":1,"poly":["0","1"],"real":["0","0","0"],"imag":["0","0","0"]}
{"type":"angle","q":3,"p":0,"scale":3,"op":"sin","phase":1,"ok":1,"poly":["0","1"],"real":["0","0","0"],"imag":["0","0","0"]}
{"type":"angle","q":3,"p":0,"scale":3,"op":"cos","phase":0,"ok":1,"poly":["-1","1"],"real":["1","1","0"],"imag":["0","0","0"]}
{"type":"angle","q":3,"p":0,"scale":3,"op":"cos","phase":1,"ok":1,"poly":["-1","1"],"real":["1","1","0"],"imag":["0","0","0"]}
{"type":"angle","q":3,"p":0,"scale":3,"op":"tan","phase":0,"ok":1,"poly":["0","1"],"real":["0","0","0"],"imag":["0","0","0"]}
{"type":"angle","q":3,"p":0,"scale":3,"op":"tan","phase":1,"ok":1,"poly":["0","1"],"real":["0","0","0"],"imag":["0","0","0"]}
{"type":"angle","q":3,"p":0,"scale":3,"op":"cot","phase":0,"ok":0}
{"type":"angle","q":3,"p":0,"scale":3,"op":"cot","phase":1,"ok":0}
{"type":"angle","q":3,"p":0,"scale":3,"op":"sec","phase":0,"ok":1,"poly":["-1","1"],"real":["1","1","0"],"imag":["0","0","0"]}
{"type":"angle","q":3,"p":0,"scale":3,"op":"sec","phase":1,"ok":1,"poly":["-1","1"],"real":["1","1","0"],"imag":["0","0","0"]}
{"type":"angle","q":3,"p":0,"scale":3,"op":"csc","phase":0,"ok":0}
{"type":"angle","q":3,"p":0,"scale":3,"op":"csc","phase":1,"ok":0}
{"type":"angle","q":3,"p":1,"scale":1,"op":"root","phase":0,"ok":1,"poly":["1","1","1"],"real":["-2923003274661805836407369665432566039312575708607","-2923003274661805836407369665432566039311154463297","-162"],"imag":["9888262075008698521265948413861084763581315187","9888262075008698521265948413861084763695613837","-153"],"recognized":1,"nullRecognized":1,"rp":1,"rq":3}
{"type":"angle","q":3,"p":1,"scale":1,"op":"root","phase":1,"ok":1,"poly":["1","1","1"],"real":["-115172193140305827399949785796761135587064246228529065807379342658863042065190089480167441564259605943037975312218134915154131611020654072038617988630148194794852651","-115172193140305827399949785796761135587064246228529065807379342658863042065190089480167441564259605943037975312218134915154131611020654072038617988630148194588045013","-546"],"imag":["7758703378874425295012906352138220585149514059631517741930490590284721003955059673161110578290891948031","7758703378874425295012906352138220585149514059631517741930490590284721003955059673161110578291965689857","-342"],"recognized":1,"nullRecognized":1,"rp":1,"rq":3}
{"type":"angle","q":3,"p":1,"scale":1,"op":"exp","phase":0,"ok":1,"poly":["1","-1","1"],"real":["2923003274661805836407369665432566039311154463297","2923003274661805836407369665432566039312575708607","-162"],"imag":["9888262075008698521265948413861084763581315187","9888262075008698521265948413861084763695613837","-153"],"recognized":1,"nullRecognized":1,"rp":1,"rq":6}
{"type":"angle","q":3,"p":1,"scale":1,"op":"exp","phase":1,"ok":1,"poly":["1","-1","1"],"real":["115172193140305827399949785796761135587064246228529065807379342658863042065190089480167441564259605943037975312218134915154131611020654072038617988630148194588045013","115172193140305827399949785796761135587064246228529065807379342658863042065190089480167441564259605943037975312218134915154131611020654072038617988630148194794852651","-546"],"imag":["7758703378874425295012906352138220585149514059631517741930490590284721003955059673161110578290891948031","7758703378874425295012906352138220585149514059631517741930490590284721003955059673161110578291965689857","-342"],"recognized":1,"nullRecognized":1,"rp":1,"rq":6}
{"type":"angle","q":3,"p":1,"scale":1,"op":"sin","phase":0,"ok":1,"poly":["-3","0","4"],"real":["158212193200139176340255174621777356217301037233","158212193200139176340255174621777356219129827151","-157"],"imag":["0","0","0"]}
{"type":"angle","q":3,"p":1,"scale":1,"op":"sin","phase":1,"ok":1,"poly":["-3","0","4"],"real":["7758703378874425295012906352138220585149514059631517741930490590284721003955059673161110578290891948031","7758703378874425295012906352138220585149514059631517741930490590284721003955059673161110578291965689857","-342"],"imag":["0","0","0"]}
{"type":"angle","q":3,"p":1,"scale":1,"op":"cos","phase":0,"ok":1,"poly":["-1","2"],"real":["1","1","-1"],"imag":["0","0","0"]}
{"type":"angle","q":3,"p":1,"scale":1,"op":"cos","phase":1,"ok":1,"poly":["-1","2"],"real":["1","1","-1"],"imag":["0","0","0"]}
{"type":"angle","q":3,"p":1,"scale":1,"op":"tan","phase":0,"ok":1,"poly":["-3","0","1"],"real":["294693174213430241384087455685767077315","294693174213430241384087455685767077317","-127"],"imag":["0","0","0"]}
{"type":"angle","q":3,"p":1,"scale":1,"op":"tan","phase":1,"ok":1,"poly":["-3","0","1"],"real":["7758703378874425295012906352138220585149514059631517741930490590284721003955059673161110578290891948031","7758703378874425295012906352138220585149514059631517741930490590284721003955059673161110578291965689857","-341"],"imag":["0","0","0"]}
{"type":"angle","q":3,"p":1,"scale":1,"op":"cot","phase":0,"ok":1,"poly":["-1","0","3"],"real":["52737397733379725446751724873925785405868761865","52737397733379725446751724873925785406453816567","-156"],"imag":["0","0","0"]}
{"type":"angle","q":3,"p":1,"scale":1,"op":"cot","phase":1,"ok":1,"poly":["-1","0","3"],"real":["5172468919249616863341937568092147056766342706421011827953660393523147335970039782107407052193749008383","5172468919249616863341937568092147056766342706421011827953660393523147335970039782107407052194822750209","-342"],"imag":["0","0","0"]}
{"type":"angle","q":3,"p":1,"scale":1,"op":"sec","phase":0,"ok":1,"poly":["-2","1"],"real":["1","1","1"],"imag":["0","0","0"]}
{"type":"angle","q":3,"p":1,"scale":1,"op":"sec","phase":1,"ok":1,"poly":["-2","1"],"real":["1","1","1"],"imag":["0","0","0"]}
{"type":"angle","q":3,"p":1,"scale":1,"op":"csc","phase":0,"ok":1,"poly":["-4","0","3"],"real":["52737397733379725446751724873925785405868761865","52737397733379725446751724873925785406453816567","-155"],"imag":["0","0","0"]}
{"type":"angle","q":3,"p":1,"scale":1,"op":"csc","phase":1,"ok":1,"poly":["-4","0","3"],"real":["5172468919249616863341937568092147056766342706421011827953660393523147335970039782107407052193749008383","5172468919249616863341937568092147056766342706421011827953660393523147335970039782107407052194822750209","-341"],"imag":["0","0","0"]}
{"type":"angle","q":3,"p":1,"scale":3,"op":"root","phase":0,"ok":1,"poly":["1","1","1"],"real":["-2923003274661805836407369665432566039312575708607","-2923003274661805836407369665432566039311154463297","-162"],"imag":["9888262075008698521265948413861084763581315187","9888262075008698521265948413861084763695613837","-153"],"recognized":1,"nullRecognized":1,"rp":1,"rq":3}
{"type":"angle","q":3,"p":1,"scale":3,"op":"root","phase":1,"ok":1,"poly":["1","1","1"],"real":["-115172193140305827399949785796761135587064246228529065807379342658863042065190089480167441564259605943037975312218134915154131611020654072038617988630148194794852651","-115172193140305827399949785796761135587064246228529065807379342658863042065190089480167441564259605943037975312218134915154131611020654072038617988630148194588045013","-546"],"imag":["7758703378874425295012906352138220585149514059631517741930490590284721003955059673161110578290891948031","7758703378874425295012906352138220585149514059631517741930490590284721003955059673161110578291965689857","-342"],"recognized":1,"nullRecognized":1,"rp":1,"rq":3}
{"type":"angle","q":3,"p":1,"scale":3,"op":"exp","phase":0,"ok":1,"poly":["1","-1","1"],"real":["2923003274661805836407369665432566039311154463297","2923003274661805836407369665432566039312575708607","-162"],"imag":["9888262075008698521265948413861084763581315187","9888262075008698521265948413861084763695613837","-153"],"recognized":1,"nullRecognized":1,"rp":1,"rq":6}
{"type":"angle","q":3,"p":1,"scale":3,"op":"exp","phase":1,"ok":1,"poly":["1","-1","1"],"real":["115172193140305827399949785796761135587064246228529065807379342658863042065190089480167441564259605943037975312218134915154131611020654072038617988630148194588045013","115172193140305827399949785796761135587064246228529065807379342658863042065190089480167441564259605943037975312218134915154131611020654072038617988630148194794852651","-546"],"imag":["7758703378874425295012906352138220585149514059631517741930490590284721003955059673161110578290891948031","7758703378874425295012906352138220585149514059631517741930490590284721003955059673161110578291965689857","-342"],"recognized":1,"nullRecognized":1,"rp":1,"rq":6}
{"type":"angle","q":3,"p":1,"scale":3,"op":"sin","phase":0,"ok":1,"poly":["-3","0","4"],"real":["158212193200139176340255174621777356217301037233","158212193200139176340255174621777356219129827151","-157"],"imag":["0","0","0"]}
{"type":"angle","q":3,"p":1,"scale":3,"op":"sin","phase":1,"ok":1,"poly":["-3","0","4"],"real":["7758703378874425295012906352138220585149514059631517741930490590284721003955059673161110578290891948031","7758703378874425295012906352138220585149514059631517741930490590284721003955059673161110578291965689857","-342"],"imag":["0","0","0"]}
{"type":"angle","q":3,"p":1,"scale":3,"op":"cos","phase":0,"ok":1,"poly":["-1","2"],"real":["1","1","-1"],"imag":["0","0","0"]}
{"type":"angle","q":3,"p":1,"scale":3,"op":"cos","phase":1,"ok":1,"poly":["-1","2"],"real":["1","1","-1"],"imag":["0","0","0"]}
{"type":"angle","q":3,"p":1,"scale":3,"op":"tan","phase":0,"ok":1,"poly":["-3","0","1"],"real":["294693174213430241384087455685767077315","294693174213430241384087455685767077317","-127"],"imag":["0","0","0"]}
{"type":"angle","q":3,"p":1,"scale":3,"op":"tan","phase":1,"ok":1,"poly":["-3","0","1"],"real":["7758703378874425295012906352138220585149514059631517741930490590284721003955059673161110578290891948031","7758703378874425295012906352138220585149514059631517741930490590284721003955059673161110578291965689857","-341"],"imag":["0","0","0"]}
{"type":"angle","q":3,"p":1,"scale":3,"op":"cot","phase":0,"ok":1,"poly":["-1","0","3"],"real":["52737397733379725446751724873925785405868761865","52737397733379725446751724873925785406453816567","-156"],"imag":["0","0","0"]}
{"type":"angle","q":3,"p":1,"scale":3,"op":"cot","phase":1,"ok":1,"poly":["-1","0","3"],"real":["5172468919249616863341937568092147056766342706421011827953660393523147335970039782107407052193749008383","5172468919249616863341937568092147056766342706421011827953660393523147335970039782107407052194822750209","-342"],"imag":["0","0","0"]}
{"type":"angle","q":3,"p":1,"scale":3,"op":"sec","phase":0,"ok":1,"poly":["-2","1"],"real":["1","1","1"],"imag":["0","0","0"]}
{"type":"angle","q":3,"p":1,"scale":3,"op":"sec","phase":1,"ok":1,"poly":["-2","1"],"real":["1","1","1"],"imag":["0","0","0"]}
{"type":"angle","q":3,"p":1,"scale":3,"op":"csc","phase":0,"ok":1,"poly":["-4","0","3"],"real":["52737397733379725446751724873925785405868761865","52737397733379725446751724873925785406453816567","-155"],"imag":["0","0","0"]}
{"type":"angle","q":3,"p":1,"scale":3,"op":"csc","phase":1,"ok":1,"poly":["-4","0","3"],"real":["5172468919249616863341937568092147056766342706421011827953660393523147335970039782107407052193749008383","5172468919249616863341937568092147056766342706421011827953660393523147335970039782107407052194822750209","-341"],"imag":["0","0","0"]}
{"type":"angle","q":3,"p":2,"scale":1,"op":"root","phase":0,"ok":1,"poly":["1","1","1"],"real":["-2923003274661805836407369665432566039312575708607","-2923003274661805836407369665432566039311154463297","-162"],"imag":["-9888262075008698521265948413861084763695613837","-9888262075008698521265948413861084763581315187","-153"],"recognized":1,"nullRecognized":1,"rp":2,"rq":3}
{"type":"angle","q":3,"p":2,"scale":1,"op":"root","phase":1,"ok":1,"poly":["1","1","1"],"real":["-115172193140305827399949785796761135587064246228529065807379342658863042065190089480167441564259605943037975312218134915154131611020654072038617988630148194794852651","-115172193140305827399949785796761135587064246228529065807379342658863042065190089480167441564259605943037975312218134915154131611020654072038617988630148194588045013","-546"],"imag":["-7758703378874425295012906352138220585149514059631517741930490590284721003955059673161110578291965689857","-7758703378874425295012906352138220585149514059631517741930490590284721003955059673161110578290891948031","-342"],"recognized":1,"nullRecognized":1,"rp":2,"rq":3}
{"type":"angle","q":3,"p":2,"scale":1,"op":"exp","phase":0,"ok":1,"poly":["1","1","1"],"real":["-2923003274661805836407369665432566039312575708607","-2923003274661805836407369665432566039311154463297","-162"],"imag":["9888262075008698521265948413861084763581315187","9888262075008698521265948413861084763695613837","-153"],"recognized":1,"nullRecognized":1,"rp":1,"rq":3}
{"type":"angle","q":3,"p":2,"scale":1,"op":"exp","phase":1,"ok":1,"poly":["1","1","1"],"real":["-115172193140305827399949785796761135587064246228529065807379342658863042065190089480167441564259605943037975312218134915154131611020654072038617988630148194794852651","-115172193140305827399949785796761135587064246228529065807379342658863042065190089480167441564259605943037975312218134915154131611020654072038617988630148194588045013","-546"],"imag":["7758703378874425295012906352138220585149514059631517741930490590284721003955059673161110578290891948031","7758703378874425295012906352138220585149514059631517741930490590284721003955059673161110578291965689857","-342"],"recognized":1,"nullRecognized":1,"rp":1,"rq":3}
{"type":"angle","q":3,"p":2,"scale":1,"op":"sin","phase":0,"ok":1,"poly":["-3","0","4"],"real":["158212193200139176340255174621777356217301037233","158212193200139176340255174621777356219129827151","-157"],"imag":["0","0","0"]}
{"type":"angle","q":3,"p":2,"scale":1,"op":"sin","phase":1,"ok":1,"poly":["-3","0","4"],"real":["7758703378874425295012906352138220585149514059631517741930490590284721003955059673161110578290891948031","7758703378874425295012906352138220585149514059631517741930490590284721003955059673161110578291965689857","-342"],"imag":["0","0","0"]}
{"type":"angle","q":3,"p":2,"scale":1,"op":"cos","phase":0,"ok":1,"poly":["1","2"],"real":["-1","-1","-1"],"imag":["0","0","0"]}
{"type":"angle","q":3,"p":2,"scale":1,"op":"cos","phase":1,"ok":1,"poly":["1","2"],"real":["-1","-1","-1"],"imag":["0","0","0"]}
{"type":"angle","q":3,"p":2,"scale":1,"op":"tan","phase":0,"ok":1,"poly":["-3","0","1"],"real":["-294693174213430241384087455685767077317","-294693174213430241384087455685767077315","-127"],"imag":["0","0","0"]}
{"type":"angle","q":3,"p":2,"scale":1,"op":"tan","phase":1,"ok":1,"poly":["-3","0","1"],"real":["-7758703378874425295012906352138220585149514059631517741930490590284721003955059673161110578291965689857","-7758703378874425295012906352138220585149514059631517741930490590284721003955059673161110578290891948031","-341"],"imag":["0","0","0"]}
{"type":"angle","q":3,"p":2,"scale":1,"op":"cot","phase":0,"ok":1,"poly":["-1","0","3"],"real":["-52737397733379725446751724873925785406453816567","-52737397733379725446751724873925785405868761865","-156"],"imag":["0","0","0"]}
{"type":"angle","q":3,"p":2,"scale":1,"op":"cot","phase":1,"ok":1,"poly":["-1","0","3"],"real":["-5172468919249616863341937568092147056766342706421011827953660393523147335970039782107407052194822750209","-5172468919249616863341937568092147056766342706421011827953660393523147335970039782107407052193749008383","-342"],"imag":["0","0","0"]}
{"type":"angle","q":3,"p":2,"scale":1,"op":"sec","phase":0,"ok":1,"poly":["2","1"],"real":["-1","-1","1"],"imag":["0","0","0"]}
{"type":"angle","q":3,"p":2,"scale":1,"op":"sec","phase":1,"ok":1,"poly":["2","1"],"real":["-1","-1","1"],"imag":["0","0","0"]}
{"type":"angle","q":3,"p":2,"scale":1,"op":"csc","phase":0,"ok":1,"poly":["-4","0","3"],"real":["52737397733379725446751724873925785405868761865","52737397733379725446751724873925785406453816567","-155"],"imag":["0","0","0"]}
{"type":"angle","q":3,"p":2,"scale":1,"op":"csc","phase":1,"ok":1,"poly":["-4","0","3"],"real":["5172468919249616863341937568092147056766342706421011827953660393523147335970039782107407052193749008383","5172468919249616863341937568092147056766342706421011827953660393523147335970039782107407052194822750209","-341"],"imag":["0","0","0"]}
{"type":"angle","q":3,"p":2,"scale":3,"op":"root","phase":0,"ok":1,"poly":["1","1","1"],"real":["-2923003274661805836407369665432566039312575708607","-2923003274661805836407369665432566039311154463297","-162"],"imag":["-9888262075008698521265948413861084763695613837","-9888262075008698521265948413861084763581315187","-153"],"recognized":1,"nullRecognized":1,"rp":2,"rq":3}
{"type":"angle","q":3,"p":2,"scale":3,"op":"root","phase":1,"ok":1,"poly":["1","1","1"],"real":["-115172193140305827399949785796761135587064246228529065807379342658863042065190089480167441564259605943037975312218134915154131611020654072038617988630148194794852651","-115172193140305827399949785796761135587064246228529065807379342658863042065190089480167441564259605943037975312218134915154131611020654072038617988630148194588045013","-546"],"imag":["-7758703378874425295012906352138220585149514059631517741930490590284721003955059673161110578291965689857","-7758703378874425295012906352138220585149514059631517741930490590284721003955059673161110578290891948031","-342"],"recognized":1,"nullRecognized":1,"rp":2,"rq":3}
{"type":"angle","q":3,"p":2,"scale":3,"op":"exp","phase":0,"ok":1,"poly":["1","1","1"],"real":["-2923003274661805836407369665432566039312575708607","-2923003274661805836407369665432566039311154463297","-162"],"imag":["9888262075008698521265948413861084763581315187","9888262075008698521265948413861084763695613837","-153"],"recognized":1,"nullRecognized":1,"rp":1,"rq":3}
{"type":"angle","q":3,"p":2,"scale":3,"op":"exp","phase":1,"ok":1,"poly":["1","1","1"],"real":["-115172193140305827399949785796761135587064246228529065807379342658863042065190089480167441564259605943037975312218134915154131611020654072038617988630148194794852651","-115172193140305827399949785796761135587064246228529065807379342658863042065190089480167441564259605943037975312218134915154131611020654072038617988630148194588045013","-546"],"imag":["7758703378874425295012906352138220585149514059631517741930490590284721003955059673161110578290891948031","7758703378874425295012906352138220585149514059631517741930490590284721003955059673161110578291965689857","-342"],"recognized":1,"nullRecognized":1,"rp":1,"rq":3}
{"type":"angle","q":3,"p":2,"scale":3,"op":"sin","phase":0,"ok":1,"poly":["-3","0","4"],"real":["158212193200139176340255174621777356217301037233","158212193200139176340255174621777356219129827151","-157"],"imag":["0","0","0"]}
{"type":"angle","q":3,"p":2,"scale":3,"op":"sin","phase":1,"ok":1,"poly":["-3","0","4"],"real":["7758703378874425295012906352138220585149514059631517741930490590284721003955059673161110578290891948031","7758703378874425295012906352138220585149514059631517741930490590284721003955059673161110578291965689857","-342"],"imag":["0","0","0"]}
{"type":"angle","q":3,"p":2,"scale":3,"op":"cos","phase":0,"ok":1,"poly":["1","2"],"real":["-1","-1","-1"],"imag":["0","0","0"]}
{"type":"angle","q":3,"p":2,"scale":3,"op":"cos","phase":1,"ok":1,"poly":["1","2"],"real":["-1","-1","-1"],"imag":["0","0","0"]}
{"type":"angle","q":3,"p":2,"scale":3,"op":"tan","phase":0,"ok":1,"poly":["-3","0","1"],"real":["-294693174213430241384087455685767077317","-294693174213430241384087455685767077315","-127"],"imag":["0","0","0"]}
{"type":"angle","q":3,"p":2,"scale":3,"op":"tan","phase":1,"ok":1,"poly":["-3","0","1"],"real":["-7758703378874425295012906352138220585149514059631517741930490590284721003955059673161110578291965689857","-7758703378874425295012906352138220585149514059631517741930490590284721003955059673161110578290891948031","-341"],"imag":["0","0","0"]}
{"type":"angle","q":3,"p":2,"scale":3,"op":"cot","phase":0,"ok":1,"poly":["-1","0","3"],"real":["-52737397733379725446751724873925785406453816567","-52737397733379725446751724873925785405868761865","-156"],"imag":["0","0","0"]}
{"type":"angle","q":3,"p":2,"scale":3,"op":"cot","phase":1,"ok":1,"poly":["-1","0","3"],"real":["-5172468919249616863341937568092147056766342706421011827953660393523147335970039782107407052194822750209","-5172468919249616863341937568092147056766342706421011827953660393523147335970039782107407052193749008383","-342"],"imag":["0","0","0"]}
{"type":"angle","q":3,"p":2,"scale":3,"op":"sec","phase":0,"ok":1,"poly":["2","1"],"real":["-1","-1","1"],"imag":["0","0","0"]}
{"type":"angle","q":3,"p":2,"scale":3,"op":"sec","phase":1,"ok":1,"poly":["2","1"],"real":["-1","-1","1"],"imag":["0","0","0"]}
{"type":"angle","q":3,"p":2,"scale":3,"op":"csc","phase":0,"ok":1,"poly":["-4","0","3"],"real":["52737397733379725446751724873925785405868761865","52737397733379725446751724873925785406453816567","-155"],"imag":["0","0","0"]}
{"type":"angle","q":3,"p":2,"scale":3,"op":"csc","phase":1,"ok":1,"poly":["-4","0","3"],"real":["5172468919249616863341937568092147056766342706421011827953660393523147335970039782107407052193749008383","5172468919249616863341937568092147056766342706421011827953660393523147335970039782107407052194822750209","-341"],"imag":["0","0","0"]}
{"type":"angle","q":3,"p":3,"scale":1,"op":"root","phase":0,"ok":1,"poly":["-1","1"],"real":["1","1","0"],"imag":["0","0","0"],"recognized":1,"nullRecognized":1,"rp":0,"rq":1}
{"type":"angle","q":3,"p":3,"scale":1,"op":"root","phase":1,"ok":1,"poly":["-1","1"],"real":["1","1","0"],"imag":["0","0","0"],"recognized":1,"nullRecognized":1,"rp":0,"rq":1}
{"type":"angle","q":3,"p":3,"scale":1,"op":"exp","phase":0,"ok":1,"poly":["1","1"],"real":["-1","-1","0"],"imag":["0","0","0"],"recognized":1,"nullRecognized":1,"rp":1,"rq":2}
{"type":"angle","q":3,"p":3,"scale":1,"op":"exp","phase":1,"ok":1,"poly":["1","1"],"real":["-1","-1","0"],"imag":["0","0","0"],"recognized":1,"nullRecognized":1,"rp":1,"rq":2}
{"type":"angle","q":3,"p":3,"scale":1,"op":"sin","phase":0,"ok":1,"poly":["0","1"],"real":["0","0","0"],"imag":["0","0","0"]}
{"type":"angle","q":3,"p":3,"scale":1,"op":"sin","phase":1,"ok":1,"poly":["0","1"],"real":["0","0","0"],"imag":["0","0","0"]}
{"type":"angle","q":3,"p":3,"scale":1,"op":"cos","phase":0,"ok":1,"poly":["1","1"],"real":["-1","-1","0"],"imag":["0","0","0"]}
{"type":"angle","q":3,"p":3,"scale":1,"op":"cos","phase":1,"ok":1,"poly":["1","1"],"real":["-1","-1","0"],"imag":["0","0","0"]}
{"type":"angle","q":3,"p":3,"scale":1,"op":"tan","phase":0,"ok":1,"poly":["0","1"],"real":["0","0","0"],"imag":["0","0","0"]}
{"type":"angle","q":3,"p":3,"scale":1,"op":"tan","phase":1,"ok":1,"poly":["0","1"],"real":["0","0","0"],"imag":["0","0","0"]}
{"type":"angle","q":3,"p":3,"scale":1,"op":"cot","phase":0,"ok":0}
{"type":"angle","q":3,"p":3,"scale":1,"op":"cot","phase":1,"ok":0}
{"type":"angle","q":3,"p":3,"scale":1,"op":"sec","phase":0,"ok":1,"poly":["1","1"],"real":["-1","-1","0"],"imag":["0","0","0"]}
{"type":"angle","q":3,"p":3,"scale":1,"op":"sec","phase":1,"ok":1,"poly":["1","1"],"real":["-1","-1","0"],"imag":["0","0","0"]}
{"type":"angle","q":3,"p":3,"scale":1,"op":"csc","phase":0,"ok":0}
{"type":"angle","q":3,"p":3,"scale":1,"op":"csc","phase":1,"ok":0}
{"type":"angle","q":3,"p":3,"scale":3,"op":"root","phase":0,"ok":1,"poly":["-1","1"],"real":["1","1","0"],"imag":["0","0","0"],"recognized":1,"nullRecognized":1,"rp":0,"rq":1}
{"type":"angle","q":3,"p":3,"scale":3,"op":"root","phase":1,"ok":1,"poly":["-1","1"],"real":["1","1","0"],"imag":["0","0","0"],"recognized":1,"nullRecognized":1,"rp":0,"rq":1}
{"type":"angle","q":3,"p":3,"scale":3,"op":"exp","phase":0,"ok":1,"poly":["1","1"],"real":["-1","-1","0"],"imag":["0","0","0"],"recognized":1,"nullRecognized":1,"rp":1,"rq":2}
{"type":"angle","q":3,"p":3,"scale":3,"op":"exp","phase":1,"ok":1,"poly":["1","1"],"real":["-1","-1","0"],"imag":["0","0","0"],"recognized":1,"nullRecognized":1,"rp":1,"rq":2}
{"type":"angle","q":3,"p":3,"scale":3,"op":"sin","phase":0,"ok":1,"poly":["0","1"],"real":["0","0","0"],"imag":["0","0","0"]}
{"type":"angle","q":3,"p":3,"scale":3,"op":"sin","phase":1,"ok":1,"poly":["0","1"],"real":["0","0","0"],"imag":["0","0","0"]}
{"type":"angle","q":3,"p":3,"scale":3,"op":"cos","phase":0,"ok":1,"poly":["1","1"],"real":["-1","-1","0"],"imag":["0","0","0"]}
{"type":"angle","q":3,"p":3,"scale":3,"op":"cos","phase":1,"ok":1,"poly":["1","1"],"real":["-1","-1","0"],"imag":["0","0","0"]}
{"type":"angle","q":3,"p":3,"scale":3,"op":"tan","phase":0,"ok":1,"poly":["0","1"],"real":["0","0","0"],"imag":["0","0","0"]}
{"type":"angle","q":3,"p":3,"scale":3,"op":"tan","phase":1,"ok":1,"poly":["0","1"],"real":["0","0","0"],"imag":["0","0","0"]}
{"type":"angle","q":3,"p":3,"scale":3,"op":"cot","phase":0,"ok":0}
{"type":"angle","q":3,"p":3,"scale":3,"op":"cot","phase":1,"ok":0}
{"type":"angle","q":3,"p":3,"scale":3,"op":"sec","phase":0,"ok":1,"poly":["1","1"],"real":["-1","-1","0"],"imag":["0","0","0"]}
{"type":"angle","q":3,"p":3,"scale":3,"op":"sec","phase":1,"ok":1,"poly":["1","1"],"real":["-1","-1","0"],"imag":["0","0","0"]}
{"type":"angle","q":3,"p":3,"scale":3,"op":"csc","phase":0,"ok":0}
{"type":"angle","q":3,"p":3,"scale":3,"op":"csc","phase":1,"ok":0}
{"type":"angle","q":3,"p":4,"scale":1,"op":"root","phase":0,"ok":1,"poly":["1","1","1"],"real":["-2923003274661805836407369665432566039312575708607","-2923003274661805836407369665432566039311154463297","-162"],"imag":["9888262075008698521265948413861084763581315187","9888262075008698521265948413861084763695613837","-153"],"recognized":1,"nullRecognized":1,"rp":1,"rq":3}
{"type":"angle","q":3,"p":4,"scale":1,"op":"root","phase":1,"ok":1,"poly":["1","1","1"],"real":["-115172193140305827399949785796761135587064246228529065807379342658863042065190089480167441564259605943037975312218134915154131611020654072038617988630148194794852651","-115172193140305827399949785796761135587064246228529065807379342658863042065190089480167441564259605943037975312218134915154131611020654072038617988630148194588045013","-546"],"imag":["7758703378874425295012906352138220585149514059631517741930490590284721003955059673161110578290891948031","7758703378874425295012906352138220585149514059631517741930490590284721003955059673161110578291965689857","-342"],"recognized":1,"nullRecognized":1,"rp":1,"rq":3}
{"type":"angle","q":3,"p":4,"scale":1,"op":"exp","phase":0,"ok":1,"poly":["1","1","1"],"real":["-2923003274661805836407369665432566039312575708607","-2923003274661805836407369665432566039311154463297","-162"],"imag":["-9888262075008698521265948413861084763695613837","-9888262075008698521265948413861084763581315187","-153"],"recognized":1,"nullRecognized":1,"rp":2,"rq":3}
{"type":"angle","q":3,"p":4,"scale":1,"op":"exp","phase":1,"ok":1,"poly":["1","1","1"],"real":["-115172193140305827399949785796761135587064246228529065807379342658863042065190089480167441564259605943037975312218134915154131611020654072038617988630148194794852651","-115172193140305827399949785796761135587064246228529065807379342658863042065190089480167441564259605943037975312218134915154131611020654072038617988630148194588045013","-546"],"imag":["-7758703378874425295012906352138220585149514059631517741930490590284721003955059673161110578291965689857","-7758703378874425295012906352138220585149514059631517741930490590284721003955059673161110578290891948031","-342"],"recognized":1,"nullRecognized":1,"rp":2,"rq":3}
{"type":"angle","q":3,"p":4,"scale":1,"op":"sin","phase":0,"ok":1,"poly":["-3","0","4"],"real":["-158212193200139176340255174621777356219129827151","-158212193200139176340255174621777356217301037233","-157"],"imag":["0","0","0"]}
{"type":"angle","q":3,"p":4,"scale":1,"op":"sin","phase":1,"ok":1,"poly":["-3","0","4"],"real":["-7758703378874425295012906352138220585149514059631517741930490590284721003955059673161110578291965689857","-7758703378874425295012906352138220585149514059631517741930490590284721003955059673161110578290891948031","-342"],"imag":["0","0","0"]}
{"type":"angle","q":3,"p":4,"scale":1,"op":"cos","phase":0,"ok":1,"poly":["1","2"],"real":["-1","-1","-1"],"imag":["0","0","0"]}
{"type":"angle","q":3,"p":4,"scale":1,"op":"cos","phase":1,"ok":1,"poly":["1","2"],"real":["-1","-1","-1"],"imag":["0","0","0"]}
{"type":"angle","q":3,"p":4,"scale":1,"op":"tan","phase":0,"ok":1,"poly":["-3","0","1"],"real":["294693174213430241384087455685767077315","294693174213430241384087455685767077317","-127"],"imag":["0","0","0"]}
{"type":"angle","q":3,"p":4,"scale":1,"op":"tan","phase":1,"ok":1,"poly":["-3","0","1"],"real":["7758703378874425295012906352138220585149514059631517741930490590284721003955059673161110578290891948031","7758703378874425295012906352138220585149514059631517741930490590284721003955059673161110578291965689857","-341"],"imag":["0","0","0"]}
{"type":"angle","q":3,"p":4,"scale":1,"op":"cot","phase":0,"ok":1,"poly":["-1","0","3"],"real":["52737397733379725446751724873925785405868761865","52737397733379725446751724873925785406453816567","-156"],"imag":["0","0","0"]}
{"type":"angle","q":3,"p":4,"scale":1,"op":"cot","phase":1,"ok":1,"poly":["-1","0","3"],"real":["5172468919249616863341937568092147056766342706421011827953660393523147335970039782107407052193749008383","5172468919249616863341937568092147056766342706421011827953660393523147335970039782107407052194822750209","-342"],"imag":["0","0","0"]}
{"type":"angle","q":3,"p":4,"scale":1,"op":"sec","phase":0,"ok":1,"poly":["2","1"],"real":["-1","-1","1"],"imag":["0","0","0"]}
{"type":"angle","q":3,"p":4,"scale":1,"op":"sec","phase":1,"ok":1,"poly":["2","1"],"real":["-1","-1","1"],"imag":["0","0","0"]}
{"type":"angle","q":3,"p":4,"scale":1,"op":"csc","phase":0,"ok":1,"poly":["-4","0","3"],"real":["-52737397733379725446751724873925785406453816567","-52737397733379725446751724873925785405868761865","-155"],"imag":["0","0","0"]}
{"type":"angle","q":3,"p":4,"scale":1,"op":"csc","phase":1,"ok":1,"poly":["-4","0","3"],"real":["-5172468919249616863341937568092147056766342706421011827953660393523147335970039782107407052194822750209","-5172468919249616863341937568092147056766342706421011827953660393523147335970039782107407052193749008383","-341"],"imag":["0","0","0"]}
{"type":"angle","q":3,"p":4,"scale":3,"op":"root","phase":0,"ok":1,"poly":["1","1","1"],"real":["-2923003274661805836407369665432566039312575708607","-2923003274661805836407369665432566039311154463297","-162"],"imag":["9888262075008698521265948413861084763581315187","9888262075008698521265948413861084763695613837","-153"],"recognized":1,"nullRecognized":1,"rp":1,"rq":3}
{"type":"angle","q":3,"p":4,"scale":3,"op":"root","phase":1,"ok":1,"poly":["1","1","1"],"real":["-115172193140305827399949785796761135587064246228529065807379342658863042065190089480167441564259605943037975312218134915154131611020654072038617988630148194794852651","-115172193140305827399949785796761135587064246228529065807379342658863042065190089480167441564259605943037975312218134915154131611020654072038617988630148194588045013","-546"],"imag":["7758703378874425295012906352138220585149514059631517741930490590284721003955059673161110578290891948031","7758703378874425295012906352138220585149514059631517741930490590284721003955059673161110578291965689857","-342"],"recognized":1,"nullRecognized":1,"rp":1,"rq":3}
{"type":"angle","q":3,"p":4,"scale":3,"op":"exp","phase":0,"ok":1,"poly":["1","1","1"],"real":["-2923003274661805836407369665432566039312575708607","-2923003274661805836407369665432566039311154463297","-162"],"imag":["-9888262075008698521265948413861084763695613837","-9888262075008698521265948413861084763581315187","-153"],"recognized":1,"nullRecognized":1,"rp":2,"rq":3}
{"type":"angle","q":3,"p":4,"scale":3,"op":"exp","phase":1,"ok":1,"poly":["1","1","1"],"real":["-115172193140305827399949785796761135587064246228529065807379342658863042065190089480167441564259605943037975312218134915154131611020654072038617988630148194794852651","-115172193140305827399949785796761135587064246228529065807379342658863042065190089480167441564259605943037975312218134915154131611020654072038617988630148194588045013","-546"],"imag":["-7758703378874425295012906352138220585149514059631517741930490590284721003955059673161110578291965689857","-7758703378874425295012906352138220585149514059631517741930490590284721003955059673161110578290891948031","-342"],"recognized":1,"nullRecognized":1,"rp":2,"rq":3}
{"type":"angle","q":3,"p":4,"scale":3,"op":"sin","phase":0,"ok":1,"poly":["-3","0","4"],"real":["-158212193200139176340255174621777356219129827151","-158212193200139176340255174621777356217301037233","-157"],"imag":["0","0","0"]}
{"type":"angle","q":3,"p":4,"scale":3,"op":"sin","phase":1,"ok":1,"poly":["-3","0","4"],"real":["-7758703378874425295012906352138220585149514059631517741930490590284721003955059673161110578291965689857","-7758703378874425295012906352138220585149514059631517741930490590284721003955059673161110578290891948031","-342"],"imag":["0","0","0"]}
{"type":"angle","q":3,"p":4,"scale":3,"op":"cos","phase":0,"ok":1,"poly":["1","2"],"real":["-1","-1","-1"],"imag":["0","0","0"]}
{"type":"angle","q":3,"p":4,"scale":3,"op":"cos","phase":1,"ok":1,"poly":["1","2"],"real":["-1","-1","-1"],"imag":["0","0","0"]}
{"type":"angle","q":3,"p":4,"scale":3,"op":"tan","phase":0,"ok":1,"poly":["-3","0","1"],"real":["294693174213430241384087455685767077315","294693174213430241384087455685767077317","-127"],"imag":["0","0","0"]}
{"type":"angle","q":3,"p":4,"scale":3,"op":"tan","phase":1,"ok":1,"poly":["-3","0","1"],"real":["7758703378874425295012906352138220585149514059631517741930490590284721003955059673161110578290891948031","7758703378874425295012906352138220585149514059631517741930490590284721003955059673161110578291965689857","-341"],"imag":["0","0","0"]}
{"type":"angle","q":3,"p":4,"scale":3,"op":"cot","phase":0,"ok":1,"poly":["-1","0","3"],"real":["52737397733379725446751724873925785405868761865","52737397733379725446751724873925785406453816567","-156"],"imag":["0","0","0"]}
{"type":"angle","q":3,"p":4,"scale":3,"op":"cot","phase":1,"ok":1,"poly":["-1","0","3"],"real":["5172468919249616863341937568092147056766342706421011827953660393523147335970039782107407052193749008383","5172468919249616863341937568092147056766342706421011827953660393523147335970039782107407052194822750209","-342"],"imag":["0","0","0"]}
{"type":"angle","q":3,"p":4,"scale":3,"op":"sec","phase":0,"ok":1,"poly":["2","1"],"real":["-1","-1","1"],"imag":["0","0","0"]}
{"type":"angle","q":3,"p":4,"scale":3,"op":"sec","phase":1,"ok":1,"poly":["2","1"],"real":["-1","-1","1"],"imag":["0","0","0"]}
{"type":"angle","q":3,"p":4,"scale":3,"op":"csc","phase":0,"ok":1,"poly":["-4","0","3"],"real":["-52737397733379725446751724873925785406453816567","-52737397733379725446751724873925785405868761865","-155"],"imag":["0","0","0"]}
{"type":"angle","q":3,"p":4,"scale":3,"op":"csc","phase":1,"ok":1,"poly":["-4","0","3"],"real":["-5172468919249616863341937568092147056766342706421011827953660393523147335970039782107407052194822750209","-5172468919249616863341937568092147056766342706421011827953660393523147335970039782107407052193749008383","-341"],"imag":["0","0","0"]}
{"type":"angle","q":3,"p":5,"scale":1,"op":"root","phase":0,"ok":1,"poly":["1","1","1"],"real":["-2923003274661805836407369665432566039312575708607","-2923003274661805836407369665432566039311154463297","-162"],"imag":["-9888262075008698521265948413861084763695613837","-9888262075008698521265948413861084763581315187","-153"],"recognized":1,"nullRecognized":1,"rp":2,"rq":3}
{"type":"angle","q":3,"p":5,"scale":1,"op":"root","phase":1,"ok":1,"poly":["1","1","1"],"real":["-115172193140305827399949785796761135587064246228529065807379342658863042065190089480167441564259605943037975312218134915154131611020654072038617988630148194794852651","-115172193140305827399949785796761135587064246228529065807379342658863042065190089480167441564259605943037975312218134915154131611020654072038617988630148194588045013","-546"],"imag":["-7758703378874425295012906352138220585149514059631517741930490590284721003955059673161110578291965689857","-7758703378874425295012906352138220585149514059631517741930490590284721003955059673161110578290891948031","-342"],"recognized":1,"nullRecognized":1,"rp":2,"rq":3}
{"type":"angle","q":3,"p":5,"scale":1,"op":"exp","phase":0,"ok":1,"poly":["1","-1","1"],"real":["2923003274661805836407369665432566039311154463297","2923003274661805836407369665432566039312575708607","-162"],"imag":["-9888262075008698521265948413861084763695613837","-9888262075008698521265948413861084763581315187","-153"],"recognized":1,"nullRecognized":1,"rp":5,"rq":6}
{"type":"angle","q":3,"p":5,"scale":1,"op":"exp","phase":1,"ok":1,"poly":["1","-1","1"],"real":["115172193140305827399949785796761135587064246228529065807379342658863042065190089480167441564259605943037975312218134915154131611020654072038617988630148194588045013","115172193140305827399949785796761135587064246228529065807379342658863042065190089480167441564259605943037975312218134915154131611020654072038617988630148194794852651","-546"],"imag":["-7758703378874425295012906352138220585149514059631517741930490590284721003955059673161110578291965689857","-7758703378874425295012906352138220585149514059631517741930490590284721003955059673161110578290891948031","-342"],"recognized":1,"nullRecognized":1,"rp":5,"rq":6}
{"type":"angle","q":3,"p":5,"scale":1,"op":"sin","phase":0,"ok":1,"poly":["-3","0","4"],"real":["-158212193200139176340255174621777356219129827151","-158212193200139176340255174621777356217301037233","-157"],"imag":["0","0","0"]}
{"type":"angle","q":3,"p":5,"scale":1,"op":"sin","phase":1,"ok":1,"poly":["-3","0","4"],"real":["-7758703378874425295012906352138220585149514059631517741930490590284721003955059673161110578291965689857","-7758703378874425295012906352138220585149514059631517741930490590284721003955059673161110578290891948031","-342"],"imag":["0","0","0"]}
{"type":"angle","q":3,"p":5,"scale":1,"op":"cos","phase":0,"ok":1,"poly":["-1","2"],"real":["1","1","-1"],"imag":["0","0","0"]}
{"type":"angle","q":3,"p":5,"scale":1,"op":"cos","phase":1,"ok":1,"poly":["-1","2"],"real":["1","1","-1"],"imag":["0","0","0"]}
{"type":"angle","q":3,"p":5,"scale":1,"op":"tan","phase":0,"ok":1,"poly":["-3","0","1"],"real":["-294693174213430241384087455685767077317","-294693174213430241384087455685767077315","-127"],"imag":["0","0","0"]}
{"type":"angle","q":3,"p":5,"scale":1,"op":"tan","phase":1,"ok":1,"poly":["-3","0","1"],"real":["-7758703378874425295012906352138220585149514059631517741930490590284721003955059673161110578291965689857","-7758703378874425295012906352138220585149514059631517741930490590284721003955059673161110578290891948031","-341"],"imag":["0","0","0"]}
{"type":"angle","q":3,"p":5,"scale":1,"op":"cot","phase":0,"ok":1,"poly":["-1","0","3"],"real":["-52737397733379725446751724873925785406453816567","-52737397733379725446751724873925785405868761865","-156"],"imag":["0","0","0"]}
{"type":"angle","q":3,"p":5,"scale":1,"op":"cot","phase":1,"ok":1,"poly":["-1","0","3"],"real":["-5172468919249616863341937568092147056766342706421011827953660393523147335970039782107407052194822750209","-5172468919249616863341937568092147056766342706421011827953660393523147335970039782107407052193749008383","-342"],"imag":["0","0","0"]}
{"type":"angle","q":3,"p":5,"scale":1,"op":"sec","phase":0,"ok":1,"poly":["-2","1"],"real":["1","1","1"],"imag":["0","0","0"]}
{"type":"angle","q":3,"p":5,"scale":1,"op":"sec","phase":1,"ok":1,"poly":["-2","1"],"real":["1","1","1"],"imag":["0","0","0"]}
{"type":"angle","q":3,"p":5,"scale":1,"op":"csc","phase":0,"ok":1,"poly":["-4","0","3"],"real":["-52737397733379725446751724873925785406453816567","-52737397733379725446751724873925785405868761865","-155"],"imag":["0","0","0"]}
{"type":"angle","q":3,"p":5,"scale":1,"op":"csc","phase":1,"ok":1,"poly":["-4","0","3"],"real":["-5172468919249616863341937568092147056766342706421011827953660393523147335970039782107407052194822750209","-5172468919249616863341937568092147056766342706421011827953660393523147335970039782107407052193749008383","-341"],"imag":["0","0","0"]}
{"type":"angle","q":3,"p":5,"scale":3,"op":"root","phase":0,"ok":1,"poly":["1","1","1"],"real":["-2923003274661805836407369665432566039312575708607","-2923003274661805836407369665432566039311154463297","-162"],"imag":["-9888262075008698521265948413861084763695613837","-9888262075008698521265948413861084763581315187","-153"],"recognized":1,"nullRecognized":1,"rp":2,"rq":3}
{"type":"angle","q":3,"p":5,"scale":3,"op":"root","phase":1,"ok":1,"poly":["1","1","1"],"real":["-115172193140305827399949785796761135587064246228529065807379342658863042065190089480167441564259605943037975312218134915154131611020654072038617988630148194794852651","-115172193140305827399949785796761135587064246228529065807379342658863042065190089480167441564259605943037975312218134915154131611020654072038617988630148194588045013","-546"],"imag":["-7758703378874425295012906352138220585149514059631517741930490590284721003955059673161110578291965689857","-7758703378874425295012906352138220585149514059631517741930490590284721003955059673161110578290891948031","-342"],"recognized":1,"nullRecognized":1,"rp":2,"rq":3}
{"type":"angle","q":3,"p":5,"scale":3,"op":"exp","phase":0,"ok":1,"poly":["1","-1","1"],"real":["2923003274661805836407369665432566039311154463297","2923003274661805836407369665432566039312575708607","-162"],"imag":["-9888262075008698521265948413861084763695613837","-9888262075008698521265948413861084763581315187","-153"],"recognized":1,"nullRecognized":1,"rp":5,"rq":6}
{"type":"angle","q":3,"p":5,"scale":3,"op":"exp","phase":1,"ok":1,"poly":["1","-1","1"],"real":["115172193140305827399949785796761135587064246228529065807379342658863042065190089480167441564259605943037975312218134915154131611020654072038617988630148194588045013","115172193140305827399949785796761135587064246228529065807379342658863042065190089480167441564259605943037975312218134915154131611020654072038617988630148194794852651","-546"],"imag":["-7758703378874425295012906352138220585149514059631517741930490590284721003955059673161110578291965689857","-7758703378874425295012906352138220585149514059631517741930490590284721003955059673161110578290891948031","-342"],"recognized":1,"nullRecognized":1,"rp":5,"rq":6}
{"type":"angle","q":3,"p":5,"scale":3,"op":"sin","phase":0,"ok":1,"poly":["-3","0","4"],"real":["-158212193200139176340255174621777356219129827151","-158212193200139176340255174621777356217301037233","-157"],"imag":["0","0","0"]}
{"type":"angle","q":3,"p":5,"scale":3,"op":"sin","phase":1,"ok":1,"poly":["-3","0","4"],"real":["-7758703378874425295012906352138220585149514059631517741930490590284721003955059673161110578291965689857","-7758703378874425295012906352138220585149514059631517741930490590284721003955059673161110578290891948031","-342"],"imag":["0","0","0"]}
{"type":"angle","q":3,"p":5,"scale":3,"op":"cos","phase":0,"ok":1,"poly":["-1","2"],"real":["1","1","-1"],"imag":["0","0","0"]}
{"type":"angle","q":3,"p":5,"scale":3,"op":"cos","phase":1,"ok":1,"poly":["-1","2"],"real":["1","1","-1"],"imag":["0","0","0"]}
{"type":"angle","q":3,"p":5,"scale":3,"op":"tan","phase":0,"ok":1,"poly":["-3","0","1"],"real":["-294693174213430241384087455685767077317","-294693174213430241384087455685767077315","-127"],"imag":["0","0","0"]}
{"type":"angle","q":3,"p":5,"scale":3,"op":"tan","phase":1,"ok":1,"poly":["-3","0","1"],"real":["-7758703378874425295012906352138220585149514059631517741930490590284721003955059673161110578291965689857","-7758703378874425295012906352138220585149514059631517741930490590284721003955059673161110578290891948031","-341"],"imag":["0","0","0"]}
{"type":"angle","q":3,"p":5,"scale":3,"op":"cot","phase":0,"ok":1,"poly":["-1","0","3"],"real":["-52737397733379725446751724873925785406453816567","-52737397733379725446751724873925785405868761865","-156"],"imag":["0","0","0"]}
{"type":"angle","q":3,"p":5,"scale":3,"op":"cot","phase":1,"ok":1,"poly":["-1","0","3"],"real":["-5172468919249616863341937568092147056766342706421011827953660393523147335970039782107407052194822750209","-5172468919249616863341937568092147056766342706421011827953660393523147335970039782107407052193749008383","-342"],"imag":["0","0","0"]}
{"type":"angle","q":3,"p":5,"scale":3,"op":"sec","phase":0,"ok":1,"poly":["-2","1"],"real":["1","1","1"],"imag":["0","0","0"]}
{"type":"angle","q":3,"p":5,"scale":3,"op":"sec","phase":1,"ok":1,"poly":["-2","1"],"real":["1","1","1"],"imag":["0","0","0"]}
{"type":"angle","q":3,"p":5,"scale":3,"op":"csc","phase":0,"ok":1,"poly":["-4","0","3"],"real":["-52737397733379725446751724873925785406453816567","-52737397733379725446751724873925785405868761865","-155"],"imag":["0","0","0"]}
{"type":"angle","q":3,"p":5,"scale":3,"op":"csc","phase":1,"ok":1,"poly":["-4","0","3"],"real":["-5172468919249616863341937568092147056766342706421011827953660393523147335970039782107407052194822750209","-5172468919249616863341937568092147056766342706421011827953660393523147335970039782107407052193749008383","-341"],"imag":["0","0","0"]}
{"type":"angle","q":3,"p":6,"scale":1,"op":"root","phase":0,"ok":1,"poly":["-1","1"],"real":["1","1","0"],"imag":["0","0","0"],"recognized":1,"nullRecognized":1,"rp":0,"rq":1}
{"type":"angle","q":3,"p":6,"scale":1,"op":"root","phase":1,"ok":1,"poly":["-1","1"],"real":["1","1","0"],"imag":["0","0","0"],"recognized":1,"nullRecognized":1,"rp":0,"rq":1}
{"type":"angle","q":3,"p":6,"scale":1,"op":"exp","phase":0,"ok":1,"poly":["-1","1"],"real":["1","1","0"],"imag":["0","0","0"],"recognized":1,"nullRecognized":1,"rp":0,"rq":1}
{"type":"angle","q":3,"p":6,"scale":1,"op":"exp","phase":1,"ok":1,"poly":["-1","1"],"real":["1","1","0"],"imag":["0","0","0"],"recognized":1,"nullRecognized":1,"rp":0,"rq":1}
{"type":"angle","q":3,"p":6,"scale":1,"op":"sin","phase":0,"ok":1,"poly":["0","1"],"real":["0","0","0"],"imag":["0","0","0"]}
{"type":"angle","q":3,"p":6,"scale":1,"op":"sin","phase":1,"ok":1,"poly":["0","1"],"real":["0","0","0"],"imag":["0","0","0"]}
{"type":"angle","q":3,"p":6,"scale":1,"op":"cos","phase":0,"ok":1,"poly":["-1","1"],"real":["1","1","0"],"imag":["0","0","0"]}
{"type":"angle","q":3,"p":6,"scale":1,"op":"cos","phase":1,"ok":1,"poly":["-1","1"],"real":["1","1","0"],"imag":["0","0","0"]}
{"type":"angle","q":3,"p":6,"scale":1,"op":"tan","phase":0,"ok":1,"poly":["0","1"],"real":["0","0","0"],"imag":["0","0","0"]}
{"type":"angle","q":3,"p":6,"scale":1,"op":"tan","phase":1,"ok":1,"poly":["0","1"],"real":["0","0","0"],"imag":["0","0","0"]}
{"type":"angle","q":3,"p":6,"scale":1,"op":"cot","phase":0,"ok":0}
{"type":"angle","q":3,"p":6,"scale":1,"op":"cot","phase":1,"ok":0}
{"type":"angle","q":3,"p":6,"scale":1,"op":"sec","phase":0,"ok":1,"poly":["-1","1"],"real":["1","1","0"],"imag":["0","0","0"]}
{"type":"angle","q":3,"p":6,"scale":1,"op":"sec","phase":1,"ok":1,"poly":["-1","1"],"real":["1","1","0"],"imag":["0","0","0"]}
{"type":"angle","q":3,"p":6,"scale":1,"op":"csc","phase":0,"ok":0}
{"type":"angle","q":3,"p":6,"scale":1,"op":"csc","phase":1,"ok":0}
{"type":"angle","q":3,"p":6,"scale":3,"op":"root","phase":0,"ok":1,"poly":["-1","1"],"real":["1","1","0"],"imag":["0","0","0"],"recognized":1,"nullRecognized":1,"rp":0,"rq":1}
{"type":"angle","q":3,"p":6,"scale":3,"op":"root","phase":1,"ok":1,"poly":["-1","1"],"real":["1","1","0"],"imag":["0","0","0"],"recognized":1,"nullRecognized":1,"rp":0,"rq":1}
{"type":"angle","q":3,"p":6,"scale":3,"op":"exp","phase":0,"ok":1,"poly":["-1","1"],"real":["1","1","0"],"imag":["0","0","0"],"recognized":1,"nullRecognized":1,"rp":0,"rq":1}
{"type":"angle","q":3,"p":6,"scale":3,"op":"exp","phase":1,"ok":1,"poly":["-1","1"],"real":["1","1","0"],"imag":["0","0","0"],"recognized":1,"nullRecognized":1,"rp":0,"rq":1}
{"type":"angle","q":3,"p":6,"scale":3,"op":"sin","phase":0,"ok":1,"poly":["0","1"],"real":["0","0","0"],"imag":["0","0","0"]}
{"type":"angle","q":3,"p":6,"scale":3,"op":"sin","phase":1,"ok":1,"poly":["0","1"],"real":["0","0","0"],"imag":["0","0","0"]}
{"type":"angle","q":3,"p":6,"scale":3,"op":"cos","phase":0,"ok":1,"poly":["-1","1"],"real":["1","1","0"],"imag":["0","0","0"]}
{"type":"angle","q":3,"p":6,"scale":3,"op":"cos","phase":1,"ok":1,"poly":["-1","1"],"real":["1","1","0"],"imag":["0","0","0"]}
{"type":"angle","q":3,"p":6,"scale":3,"op":"tan","phase":0,"ok":1,"poly":["0","1"],"real":["0","0","0"],"imag":["0","0","0"]}
{"type":"angle","q":3,"p":6,"scale":3,"op":"tan","phase":1,"ok":1,"poly":["0","1"],"real":["0","0","0"],"imag":["0","0","0"]}
{"type":"angle","q":3,"p":6,"scale":3,"op":"cot","phase":0,"ok":0}
{"type":"angle","q":3,"p":6,"scale":3,"op":"cot","phase":1,"ok":0}
{"type":"angle","q":3,"p":6,"scale":3,"op":"sec","phase":0,"ok":1,"poly":["-1","1"],"real":["1","1","0"],"imag":["0","0","0"]}
{"type":"angle","q":3,"p":6,"scale":3,"op":"sec","phase":1,"ok":1,"poly":["-1","1"],"real":["1","1","0"],"imag":["0","0","0"]}
{"type":"angle","q":3,"p":6,"scale":3,"op":"csc","phase":0,"ok":0}
{"type":"angle","q":3,"p":6,"scale":3,"op":"csc","phase":1,"ok":0}
{"type":"angle","q":4,"p":-8,"scale":1,"op":"root","phase":0,"ok":1,"poly":["-1","1"],"real":["1","1","0"],"imag":["0","0","0"],"recognized":1,"nullRecognized":1,"rp":0,"rq":1}
{"type":"angle","q":4,"p":-8,"scale":1,"op":"root","phase":1,"ok":1,"poly":["-1","1"],"real":["1","1","0"],"imag":["0","0","0"],"recognized":1,"nullRecognized":1,"rp":0,"rq":1}
{"type":"angle","q":4,"p":-8,"scale":1,"op":"exp","phase":0,"ok":1,"poly":["-1","1"],"real":["1","1","0"],"imag":["0","0","0"],"recognized":1,"nullRecognized":1,"rp":0,"rq":1}
{"type":"angle","q":4,"p":-8,"scale":1,"op":"exp","phase":1,"ok":1,"poly":["-1","1"],"real":["1","1","0"],"imag":["0","0","0"],"recognized":1,"nullRecognized":1,"rp":0,"rq":1}
{"type":"angle","q":4,"p":-8,"scale":1,"op":"sin","phase":0,"ok":1,"poly":["0","1"],"real":["0","0","0"],"imag":["0","0","0"]}
{"type":"angle","q":4,"p":-8,"scale":1,"op":"sin","phase":1,"ok":1,"poly":["0","1"],"real":["0","0","0"],"imag":["0","0","0"]}
{"type":"angle","q":4,"p":-8,"scale":1,"op":"cos","phase":0,"ok":1,"poly":["-1","1"],"real":["1","1","0"],"imag":["0","0","0"]}
{"type":"angle","q":4,"p":-8,"scale":1,"op":"cos","phase":1,"ok":1,"poly":["-1","1"],"real":["1","1","0"],"imag":["0","0","0"]}
{"type":"angle","q":4,"p":-8,"scale":1,"op":"tan","phase":0,"ok":1,"poly":["0","1"],"real":["0","0","0"],"imag":["0","0","0"]}
{"type":"angle","q":4,"p":-8,"scale":1,"op":"tan","phase":1,"ok":1,"poly":["0","1"],"real":["0","0","0"],"imag":["0","0","0"]}
{"type":"angle","q":4,"p":-8,"scale":1,"op":"cot","phase":0,"ok":0}
{"type":"angle","q":4,"p":-8,"scale":1,"op":"cot","phase":1,"ok":0}
{"type":"angle","q":4,"p":-8,"scale":1,"op":"sec","phase":0,"ok":1,"poly":["-1","1"],"real":["1","1","0"],"imag":["0","0","0"]}
{"type":"angle","q":4,"p":-8,"scale":1,"op":"sec","phase":1,"ok":1,"poly":["-1","1"],"real":["1","1","0"],"imag":["0","0","0"]}
{"type":"angle","q":4,"p":-8,"scale":1,"op":"csc","phase":0,"ok":0}
{"type":"angle","q":4,"p":-8,"scale":1,"op":"csc","phase":1,"ok":0}
{"type":"angle","q":4,"p":-8,"scale":3,"op":"root","phase":0,"ok":1,"poly":["-1","1"],"real":["1","1","0"],"imag":["0","0","0"],"recognized":1,"nullRecognized":1,"rp":0,"rq":1}
{"type":"angle","q":4,"p":-8,"scale":3,"op":"root","phase":1,"ok":1,"poly":["-1","1"],"real":["1","1","0"],"imag":["0","0","0"],"recognized":1,"nullRecognized":1,"rp":0,"rq":1}
{"type":"angle","q":4,"p":-8,"scale":3,"op":"exp","phase":0,"ok":1,"poly":["-1","1"],"real":["1","1","0"],"imag":["0","0","0"],"recognized":1,"nullRecognized":1,"rp":0,"rq":1}
{"type":"angle","q":4,"p":-8,"scale":3,"op":"exp","phase":1,"ok":1,"poly":["-1","1"],"real":["1","1","0"],"imag":["0","0","0"],"recognized":1,"nullRecognized":1,"rp":0,"rq":1}
{"type":"angle","q":4,"p":-8,"scale":3,"op":"sin","phase":0,"ok":1,"poly":["0","1"],"real":["0","0","0"],"imag":["0","0","0"]}
{"type":"angle","q":4,"p":-8,"scale":3,"op":"sin","phase":1,"ok":1,"poly":["0","1"],"real":["0","0","0"],"imag":["0","0","0"]}
{"type":"angle","q":4,"p":-8,"scale":3,"op":"cos","phase":0,"ok":1,"poly":["-1","1"],"real":["1","1","0"],"imag":["0","0","0"]}
{"type":"angle","q":4,"p":-8,"scale":3,"op":"cos","phase":1,"ok":1,"poly":["-1","1"],"real":["1","1","0"],"imag":["0","0","0"]}
{"type":"angle","q":4,"p":-8,"scale":3,"op":"tan","phase":0,"ok":1,"poly":["0","1"],"real":["0","0","0"],"imag":["0","0","0"]}
{"type":"angle","q":4,"p":-8,"scale":3,"op":"tan","phase":1,"ok":1,"poly":["0","1"],"real":["0","0","0"],"imag":["0","0","0"]}
{"type":"angle","q":4,"p":-8,"scale":3,"op":"cot","phase":0,"ok":0}
{"type":"angle","q":4,"p":-8,"scale":3,"op":"cot","phase":1,"ok":0}
{"type":"angle","q":4,"p":-8,"scale":3,"op":"sec","phase":0,"ok":1,"poly":["-1","1"],"real":["1","1","0"],"imag":["0","0","0"]}
{"type":"angle","q":4,"p":-8,"scale":3,"op":"sec","phase":1,"ok":1,"poly":["-1","1"],"real":["1","1","0"],"imag":["0","0","0"]}
{"type":"angle","q":4,"p":-8,"scale":3,"op":"csc","phase":0,"ok":0}
{"type":"angle","q":4,"p":-8,"scale":3,"op":"csc","phase":1,"ok":0}
{"type":"angle","q":4,"p":-7,"scale":1,"op":"root","phase":0,"ok":1,"poly":["1","0","1"],"real":["0","0","0"],"imag":["1","1","0"],"recognized":1,"nullRecognized":1,"rp":1,"rq":4}
{"type":"angle","q":4,"p":-7,"scale":1,"op":"root","phase":1,"ok":1,"poly":["1","0","1"],"real":["0","0","0"],"imag":["1","1","0"],"recognized":1,"nullRecognized":1,"rp":1,"rq":4}
{"type":"angle","q":4,"p":-7,"scale":1,"op":"exp","phase":0,"ok":1,"poly":["1","0","0","0","1"],"real":["10989394778343770250329775194768820061718132929403692613803124731042190707557378878361","10989394778343770250329775194768820061718132929403692613803124731042190707559249024103","-283"],"imag":["10989394778343770250329775194768820061718132929403692613803124731042190707557378878361","10989394778343770250329775194768820061718132929403692613803124731042190707559249024103","-283"],"recognized":1,"nullRecognized":1,"rp":1,"rq":8}
{"type":"angle","q":4,"p":-7,"scale":1,"op":"exp","phase":1,"ok":1,"poly":["1","0","0","0","1"],"real":["6334954781283363607674384089193074018783356057290906722017121035366360050198358966310546015664681779199","6334954781283363607674384089193074018783356057290906722017121035366360050198358966310546015665755521025","-342"],"imag":["6334954781283363607674384089193074018783356057290906722017121035366360050198358966310546015664681779199","6334954781283363607674384089193074018783356057290906722017121035366360050198358966310546015665755521025","-342"],"recognized":1,"nullRecognized":1,"rp":1,"rq":8}
{"type":"angle","q":4,"p":-7,"scale":1,"op":"sin","phase":0,"ok":1,"poly":["-1","0","2"],"real":["64589857404495231666648405250431531952815765745","64589857404495231666648405250431531953634641679","-156"],"imag":["0","0","0"]}
{"type":"angle","q":4,"p":-7,"scale":1,"op":"sin","phase":1,"ok":1,"poly":["-1","0","2"],"real":["6334954781283363607674384089193074018783356057290906722017121035366360050198358966310546015664681779199","6334954781283363607674384089193074018783356057290906722017121035366360050198358966310546015665755521025","-342"],"imag":["0","0","0"]}
{"type":"angle","q":4,"p":-7,"scale":1,"op":"cos","phase":0,"ok":1,"poly":["-1","0","2"],"real":["64589857404495231666648405250431531952815765745","64589857404495231666648405250431531953634641679","-156"],"imag":["0","0","0"]}
{"type":"angle","q":4,"p":-7,"scale":1,"op":"cos","phase":1,"ok":1,"poly":["-1","0","2"],"real":["6334954781283363607674384089193074018783356057290906722017121035366360050198358966310546015664681779199","6334954781283363607674384089193074018783356057290906722017121035366360050198358966310546015665755521025","-342"],"imag":["0","0","0"]}
{"type":"angle","q":4,"p":-7,"scale":1,"op":"tan","phase":0,"ok":1,"poly":["-1","1"],"real":["1","1","0"],"imag":["0","0","0"]}
{"type":"angle","q":4,"p":-7,"scale":1,"op":"tan","phase":1,"ok":1,"poly":["-1","1"],"real":["1","1","0"],"imag":["0","0","0"]}
{"type":"angle","q":4,"p":-7,"scale":1,"op":"cot","phase":0,"ok":1,"poly":["-1","1"],"real":["1","1","0"],"imag":["0","0","0"]}
{"type":"angle","q":4,"p":-7,"scale":1,"op":"cot","phase":1,"ok":1,"poly":["-1","1"],"real":["1","1","0"],"imag":["0","0","0"]}
{"type":"angle","q":4,"p":-7,"scale":1,"op":"sec","phase":0,"ok":1,"poly":["-2","0","1"],"real":["64589857404495231666648405250431531952815765745","64589857404495231666648405250431531953634641679","-155"],"imag":["0","0","0"]}
{"type":"angle","q":4,"p":-7,"scale":1,"op":"sec","phase":1,"ok":1,"poly":["-2","0","1"],"real":["6334954781283363607674384089193074018783356057290906722017121035366360050198358966310546015664681779199","6334954781283363607674384089193074018783356057290906722017121035366360050198358966310546015665755521025","-341"],"imag":["0","0","0"]}
{"type":"angle","q":4,"p":-7,"scale":1,"op":"csc","phase":0,"ok":1,"poly":["-2","0","1"],"real":["64589857404495231666648405250431531952815765745","64589857404495231666648405250431531953634641679","-155"],"imag":["0","0","0"]}
{"type":"angle","q":4,"p":-7,"scale":1,"op":"csc","phase":1,"ok":1,"poly":["-2","0","1"],"real":["6334954781283363607674384089193074018783356057290906722017121035366360050198358966310546015664681779199","6334954781283363607674384089193074018783356057290906722017121035366360050198358966310546015665755521025","-341"],"imag":["0","0","0"]}
{"type":"angle","q":4,"p":-7,"scale":3,"op":"root","phase":0,"ok":1,"poly":["1","0","1"],"real":["0","0","0"],"imag":["1","1","0"],"recognized":1,"nullRecognized":1,"rp":1,"rq":4}
{"type":"angle","q":4,"p":-7,"scale":3,"op":"root","phase":1,"ok":1,"poly":["1","0","1"],"real":["0","0","0"],"imag":["1","1","0"],"recognized":1,"nullRecognized":1,"rp":1,"rq":4}
{"type":"angle","q":4,"p":-7,"scale":3,"op":"exp","phase":0,"ok":1,"poly":["1","0","0","0","1"],"real":["10989394778343770250329775194768820061718132929403692613803124731042190707557378878361","10989394778343770250329775194768820061718132929403692613803124731042190707559249024103","-283"],"imag":["10989394778343770250329775194768820061718132929403692613803124731042190707557378878361","10989394778343770250329775194768820061718132929403692613803124731042190707559249024103","-283"],"recognized":1,"nullRecognized":1,"rp":1,"rq":8}
{"type":"angle","q":4,"p":-7,"scale":3,"op":"exp","phase":1,"ok":1,"poly":["1","0","0","0","1"],"real":["6334954781283363607674384089193074018783356057290906722017121035366360050198358966310546015664681779199","6334954781283363607674384089193074018783356057290906722017121035366360050198358966310546015665755521025","-342"],"imag":["6334954781283363607674384089193074018783356057290906722017121035366360050198358966310546015664681779199","6334954781283363607674384089193074018783356057290906722017121035366360050198358966310546015665755521025","-342"],"recognized":1,"nullRecognized":1,"rp":1,"rq":8}
{"type":"angle","q":4,"p":-7,"scale":3,"op":"sin","phase":0,"ok":1,"poly":["-1","0","2"],"real":["64589857404495231666648405250431531952815765745","64589857404495231666648405250431531953634641679","-156"],"imag":["0","0","0"]}
{"type":"angle","q":4,"p":-7,"scale":3,"op":"sin","phase":1,"ok":1,"poly":["-1","0","2"],"real":["6334954781283363607674384089193074018783356057290906722017121035366360050198358966310546015664681779199","6334954781283363607674384089193074018783356057290906722017121035366360050198358966310546015665755521025","-342"],"imag":["0","0","0"]}
{"type":"angle","q":4,"p":-7,"scale":3,"op":"cos","phase":0,"ok":1,"poly":["-1","0","2"],"real":["64589857404495231666648405250431531952815765745","64589857404495231666648405250431531953634641679","-156"],"imag":["0","0","0"]}
{"type":"angle","q":4,"p":-7,"scale":3,"op":"cos","phase":1,"ok":1,"poly":["-1","0","2"],"real":["6334954781283363607674384089193074018783356057290906722017121035366360050198358966310546015664681779199","6334954781283363607674384089193074018783356057290906722017121035366360050198358966310546015665755521025","-342"],"imag":["0","0","0"]}
{"type":"angle","q":4,"p":-7,"scale":3,"op":"tan","phase":0,"ok":1,"poly":["-1","1"],"real":["1","1","0"],"imag":["0","0","0"]}
{"type":"angle","q":4,"p":-7,"scale":3,"op":"tan","phase":1,"ok":1,"poly":["-1","1"],"real":["1","1","0"],"imag":["0","0","0"]}
{"type":"angle","q":4,"p":-7,"scale":3,"op":"cot","phase":0,"ok":1,"poly":["-1","1"],"real":["1","1","0"],"imag":["0","0","0"]}
{"type":"angle","q":4,"p":-7,"scale":3,"op":"cot","phase":1,"ok":1,"poly":["-1","1"],"real":["1","1","0"],"imag":["0","0","0"]}
{"type":"angle","q":4,"p":-7,"scale":3,"op":"sec","phase":0,"ok":1,"poly":["-2","0","1"],"real":["64589857404495231666648405250431531952815765745","64589857404495231666648405250431531953634641679","-155"],"imag":["0","0","0"]}
{"type":"angle","q":4,"p":-7,"scale":3,"op":"sec","phase":1,"ok":1,"poly":["-2","0","1"],"real":["6334954781283363607674384089193074018783356057290906722017121035366360050198358966310546015664681779199","6334954781283363607674384089193074018783356057290906722017121035366360050198358966310546015665755521025","-341"],"imag":["0","0","0"]}
{"type":"angle","q":4,"p":-7,"scale":3,"op":"csc","phase":0,"ok":1,"poly":["-2","0","1"],"real":["64589857404495231666648405250431531952815765745","64589857404495231666648405250431531953634641679","-155"],"imag":["0","0","0"]}
{"type":"angle","q":4,"p":-7,"scale":3,"op":"csc","phase":1,"ok":1,"poly":["-2","0","1"],"real":["6334954781283363607674384089193074018783356057290906722017121035366360050198358966310546015664681779199","6334954781283363607674384089193074018783356057290906722017121035366360050198358966310546015665755521025","-341"],"imag":["0","0","0"]}
{"type":"angle","q":4,"p":-6,"scale":1,"op":"root","phase":0,"ok":1,"poly":["1","1"],"real":["-1","-1","0"],"imag":["0","0","0"],"recognized":1,"nullRecognized":1,"rp":1,"rq":2}
{"type":"angle","q":4,"p":-6,"scale":1,"op":"root","phase":1,"ok":1,"poly":["1","1"],"real":["-1","-1","0"],"imag":["0","0","0"],"recognized":1,"nullRecognized":1,"rp":1,"rq":2}
{"type":"angle","q":4,"p":-6,"scale":1,"op":"exp","phase":0,"ok":1,"poly":["1","0","1"],"real":["0","0","0"],"imag":["1","1","0"],"recognized":1,"nullRecognized":1,"rp":1,"rq":4}
{"type":"angle","q":4,"p":-6,"scale":1,"op":"exp","phase":1,"ok":1,"poly":["1","0","1"],"real":["0","0","0"],"imag":["1","1","0"],"recognized":1,"nullRecognized":1,"rp":1,"rq":4}
{"type":"angle","q":4,"p":-6,"scale":1,"op":"sin","phase":0,"ok":1,"poly":["-1","1"],"real":["1","1","0"],"imag":["0","0","0"]}
{"type":"angle","q":4,"p":-6,"scale":1,"op":"sin","phase":1,"ok":1,"poly":["-1","1"],"real":["1","1","0"],"imag":["0","0","0"]}
{"type":"angle","q":4,"p":-6,"scale":1,"op":"cos","phase":0,"ok":1,"poly":["0","1"],"real":["0","0","0"],"imag":["0","0","0"]}
{"type":"angle","q":4,"p":-6,"scale":1,"op":"cos","phase":1,"ok":1,"poly":["0","1"],"real":["0","0","0"],"imag":["0","0","0"]}
{"type":"angle","q":4,"p":-6,"scale":1,"op":"tan","phase":0,"ok":0}
{"type":"angle","q":4,"p":-6,"scale":1,"op":"tan","phase":1,"ok":0}
{"type":"angle","q":4,"p":-6,"scale":1,"op":"cot","phase":0,"ok":1,"poly":["0","1"],"real":["0","0","0"],"imag":["0","0","0"]}
{"type":"angle","q":4,"p":-6,"scale":1,"op":"cot","phase":1,"ok":1,"poly":["0","1"],"real":["0","0","0"],"imag":["0","0","0"]}
{"type":"angle","q":4,"p":-6,"scale":1,"op":"sec","phase":0,"ok":0}
{"type":"angle","q":4,"p":-6,"scale":1,"op":"sec","phase":1,"ok":0}
{"type":"angle","q":4,"p":-6,"scale":1,"op":"csc","phase":0,"ok":1,"poly":["-1","1"],"real":["1","1","0"],"imag":["0","0","0"]}
{"type":"angle","q":4,"p":-6,"scale":1,"op":"csc","phase":1,"ok":1,"poly":["-1","1"],"real":["1","1","0"],"imag":["0","0","0"]}
{"type":"angle","q":4,"p":-6,"scale":3,"op":"root","phase":0,"ok":1,"poly":["1","1"],"real":["-1","-1","0"],"imag":["0","0","0"],"recognized":1,"nullRecognized":1,"rp":1,"rq":2}
{"type":"angle","q":4,"p":-6,"scale":3,"op":"root","phase":1,"ok":1,"poly":["1","1"],"real":["-1","-1","0"],"imag":["0","0","0"],"recognized":1,"nullRecognized":1,"rp":1,"rq":2}
{"type":"angle","q":4,"p":-6,"scale":3,"op":"exp","phase":0,"ok":1,"poly":["1","0","1"],"real":["0","0","0"],"imag":["1","1","0"],"recognized":1,"nullRecognized":1,"rp":1,"rq":4}
{"type":"angle","q":4,"p":-6,"scale":3,"op":"exp","phase":1,"ok":1,"poly":["1","0","1"],"real":["0","0","0"],"imag":["1","1","0"],"recognized":1,"nullRecognized":1,"rp":1,"rq":4}
{"type":"angle","q":4,"p":-6,"scale":3,"op":"sin","phase":0,"ok":1,"poly":["-1","1"],"real":["1","1","0"],"imag":["0","0","0"]}
{"type":"angle","q":4,"p":-6,"scale":3,"op":"sin","phase":1,"ok":1,"poly":["-1","1"],"real":["1","1","0"],"imag":["0","0","0"]}
{"type":"angle","q":4,"p":-6,"scale":3,"op":"cos","phase":0,"ok":1,"poly":["0","1"],"real":["0","0","0"],"imag":["0","0","0"]}
{"type":"angle","q":4,"p":-6,"scale":3,"op":"cos","phase":1,"ok":1,"poly":["0","1"],"real":["0","0","0"],"imag":["0","0","0"]}
{"type":"angle","q":4,"p":-6,"scale":3,"op":"tan","phase":0,"ok":0}
{"type":"angle","q":4,"p":-6,"scale":3,"op":"tan","phase":1,"ok":0}
{"type":"angle","q":4,"p":-6,"scale":3,"op":"cot","phase":0,"ok":1,"poly":["0","1"],"real":["0","0","0"],"imag":["0","0","0"]}
{"type":"angle","q":4,"p":-6,"scale":3,"op":"cot","phase":1,"ok":1,"poly":["0","1"],"real":["0","0","0"],"imag":["0","0","0"]}
{"type":"angle","q":4,"p":-6,"scale":3,"op":"sec","phase":0,"ok":0}
{"type":"angle","q":4,"p":-6,"scale":3,"op":"sec","phase":1,"ok":0}
{"type":"angle","q":4,"p":-6,"scale":3,"op":"csc","phase":0,"ok":1,"poly":["-1","1"],"real":["1","1","0"],"imag":["0","0","0"]}
{"type":"angle","q":4,"p":-6,"scale":3,"op":"csc","phase":1,"ok":1,"poly":["-1","1"],"real":["1","1","0"],"imag":["0","0","0"]}
{"type":"angle","q":4,"p":-5,"scale":1,"op":"root","phase":0,"ok":1,"poly":["1","0","1"],"real":["0","0","0"],"imag":["-1","-1","0"],"recognized":1,"nullRecognized":1,"rp":3,"rq":4}
{"type":"angle","q":4,"p":-5,"scale":1,"op":"root","phase":1,"ok":1,"poly":["1","0","1"],"real":["0","0","0"],"imag":["-1","-1","0"],"recognized":1,"nullRecognized":1,"rp":3,"rq":4}
{"type":"angle","q":4,"p":-5,"scale":1,"op":"exp","phase":0,"ok":1,"poly":["1","0","0","0","1"],"real":["-10989394778343770250329775194768820061718132929403692613803124731042190707559249024103","-10989394778343770250329775194768820061718132929403692613803124731042190707557378878361","-283"],"imag":["10989394778343770250329775194768820061718132929403692613803124731042190707557378878361","10989394778343770250329775194768820061718132929403692613803124731042190707559249024103","-283"],"recognized":1,"nullRecognized":1,"rp":3,"rq":8}
{"type":"angle","q":4,"p":-5,"scale":1,"op":"exp","phase":1,"ok":1,"poly":["1","0","0","0","1"],"real":["-6334954781283363607674384089193074018783356057290906722017121035366360050198358966310546015665755521025","-6334954781283363607674384089193074018783356057290906722017121035366360050198358966310546015664681779199","-342"],"imag":["6334954781283363607674384089193074018783356057290906722017121035366360050198358966310546015664681779199","6334954781283363607674384089193074018783356057290906722017121035366360050198358966310546015665755521025","-342"],"recognized":1,"nullRecognized":1,"rp":3,"rq":8}
{"type":"angle","q":4,"p":-5,"scale":1,"op":"sin","phase":0,"ok":1,"poly":["-1","0","2"],"real":["64589857404495231666648405250431531952815765745","64589857404495231666648405250431531953634641679","-156"],"imag":["0","0","0"]}
{"type":"angle","q":4,"p":-5,"scale":1,"op":"sin","phase":1,"ok":1,"poly":["-1","0","2"],"real":["6334954781283363607674384089193074018783356057290906722017121035366360050198358966310546015664681779199","6334954781283363607674384089193074018783356057290906722017121035366360050198358966310546015665755521025","-342"],"imag":["0","0","0"]}
{"type":"angle","q":4,"p":-5,"scale":1,"op":"cos","phase":0,"ok":1,"poly":["-1","0","2"],"real":["-64589857404495231666648405250431531953634641679","-64589857404495231666648405250431531952815765745","-156"],"imag":["0","0","0"]}
{"type":"angle","q":4,"p":-5,"scale":1,"op":"cos","phase":1,"ok":1,"poly":["-1","0","2"],"real":["-6334954781283363607674384089193074018783356057290906722017121035366360050198358966310546015665755521025","-6334954781283363607674384089193074018783356057290906722017121035366360050198358966310546015664681779199","-342"],"imag":["0","0","0"]}
{"type":"angle","q":4,"p":-5,"scale":1,"op":"tan","phase":0,"ok":1,"poly":["1","1"],"real":["-1","-1","0"],"imag":["0","0","0"]}
{"type":"angle","q":4,"p":-5,"scale":1,"op":"tan","phase":1,"ok":1,"poly":["1","1"],"real":["-1","-1","0"],"imag":["0","0","0"]}
{"type":"angle","q":4,"p":-5,"scale":1,"op":"cot","phase":0,"ok":1,"poly":["1","1"],"real":["-1","-1","0"],"imag":["0","0","0"]}
{"type":"angle","q":4,"p":-5,"scale":1,"op":"cot","phase":1,"ok":1,"poly":["1","1"],"real":["-1","-1","0"],"imag":["0","0","0"]}
{"type":"angle","q":4,"p":-5,"scale":1,"op":"sec","phase":0,"ok":1,"poly":["-2","0","1"],"real":["-64589857404495231666648405250431531953634641679","-64589857404495231666648405250431531952815765745","-155"],"imag":["0","0","0"]}
{"type":"angle","q":4,"p":-5,"scale":1,"op":"sec","phase":1,"ok":1,"poly":["-2","0","1"],"real":["-6334954781283363607674384089193074018783356057290906722017121035366360050198358966310546015665755521025","-6334954781283363607674384089193074018783356057290906722017121035366360050198358966310546015664681779199","-341"],"imag":["0","0","0"]}
{"type":"angle","q":4,"p":-5,"scale":1,"op":"csc","phase":0,"ok":1,"poly":["-2","0","1"],"real":["64589857404495231666648405250431531952815765745","64589857404495231666648405250431531953634641679","-155"],"imag":["0","0","0"]}
{"type":"angle","q":4,"p":-5,"scale":1,"op":"csc","phase":1,"ok":1,"poly":["-2","0","1"],"real":["6334954781283363607674384089193074018783356057290906722017121035366360050198358966310546015664681779199","6334954781283363607674384089193074018783356057290906722017121035366360050198358966310546015665755521025","-341"],"imag":["0","0","0"]}
{"type":"angle","q":4,"p":-5,"scale":3,"op":"root","phase":0,"ok":1,"poly":["1","0","1"],"real":["0","0","0"],"imag":["-1","-1","0"],"recognized":1,"nullRecognized":1,"rp":3,"rq":4}
{"type":"angle","q":4,"p":-5,"scale":3,"op":"root","phase":1,"ok":1,"poly":["1","0","1"],"real":["0","0","0"],"imag":["-1","-1","0"],"recognized":1,"nullRecognized":1,"rp":3,"rq":4}
{"type":"angle","q":4,"p":-5,"scale":3,"op":"exp","phase":0,"ok":1,"poly":["1","0","0","0","1"],"real":["-10989394778343770250329775194768820061718132929403692613803124731042190707559249024103","-10989394778343770250329775194768820061718132929403692613803124731042190707557378878361","-283"],"imag":["10989394778343770250329775194768820061718132929403692613803124731042190707557378878361","10989394778343770250329775194768820061718132929403692613803124731042190707559249024103","-283"],"recognized":1,"nullRecognized":1,"rp":3,"rq":8}
{"type":"angle","q":4,"p":-5,"scale":3,"op":"exp","phase":1,"ok":1,"poly":["1","0","0","0","1"],"real":["-6334954781283363607674384089193074018783356057290906722017121035366360050198358966310546015665755521025","-6334954781283363607674384089193074018783356057290906722017121035366360050198358966310546015664681779199","-342"],"imag":["6334954781283363607674384089193074018783356057290906722017121035366360050198358966310546015664681779199","6334954781283363607674384089193074018783356057290906722017121035366360050198358966310546015665755521025","-342"],"recognized":1,"nullRecognized":1,"rp":3,"rq":8}
{"type":"angle","q":4,"p":-5,"scale":3,"op":"sin","phase":0,"ok":1,"poly":["-1","0","2"],"real":["64589857404495231666648405250431531952815765745","64589857404495231666648405250431531953634641679","-156"],"imag":["0","0","0"]}
{"type":"angle","q":4,"p":-5,"scale":3,"op":"sin","phase":1,"ok":1,"poly":["-1","0","2"],"real":["6334954781283363607674384089193074018783356057290906722017121035366360050198358966310546015664681779199","6334954781283363607674384089193074018783356057290906722017121035366360050198358966310546015665755521025","-342"],"imag":["0","0","0"]}
{"type":"angle","q":4,"p":-5,"scale":3,"op":"cos","phase":0,"ok":1,"poly":["-1","0","2"],"real":["-64589857404495231666648405250431531953634641679","-64589857404495231666648405250431531952815765745","-156"],"imag":["0","0","0"]}
{"type":"angle","q":4,"p":-5,"scale":3,"op":"cos","phase":1,"ok":1,"poly":["-1","0","2"],"real":["-6334954781283363607674384089193074018783356057290906722017121035366360050198358966310546015665755521025","-6334954781283363607674384089193074018783356057290906722017121035366360050198358966310546015664681779199","-342"],"imag":["0","0","0"]}
{"type":"angle","q":4,"p":-5,"scale":3,"op":"tan","phase":0,"ok":1,"poly":["1","1"],"real":["-1","-1","0"],"imag":["0","0","0"]}
{"type":"angle","q":4,"p":-5,"scale":3,"op":"tan","phase":1,"ok":1,"poly":["1","1"],"real":["-1","-1","0"],"imag":["0","0","0"]}
{"type":"angle","q":4,"p":-5,"scale":3,"op":"cot","phase":0,"ok":1,"poly":["1","1"],"real":["-1","-1","0"],"imag":["0","0","0"]}
{"type":"angle","q":4,"p":-5,"scale":3,"op":"cot","phase":1,"ok":1,"poly":["1","1"],"real":["-1","-1","0"],"imag":["0","0","0"]}
{"type":"angle","q":4,"p":-5,"scale":3,"op":"sec","phase":0,"ok":1,"poly":["-2","0","1"],"real":["-64589857404495231666648405250431531953634641679","-64589857404495231666648405250431531952815765745","-155"],"imag":["0","0","0"]}
{"type":"angle","q":4,"p":-5,"scale":3,"op":"sec","phase":1,"ok":1,"poly":["-2","0","1"],"real":["-6334954781283363607674384089193074018783356057290906722017121035366360050198358966310546015665755521025","-6334954781283363607674384089193074018783356057290906722017121035366360050198358966310546015664681779199","-341"],"imag":["0","0","0"]}
{"type":"angle","q":4,"p":-5,"scale":3,"op":"csc","phase":0,"ok":1,"poly":["-2","0","1"],"real":["64589857404495231666648405250431531952815765745","64589857404495231666648405250431531953634641679","-155"],"imag":["0","0","0"]}
{"type":"angle","q":4,"p":-5,"scale":3,"op":"csc","phase":1,"ok":1,"poly":["-2","0","1"],"real":["6334954781283363607674384089193074018783356057290906722017121035366360050198358966310546015664681779199","6334954781283363607674384089193074018783356057290906722017121035366360050198358966310546015665755521025","-341"],"imag":["0","0","0"]}
{"type":"angle","q":4,"p":-4,"scale":1,"op":"root","phase":0,"ok":1,"poly":["-1","1"],"real":["1","1","0"],"imag":["0","0","0"],"recognized":1,"nullRecognized":1,"rp":0,"rq":1}
{"type":"angle","q":4,"p":-4,"scale":1,"op":"root","phase":1,"ok":1,"poly":["-1","1"],"real":["1","1","0"],"imag":["0","0","0"],"recognized":1,"nullRecognized":1,"rp":0,"rq":1}
{"type":"angle","q":4,"p":-4,"scale":1,"op":"exp","phase":0,"ok":1,"poly":["1","1"],"real":["-1","-1","0"],"imag":["0","0","0"],"recognized":1,"nullRecognized":1,"rp":1,"rq":2}
{"type":"angle","q":4,"p":-4,"scale":1,"op":"exp","phase":1,"ok":1,"poly":["1","1"],"real":["-1","-1","0"],"imag":["0","0","0"],"recognized":1,"nullRecognized":1,"rp":1,"rq":2}
{"type":"angle","q":4,"p":-4,"scale":1,"op":"sin","phase":0,"ok":1,"poly":["0","1"],"real":["0","0","0"],"imag":["0","0","0"]}
{"type":"angle","q":4,"p":-4,"scale":1,"op":"sin","phase":1,"ok":1,"poly":["0","1"],"real":["0","0","0"],"imag":["0","0","0"]}
{"type":"angle","q":4,"p":-4,"scale":1,"op":"cos","phase":0,"ok":1,"poly":["1","1"],"real":["-1","-1","0"],"imag":["0","0","0"]}
{"type":"angle","q":4,"p":-4,"scale":1,"op":"cos","phase":1,"ok":1,"poly":["1","1"],"real":["-1","-1","0"],"imag":["0","0","0"]}
{"type":"angle","q":4,"p":-4,"scale":1,"op":"tan","phase":0,"ok":1,"poly":["0","1"],"real":["0","0","0"],"imag":["0","0","0"]}
{"type":"angle","q":4,"p":-4,"scale":1,"op":"tan","phase":1,"ok":1,"poly":["0","1"],"real":["0","0","0"],"imag":["0","0","0"]}
{"type":"angle","q":4,"p":-4,"scale":1,"op":"cot","phase":0,"ok":0}
{"type":"angle","q":4,"p":-4,"scale":1,"op":"cot","phase":1,"ok":0}
{"type":"angle","q":4,"p":-4,"scale":1,"op":"sec","phase":0,"ok":1,"poly":["1","1"],"real":["-1","-1","0"],"imag":["0","0","0"]}
{"type":"angle","q":4,"p":-4,"scale":1,"op":"sec","phase":1,"ok":1,"poly":["1","1"],"real":["-1","-1","0"],"imag":["0","0","0"]}
{"type":"angle","q":4,"p":-4,"scale":1,"op":"csc","phase":0,"ok":0}
{"type":"angle","q":4,"p":-4,"scale":1,"op":"csc","phase":1,"ok":0}
{"type":"angle","q":4,"p":-4,"scale":3,"op":"root","phase":0,"ok":1,"poly":["-1","1"],"real":["1","1","0"],"imag":["0","0","0"],"recognized":1,"nullRecognized":1,"rp":0,"rq":1}
{"type":"angle","q":4,"p":-4,"scale":3,"op":"root","phase":1,"ok":1,"poly":["-1","1"],"real":["1","1","0"],"imag":["0","0","0"],"recognized":1,"nullRecognized":1,"rp":0,"rq":1}
{"type":"angle","q":4,"p":-4,"scale":3,"op":"exp","phase":0,"ok":1,"poly":["1","1"],"real":["-1","-1","0"],"imag":["0","0","0"],"recognized":1,"nullRecognized":1,"rp":1,"rq":2}
{"type":"angle","q":4,"p":-4,"scale":3,"op":"exp","phase":1,"ok":1,"poly":["1","1"],"real":["-1","-1","0"],"imag":["0","0","0"],"recognized":1,"nullRecognized":1,"rp":1,"rq":2}
{"type":"angle","q":4,"p":-4,"scale":3,"op":"sin","phase":0,"ok":1,"poly":["0","1"],"real":["0","0","0"],"imag":["0","0","0"]}
{"type":"angle","q":4,"p":-4,"scale":3,"op":"sin","phase":1,"ok":1,"poly":["0","1"],"real":["0","0","0"],"imag":["0","0","0"]}
{"type":"angle","q":4,"p":-4,"scale":3,"op":"cos","phase":0,"ok":1,"poly":["1","1"],"real":["-1","-1","0"],"imag":["0","0","0"]}
{"type":"angle","q":4,"p":-4,"scale":3,"op":"cos","phase":1,"ok":1,"poly":["1","1"],"real":["-1","-1","0"],"imag":["0","0","0"]}
{"type":"angle","q":4,"p":-4,"scale":3,"op":"tan","phase":0,"ok":1,"poly":["0","1"],"real":["0","0","0"],"imag":["0","0","0"]}
{"type":"angle","q":4,"p":-4,"scale":3,"op":"tan","phase":1,"ok":1,"poly":["0","1"],"real":["0","0","0"],"imag":["0","0","0"]}
{"type":"angle","q":4,"p":-4,"scale":3,"op":"cot","phase":0,"ok":0}
{"type":"angle","q":4,"p":-4,"scale":3,"op":"cot","phase":1,"ok":0}
{"type":"angle","q":4,"p":-4,"scale":3,"op":"sec","phase":0,"ok":1,"poly":["1","1"],"real":["-1","-1","0"],"imag":["0","0","0"]}
{"type":"angle","q":4,"p":-4,"scale":3,"op":"sec","phase":1,"ok":1,"poly":["1","1"],"real":["-1","-1","0"],"imag":["0","0","0"]}
{"type":"angle","q":4,"p":-4,"scale":3,"op":"csc","phase":0,"ok":0}
{"type":"angle","q":4,"p":-4,"scale":3,"op":"csc","phase":1,"ok":0}
{"type":"angle","q":4,"p":-3,"scale":1,"op":"root","phase":0,"ok":1,"poly":["1","0","1"],"real":["0","0","0"],"imag":["1","1","0"],"recognized":1,"nullRecognized":1,"rp":1,"rq":4}
{"type":"angle","q":4,"p":-3,"scale":1,"op":"root","phase":1,"ok":1,"poly":["1","0","1"],"real":["0","0","0"],"imag":["1","1","0"],"recognized":1,"nullRecognized":1,"rp":1,"rq":4}
{"type":"angle","q":4,"p":-3,"scale":1,"op":"exp","phase":0,"ok":1,"poly":["1","0","0","0","1"],"real":["-10989394778343770250329775194768820061718132929403692613803124731042190707559249024103","-10989394778343770250329775194768820061718132929403692613803124731042190707557378878361","-283"],"imag":["-10989394778343770250329775194768820061718132929403692613803124731042190707559249024103","-10989394778343770250329775194768820061718132929403692613803124731042190707557378878361","-283"],"recognized":1,"nullRecognized":1,"rp":5,"rq":8}
{"type":"angle","q":4,"p":-3,"scale":1,"op":"exp","phase":1,"ok":1,"poly":["1","0","0","0","1"],"real":["-6334954781283363607674384089193074018783356057290906722017121035366360050198358966310546015665755521025","-6334954781283363607674384089193074018783356057290906722017121035366360050198358966310546015664681779199","-342"],"imag":["-6334954781283363607674384089193074018783356057290906722017121035366360050198358966310546015665755521025","-6334954781283363607674384089193074018783356057290906722017121035366360050198358966310546015664681779199","-342"],"recognized":1,"nullRecognized":1,"rp":5,"rq":8}
{"type":"angle","q":4,"p":-3,"scale":1,"op":"sin","phase":0,"ok":1,"poly":["-1","0","2"],"real":["-64589857404495231666648405250431531953634641679","-64589857404495231666648405250431531952815765745","-156"],"imag":["0","0","0"]}
{"type":"angle","q":4,"p":-3,"scale":1,"op":"sin","phase":1,"ok":1,"poly":["-1","0","2"],"real":["-6334954781283363607674384089193074018783356057290906722017121035366360050198358966310546015665755521025","-6334954781283363607674384089193074018783356057290906722017121035366360050198358966310546015664681779199","-342"],"imag":["0","0","0"]}
{"type":"angle","q":4,"p":-3,"scale":1,"op":"cos","phase":0,"ok":1,"poly":["-1","0","2"],"real":["-64589857404495231666648405250431531953634641679","-64589857404495231666648405250431531952815765745","-156"],"imag":["0","0","0"]}
{"type":"angle","q":4,"p":-3,"scale":1,"op":"cos","phase":1,"ok":1,"poly":["-1","0","2"],"real":["-6334954781283363607674384089193074018783356057290906722017121035366360050198358966310546015665755521025","-6334954781283363607674384089193074018783356057290906722017121035366360050198358966310546015664681779199","-342"],"imag":["0","0","0"]}
{"type":"angle","q":4,"p":-3,"scale":1,"op":"tan","phase":0,"ok":1,"poly":["-1","1"],"real":["1","1","0"],"imag":["0","0","0"]}
{"type":"angle","q":4,"p":-3,"scale":1,"op":"tan","phase":1,"ok":1,"poly":["-1","1"],"real":["1","1","0"],"imag":["0","0","0"]}
{"type":"angle","q":4,"p":-3,"scale":1,"op":"cot","phase":0,"ok":1,"poly":["-1","1"],"real":["1","1","0"],"imag":["0","0","0"]}
{"type":"angle","q":4,"p":-3,"scale":1,"op":"cot","phase":1,"ok":1,"poly":["-1","1"],"real":["1","1","0"],"imag":["0","0","0"]}
{"type":"angle","q":4,"p":-3,"scale":1,"op":"sec","phase":0,"ok":1,"poly":["-2","0","1"],"real":["-64589857404495231666648405250431531953634641679","-64589857404495231666648405250431531952815765745","-155"],"imag":["0","0","0"]}
{"type":"angle","q":4,"p":-3,"scale":1,"op":"sec","phase":1,"ok":1,"poly":["-2","0","1"],"real":["-6334954781283363607674384089193074018783356057290906722017121035366360050198358966310546015665755521025","-6334954781283363607674384089193074018783356057290906722017121035366360050198358966310546015664681779199","-341"],"imag":["0","0","0"]}
{"type":"angle","q":4,"p":-3,"scale":1,"op":"csc","phase":0,"ok":1,"poly":["-2","0","1"],"real":["-64589857404495231666648405250431531953634641679","-64589857404495231666648405250431531952815765745","-155"],"imag":["0","0","0"]}
{"type":"angle","q":4,"p":-3,"scale":1,"op":"csc","phase":1,"ok":1,"poly":["-2","0","1"],"real":["-6334954781283363607674384089193074018783356057290906722017121035366360050198358966310546015665755521025","-6334954781283363607674384089193074018783356057290906722017121035366360050198358966310546015664681779199","-341"],"imag":["0","0","0"]}
{"type":"angle","q":4,"p":-3,"scale":3,"op":"root","phase":0,"ok":1,"poly":["1","0","1"],"real":["0","0","0"],"imag":["1","1","0"],"recognized":1,"nullRecognized":1,"rp":1,"rq":4}
{"type":"angle","q":4,"p":-3,"scale":3,"op":"root","phase":1,"ok":1,"poly":["1","0","1"],"real":["0","0","0"],"imag":["1","1","0"],"recognized":1,"nullRecognized":1,"rp":1,"rq":4}
{"type":"angle","q":4,"p":-3,"scale":3,"op":"exp","phase":0,"ok":1,"poly":["1","0","0","0","1"],"real":["-10989394778343770250329775194768820061718132929403692613803124731042190707559249024103","-10989394778343770250329775194768820061718132929403692613803124731042190707557378878361","-283"],"imag":["-10989394778343770250329775194768820061718132929403692613803124731042190707559249024103","-10989394778343770250329775194768820061718132929403692613803124731042190707557378878361","-283"],"recognized":1,"nullRecognized":1,"rp":5,"rq":8}
{"type":"angle","q":4,"p":-3,"scale":3,"op":"exp","phase":1,"ok":1,"poly":["1","0","0","0","1"],"real":["-6334954781283363607674384089193074018783356057290906722017121035366360050198358966310546015665755521025","-6334954781283363607674384089193074018783356057290906722017121035366360050198358966310546015664681779199","-342"],"imag":["-6334954781283363607674384089193074018783356057290906722017121035366360050198358966310546015665755521025","-6334954781283363607674384089193074018783356057290906722017121035366360050198358966310546015664681779199","-342"],"recognized":1,"nullRecognized":1,"rp":5,"rq":8}
{"type":"angle","q":4,"p":-3,"scale":3,"op":"sin","phase":0,"ok":1,"poly":["-1","0","2"],"real":["-64589857404495231666648405250431531953634641679","-64589857404495231666648405250431531952815765745","-156"],"imag":["0","0","0"]}
{"type":"angle","q":4,"p":-3,"scale":3,"op":"sin","phase":1,"ok":1,"poly":["-1","0","2"],"real":["-6334954781283363607674384089193074018783356057290906722017121035366360050198358966310546015665755521025","-6334954781283363607674384089193074018783356057290906722017121035366360050198358966310546015664681779199","-342"],"imag":["0","0","0"]}
{"type":"angle","q":4,"p":-3,"scale":3,"op":"cos","phase":0,"ok":1,"poly":["-1","0","2"],"real":["-64589857404495231666648405250431531953634641679","-64589857404495231666648405250431531952815765745","-156"],"imag":["0","0","0"]}
{"type":"angle","q":4,"p":-3,"scale":3,"op":"cos","phase":1,"ok":1,"poly":["-1","0","2"],"real":["-6334954781283363607674384089193074018783356057290906722017121035366360050198358966310546015665755521025","-6334954781283363607674384089193074018783356057290906722017121035366360050198358966310546015664681779199","-342"],"imag":["0","0","0"]}
{"type":"angle","q":4,"p":-3,"scale":3,"op":"tan","phase":0,"ok":1,"poly":["-1","1"],"real":["1","1","0"],"imag":["0","0","0"]}
{"type":"angle","q":4,"p":-3,"scale":3,"op":"tan","phase":1,"ok":1,"poly":["-1","1"],"real":["1","1","0"],"imag":["0","0","0"]}
{"type":"angle","q":4,"p":-3,"scale":3,"op":"cot","phase":0,"ok":1,"poly":["-1","1"],"real":["1","1","0"],"imag":["0","0","0"]}
{"type":"angle","q":4,"p":-3,"scale":3,"op":"cot","phase":1,"ok":1,"poly":["-1","1"],"real":["1","1","0"],"imag":["0","0","0"]}
{"type":"angle","q":4,"p":-3,"scale":3,"op":"sec","phase":0,"ok":1,"poly":["-2","0","1"],"real":["-64589857404495231666648405250431531953634641679","-64589857404495231666648405250431531952815765745","-155"],"imag":["0","0","0"]}
{"type":"angle","q":4,"p":-3,"scale":3,"op":"sec","phase":1,"ok":1,"poly":["-2","0","1"],"real":["-6334954781283363607674384089193074018783356057290906722017121035366360050198358966310546015665755521025","-6334954781283363607674384089193074018783356057290906722017121035366360050198358966310546015664681779199","-341"],"imag":["0","0","0"]}
{"type":"angle","q":4,"p":-3,"scale":3,"op":"csc","phase":0,"ok":1,"poly":["-2","0","1"],"real":["-64589857404495231666648405250431531953634641679","-64589857404495231666648405250431531952815765745","-155"],"imag":["0","0","0"]}
{"type":"angle","q":4,"p":-3,"scale":3,"op":"csc","phase":1,"ok":1,"poly":["-2","0","1"],"real":["-6334954781283363607674384089193074018783356057290906722017121035366360050198358966310546015665755521025","-6334954781283363607674384089193074018783356057290906722017121035366360050198358966310546015664681779199","-341"],"imag":["0","0","0"]}
{"type":"angle","q":4,"p":-2,"scale":1,"op":"root","phase":0,"ok":1,"poly":["1","1"],"real":["-1","-1","0"],"imag":["0","0","0"],"recognized":1,"nullRecognized":1,"rp":1,"rq":2}
{"type":"angle","q":4,"p":-2,"scale":1,"op":"root","phase":1,"ok":1,"poly":["1","1"],"real":["-1","-1","0"],"imag":["0","0","0"],"recognized":1,"nullRecognized":1,"rp":1,"rq":2}
{"type":"angle","q":4,"p":-2,"scale":1,"op":"exp","phase":0,"ok":1,"poly":["1","0","1"],"real":["0","0","0"],"imag":["-1","-1","0"],"recognized":1,"nullRecognized":1,"rp":3,"rq":4}
{"type":"angle","q":4,"p":-2,"scale":1,"op":"exp","phase":1,"ok":1,"poly":["1","0","1"],"real":["0","0","0"],"imag":["-1","-1","0"],"recognized":1,"nullRecognized":1,"rp":3,"rq":4}
{"type":"angle","q":4,"p":-2,"scale":1,"op":"sin","phase":0,"ok":1,"poly":["1","1"],"real":["-1","-1","0"],"imag":["0","0","0"]}
{"type":"angle","q":4,"p":-2,"scale":1,"op":"sin","phase":1,"ok":1,"poly":["1","1"],"real":["-1","-1","0"],"imag":["0","0","0"]}
{"type":"angle","q":4,"p":-2,"scale":1,"op":"cos","phase":0,"ok":1,"poly":["0","1"],"real":["0","0","0"],"imag":["0","0","0"]}
{"type":"angle","q":4,"p":-2,"scale":1,"op":"cos","phase":1,"ok":1,"poly":["0","1"],"real":["0","0","0"],"imag":["0","0","0"]}
{"type":"angle","q":4,"p":-2,"scale":1,"op":"tan","phase":0,"ok":0}
{"type":"angle","q":4,"p":-2,"scale":1,"op":"tan","phase":1,"ok":0}
{"type":"angle","q":4,"p":-2,"scale":1,"op":"cot","phase":0,"ok":1,"poly":["0","1"],"real":["0","0","0"],"imag":["0","0","0"]}
{"type":"angle","q":4,"p":-2,"scale":1,"op":"cot","phase":1,"ok":1,"poly":["0","1"],"real":["0","0","0"],"imag":["0","0","0"]}
{"type":"angle","q":4,"p":-2,"scale":1,"op":"sec","phase":0,"ok":0}
{"type":"angle","q":4,"p":-2,"scale":1,"op":"sec","phase":1,"ok":0}
{"type":"angle","q":4,"p":-2,"scale":1,"op":"csc","phase":0,"ok":1,"poly":["1","1"],"real":["-1","-1","0"],"imag":["0","0","0"]}
{"type":"angle","q":4,"p":-2,"scale":1,"op":"csc","phase":1,"ok":1,"poly":["1","1"],"real":["-1","-1","0"],"imag":["0","0","0"]}
{"type":"angle","q":4,"p":-2,"scale":3,"op":"root","phase":0,"ok":1,"poly":["1","1"],"real":["-1","-1","0"],"imag":["0","0","0"],"recognized":1,"nullRecognized":1,"rp":1,"rq":2}
{"type":"angle","q":4,"p":-2,"scale":3,"op":"root","phase":1,"ok":1,"poly":["1","1"],"real":["-1","-1","0"],"imag":["0","0","0"],"recognized":1,"nullRecognized":1,"rp":1,"rq":2}
{"type":"angle","q":4,"p":-2,"scale":3,"op":"exp","phase":0,"ok":1,"poly":["1","0","1"],"real":["0","0","0"],"imag":["-1","-1","0"],"recognized":1,"nullRecognized":1,"rp":3,"rq":4}
{"type":"angle","q":4,"p":-2,"scale":3,"op":"exp","phase":1,"ok":1,"poly":["1","0","1"],"real":["0","0","0"],"imag":["-1","-1","0"],"recognized":1,"nullRecognized":1,"rp":3,"rq":4}
{"type":"angle","q":4,"p":-2,"scale":3,"op":"sin","phase":0,"ok":1,"poly":["1","1"],"real":["-1","-1","0"],"imag":["0","0","0"]}
{"type":"angle","q":4,"p":-2,"scale":3,"op":"sin","phase":1,"ok":1,"poly":["1","1"],"real":["-1","-1","0"],"imag":["0","0","0"]}
{"type":"angle","q":4,"p":-2,"scale":3,"op":"cos","phase":0,"ok":1,"poly":["0","1"],"real":["0","0","0"],"imag":["0","0","0"]}
{"type":"angle","q":4,"p":-2,"scale":3,"op":"cos","phase":1,"ok":1,"poly":["0","1"],"real":["0","0","0"],"imag":["0","0","0"]}
{"type":"angle","q":4,"p":-2,"scale":3,"op":"tan","phase":0,"ok":0}
{"type":"angle","q":4,"p":-2,"scale":3,"op":"tan","phase":1,"ok":0}
{"type":"angle","q":4,"p":-2,"scale":3,"op":"cot","phase":0,"ok":1,"poly":["0","1"],"real":["0","0","0"],"imag":["0","0","0"]}
{"type":"angle","q":4,"p":-2,"scale":3,"op":"cot","phase":1,"ok":1,"poly":["0","1"],"real":["0","0","0"],"imag":["0","0","0"]}
{"type":"angle","q":4,"p":-2,"scale":3,"op":"sec","phase":0,"ok":0}
{"type":"angle","q":4,"p":-2,"scale":3,"op":"sec","phase":1,"ok":0}
{"type":"angle","q":4,"p":-2,"scale":3,"op":"csc","phase":0,"ok":1,"poly":["1","1"],"real":["-1","-1","0"],"imag":["0","0","0"]}
{"type":"angle","q":4,"p":-2,"scale":3,"op":"csc","phase":1,"ok":1,"poly":["1","1"],"real":["-1","-1","0"],"imag":["0","0","0"]}
{"type":"angle","q":4,"p":-1,"scale":1,"op":"root","phase":0,"ok":1,"poly":["1","0","1"],"real":["0","0","0"],"imag":["-1","-1","0"],"recognized":1,"nullRecognized":1,"rp":3,"rq":4}
{"type":"angle","q":4,"p":-1,"scale":1,"op":"root","phase":1,"ok":1,"poly":["1","0","1"],"real":["0","0","0"],"imag":["-1","-1","0"],"recognized":1,"nullRecognized":1,"rp":3,"rq":4}
{"type":"angle","q":4,"p":-1,"scale":1,"op":"exp","phase":0,"ok":1,"poly":["1","0","0","0","1"],"real":["10989394778343770250329775194768820061718132929403692613803124731042190707557378878361","10989394778343770250329775194768820061718132929403692613803124731042190707559249024103","-283"],"imag":["-10989394778343770250329775194768820061718132929403692613803124731042190707559249024103","-10989394778343770250329775194768820061718132929403692613803124731042190707557378878361","-283"],"recognized":1,"nullRecognized":1,"rp":7,"rq":8}
{"type":"angle","q":4,"p":-1,"scale":1,"op":"exp","phase":1,"ok":1,"poly":["1","0","0","0","1"],"real":["6334954781283363607674384089193074018783356057290906722017121035366360050198358966310546015664681779199","6334954781283363607674384089193074018783356057290906722017121035366360050198358966310546015665755521025","-342"],"imag":["-6334954781283363607674384089193074018783356057290906722017121035366360050198358966310546015665755521025","-6334954781283363607674384089193074018783356057290906722017121035366360050198358966310546015664681779199","-342"],"recognized":1,"nullRecognized":1,"rp":7,"rq":8}
{"type":"angle","q":4,"p":-1,"scale":1,"op":"sin","phase":0,"ok":1,"poly":["-1","0","2"],"real":["-64589857404495231666648405250431531953634641679","-64589857404495231666648405250431531952815765745","-156"],"imag":["0","0","0"]}
{"type":"angle","q":4,"p":-1,"scale":1,"op":"sin","phase":1,"ok":1,"poly":["-1","0","2"],"real":["-6334954781283363607674384089193074018783356057290906722017121035366360050198358966310546015665755521025","-6334954781283363607674384089193074018783356057290906722017121035366360050198358966310546015664681779199","-342"],"imag":["0","0","0"]}
{"type":"angle","q":4,"p":-1,"scale":1,"op":"cos","phase":0,"ok":1,"poly":["-1","0","2"],"real":["64589857404495231666648405250431531952815765745","64589857404495231666648405250431531953634641679","-156"],"imag":["0","0","0"]}
{"type":"angle","q":4,"p":-1,"scale":1,"op":"cos","phase":1,"ok":1,"poly":["-1","0","2"],"real":["6334954781283363607674384089193074018783356057290906722017121035366360050198358966310546015664681779199","6334954781283363607674384089193074018783356057290906722017121035366360050198358966310546015665755521025","-342"],"imag":["0","0","0"]}
{"type":"angle","q":4,"p":-1,"scale":1,"op":"tan","phase":0,"ok":1,"poly":["1","1"],"real":["-1","-1","0"],"imag":["0","0","0"]}
{"type":"angle","q":4,"p":-1,"scale":1,"op":"tan","phase":1,"ok":1,"poly":["1","1"],"real":["-1","-1","0"],"imag":["0","0","0"]}
{"type":"angle","q":4,"p":-1,"scale":1,"op":"cot","phase":0,"ok":1,"poly":["1","1"],"real":["-1","-1","0"],"imag":["0","0","0"]}
{"type":"angle","q":4,"p":-1,"scale":1,"op":"cot","phase":1,"ok":1,"poly":["1","1"],"real":["-1","-1","0"],"imag":["0","0","0"]}
{"type":"angle","q":4,"p":-1,"scale":1,"op":"sec","phase":0,"ok":1,"poly":["-2","0","1"],"real":["64589857404495231666648405250431531952815765745","64589857404495231666648405250431531953634641679","-155"],"imag":["0","0","0"]}
{"type":"angle","q":4,"p":-1,"scale":1,"op":"sec","phase":1,"ok":1,"poly":["-2","0","1"],"real":["6334954781283363607674384089193074018783356057290906722017121035366360050198358966310546015664681779199","6334954781283363607674384089193074018783356057290906722017121035366360050198358966310546015665755521025","-341"],"imag":["0","0","0"]}
{"type":"angle","q":4,"p":-1,"scale":1,"op":"csc","phase":0,"ok":1,"poly":["-2","0","1"],"real":["-64589857404495231666648405250431531953634641679","-64589857404495231666648405250431531952815765745","-155"],"imag":["0","0","0"]}
{"type":"angle","q":4,"p":-1,"scale":1,"op":"csc","phase":1,"ok":1,"poly":["-2","0","1"],"real":["-6334954781283363607674384089193074018783356057290906722017121035366360050198358966310546015665755521025","-6334954781283363607674384089193074018783356057290906722017121035366360050198358966310546015664681779199","-341"],"imag":["0","0","0"]}
{"type":"angle","q":4,"p":-1,"scale":3,"op":"root","phase":0,"ok":1,"poly":["1","0","1"],"real":["0","0","0"],"imag":["-1","-1","0"],"recognized":1,"nullRecognized":1,"rp":3,"rq":4}
{"type":"angle","q":4,"p":-1,"scale":3,"op":"root","phase":1,"ok":1,"poly":["1","0","1"],"real":["0","0","0"],"imag":["-1","-1","0"],"recognized":1,"nullRecognized":1,"rp":3,"rq":4}
{"type":"angle","q":4,"p":-1,"scale":3,"op":"exp","phase":0,"ok":1,"poly":["1","0","0","0","1"],"real":["10989394778343770250329775194768820061718132929403692613803124731042190707557378878361","10989394778343770250329775194768820061718132929403692613803124731042190707559249024103","-283"],"imag":["-10989394778343770250329775194768820061718132929403692613803124731042190707559249024103","-10989394778343770250329775194768820061718132929403692613803124731042190707557378878361","-283"],"recognized":1,"nullRecognized":1,"rp":7,"rq":8}
{"type":"angle","q":4,"p":-1,"scale":3,"op":"exp","phase":1,"ok":1,"poly":["1","0","0","0","1"],"real":["6334954781283363607674384089193074018783356057290906722017121035366360050198358966310546015664681779199","6334954781283363607674384089193074018783356057290906722017121035366360050198358966310546015665755521025","-342"],"imag":["-6334954781283363607674384089193074018783356057290906722017121035366360050198358966310546015665755521025","-6334954781283363607674384089193074018783356057290906722017121035366360050198358966310546015664681779199","-342"],"recognized":1,"nullRecognized":1,"rp":7,"rq":8}
{"type":"angle","q":4,"p":-1,"scale":3,"op":"sin","phase":0,"ok":1,"poly":["-1","0","2"],"real":["-64589857404495231666648405250431531953634641679","-64589857404495231666648405250431531952815765745","-156"],"imag":["0","0","0"]}
{"type":"angle","q":4,"p":-1,"scale":3,"op":"sin","phase":1,"ok":1,"poly":["-1","0","2"],"real":["-6334954781283363607674384089193074018783356057290906722017121035366360050198358966310546015665755521025","-6334954781283363607674384089193074018783356057290906722017121035366360050198358966310546015664681779199","-342"],"imag":["0","0","0"]}
{"type":"angle","q":4,"p":-1,"scale":3,"op":"cos","phase":0,"ok":1,"poly":["-1","0","2"],"real":["64589857404495231666648405250431531952815765745","64589857404495231666648405250431531953634641679","-156"],"imag":["0","0","0"]}
{"type":"angle","q":4,"p":-1,"scale":3,"op":"cos","phase":1,"ok":1,"poly":["-1","0","2"],"real":["6334954781283363607674384089193074018783356057290906722017121035366360050198358966310546015664681779199","6334954781283363607674384089193074018783356057290906722017121035366360050198358966310546015665755521025","-342"],"imag":["0","0","0"]}
{"type":"angle","q":4,"p":-1,"scale":3,"op":"tan","phase":0,"ok":1,"poly":["1","1"],"real":["-1","-1","0"],"imag":["0","0","0"]}
{"type":"angle","q":4,"p":-1,"scale":3,"op":"tan","phase":1,"ok":1,"poly":["1","1"],"real":["-1","-1","0"],"imag":["0","0","0"]}
{"type":"angle","q":4,"p":-1,"scale":3,"op":"cot","phase":0,"ok":1,"poly":["1","1"],"real":["-1","-1","0"],"imag":["0","0","0"]}
{"type":"angle","q":4,"p":-1,"scale":3,"op":"cot","phase":1,"ok":1,"poly":["1","1"],"real":["-1","-1","0"],"imag":["0","0","0"]}
{"type":"angle","q":4,"p":-1,"scale":3,"op":"sec","phase":0,"ok":1,"poly":["-2","0","1"],"real":["64589857404495231666648405250431531952815765745","64589857404495231666648405250431531953634641679","-155"],"imag":["0","0","0"]}
{"type":"angle","q":4,"p":-1,"scale":3,"op":"sec","phase":1,"ok":1,"poly":["-2","0","1"],"real":["6334954781283363607674384089193074018783356057290906722017121035366360050198358966310546015664681779199","6334954781283363607674384089193074018783356057290906722017121035366360050198358966310546015665755521025","-341"],"imag":["0","0","0"]}
{"type":"angle","q":4,"p":-1,"scale":3,"op":"csc","phase":0,"ok":1,"poly":["-2","0","1"],"real":["-64589857404495231666648405250431531953634641679","-64589857404495231666648405250431531952815765745","-155"],"imag":["0","0","0"]}
{"type":"angle","q":4,"p":-1,"scale":3,"op":"csc","phase":1,"ok":1,"poly":["-2","0","1"],"real":["-6334954781283363607674384089193074018783356057290906722017121035366360050198358966310546015665755521025","-6334954781283363607674384089193074018783356057290906722017121035366360050198358966310546015664681779199","-341"],"imag":["0","0","0"]}
{"type":"angle","q":4,"p":0,"scale":1,"op":"root","phase":0,"ok":1,"poly":["-1","1"],"real":["1","1","0"],"imag":["0","0","0"],"recognized":1,"nullRecognized":1,"rp":0,"rq":1}
{"type":"angle","q":4,"p":0,"scale":1,"op":"root","phase":1,"ok":1,"poly":["-1","1"],"real":["1","1","0"],"imag":["0","0","0"],"recognized":1,"nullRecognized":1,"rp":0,"rq":1}
{"type":"angle","q":4,"p":0,"scale":1,"op":"exp","phase":0,"ok":1,"poly":["-1","1"],"real":["1","1","0"],"imag":["0","0","0"],"recognized":1,"nullRecognized":1,"rp":0,"rq":1}
{"type":"angle","q":4,"p":0,"scale":1,"op":"exp","phase":1,"ok":1,"poly":["-1","1"],"real":["1","1","0"],"imag":["0","0","0"],"recognized":1,"nullRecognized":1,"rp":0,"rq":1}
{"type":"angle","q":4,"p":0,"scale":1,"op":"sin","phase":0,"ok":1,"poly":["0","1"],"real":["0","0","0"],"imag":["0","0","0"]}
{"type":"angle","q":4,"p":0,"scale":1,"op":"sin","phase":1,"ok":1,"poly":["0","1"],"real":["0","0","0"],"imag":["0","0","0"]}
{"type":"angle","q":4,"p":0,"scale":1,"op":"cos","phase":0,"ok":1,"poly":["-1","1"],"real":["1","1","0"],"imag":["0","0","0"]}
{"type":"angle","q":4,"p":0,"scale":1,"op":"cos","phase":1,"ok":1,"poly":["-1","1"],"real":["1","1","0"],"imag":["0","0","0"]}
{"type":"angle","q":4,"p":0,"scale":1,"op":"tan","phase":0,"ok":1,"poly":["0","1"],"real":["0","0","0"],"imag":["0","0","0"]}
{"type":"angle","q":4,"p":0,"scale":1,"op":"tan","phase":1,"ok":1,"poly":["0","1"],"real":["0","0","0"],"imag":["0","0","0"]}
{"type":"angle","q":4,"p":0,"scale":1,"op":"cot","phase":0,"ok":0}
{"type":"angle","q":4,"p":0,"scale":1,"op":"cot","phase":1,"ok":0}
{"type":"angle","q":4,"p":0,"scale":1,"op":"sec","phase":0,"ok":1,"poly":["-1","1"],"real":["1","1","0"],"imag":["0","0","0"]}
{"type":"angle","q":4,"p":0,"scale":1,"op":"sec","phase":1,"ok":1,"poly":["-1","1"],"real":["1","1","0"],"imag":["0","0","0"]}
{"type":"angle","q":4,"p":0,"scale":1,"op":"csc","phase":0,"ok":0}
{"type":"angle","q":4,"p":0,"scale":1,"op":"csc","phase":1,"ok":0}
{"type":"angle","q":4,"p":0,"scale":3,"op":"root","phase":0,"ok":1,"poly":["-1","1"],"real":["1","1","0"],"imag":["0","0","0"],"recognized":1,"nullRecognized":1,"rp":0,"rq":1}
{"type":"angle","q":4,"p":0,"scale":3,"op":"root","phase":1,"ok":1,"poly":["-1","1"],"real":["1","1","0"],"imag":["0","0","0"],"recognized":1,"nullRecognized":1,"rp":0,"rq":1}
{"type":"angle","q":4,"p":0,"scale":3,"op":"exp","phase":0,"ok":1,"poly":["-1","1"],"real":["1","1","0"],"imag":["0","0","0"],"recognized":1,"nullRecognized":1,"rp":0,"rq":1}
{"type":"angle","q":4,"p":0,"scale":3,"op":"exp","phase":1,"ok":1,"poly":["-1","1"],"real":["1","1","0"],"imag":["0","0","0"],"recognized":1,"nullRecognized":1,"rp":0,"rq":1}
{"type":"angle","q":4,"p":0,"scale":3,"op":"sin","phase":0,"ok":1,"poly":["0","1"],"real":["0","0","0"],"imag":["0","0","0"]}
{"type":"angle","q":4,"p":0,"scale":3,"op":"sin","phase":1,"ok":1,"poly":["0","1"],"real":["0","0","0"],"imag":["0","0","0"]}
{"type":"angle","q":4,"p":0,"scale":3,"op":"cos","phase":0,"ok":1,"poly":["-1","1"],"real":["1","1","0"],"imag":["0","0","0"]}
{"type":"angle","q":4,"p":0,"scale":3,"op":"cos","phase":1,"ok":1,"poly":["-1","1"],"real":["1","1","0"],"imag":["0","0","0"]}
{"type":"angle","q":4,"p":0,"scale":3,"op":"tan","phase":0,"ok":1,"poly":["0","1"],"real":["0","0","0"],"imag":["0","0","0"]}
{"type":"angle","q":4,"p":0,"scale":3,"op":"tan","phase":1,"ok":1,"poly":["0","1"],"real":["0","0","0"],"imag":["0","0","0"]}
{"type":"angle","q":4,"p":0,"scale":3,"op":"cot","phase":0,"ok":0}
{"type":"angle","q":4,"p":0,"scale":3,"op":"cot","phase":1,"ok":0}
{"type":"angle","q":4,"p":0,"scale":3,"op":"sec","phase":0,"ok":1,"poly":["-1","1"],"real":["1","1","0"],"imag":["0","0","0"]}
{"type":"angle","q":4,"p":0,"scale":3,"op":"sec","phase":1,"ok":1,"poly":["-1","1"],"real":["1","1","0"],"imag":["0","0","0"]}
{"type":"angle","q":4,"p":0,"scale":3,"op":"csc","phase":0,"ok":0}
{"type":"angle","q":4,"p":0,"scale":3,"op":"csc","phase":1,"ok":0}
{"type":"angle","q":4,"p":1,"scale":1,"op":"root","phase":0,"ok":1,"poly":["1","0","1"],"real":["0","0","0"],"imag":["1","1","0"],"recognized":1,"nullRecognized":1,"rp":1,"rq":4}
{"type":"angle","q":4,"p":1,"scale":1,"op":"root","phase":1,"ok":1,"poly":["1","0","1"],"real":["0","0","0"],"imag":["1","1","0"],"recognized":1,"nullRecognized":1,"rp":1,"rq":4}
{"type":"angle","q":4,"p":1,"scale":1,"op":"exp","phase":0,"ok":1,"poly":["1","0","0","0","1"],"real":["10989394778343770250329775194768820061718132929403692613803124731042190707557378878361","10989394778343770250329775194768820061718132929403692613803124731042190707559249024103","-283"],"imag":["10989394778343770250329775194768820061718132929403692613803124731042190707557378878361","10989394778343770250329775194768820061718132929403692613803124731042190707559249024103","-283"],"recognized":1,"nullRecognized":1,"rp":1,"rq":8}
{"type":"angle","q":4,"p":1,"scale":1,"op":"exp","phase":1,"ok":1,"poly":["1","0","0","0","1"],"real":["6334954781283363607674384089193074018783356057290906722017121035366360050198358966310546015664681779199","6334954781283363607674384089193074018783356057290906722017121035366360050198358966310546015665755521025","-342"],"imag":["6334954781283363607674384089193074018783356057290906722017121035366360050198358966310546015664681779199","6334954781283363607674384089193074018783356057290906722017121035366360050198358966310546015665755521025","-342"],"recognized":1,"nullRecognized":1,"rp":1,"rq":8}
{"type":"angle","q":4,"p":1,"scale":1,"op":"sin","phase":0,"ok":1,"poly":["-1","0","2"],"real":["64589857404495231666648405250431531952815765745","64589857404495231666648405250431531953634641679","-156"],"imag":["0","0","0"]}
{"type":"angle","q":4,"p":1,"scale":1,"op":"sin","phase":1,"ok":1,"poly":["-1","0","2"],"real":["6334954781283363607674384089193074018783356057290906722017121035366360050198358966310546015664681779199","6334954781283363607674384089193074018783356057290906722017121035366360050198358966310546015665755521025","-342"],"imag":["0","0","0"]}
{"type":"angle","q":4,"p":1,"scale":1,"op":"cos","phase":0,"ok":1,"poly":["-1","0","2"],"real":["64589857404495231666648405250431531952815765745","64589857404495231666648405250431531953634641679","-156"],"imag":["0","0","0"]}
{"type":"angle","q":4,"p":1,"scale":1,"op":"cos","phase":1,"ok":1,"poly":["-1","0","2"],"real":["6334954781283363607674384089193074018783356057290906722017121035366360050198358966310546015664681779199","6334954781283363607674384089193074018783356057290906722017121035366360050198358966310546015665755521025","-342"],"imag":["0","0","0"]}
{"type":"angle","q":4,"p":1,"scale":1,"op":"tan","phase":0,"ok":1,"poly":["-1","1"],"real":["1","1","0"],"imag":["0","0","0"]}
{"type":"angle","q":4,"p":1,"scale":1,"op":"tan","phase":1,"ok":1,"poly":["-1","1"],"real":["1","1","0"],"imag":["0","0","0"]}
{"type":"angle","q":4,"p":1,"scale":1,"op":"cot","phase":0,"ok":1,"poly":["-1","1"],"real":["1","1","0"],"imag":["0","0","0"]}
{"type":"angle","q":4,"p":1,"scale":1,"op":"cot","phase":1,"ok":1,"poly":["-1","1"],"real":["1","1","0"],"imag":["0","0","0"]}
{"type":"angle","q":4,"p":1,"scale":1,"op":"sec","phase":0,"ok":1,"poly":["-2","0","1"],"real":["64589857404495231666648405250431531952815765745","64589857404495231666648405250431531953634641679","-155"],"imag":["0","0","0"]}
{"type":"angle","q":4,"p":1,"scale":1,"op":"sec","phase":1,"ok":1,"poly":["-2","0","1"],"real":["6334954781283363607674384089193074018783356057290906722017121035366360050198358966310546015664681779199","6334954781283363607674384089193074018783356057290906722017121035366360050198358966310546015665755521025","-341"],"imag":["0","0","0"]}
{"type":"angle","q":4,"p":1,"scale":1,"op":"csc","phase":0,"ok":1,"poly":["-2","0","1"],"real":["64589857404495231666648405250431531952815765745","64589857404495231666648405250431531953634641679","-155"],"imag":["0","0","0"]}
{"type":"angle","q":4,"p":1,"scale":1,"op":"csc","phase":1,"ok":1,"poly":["-2","0","1"],"real":["6334954781283363607674384089193074018783356057290906722017121035366360050198358966310546015664681779199","6334954781283363607674384089193074018783356057290906722017121035366360050198358966310546015665755521025","-341"],"imag":["0","0","0"]}
{"type":"angle","q":4,"p":1,"scale":3,"op":"root","phase":0,"ok":1,"poly":["1","0","1"],"real":["0","0","0"],"imag":["1","1","0"],"recognized":1,"nullRecognized":1,"rp":1,"rq":4}
{"type":"angle","q":4,"p":1,"scale":3,"op":"root","phase":1,"ok":1,"poly":["1","0","1"],"real":["0","0","0"],"imag":["1","1","0"],"recognized":1,"nullRecognized":1,"rp":1,"rq":4}
{"type":"angle","q":4,"p":1,"scale":3,"op":"exp","phase":0,"ok":1,"poly":["1","0","0","0","1"],"real":["10989394778343770250329775194768820061718132929403692613803124731042190707557378878361","10989394778343770250329775194768820061718132929403692613803124731042190707559249024103","-283"],"imag":["10989394778343770250329775194768820061718132929403692613803124731042190707557378878361","10989394778343770250329775194768820061718132929403692613803124731042190707559249024103","-283"],"recognized":1,"nullRecognized":1,"rp":1,"rq":8}
{"type":"angle","q":4,"p":1,"scale":3,"op":"exp","phase":1,"ok":1,"poly":["1","0","0","0","1"],"real":["6334954781283363607674384089193074018783356057290906722017121035366360050198358966310546015664681779199","6334954781283363607674384089193074018783356057290906722017121035366360050198358966310546015665755521025","-342"],"imag":["6334954781283363607674384089193074018783356057290906722017121035366360050198358966310546015664681779199","6334954781283363607674384089193074018783356057290906722017121035366360050198358966310546015665755521025","-342"],"recognized":1,"nullRecognized":1,"rp":1,"rq":8}
{"type":"angle","q":4,"p":1,"scale":3,"op":"sin","phase":0,"ok":1,"poly":["-1","0","2"],"real":["64589857404495231666648405250431531952815765745","64589857404495231666648405250431531953634641679","-156"],"imag":["0","0","0"]}
{"type":"angle","q":4,"p":1,"scale":3,"op":"sin","phase":1,"ok":1,"poly":["-1","0","2"],"real":["6334954781283363607674384089193074018783356057290906722017121035366360050198358966310546015664681779199","6334954781283363607674384089193074018783356057290906722017121035366360050198358966310546015665755521025","-342"],"imag":["0","0","0"]}
{"type":"angle","q":4,"p":1,"scale":3,"op":"cos","phase":0,"ok":1,"poly":["-1","0","2"],"real":["64589857404495231666648405250431531952815765745","64589857404495231666648405250431531953634641679","-156"],"imag":["0","0","0"]}
{"type":"angle","q":4,"p":1,"scale":3,"op":"cos","phase":1,"ok":1,"poly":["-1","0","2"],"real":["6334954781283363607674384089193074018783356057290906722017121035366360050198358966310546015664681779199","6334954781283363607674384089193074018783356057290906722017121035366360050198358966310546015665755521025","-342"],"imag":["0","0","0"]}
{"type":"angle","q":4,"p":1,"scale":3,"op":"tan","phase":0,"ok":1,"poly":["-1","1"],"real":["1","1","0"],"imag":["0","0","0"]}
{"type":"angle","q":4,"p":1,"scale":3,"op":"tan","phase":1,"ok":1,"poly":["-1","1"],"real":["1","1","0"],"imag":["0","0","0"]}
{"type":"angle","q":4,"p":1,"scale":3,"op":"cot","phase":0,"ok":1,"poly":["-1","1"],"real":["1","1","0"],"imag":["0","0","0"]}
{"type":"angle","q":4,"p":1,"scale":3,"op":"cot","phase":1,"ok":1,"poly":["-1","1"],"real":["1","1","0"],"imag":["0","0","0"]}
{"type":"angle","q":4,"p":1,"scale":3,"op":"sec","phase":0,"ok":1,"poly":["-2","0","1"],"real":["64589857404495231666648405250431531952815765745","64589857404495231666648405250431531953634641679","-155"],"imag":["0","0","0"]}
{"type":"angle","q":4,"p":1,"scale":3,"op":"sec","phase":1,"ok":1,"poly":["-2","0","1"],"real":["6334954781283363607674384089193074018783356057290906722017121035366360050198358966310546015664681779199","6334954781283363607674384089193074018783356057290906722017121035366360050198358966310546015665755521025","-341"],"imag":["0","0","0"]}
{"type":"angle","q":4,"p":1,"scale":3,"op":"csc","phase":0,"ok":1,"poly":["-2","0","1"],"real":["64589857404495231666648405250431531952815765745","64589857404495231666648405250431531953634641679","-155"],"imag":["0","0","0"]}
{"type":"angle","q":4,"p":1,"scale":3,"op":"csc","phase":1,"ok":1,"poly":["-2","0","1"],"real":["6334954781283363607674384089193074018783356057290906722017121035366360050198358966310546015664681779199","6334954781283363607674384089193074018783356057290906722017121035366360050198358966310546015665755521025","-341"],"imag":["0","0","0"]}
{"type":"angle","q":4,"p":2,"scale":1,"op":"root","phase":0,"ok":1,"poly":["1","1"],"real":["-1","-1","0"],"imag":["0","0","0"],"recognized":1,"nullRecognized":1,"rp":1,"rq":2}
{"type":"angle","q":4,"p":2,"scale":1,"op":"root","phase":1,"ok":1,"poly":["1","1"],"real":["-1","-1","0"],"imag":["0","0","0"],"recognized":1,"nullRecognized":1,"rp":1,"rq":2}
{"type":"angle","q":4,"p":2,"scale":1,"op":"exp","phase":0,"ok":1,"poly":["1","0","1"],"real":["0","0","0"],"imag":["1","1","0"],"recognized":1,"nullRecognized":1,"rp":1,"rq":4}
{"type":"angle","q":4,"p":2,"scale":1,"op":"exp","phase":1,"ok":1,"poly":["1","0","1"],"real":["0","0","0"],"imag":["1","1","0"],"recognized":1,"nullRecognized":1,"rp":1,"rq":4}
{"type":"angle","q":4,"p":2,"scale":1,"op":"sin","phase":0,"ok":1,"poly":["-1","1"],"real":["1","1","0"],"imag":["0","0","0"]}
{"type":"angle","q":4,"p":2,"scale":1,"op":"sin","phase":1,"ok":1,"poly":["-1","1"],"real":["1","1","0"],"imag":["0","0","0"]}
{"type":"angle","q":4,"p":2,"scale":1,"op":"cos","phase":0,"ok":1,"poly":["0","1"],"real":["0","0","0"],"imag":["0","0","0"]}
{"type":"angle","q":4,"p":2,"scale":1,"op":"cos","phase":1,"ok":1,"poly":["0","1"],"real":["0","0","0"],"imag":["0","0","0"]}
{"type":"angle","q":4,"p":2,"scale":1,"op":"tan","phase":0,"ok":0}
{"type":"angle","q":4,"p":2,"scale":1,"op":"tan","phase":1,"ok":0}
{"type":"angle","q":4,"p":2,"scale":1,"op":"cot","phase":0,"ok":1,"poly":["0","1"],"real":["0","0","0"],"imag":["0","0","0"]}
{"type":"angle","q":4,"p":2,"scale":1,"op":"cot","phase":1,"ok":1,"poly":["0","1"],"real":["0","0","0"],"imag":["0","0","0"]}
{"type":"angle","q":4,"p":2,"scale":1,"op":"sec","phase":0,"ok":0}
{"type":"angle","q":4,"p":2,"scale":1,"op":"sec","phase":1,"ok":0}
{"type":"angle","q":4,"p":2,"scale":1,"op":"csc","phase":0,"ok":1,"poly":["-1","1"],"real":["1","1","0"],"imag":["0","0","0"]}
{"type":"angle","q":4,"p":2,"scale":1,"op":"csc","phase":1,"ok":1,"poly":["-1","1"],"real":["1","1","0"],"imag":["0","0","0"]}
{"type":"angle","q":4,"p":2,"scale":3,"op":"root","phase":0,"ok":1,"poly":["1","1"],"real":["-1","-1","0"],"imag":["0","0","0"],"recognized":1,"nullRecognized":1,"rp":1,"rq":2}
{"type":"angle","q":4,"p":2,"scale":3,"op":"root","phase":1,"ok":1,"poly":["1","1"],"real":["-1","-1","0"],"imag":["0","0","0"],"recognized":1,"nullRecognized":1,"rp":1,"rq":2}
{"type":"angle","q":4,"p":2,"scale":3,"op":"exp","phase":0,"ok":1,"poly":["1","0","1"],"real":["0","0","0"],"imag":["1","1","0"],"recognized":1,"nullRecognized":1,"rp":1,"rq":4}
{"type":"angle","q":4,"p":2,"scale":3,"op":"exp","phase":1,"ok":1,"poly":["1","0","1"],"real":["0","0","0"],"imag":["1","1","0"],"recognized":1,"nullRecognized":1,"rp":1,"rq":4}
{"type":"angle","q":4,"p":2,"scale":3,"op":"sin","phase":0,"ok":1,"poly":["-1","1"],"real":["1","1","0"],"imag":["0","0","0"]}
{"type":"angle","q":4,"p":2,"scale":3,"op":"sin","phase":1,"ok":1,"poly":["-1","1"],"real":["1","1","0"],"imag":["0","0","0"]}
{"type":"angle","q":4,"p":2,"scale":3,"op":"cos","phase":0,"ok":1,"poly":["0","1"],"real":["0","0","0"],"imag":["0","0","0"]}
{"type":"angle","q":4,"p":2,"scale":3,"op":"cos","phase":1,"ok":1,"poly":["0","1"],"real":["0","0","0"],"imag":["0","0","0"]}
{"type":"angle","q":4,"p":2,"scale":3,"op":"tan","phase":0,"ok":0}
{"type":"angle","q":4,"p":2,"scale":3,"op":"tan","phase":1,"ok":0}
{"type":"angle","q":4,"p":2,"scale":3,"op":"cot","phase":0,"ok":1,"poly":["0","1"],"real":["0","0","0"],"imag":["0","0","0"]}
{"type":"angle","q":4,"p":2,"scale":3,"op":"cot","phase":1,"ok":1,"poly":["0","1"],"real":["0","0","0"],"imag":["0","0","0"]}
{"type":"angle","q":4,"p":2,"scale":3,"op":"sec","phase":0,"ok":0}
{"type":"angle","q":4,"p":2,"scale":3,"op":"sec","phase":1,"ok":0}
{"type":"angle","q":4,"p":2,"scale":3,"op":"csc","phase":0,"ok":1,"poly":["-1","1"],"real":["1","1","0"],"imag":["0","0","0"]}
{"type":"angle","q":4,"p":2,"scale":3,"op":"csc","phase":1,"ok":1,"poly":["-1","1"],"real":["1","1","0"],"imag":["0","0","0"]}
{"type":"angle","q":4,"p":3,"scale":1,"op":"root","phase":0,"ok":1,"poly":["1","0","1"],"real":["0","0","0"],"imag":["-1","-1","0"],"recognized":1,"nullRecognized":1,"rp":3,"rq":4}
{"type":"angle","q":4,"p":3,"scale":1,"op":"root","phase":1,"ok":1,"poly":["1","0","1"],"real":["0","0","0"],"imag":["-1","-1","0"],"recognized":1,"nullRecognized":1,"rp":3,"rq":4}
{"type":"angle","q":4,"p":3,"scale":1,"op":"exp","phase":0,"ok":1,"poly":["1","0","0","0","1"],"real":["-10989394778343770250329775194768820061718132929403692613803124731042190707559249024103","-10989394778343770250329775194768820061718132929403692613803124731042190707557378878361","-283"],"imag":["10989394778343770250329775194768820061718132929403692613803124731042190707557378878361","10989394778343770250329775194768820061718132929403692613803124731042190707559249024103","-283"],"recognized":1,"nullRecognized":1,"rp":3,"rq":8}
{"type":"angle","q":4,"p":3,"scale":1,"op":"exp","phase":1,"ok":1,"poly":["1","0","0","0","1"],"real":["-6334954781283363607674384089193074018783356057290906722017121035366360050198358966310546015665755521025","-6334954781283363607674384089193074018783356057290906722017121035366360050198358966310546015664681779199","-342"],"imag":["6334954781283363607674384089193074018783356057290906722017121035366360050198358966310546015664681779199","6334954781283363607674384089193074018783356057290906722017121035366360050198358966310546015665755521025","-342"],"recognized":1,"nullRecognized":1,"rp":3,"rq":8}
{"type":"angle","q":4,"p":3,"scale":1,"op":"sin","phase":0,"ok":1,"poly":["-1","0","2"],"real":["64589857404495231666648405250431531952815765745","64589857404495231666648405250431531953634641679","-156"],"imag":["0","0","0"]}
{"type":"angle","q":4,"p":3,"scale":1,"op":"sin","phase":1,"ok":1,"poly":["-1","0","2"],"real":["6334954781283363607674384089193074018783356057290906722017121035366360050198358966310546015664681779199","6334954781283363607674384089193074018783356057290906722017121035366360050198358966310546015665755521025","-342"],"imag":["0","0","0"]}
{"type":"angle","q":4,"p":3,"scale":1,"op":"cos","phase":0,"ok":1,"poly":["-1","0","2"],"real":["-64589857404495231666648405250431531953634641679","-64589857404495231666648405250431531952815765745","-156"],"imag":["0","0","0"]}
{"type":"angle","q":4,"p":3,"scale":1,"op":"cos","phase":1,"ok":1,"poly":["-1","0","2"],"real":["-6334954781283363607674384089193074018783356057290906722017121035366360050198358966310546015665755521025","-6334954781283363607674384089193074018783356057290906722017121035366360050198358966310546015664681779199","-342"],"imag":["0","0","0"]}
{"type":"angle","q":4,"p":3,"scale":1,"op":"tan","phase":0,"ok":1,"poly":["1","1"],"real":["-1","-1","0"],"imag":["0","0","0"]}
{"type":"angle","q":4,"p":3,"scale":1,"op":"tan","phase":1,"ok":1,"poly":["1","1"],"real":["-1","-1","0"],"imag":["0","0","0"]}
{"type":"angle","q":4,"p":3,"scale":1,"op":"cot","phase":0,"ok":1,"poly":["1","1"],"real":["-1","-1","0"],"imag":["0","0","0"]}
{"type":"angle","q":4,"p":3,"scale":1,"op":"cot","phase":1,"ok":1,"poly":["1","1"],"real":["-1","-1","0"],"imag":["0","0","0"]}
{"type":"angle","q":4,"p":3,"scale":1,"op":"sec","phase":0,"ok":1,"poly":["-2","0","1"],"real":["-64589857404495231666648405250431531953634641679","-64589857404495231666648405250431531952815765745","-155"],"imag":["0","0","0"]}
{"type":"angle","q":4,"p":3,"scale":1,"op":"sec","phase":1,"ok":1,"poly":["-2","0","1"],"real":["-6334954781283363607674384089193074018783356057290906722017121035366360050198358966310546015665755521025","-6334954781283363607674384089193074018783356057290906722017121035366360050198358966310546015664681779199","-341"],"imag":["0","0","0"]}
{"type":"angle","q":4,"p":3,"scale":1,"op":"csc","phase":0,"ok":1,"poly":["-2","0","1"],"real":["64589857404495231666648405250431531952815765745","64589857404495231666648405250431531953634641679","-155"],"imag":["0","0","0"]}
{"type":"angle","q":4,"p":3,"scale":1,"op":"csc","phase":1,"ok":1,"poly":["-2","0","1"],"real":["6334954781283363607674384089193074018783356057290906722017121035366360050198358966310546015664681779199","6334954781283363607674384089193074018783356057290906722017121035366360050198358966310546015665755521025","-341"],"imag":["0","0","0"]}
{"type":"angle","q":4,"p":3,"scale":3,"op":"root","phase":0,"ok":1,"poly":["1","0","1"],"real":["0","0","0"],"imag":["-1","-1","0"],"recognized":1,"nullRecognized":1,"rp":3,"rq":4}
{"type":"angle","q":4,"p":3,"scale":3,"op":"root","phase":1,"ok":1,"poly":["1","0","1"],"real":["0","0","0"],"imag":["-1","-1","0"],"recognized":1,"nullRecognized":1,"rp":3,"rq":4}
{"type":"angle","q":4,"p":3,"scale":3,"op":"exp","phase":0,"ok":1,"poly":["1","0","0","0","1"],"real":["-10989394778343770250329775194768820061718132929403692613803124731042190707559249024103","-10989394778343770250329775194768820061718132929403692613803124731042190707557378878361","-283"],"imag":["10989394778343770250329775194768820061718132929403692613803124731042190707557378878361","10989394778343770250329775194768820061718132929403692613803124731042190707559249024103","-283"],"recognized":1,"nullRecognized":1,"rp":3,"rq":8}
{"type":"angle","q":4,"p":3,"scale":3,"op":"exp","phase":1,"ok":1,"poly":["1","0","0","0","1"],"real":["-6334954781283363607674384089193074018783356057290906722017121035366360050198358966310546015665755521025","-6334954781283363607674384089193074018783356057290906722017121035366360050198358966310546015664681779199","-342"],"imag":["6334954781283363607674384089193074018783356057290906722017121035366360050198358966310546015664681779199","6334954781283363607674384089193074018783356057290906722017121035366360050198358966310546015665755521025","-342"],"recognized":1,"nullRecognized":1,"rp":3,"rq":8}
{"type":"angle","q":4,"p":3,"scale":3,"op":"sin","phase":0,"ok":1,"poly":["-1","0","2"],"real":["64589857404495231666648405250431531952815765745","64589857404495231666648405250431531953634641679","-156"],"imag":["0","0","0"]}
{"type":"angle","q":4,"p":3,"scale":3,"op":"sin","phase":1,"ok":1,"poly":["-1","0","2"],"real":["6334954781283363607674384089193074018783356057290906722017121035366360050198358966310546015664681779199","6334954781283363607674384089193074018783356057290906722017121035366360050198358966310546015665755521025","-342"],"imag":["0","0","0"]}
{"type":"angle","q":4,"p":3,"scale":3,"op":"cos","phase":0,"ok":1,"poly":["-1","0","2"],"real":["-64589857404495231666648405250431531953634641679","-64589857404495231666648405250431531952815765745","-156"],"imag":["0","0","0"]}
{"type":"angle","q":4,"p":3,"scale":3,"op":"cos","phase":1,"ok":1,"poly":["-1","0","2"],"real":["-6334954781283363607674384089193074018783356057290906722017121035366360050198358966310546015665755521025","-6334954781283363607674384089193074018783356057290906722017121035366360050198358966310546015664681779199","-342"],"imag":["0","0","0"]}
{"type":"angle","q":4,"p":3,"scale":3,"op":"tan","phase":0,"ok":1,"poly":["1","1"],"real":["-1","-1","0"],"imag":["0","0","0"]}
{"type":"angle","q":4,"p":3,"scale":3,"op":"tan","phase":1,"ok":1,"poly":["1","1"],"real":["-1","-1","0"],"imag":["0","0","0"]}
{"type":"angle","q":4,"p":3,"scale":3,"op":"cot","phase":0,"ok":1,"poly":["1","1"],"real":["-1","-1","0"],"imag":["0","0","0"]}
{"type":"angle","q":4,"p":3,"scale":3,"op":"cot","phase":1,"ok":1,"poly":["1","1"],"real":["-1","-1","0"],"imag":["0","0","0"]}
{"type":"angle","q":4,"p":3,"scale":3,"op":"sec","phase":0,"ok":1,"poly":["-2","0","1"],"real":["-64589857404495231666648405250431531953634641679","-64589857404495231666648405250431531952815765745","-155"],"imag":["0","0","0"]}
{"type":"angle","q":4,"p":3,"scale":3,"op":"sec","phase":1,"ok":1,"poly":["-2","0","1"],"real":["-6334954781283363607674384089193074018783356057290906722017121035366360050198358966310546015665755521025","-6334954781283363607674384089193074018783356057290906722017121035366360050198358966310546015664681779199","-341"],"imag":["0","0","0"]}
{"type":"angle","q":4,"p":3,"scale":3,"op":"csc","phase":0,"ok":1,"poly":["-2","0","1"],"real":["64589857404495231666648405250431531952815765745","64589857404495231666648405250431531953634641679","-155"],"imag":["0","0","0"]}
{"type":"angle","q":4,"p":3,"scale":3,"op":"csc","phase":1,"ok":1,"poly":["-2","0","1"],"real":["6334954781283363607674384089193074018783356057290906722017121035366360050198358966310546015664681779199","6334954781283363607674384089193074018783356057290906722017121035366360050198358966310546015665755521025","-341"],"imag":["0","0","0"]}
{"type":"angle","q":4,"p":4,"scale":1,"op":"root","phase":0,"ok":1,"poly":["-1","1"],"real":["1","1","0"],"imag":["0","0","0"],"recognized":1,"nullRecognized":1,"rp":0,"rq":1}
{"type":"angle","q":4,"p":4,"scale":1,"op":"root","phase":1,"ok":1,"poly":["-1","1"],"real":["1","1","0"],"imag":["0","0","0"],"recognized":1,"nullRecognized":1,"rp":0,"rq":1}
{"type":"angle","q":4,"p":4,"scale":1,"op":"exp","phase":0,"ok":1,"poly":["1","1"],"real":["-1","-1","0"],"imag":["0","0","0"],"recognized":1,"nullRecognized":1,"rp":1,"rq":2}
{"type":"angle","q":4,"p":4,"scale":1,"op":"exp","phase":1,"ok":1,"poly":["1","1"],"real":["-1","-1","0"],"imag":["0","0","0"],"recognized":1,"nullRecognized":1,"rp":1,"rq":2}
{"type":"angle","q":4,"p":4,"scale":1,"op":"sin","phase":0,"ok":1,"poly":["0","1"],"real":["0","0","0"],"imag":["0","0","0"]}
{"type":"angle","q":4,"p":4,"scale":1,"op":"sin","phase":1,"ok":1,"poly":["0","1"],"real":["0","0","0"],"imag":["0","0","0"]}
{"type":"angle","q":4,"p":4,"scale":1,"op":"cos","phase":0,"ok":1,"poly":["1","1"],"real":["-1","-1","0"],"imag":["0","0","0"]}
{"type":"angle","q":4,"p":4,"scale":1,"op":"cos","phase":1,"ok":1,"poly":["1","1"],"real":["-1","-1","0"],"imag":["0","0","0"]}
{"type":"angle","q":4,"p":4,"scale":1,"op":"tan","phase":0,"ok":1,"poly":["0","1"],"real":["0","0","0"],"imag":["0","0","0"]}
{"type":"angle","q":4,"p":4,"scale":1,"op":"tan","phase":1,"ok":1,"poly":["0","1"],"real":["0","0","0"],"imag":["0","0","0"]}
{"type":"angle","q":4,"p":4,"scale":1,"op":"cot","phase":0,"ok":0}
{"type":"angle","q":4,"p":4,"scale":1,"op":"cot","phase":1,"ok":0}
{"type":"angle","q":4,"p":4,"scale":1,"op":"sec","phase":0,"ok":1,"poly":["1","1"],"real":["-1","-1","0"],"imag":["0","0","0"]}
{"type":"angle","q":4,"p":4,"scale":1,"op":"sec","phase":1,"ok":1,"poly":["1","1"],"real":["-1","-1","0"],"imag":["0","0","0"]}
{"type":"angle","q":4,"p":4,"scale":1,"op":"csc","phase":0,"ok":0}
{"type":"angle","q":4,"p":4,"scale":1,"op":"csc","phase":1,"ok":0}
{"type":"angle","q":4,"p":4,"scale":3,"op":"root","phase":0,"ok":1,"poly":["-1","1"],"real":["1","1","0"],"imag":["0","0","0"],"recognized":1,"nullRecognized":1,"rp":0,"rq":1}
{"type":"angle","q":4,"p":4,"scale":3,"op":"root","phase":1,"ok":1,"poly":["-1","1"],"real":["1","1","0"],"imag":["0","0","0"],"recognized":1,"nullRecognized":1,"rp":0,"rq":1}
{"type":"angle","q":4,"p":4,"scale":3,"op":"exp","phase":0,"ok":1,"poly":["1","1"],"real":["-1","-1","0"],"imag":["0","0","0"],"recognized":1,"nullRecognized":1,"rp":1,"rq":2}
{"type":"angle","q":4,"p":4,"scale":3,"op":"exp","phase":1,"ok":1,"poly":["1","1"],"real":["-1","-1","0"],"imag":["0","0","0"],"recognized":1,"nullRecognized":1,"rp":1,"rq":2}
{"type":"angle","q":4,"p":4,"scale":3,"op":"sin","phase":0,"ok":1,"poly":["0","1"],"real":["0","0","0"],"imag":["0","0","0"]}
{"type":"angle","q":4,"p":4,"scale":3,"op":"sin","phase":1,"ok":1,"poly":["0","1"],"real":["0","0","0"],"imag":["0","0","0"]}
{"type":"angle","q":4,"p":4,"scale":3,"op":"cos","phase":0,"ok":1,"poly":["1","1"],"real":["-1","-1","0"],"imag":["0","0","0"]}
{"type":"angle","q":4,"p":4,"scale":3,"op":"cos","phase":1,"ok":1,"poly":["1","1"],"real":["-1","-1","0"],"imag":["0","0","0"]}
{"type":"angle","q":4,"p":4,"scale":3,"op":"tan","phase":0,"ok":1,"poly":["0","1"],"real":["0","0","0"],"imag":["0","0","0"]}
{"type":"angle","q":4,"p":4,"scale":3,"op":"tan","phase":1,"ok":1,"poly":["0","1"],"real":["0","0","0"],"imag":["0","0","0"]}
{"type":"angle","q":4,"p":4,"scale":3,"op":"cot","phase":0,"ok":0}
{"type":"angle","q":4,"p":4,"scale":3,"op":"cot","phase":1,"ok":0}
{"type":"angle","q":4,"p":4,"scale":3,"op":"sec","phase":0,"ok":1,"poly":["1","1"],"real":["-1","-1","0"],"imag":["0","0","0"]}
{"type":"angle","q":4,"p":4,"scale":3,"op":"sec","phase":1,"ok":1,"poly":["1","1"],"real":["-1","-1","0"],"imag":["0","0","0"]}
{"type":"angle","q":4,"p":4,"scale":3,"op":"csc","phase":0,"ok":0}
{"type":"angle","q":4,"p":4,"scale":3,"op":"csc","phase":1,"ok":0}
{"type":"angle","q":4,"p":5,"scale":1,"op":"root","phase":0,"ok":1,"poly":["1","0","1"],"real":["0","0","0"],"imag":["1","1","0"],"recognized":1,"nullRecognized":1,"rp":1,"rq":4}
{"type":"angle","q":4,"p":5,"scale":1,"op":"root","phase":1,"ok":1,"poly":["1","0","1"],"real":["0","0","0"],"imag":["1","1","0"],"recognized":1,"nullRecognized":1,"rp":1,"rq":4}
{"type":"angle","q":4,"p":5,"scale":1,"op":"exp","phase":0,"ok":1,"poly":["1","0","0","0","1"],"real":["-10989394778343770250329775194768820061718132929403692613803124731042190707559249024103","-10989394778343770250329775194768820061718132929403692613803124731042190707557378878361","-283"],"imag":["-10989394778343770250329775194768820061718132929403692613803124731042190707559249024103","-10989394778343770250329775194768820061718132929403692613803124731042190707557378878361","-283"],"recognized":1,"nullRecognized":1,"rp":5,"rq":8}
{"type":"angle","q":4,"p":5,"scale":1,"op":"exp","phase":1,"ok":1,"poly":["1","0","0","0","1"],"real":["-6334954781283363607674384089193074018783356057290906722017121035366360050198358966310546015665755521025","-6334954781283363607674384089193074018783356057290906722017121035366360050198358966310546015664681779199","-342"],"imag":["-6334954781283363607674384089193074018783356057290906722017121035366360050198358966310546015665755521025","-6334954781283363607674384089193074018783356057290906722017121035366360050198358966310546015664681779199","-342"],"recognized":1,"nullRecognized":1,"rp":5,"rq":8}
{"type":"angle","q":4,"p":5,"scale":1,"op":"sin","phase":0,"ok":1,"poly":["-1","0","2"],"real":["-64589857404495231666648405250431531953634641679","-64589857404495231666648405250431531952815765745","-156"],"imag":["0","0","0"]}
{"type":"angle","q":4,"p":5,"scale":1,"op":"sin","phase":1,"ok":1,"poly":["-1","0","2"],"real":["-6334954781283363607674384089193074018783356057290906722017121035366360050198358966310546015665755521025","-6334954781283363607674384089193074018783356057290906722017121035366360050198358966310546015664681779199","-342"],"imag":["0","0","0"]}
{"type":"angle","q":4,"p":5,"scale":1,"op":"cos","phase":0,"ok":1,"poly":["-1","0","2"],"real":["-64589857404495231666648405250431531953634641679","-64589857404495231666648405250431531952815765745","-156"],"imag":["0","0","0"]}
{"type":"angle","q":4,"p":5,"scale":1,"op":"cos","phase":1,"ok":1,"poly":["-1","0","2"],"real":["-6334954781283363607674384089193074018783356057290906722017121035366360050198358966310546015665755521025","-6334954781283363607674384089193074018783356057290906722017121035366360050198358966310546015664681779199","-342"],"imag":["0","0","0"]}
{"type":"angle","q":4,"p":5,"scale":1,"op":"tan","phase":0,"ok":1,"poly":["-1","1"],"real":["1","1","0"],"imag":["0","0","0"]}
{"type":"angle","q":4,"p":5,"scale":1,"op":"tan","phase":1,"ok":1,"poly":["-1","1"],"real":["1","1","0"],"imag":["0","0","0"]}
{"type":"angle","q":4,"p":5,"scale":1,"op":"cot","phase":0,"ok":1,"poly":["-1","1"],"real":["1","1","0"],"imag":["0","0","0"]}
{"type":"angle","q":4,"p":5,"scale":1,"op":"cot","phase":1,"ok":1,"poly":["-1","1"],"real":["1","1","0"],"imag":["0","0","0"]}
{"type":"angle","q":4,"p":5,"scale":1,"op":"sec","phase":0,"ok":1,"poly":["-2","0","1"],"real":["-64589857404495231666648405250431531953634641679","-64589857404495231666648405250431531952815765745","-155"],"imag":["0","0","0"]}
{"type":"angle","q":4,"p":5,"scale":1,"op":"sec","phase":1,"ok":1,"poly":["-2","0","1"],"real":["-6334954781283363607674384089193074018783356057290906722017121035366360050198358966310546015665755521025","-6334954781283363607674384089193074018783356057290906722017121035366360050198358966310546015664681779199","-341"],"imag":["0","0","0"]}
{"type":"angle","q":4,"p":5,"scale":1,"op":"csc","phase":0,"ok":1,"poly":["-2","0","1"],"real":["-64589857404495231666648405250431531953634641679","-64589857404495231666648405250431531952815765745","-155"],"imag":["0","0","0"]}
{"type":"angle","q":4,"p":5,"scale":1,"op":"csc","phase":1,"ok":1,"poly":["-2","0","1"],"real":["-6334954781283363607674384089193074018783356057290906722017121035366360050198358966310546015665755521025","-6334954781283363607674384089193074018783356057290906722017121035366360050198358966310546015664681779199","-341"],"imag":["0","0","0"]}
{"type":"angle","q":4,"p":5,"scale":3,"op":"root","phase":0,"ok":1,"poly":["1","0","1"],"real":["0","0","0"],"imag":["1","1","0"],"recognized":1,"nullRecognized":1,"rp":1,"rq":4}
{"type":"angle","q":4,"p":5,"scale":3,"op":"root","phase":1,"ok":1,"poly":["1","0","1"],"real":["0","0","0"],"imag":["1","1","0"],"recognized":1,"nullRecognized":1,"rp":1,"rq":4}
{"type":"angle","q":4,"p":5,"scale":3,"op":"exp","phase":0,"ok":1,"poly":["1","0","0","0","1"],"real":["-10989394778343770250329775194768820061718132929403692613803124731042190707559249024103","-10989394778343770250329775194768820061718132929403692613803124731042190707557378878361","-283"],"imag":["-10989394778343770250329775194768820061718132929403692613803124731042190707559249024103","-10989394778343770250329775194768820061718132929403692613803124731042190707557378878361","-283"],"recognized":1,"nullRecognized":1,"rp":5,"rq":8}
{"type":"angle","q":4,"p":5,"scale":3,"op":"exp","phase":1,"ok":1,"poly":["1","0","0","0","1"],"real":["-6334954781283363607674384089193074018783356057290906722017121035366360050198358966310546015665755521025","-6334954781283363607674384089193074018783356057290906722017121035366360050198358966310546015664681779199","-342"],"imag":["-6334954781283363607674384089193074018783356057290906722017121035366360050198358966310546015665755521025","-6334954781283363607674384089193074018783356057290906722017121035366360050198358966310546015664681779199","-342"],"recognized":1,"nullRecognized":1,"rp":5,"rq":8}
{"type":"angle","q":4,"p":5,"scale":3,"op":"sin","phase":0,"ok":1,"poly":["-1","0","2"],"real":["-64589857404495231666648405250431531953634641679","-64589857404495231666648405250431531952815765745","-156"],"imag":["0","0","0"]}
{"type":"angle","q":4,"p":5,"scale":3,"op":"sin","phase":1,"ok":1,"poly":["-1","0","2"],"real":["-6334954781283363607674384089193074018783356057290906722017121035366360050198358966310546015665755521025","-6334954781283363607674384089193074018783356057290906722017121035366360050198358966310546015664681779199","-342"],"imag":["0","0","0"]}
{"type":"angle","q":4,"p":5,"scale":3,"op":"cos","phase":0,"ok":1,"poly":["-1","0","2"],"real":["-64589857404495231666648405250431531953634641679","-64589857404495231666648405250431531952815765745","-156"],"imag":["0","0","0"]}
{"type":"angle","q":4,"p":5,"scale":3,"op":"cos","phase":1,"ok":1,"poly":["-1","0","2"],"real":["-6334954781283363607674384089193074018783356057290906722017121035366360050198358966310546015665755521025","-6334954781283363607674384089193074018783356057290906722017121035366360050198358966310546015664681779199","-342"],"imag":["0","0","0"]}
{"type":"angle","q":4,"p":5,"scale":3,"op":"tan","phase":0,"ok":1,"poly":["-1","1"],"real":["1","1","0"],"imag":["0","0","0"]}
{"type":"angle","q":4,"p":5,"scale":3,"op":"tan","phase":1,"ok":1,"poly":["-1","1"],"real":["1","1","0"],"imag":["0","0","0"]}
{"type":"angle","q":4,"p":5,"scale":3,"op":"cot","phase":0,"ok":1,"poly":["-1","1"],"real":["1","1","0"],"imag":["0","0","0"]}
{"type":"angle","q":4,"p":5,"scale":3,"op":"cot","phase":1,"ok":1,"poly":["-1","1"],"real":["1","1","0"],"imag":["0","0","0"]}
{"type":"angle","q":4,"p":5,"scale":3,"op":"sec","phase":0,"ok":1,"poly":["-2","0","1"],"real":["-64589857404495231666648405250431531953634641679","-64589857404495231666648405250431531952815765745","-155"],"imag":["0","0","0"]}
{"type":"angle","q":4,"p":5,"scale":3,"op":"sec","phase":1,"ok":1,"poly":["-2","0","1"],"real":["-6334954781283363607674384089193074018783356057290906722017121035366360050198358966310546015665755521025","-6334954781283363607674384089193074018783356057290906722017121035366360050198358966310546015664681779199","-341"],"imag":["0","0","0"]}
{"type":"angle","q":4,"p":5,"scale":3,"op":"csc","phase":0,"ok":1,"poly":["-2","0","1"],"real":["-64589857404495231666648405250431531953634641679","-64589857404495231666648405250431531952815765745","-155"],"imag":["0","0","0"]}
{"type":"angle","q":4,"p":5,"scale":3,"op":"csc","phase":1,"ok":1,"poly":["-2","0","1"],"real":["-6334954781283363607674384089193074018783356057290906722017121035366360050198358966310546015665755521025","-6334954781283363607674384089193074018783356057290906722017121035366360050198358966310546015664681779199","-341"],"imag":["0","0","0"]}
{"type":"angle","q":4,"p":6,"scale":1,"op":"root","phase":0,"ok":1,"poly":["1","1"],"real":["-1","-1","0"],"imag":["0","0","0"],"recognized":1,"nullRecognized":1,"rp":1,"rq":2}
{"type":"angle","q":4,"p":6,"scale":1,"op":"root","phase":1,"ok":1,"poly":["1","1"],"real":["-1","-1","0"],"imag":["0","0","0"],"recognized":1,"nullRecognized":1,"rp":1,"rq":2}
{"type":"angle","q":4,"p":6,"scale":1,"op":"exp","phase":0,"ok":1,"poly":["1","0","1"],"real":["0","0","0"],"imag":["-1","-1","0"],"recognized":1,"nullRecognized":1,"rp":3,"rq":4}
{"type":"angle","q":4,"p":6,"scale":1,"op":"exp","phase":1,"ok":1,"poly":["1","0","1"],"real":["0","0","0"],"imag":["-1","-1","0"],"recognized":1,"nullRecognized":1,"rp":3,"rq":4}
{"type":"angle","q":4,"p":6,"scale":1,"op":"sin","phase":0,"ok":1,"poly":["1","1"],"real":["-1","-1","0"],"imag":["0","0","0"]}
{"type":"angle","q":4,"p":6,"scale":1,"op":"sin","phase":1,"ok":1,"poly":["1","1"],"real":["-1","-1","0"],"imag":["0","0","0"]}
{"type":"angle","q":4,"p":6,"scale":1,"op":"cos","phase":0,"ok":1,"poly":["0","1"],"real":["0","0","0"],"imag":["0","0","0"]}
{"type":"angle","q":4,"p":6,"scale":1,"op":"cos","phase":1,"ok":1,"poly":["0","1"],"real":["0","0","0"],"imag":["0","0","0"]}
{"type":"angle","q":4,"p":6,"scale":1,"op":"tan","phase":0,"ok":0}
{"type":"angle","q":4,"p":6,"scale":1,"op":"tan","phase":1,"ok":0}
{"type":"angle","q":4,"p":6,"scale":1,"op":"cot","phase":0,"ok":1,"poly":["0","1"],"real":["0","0","0"],"imag":["0","0","0"]}
{"type":"angle","q":4,"p":6,"scale":1,"op":"cot","phase":1,"ok":1,"poly":["0","1"],"real":["0","0","0"],"imag":["0","0","0"]}
{"type":"angle","q":4,"p":6,"scale":1,"op":"sec","phase":0,"ok":0}
{"type":"angle","q":4,"p":6,"scale":1,"op":"sec","phase":1,"ok":0}
{"type":"angle","q":4,"p":6,"scale":1,"op":"csc","phase":0,"ok":1,"poly":["1","1"],"real":["-1","-1","0"],"imag":["0","0","0"]}
{"type":"angle","q":4,"p":6,"scale":1,"op":"csc","phase":1,"ok":1,"poly":["1","1"],"real":["-1","-1","0"],"imag":["0","0","0"]}
{"type":"angle","q":4,"p":6,"scale":3,"op":"root","phase":0,"ok":1,"poly":["1","1"],"real":["-1","-1","0"],"imag":["0","0","0"],"recognized":1,"nullRecognized":1,"rp":1,"rq":2}
{"type":"angle","q":4,"p":6,"scale":3,"op":"root","phase":1,"ok":1,"poly":["1","1"],"real":["-1","-1","0"],"imag":["0","0","0"],"recognized":1,"nullRecognized":1,"rp":1,"rq":2}
{"type":"angle","q":4,"p":6,"scale":3,"op":"exp","phase":0,"ok":1,"poly":["1","0","1"],"real":["0","0","0"],"imag":["-1","-1","0"],"recognized":1,"nullRecognized":1,"rp":3,"rq":4}
{"type":"angle","q":4,"p":6,"scale":3,"op":"exp","phase":1,"ok":1,"poly":["1","0","1"],"real":["0","0","0"],"imag":["-1","-1","0"],"recognized":1,"nullRecognized":1,"rp":3,"rq":4}
{"type":"angle","q":4,"p":6,"scale":3,"op":"sin","phase":0,"ok":1,"poly":["1","1"],"real":["-1","-1","0"],"imag":["0","0","0"]}
{"type":"angle","q":4,"p":6,"scale":3,"op":"sin","phase":1,"ok":1,"poly":["1","1"],"real":["-1","-1","0"],"imag":["0","0","0"]}
{"type":"angle","q":4,"p":6,"scale":3,"op":"cos","phase":0,"ok":1,"poly":["0","1"],"real":["0","0","0"],"imag":["0","0","0"]}
{"type":"angle","q":4,"p":6,"scale":3,"op":"cos","phase":1,"ok":1,"poly":["0","1"],"real":["0","0","0"],"imag":["0","0","0"]}
{"type":"angle","q":4,"p":6,"scale":3,"op":"tan","phase":0,"ok":0}
{"type":"angle","q":4,"p":6,"scale":3,"op":"tan","phase":1,"ok":0}
{"type":"angle","q":4,"p":6,"scale":3,"op":"cot","phase":0,"ok":1,"poly":["0","1"],"real":["0","0","0"],"imag":["0","0","0"]}
{"type":"angle","q":4,"p":6,"scale":3,"op":"cot","phase":1,"ok":1,"poly":["0","1"],"real":["0","0","0"],"imag":["0","0","0"]}
{"type":"angle","q":4,"p":6,"scale":3,"op":"sec","phase":0,"ok":0}
{"type":"angle","q":4,"p":6,"scale":3,"op":"sec","phase":1,"ok":0}
{"type":"angle","q":4,"p":6,"scale":3,"op":"csc","phase":0,"ok":1,"poly":["1","1"],"real":["-1","-1","0"],"imag":["0","0","0"]}
{"type":"angle","q":4,"p":6,"scale":3,"op":"csc","phase":1,"ok":1,"poly":["1","1"],"real":["-1","-1","0"],"imag":["0","0","0"]}
{"type":"angle","q":4,"p":7,"scale":1,"op":"root","phase":0,"ok":1,"poly":["1","0","1"],"real":["0","0","0"],"imag":["-1","-1","0"],"recognized":1,"nullRecognized":1,"rp":3,"rq":4}
{"type":"angle","q":4,"p":7,"scale":1,"op":"root","phase":1,"ok":1,"poly":["1","0","1"],"real":["0","0","0"],"imag":["-1","-1","0"],"recognized":1,"nullRecognized":1,"rp":3,"rq":4}
{"type":"angle","q":4,"p":7,"scale":1,"op":"exp","phase":0,"ok":1,"poly":["1","0","0","0","1"],"real":["10989394778343770250329775194768820061718132929403692613803124731042190707557378878361","10989394778343770250329775194768820061718132929403692613803124731042190707559249024103","-283"],"imag":["-10989394778343770250329775194768820061718132929403692613803124731042190707559249024103","-10989394778343770250329775194768820061718132929403692613803124731042190707557378878361","-283"],"recognized":1,"nullRecognized":1,"rp":7,"rq":8}
{"type":"angle","q":4,"p":7,"scale":1,"op":"exp","phase":1,"ok":1,"poly":["1","0","0","0","1"],"real":["6334954781283363607674384089193074018783356057290906722017121035366360050198358966310546015664681779199","6334954781283363607674384089193074018783356057290906722017121035366360050198358966310546015665755521025","-342"],"imag":["-6334954781283363607674384089193074018783356057290906722017121035366360050198358966310546015665755521025","-6334954781283363607674384089193074018783356057290906722017121035366360050198358966310546015664681779199","-342"],"recognized":1,"nullRecognized":1,"rp":7,"rq":8}
{"type":"angle","q":4,"p":7,"scale":1,"op":"sin","phase":0,"ok":1,"poly":["-1","0","2"],"real":["-64589857404495231666648405250431531953634641679","-64589857404495231666648405250431531952815765745","-156"],"imag":["0","0","0"]}
{"type":"angle","q":4,"p":7,"scale":1,"op":"sin","phase":1,"ok":1,"poly":["-1","0","2"],"real":["-6334954781283363607674384089193074018783356057290906722017121035366360050198358966310546015665755521025","-6334954781283363607674384089193074018783356057290906722017121035366360050198358966310546015664681779199","-342"],"imag":["0","0","0"]}
{"type":"angle","q":4,"p":7,"scale":1,"op":"cos","phase":0,"ok":1,"poly":["-1","0","2"],"real":["64589857404495231666648405250431531952815765745","64589857404495231666648405250431531953634641679","-156"],"imag":["0","0","0"]}
{"type":"angle","q":4,"p":7,"scale":1,"op":"cos","phase":1,"ok":1,"poly":["-1","0","2"],"real":["6334954781283363607674384089193074018783356057290906722017121035366360050198358966310546015664681779199","6334954781283363607674384089193074018783356057290906722017121035366360050198358966310546015665755521025","-342"],"imag":["0","0","0"]}
{"type":"angle","q":4,"p":7,"scale":1,"op":"tan","phase":0,"ok":1,"poly":["1","1"],"real":["-1","-1","0"],"imag":["0","0","0"]}
{"type":"angle","q":4,"p":7,"scale":1,"op":"tan","phase":1,"ok":1,"poly":["1","1"],"real":["-1","-1","0"],"imag":["0","0","0"]}
{"type":"angle","q":4,"p":7,"scale":1,"op":"cot","phase":0,"ok":1,"poly":["1","1"],"real":["-1","-1","0"],"imag":["0","0","0"]}
{"type":"angle","q":4,"p":7,"scale":1,"op":"cot","phase":1,"ok":1,"poly":["1","1"],"real":["-1","-1","0"],"imag":["0","0","0"]}
{"type":"angle","q":4,"p":7,"scale":1,"op":"sec","phase":0,"ok":1,"poly":["-2","0","1"],"real":["64589857404495231666648405250431531952815765745","64589857404495231666648405250431531953634641679","-155"],"imag":["0","0","0"]}
{"type":"angle","q":4,"p":7,"scale":1,"op":"sec","phase":1,"ok":1,"poly":["-2","0","1"],"real":["6334954781283363607674384089193074018783356057290906722017121035366360050198358966310546015664681779199","6334954781283363607674384089193074018783356057290906722017121035366360050198358966310546015665755521025","-341"],"imag":["0","0","0"]}
{"type":"angle","q":4,"p":7,"scale":1,"op":"csc","phase":0,"ok":1,"poly":["-2","0","1"],"real":["-64589857404495231666648405250431531953634641679","-64589857404495231666648405250431531952815765745","-155"],"imag":["0","0","0"]}
{"type":"angle","q":4,"p":7,"scale":1,"op":"csc","phase":1,"ok":1,"poly":["-2","0","1"],"real":["-6334954781283363607674384089193074018783356057290906722017121035366360050198358966310546015665755521025","-6334954781283363607674384089193074018783356057290906722017121035366360050198358966310546015664681779199","-341"],"imag":["0","0","0"]}
{"type":"angle","q":4,"p":7,"scale":3,"op":"root","phase":0,"ok":1,"poly":["1","0","1"],"real":["0","0","0"],"imag":["-1","-1","0"],"recognized":1,"nullRecognized":1,"rp":3,"rq":4}
{"type":"angle","q":4,"p":7,"scale":3,"op":"root","phase":1,"ok":1,"poly":["1","0","1"],"real":["0","0","0"],"imag":["-1","-1","0"],"recognized":1,"nullRecognized":1,"rp":3,"rq":4}
{"type":"angle","q":4,"p":7,"scale":3,"op":"exp","phase":0,"ok":1,"poly":["1","0","0","0","1"],"real":["10989394778343770250329775194768820061718132929403692613803124731042190707557378878361","10989394778343770250329775194768820061718132929403692613803124731042190707559249024103","-283"],"imag":["-10989394778343770250329775194768820061718132929403692613803124731042190707559249024103","-10989394778343770250329775194768820061718132929403692613803124731042190707557378878361","-283"],"recognized":1,"nullRecognized":1,"rp":7,"rq":8}
{"type":"angle","q":4,"p":7,"scale":3,"op":"exp","phase":1,"ok":1,"poly":["1","0","0","0","1"],"real":["6334954781283363607674384089193074018783356057290906722017121035366360050198358966310546015664681779199","6334954781283363607674384089193074018783356057290906722017121035366360050198358966310546015665755521025","-342"],"imag":["-6334954781283363607674384089193074018783356057290906722017121035366360050198358966310546015665755521025","-6334954781283363607674384089193074018783356057290906722017121035366360050198358966310546015664681779199","-342"],"recognized":1,"nullRecognized":1,"rp":7,"rq":8}
{"type":"angle","q":4,"p":7,"scale":3,"op":"sin","phase":0,"ok":1,"poly":["-1","0","2"],"real":["-64589857404495231666648405250431531953634641679","-64589857404495231666648405250431531952815765745","-156"],"imag":["0","0","0"]}
{"type":"angle","q":4,"p":7,"scale":3,"op":"sin","phase":1,"ok":1,"poly":["-1","0","2"],"real":["-6334954781283363607674384089193074018783356057290906722017121035366360050198358966310546015665755521025","-6334954781283363607674384089193074018783356057290906722017121035366360050198358966310546015664681779199","-342"],"imag":["0","0","0"]}
{"type":"angle","q":4,"p":7,"scale":3,"op":"cos","phase":0,"ok":1,"poly":["-1","0","2"],"real":["64589857404495231666648405250431531952815765745","64589857404495231666648405250431531953634641679","-156"],"imag":["0","0","0"]}
{"type":"angle","q":4,"p":7,"scale":3,"op":"cos","phase":1,"ok":1,"poly":["-1","0","2"],"real":["6334954781283363607674384089193074018783356057290906722017121035366360050198358966310546015664681779199","6334954781283363607674384089193074018783356057290906722017121035366360050198358966310546015665755521025","-342"],"imag":["0","0","0"]}
{"type":"angle","q":4,"p":7,"scale":3,"op":"tan","phase":0,"ok":1,"poly":["1","1"],"real":["-1","-1","0"],"imag":["0","0","0"]}
{"type":"angle","q":4,"p":7,"scale":3,"op":"tan","phase":1,"ok":1,"poly":["1","1"],"real":["-1","-1","0"],"imag":["0","0","0"]}
{"type":"angle","q":4,"p":7,"scale":3,"op":"cot","phase":0,"ok":1,"poly":["1","1"],"real":["-1","-1","0"],"imag":["0","0","0"]}
{"type":"angle","q":4,"p":7,"scale":3,"op":"cot","phase":1,"ok":1,"poly":["1","1"],"real":["-1","-1","0"],"imag":["0","0","0"]}
{"type":"angle","q":4,"p":7,"scale":3,"op":"sec","phase":0,"ok":1,"poly":["-2","0","1"],"real":["64589857404495231666648405250431531952815765745","64589857404495231666648405250431531953634641679","-155"],"imag":["0","0","0"]}
{"type":"angle","q":4,"p":7,"scale":3,"op":"sec","phase":1,"ok":1,"poly":["-2","0","1"],"real":["6334954781283363607674384089193074018783356057290906722017121035366360050198358966310546015664681779199","6334954781283363607674384089193074018783356057290906722017121035366360050198358966310546015665755521025","-341"],"imag":["0","0","0"]}
{"type":"angle","q":4,"p":7,"scale":3,"op":"csc","phase":0,"ok":1,"poly":["-2","0","1"],"real":["-64589857404495231666648405250431531953634641679","-64589857404495231666648405250431531952815765745","-155"],"imag":["0","0","0"]}
{"type":"angle","q":4,"p":7,"scale":3,"op":"csc","phase":1,"ok":1,"poly":["-2","0","1"],"real":["-6334954781283363607674384089193074018783356057290906722017121035366360050198358966310546015665755521025","-6334954781283363607674384089193074018783356057290906722017121035366360050198358966310546015664681779199","-341"],"imag":["0","0","0"]}
{"type":"angle","q":4,"p":8,"scale":1,"op":"root","phase":0,"ok":1,"poly":["-1","1"],"real":["1","1","0"],"imag":["0","0","0"],"recognized":1,"nullRecognized":1,"rp":0,"rq":1}
{"type":"angle","q":4,"p":8,"scale":1,"op":"root","phase":1,"ok":1,"poly":["-1","1"],"real":["1","1","0"],"imag":["0","0","0"],"recognized":1,"nullRecognized":1,"rp":0,"rq":1}
{"type":"angle","q":4,"p":8,"scale":1,"op":"exp","phase":0,"ok":1,"poly":["-1","1"],"real":["1","1","0"],"imag":["0","0","0"],"recognized":1,"nullRecognized":1,"rp":0,"rq":1}
{"type":"angle","q":4,"p":8,"scale":1,"op":"exp","phase":1,"ok":1,"poly":["-1","1"],"real":["1","1","0"],"imag":["0","0","0"],"recognized":1,"nullRecognized":1,"rp":0,"rq":1}
{"type":"angle","q":4,"p":8,"scale":1,"op":"sin","phase":0,"ok":1,"poly":["0","1"],"real":["0","0","0"],"imag":["0","0","0"]}
{"type":"angle","q":4,"p":8,"scale":1,"op":"sin","phase":1,"ok":1,"poly":["0","1"],"real":["0","0","0"],"imag":["0","0","0"]}
{"type":"angle","q":4,"p":8,"scale":1,"op":"cos","phase":0,"ok":1,"poly":["-1","1"],"real":["1","1","0"],"imag":["0","0","0"]}
{"type":"angle","q":4,"p":8,"scale":1,"op":"cos","phase":1,"ok":1,"poly":["-1","1"],"real":["1","1","0"],"imag":["0","0","0"]}
{"type":"angle","q":4,"p":8,"scale":1,"op":"tan","phase":0,"ok":1,"poly":["0","1"],"real":["0","0","0"],"imag":["0","0","0"]}
{"type":"angle","q":4,"p":8,"scale":1,"op":"tan","phase":1,"ok":1,"poly":["0","1"],"real":["0","0","0"],"imag":["0","0","0"]}
{"type":"angle","q":4,"p":8,"scale":1,"op":"cot","phase":0,"ok":0}
{"type":"angle","q":4,"p":8,"scale":1,"op":"cot","phase":1,"ok":0}
{"type":"angle","q":4,"p":8,"scale":1,"op":"sec","phase":0,"ok":1,"poly":["-1","1"],"real":["1","1","0"],"imag":["0","0","0"]}
{"type":"angle","q":4,"p":8,"scale":1,"op":"sec","phase":1,"ok":1,"poly":["-1","1"],"real":["1","1","0"],"imag":["0","0","0"]}
{"type":"angle","q":4,"p":8,"scale":1,"op":"csc","phase":0,"ok":0}
{"type":"angle","q":4,"p":8,"scale":1,"op":"csc","phase":1,"ok":0}
{"type":"angle","q":4,"p":8,"scale":3,"op":"root","phase":0,"ok":1,"poly":["-1","1"],"real":["1","1","0"],"imag":["0","0","0"],"recognized":1,"nullRecognized":1,"rp":0,"rq":1}
{"type":"angle","q":4,"p":8,"scale":3,"op":"root","phase":1,"ok":1,"poly":["-1","1"],"real":["1","1","0"],"imag":["0","0","0"],"recognized":1,"nullRecognized":1,"rp":0,"rq":1}
{"type":"angle","q":4,"p":8,"scale":3,"op":"exp","phase":0,"ok":1,"poly":["-1","1"],"real":["1","1","0"],"imag":["0","0","0"],"recognized":1,"nullRecognized":1,"rp":0,"rq":1}
{"type":"angle","q":4,"p":8,"scale":3,"op":"exp","phase":1,"ok":1,"poly":["-1","1"],"real":["1","1","0"],"imag":["0","0","0"],"recognized":1,"nullRecognized":1,"rp":0,"rq":1}
{"type":"angle","q":4,"p":8,"scale":3,"op":"sin","phase":0,"ok":1,"poly":["0","1"],"real":["0","0","0"],"imag":["0","0","0"]}
{"type":"angle","q":4,"p":8,"scale":3,"op":"sin","phase":1,"ok":1,"poly":["0","1"],"real":["0","0","0"],"imag":["0","0","0"]}
{"type":"angle","q":4,"p":8,"scale":3,"op":"cos","phase":0,"ok":1,"poly":["-1","1"],"real":["1","1","0"],"imag":["0","0","0"]}
{"type":"angle","q":4,"p":8,"scale":3,"op":"cos","phase":1,"ok":1,"poly":["-1","1"],"real":["1","1","0"],"imag":["0","0","0"]}
{"type":"angle","q":4,"p":8,"scale":3,"op":"tan","phase":0,"ok":1,"poly":["0","1"],"real":["0","0","0"],"imag":["0","0","0"]}
{"type":"angle","q":4,"p":8,"scale":3,"op":"tan","phase":1,"ok":1,"poly":["0","1"],"real":["0","0","0"],"imag":["0","0","0"]}
{"type":"angle","q":4,"p":8,"scale":3,"op":"cot","phase":0,"ok":0}
{"type":"angle","q":4,"p":8,"scale":3,"op":"cot","phase":1,"ok":0}
{"type":"angle","q":4,"p":8,"scale":3,"op":"sec","phase":0,"ok":1,"poly":["-1","1"],"real":["1","1","0"],"imag":["0","0","0"]}
{"type":"angle","q":4,"p":8,"scale":3,"op":"sec","phase":1,"ok":1,"poly":["-1","1"],"real":["1","1","0"],"imag":["0","0","0"]}
{"type":"angle","q":4,"p":8,"scale":3,"op":"csc","phase":0,"ok":0}
{"type":"angle","q":4,"p":8,"scale":3,"op":"csc","phase":1,"ok":0}
{"type":"angle","q":6,"p":-12,"scale":1,"op":"root","phase":0,"ok":1,"poly":["-1","1"],"real":["1","1","0"],"imag":["0","0","0"],"recognized":1,"nullRecognized":1,"rp":0,"rq":1}
{"type":"angle","q":6,"p":-12,"scale":1,"op":"root","phase":1,"ok":1,"poly":["-1","1"],"real":["1","1","0"],"imag":["0","0","0"],"recognized":1,"nullRecognized":1,"rp":0,"rq":1}
{"type":"angle","q":6,"p":-12,"scale":1,"op":"exp","phase":0,"ok":1,"poly":["-1","1"],"real":["1","1","0"],"imag":["0","0","0"],"recognized":1,"nullRecognized":1,"rp":0,"rq":1}
{"type":"angle","q":6,"p":-12,"scale":1,"op":"exp","phase":1,"ok":1,"poly":["-1","1"],"real":["1","1","0"],"imag":["0","0","0"],"recognized":1,"nullRecognized":1,"rp":0,"rq":1}
{"type":"angle","q":6,"p":-12,"scale":1,"op":"sin","phase":0,"ok":1,"poly":["0","1"],"real":["0","0","0"],"imag":["0","0","0"]}
{"type":"angle","q":6,"p":-12,"scale":1,"op":"sin","phase":1,"ok":1,"poly":["0","1"],"real":["0","0","0"],"imag":["0","0","0"]}
{"type":"angle","q":6,"p":-12,"scale":1,"op":"cos","phase":0,"ok":1,"poly":["-1","1"],"real":["1","1","0"],"imag":["0","0","0"]}
{"type":"angle","q":6,"p":-12,"scale":1,"op":"cos","phase":1,"ok":1,"poly":["-1","1"],"real":["1","1","0"],"imag":["0","0","0"]}
{"type":"angle","q":6,"p":-12,"scale":1,"op":"tan","phase":0,"ok":1,"poly":["0","1"],"real":["0","0","0"],"imag":["0","0","0"]}
{"type":"angle","q":6,"p":-12,"scale":1,"op":"tan","phase":1,"ok":1,"poly":["0","1"],"real":["0","0","0"],"imag":["0","0","0"]}
{"type":"angle","q":6,"p":-12,"scale":1,"op":"cot","phase":0,"ok":0}
{"type":"angle","q":6,"p":-12,"scale":1,"op":"cot","phase":1,"ok":0}
{"type":"angle","q":6,"p":-12,"scale":1,"op":"sec","phase":0,"ok":1,"poly":["-1","1"],"real":["1","1","0"],"imag":["0","0","0"]}
{"type":"angle","q":6,"p":-12,"scale":1,"op":"sec","phase":1,"ok":1,"poly":["-1","1"],"real":["1","1","0"],"imag":["0","0","0"]}
{"type":"angle","q":6,"p":-12,"scale":1,"op":"csc","phase":0,"ok":0}
{"type":"angle","q":6,"p":-12,"scale":1,"op":"csc","phase":1,"ok":0}
{"type":"angle","q":6,"p":-12,"scale":3,"op":"root","phase":0,"ok":1,"poly":["-1","1"],"real":["1","1","0"],"imag":["0","0","0"],"recognized":1,"nullRecognized":1,"rp":0,"rq":1}
{"type":"angle","q":6,"p":-12,"scale":3,"op":"root","phase":1,"ok":1,"poly":["-1","1"],"real":["1","1","0"],"imag":["0","0","0"],"recognized":1,"nullRecognized":1,"rp":0,"rq":1}
{"type":"angle","q":6,"p":-12,"scale":3,"op":"exp","phase":0,"ok":1,"poly":["-1","1"],"real":["1","1","0"],"imag":["0","0","0"],"recognized":1,"nullRecognized":1,"rp":0,"rq":1}
{"type":"angle","q":6,"p":-12,"scale":3,"op":"exp","phase":1,"ok":1,"poly":["-1","1"],"real":["1","1","0"],"imag":["0","0","0"],"recognized":1,"nullRecognized":1,"rp":0,"rq":1}
{"type":"angle","q":6,"p":-12,"scale":3,"op":"sin","phase":0,"ok":1,"poly":["0","1"],"real":["0","0","0"],"imag":["0","0","0"]}
{"type":"angle","q":6,"p":-12,"scale":3,"op":"sin","phase":1,"ok":1,"poly":["0","1"],"real":["0","0","0"],"imag":["0","0","0"]}
{"type":"angle","q":6,"p":-12,"scale":3,"op":"cos","phase":0,"ok":1,"poly":["-1","1"],"real":["1","1","0"],"imag":["0","0","0"]}
{"type":"angle","q":6,"p":-12,"scale":3,"op":"cos","phase":1,"ok":1,"poly":["-1","1"],"real":["1","1","0"],"imag":["0","0","0"]}
{"type":"angle","q":6,"p":-12,"scale":3,"op":"tan","phase":0,"ok":1,"poly":["0","1"],"real":["0","0","0"],"imag":["0","0","0"]}
{"type":"angle","q":6,"p":-12,"scale":3,"op":"tan","phase":1,"ok":1,"poly":["0","1"],"real":["0","0","0"],"imag":["0","0","0"]}
{"type":"angle","q":6,"p":-12,"scale":3,"op":"cot","phase":0,"ok":0}
{"type":"angle","q":6,"p":-12,"scale":3,"op":"cot","phase":1,"ok":0}
{"type":"angle","q":6,"p":-12,"scale":3,"op":"sec","phase":0,"ok":1,"poly":["-1","1"],"real":["1","1","0"],"imag":["0","0","0"]}
{"type":"angle","q":6,"p":-12,"scale":3,"op":"sec","phase":1,"ok":1,"poly":["-1","1"],"real":["1","1","0"],"imag":["0","0","0"]}
{"type":"angle","q":6,"p":-12,"scale":3,"op":"csc","phase":0,"ok":0}
{"type":"angle","q":6,"p":-12,"scale":3,"op":"csc","phase":1,"ok":0}
{"type":"angle","q":6,"p":-11,"scale":1,"op":"root","phase":0,"ok":1,"poly":["1","-1","1"],"real":["2923003274661805836407369665432566039311154463297","2923003274661805836407369665432566039312575708607","-162"],"imag":["9888262075008698521265948413861084763581315187","9888262075008698521265948413861084763695613837","-153"],"recognized":1,"nullRecognized":1,"rp":1,"rq":6}
{"type":"angle","q":6,"p":-11,"scale":1,"op":"root","phase":1,"ok":1,"poly":["1","-1","1"],"real":["115172193140305827399949785796761135587064246228529065807379342658863042065190089480167441564259605943037975312218134915154131611020654072038617988630148194588045013","115172193140305827399949785796761135587064246228529065807379342658863042065190089480167441564259605943037975312218134915154131611020654072038617988630148194794852651","-546"],"imag":["7758703378874425295012906352138220585149514059631517741930490590284721003955059673161110578290891948031","7758703378874425295012906352138220585149514059631517741930490590284721003955059673161110578291965689857","-342"],"recognized":1,"nullRecognized":1,"rp":1,"rq":6}
{"type":"angle","q":6,"p":-11,"scale":1,"op":"exp","phase":0,"ok":1,"poly":["1","0","-1","0","1"],"real":["210300076476156892817421832906076868413144174248499808223378102408488511826958880915","210300076476156892817421832906076868413144174248499808223378102408488511827176361837","-277"],"imag":["485667223056432267729865476705879726660601709763034880312953102434726071300864378819","485667223056432267729865476705879726660601709763034880312953102434726071301734082621","-279"],"recognized":1,"nullRecognized":1,"rp":1,"rq":12}
{"type":"angle","q":6,"p":-11,"scale":1,"op":"exp","phase":1,"ok":1,"poly":["1","0","-1","0","1"],"real":["7758703378874425295012906352138220585149514059631517741930490590284721003955059673161110578290891948031","7758703378874425295012906352138220585149514059631517741930490590284721003955059673161110578291965689857","-342"],"imag":["4479489484355608421114884561136888556243290994469299069799978201927583742360321890761754986542677360639","4479489484355608421114884561136888556243290994469299069799978201927583742360321890761754986543751102465","-342"],"recognized":1,"nullRecognized":1,"rp":1,"rq":12}
{"type":"angle","q":6,"p":-11,"scale":1,"op":"sin","phase":0,"ok":1,"poly":["-1","2"],"real":["1","1","-1"],"imag":["0","0","0"]}
{"type":"angle","q":6,"p":-11,"scale":1,"op":"sin","phase":1,"ok":1,"poly":["-1","2"],"real":["1","1","-1"],"imag":["0","0","0"]}
{"type":"angle","q":6,"p":-11,"scale":1,"op":"cos","phase":0,"ok":1,"poly":["-3","0","4"],"real":["158212193200139176340255174621777356217301037233","158212193200139176340255174621777356219129827151","-157"],"imag":["0","0","0"]}
{"type":"angle","q":6,"p":-11,"scale":1,"op":"cos","phase":1,"ok":1,"poly":["-3","0","4"],"real":["7758703378874425295012906352138220585149514059631517741930490590284721003955059673161110578290891948031","7758703378874425295012906352138220585149514059631517741930490590284721003955059673161110578291965689857","-342"],"imag":["0","0","0"]}
{"type":"angle","q":6,"p":-11,"scale":1,"op":"tan","phase":0,"ok":1,"poly":["-1","0","3"],"real":["52737397733379725446751724873925785405868761865","52737397733379725446751724873925785406453816567","-156"],"imag":["0","0","0"]}
{"type":"angle","q":6,"p":-11,"scale":1,"op":"tan","phase":1,"ok":1,"poly":["-1","0","3"],"real":["5172468919249616863341937568092147056766342706421011827953660393523147335970039782107407052193749008383","5172468919249616863341937568092147056766342706421011827953660393523147335970039782107407052194822750209","-342"],"imag":["0","0","0"]}
{"type":"angle","q":6,"p":-11,"scale":1,"op":"cot","phase":0,"ok":1,"poly":["-3","0","1"],"real":["158212193200139176340255174621777356217301037233","158212193200139176340255174621777356219129827151","-156"],"imag":["0","0","0"]}
{"type":"angle","q":6,"p":-11,"scale":1,"op":"cot","phase":1,"ok":1,"poly":["-3","0","1"],"real":["7758703378874425295012906352138220585149514059631517741930490590284721003955059673161110578290891948031","7758703378874425295012906352138220585149514059631517741930490590284721003955059673161110578291965689857","-341"],"imag":["0","0","0"]}
{"type":"angle","q":6,"p":-11,"scale":1,"op":"sec","phase":0,"ok":1,"poly":["-4","0","3"],"real":["52737397733379725446751724873925785405868761865","52737397733379725446751724873925785406453816567","-155"],"imag":["0","0","0"]}
{"type":"angle","q":6,"p":-11,"scale":1,"op":"sec","phase":1,"ok":1,"poly":["-4","0","3"],"real":["5172468919249616863341937568092147056766342706421011827953660393523147335970039782107407052193749008383","5172468919249616863341937568092147056766342706421011827953660393523147335970039782107407052194822750209","-341"],"imag":["0","0","0"]}
{"type":"angle","q":6,"p":-11,"scale":1,"op":"csc","phase":0,"ok":1,"poly":["-2","1"],"real":["1","1","1"],"imag":["0","0","0"]}
{"type":"angle","q":6,"p":-11,"scale":1,"op":"csc","phase":1,"ok":1,"poly":["-2","1"],"real":["1","1","1"],"imag":["0","0","0"]}
{"type":"angle","q":6,"p":-11,"scale":3,"op":"root","phase":0,"ok":1,"poly":["1","-1","1"],"real":["2923003274661805836407369665432566039311154463297","2923003274661805836407369665432566039312575708607","-162"],"imag":["9888262075008698521265948413861084763581315187","9888262075008698521265948413861084763695613837","-153"],"recognized":1,"nullRecognized":1,"rp":1,"rq":6}
{"type":"angle","q":6,"p":-11,"scale":3,"op":"root","phase":1,"ok":1,"poly":["1","-1","1"],"real":["115172193140305827399949785796761135587064246228529065807379342658863042065190089480167441564259605943037975312218134915154131611020654072038617988630148194588045013","115172193140305827399949785796761135587064246228529065807379342658863042065190089480167441564259605943037975312218134915154131611020654072038617988630148194794852651","-546"],"imag":["7758703378874425295012906352138220585149514059631517741930490590284721003955059673161110578290891948031","7758703378874425295012906352138220585149514059631517741930490590284721003955059673161110578291965689857","-342"],"recognized":1,"nullRecognized":1,"rp":1,"rq":6}
{"type":"angle","q":6,"p":-11,"scale":3,"op":"exp","phase":0,"ok":1,"poly":["1","0","-1","0","1"],"real":["210300076476156892817421832906076868413144174248499808223378102408488511826958880915","210300076476156892817421832906076868413144174248499808223378102408488511827176361837","-277"],"imag":["485667223056432267729865476705879726660601709763034880312953102434726071300864378819","485667223056432267729865476705879726660601709763034880312953102434726071301734082621","-279"],"recognized":1,"nullRecognized":1,"rp":1,"rq":12}
{"type":"angle","q":6,"p":-11,"scale":3,"op":"exp","phase":1,"ok":1,"poly":["1","0","-1","0","1"],"real":["7758703378874425295012906352138220585149514059631517741930490590284721003955059673161110578290891948031","7758703378874425295012906352138220585149514059631517741930490590284721003955059673161110578291965689857","-342"],"imag":["4479489484355608421114884561136888556243290994469299069799978201927583742360321890761754986542677360639","4479489484355608421114884561136888556243290994469299069799978201927583742360321890761754986543751102465","-342"],"recognized":1,"nullRecognized":1,"rp":1,"rq":12}
{"type":"angle","q":6,"p":-11,"scale":3,"op":"sin","phase":0,"ok":1,"poly":["-1","2"],"real":["1","1","-1"],"imag":["0","0","0"]}
{"type":"angle","q":6,"p":-11,"scale":3,"op":"sin","phase":1,"ok":1,"poly":["-1","2"],"real":["1","1","-1"],"imag":["0","0","0"]}
{"type":"angle","q":6,"p":-11,"scale":3,"op":"cos","phase":0,"ok":1,"poly":["-3","0","4"],"real":["158212193200139176340255174621777356217301037233","158212193200139176340255174621777356219129827151","-157"],"imag":["0","0","0"]}
{"type":"angle","q":6,"p":-11,"scale":3,"op":"cos","phase":1,"ok":1,"poly":["-3","0","4"],"real":["7758703378874425295012906352138220585149514059631517741930490590284721003955059673161110578290891948031","7758703378874425295012906352138220585149514059631517741930490590284721003955059673161110578291965689857","-342"],"imag":["0","0","0"]}
{"type":"angle","q":6,"p":-11,"scale":3,"op":"tan","phase":0,"ok":1,"poly":["-1","0","3"],"real":["52737397733379725446751724873925785405868761865","52737397733379725446751724873925785406453816567","-156"],"imag":["0","0","0"]}
{"type":"angle","q":6,"p":-11,"scale":3,"op":"tan","phase":1,"ok":1,"poly":["-1","0","3"],"real":["5172468919249616863341937568092147056766342706421011827953660393523147335970039782107407052193749008383","5172468919249616863341937568092147056766342706421011827953660393523147335970039782107407052194822750209","-342"],"imag":["0","0","0"]}
{"type":"angle","q":6,"p":-11,"scale":3,"op":"cot","phase":0,"ok":1,"poly":["-3","0","1"],"real":["158212193200139176340255174621777356217301037233","158212193200139176340255174621777356219129827151","-156"],"imag":["0","0","0"]}
{"type":"angle","q":6,"p":-11,"scale":3,"op":"cot","phase":1,"ok":1,"poly":["-3","0","1"],"real":["7758703378874425295012906352138220585149514059631517741930490590284721003955059673161110578290891948031","7758703378874425295012906352138220585149514059631517741930490590284721003955059673161110578291965689857","-341"],"imag":["0","0","0"]}
{"type":"angle","q":6,"p":-11,"scale":3,"op":"sec","phase":0,"ok":1,"poly":["-4","0","3"],"real":["52737397733379725446751724873925785405868761865","52737397733379725446751724873925785406453816567","-155"],"imag":["0","0","0"]}
{"type":"angle","q":6,"p":-11,"scale":3,"op":"sec","phase":1,"ok":1,"poly":["-4","0","3"],"real":["5172468919249616863341937568092147056766342706421011827953660393523147335970039782107407052193749008383","5172468919249616863341937568092147056766342706421011827953660393523147335970039782107407052194822750209","-341"],"imag":["0","0","0"]}
{"type":"angle","q":6,"p":-11,"scale":3,"op":"csc","phase":0,"ok":1,"poly":["-2","1"],"real":["1","1","1"],"imag":["0","0","0"]}
{"type":"angle","q":6,"p":-11,"scale":3,"op":"csc","phase":1,"ok":1,"poly":["-2","1"],"real":["1","1","1"],"imag":["0","0","0"]}
{"type":"angle","q":6,"p":-10,"scale":1,"op":"root","phase":0,"ok":1,"poly":["1","1","1"],"real":["-2923003274661805836407369665432566039312575708607","-2923003274661805836407369665432566039311154463297","-162"],"imag":["9888262075008698521265948413861084763581315187","9888262075008698521265948413861084763695613837","-153"],"recognized":1,"nullRecognized":1,"rp":1,"rq":3}
{"type":"angle","q":6,"p":-10,"scale":1,"op":"root","phase":1,"ok":1,"poly":["1","1","1"],"real":["-115172193140305827399949785796761135587064246228529065807379342658863042065190089480167441564259605943037975312218134915154131611020654072038617988630148194794852651","-115172193140305827399949785796761135587064246228529065807379342658863042065190089480167441564259605943037975312218134915154131611020654072038617988630148194588045013","-546"],"imag":["7758703378874425295012906352138220585149514059631517741930490590284721003955059673161110578290891948031","7758703378874425295012906352138220585149514059631517741930490590284721003955059673161110578291965689857","-342"],"recognized":1,"nullRecognized":1,"rp":1,"rq":3}
{"type":"angle","q":6,"p":-10,"scale":1,"op":"exp","phase":0,"ok":1,"poly":["1","-1","1"],"real":["2923003274661805836407369665432566039311154463297","2923003274661805836407369665432566039312575708607","-162"],"imag":["9888262075008698521265948413861084763581315187","9888262075008698521265948413861084763695613837","-153"],"recognized":1,"nullRecognized":1,"rp":1,"rq":6}
{"type":"angle","q":6,"p":-10,"scale":1,"op":"exp","phase":1,"ok":1,"poly":["1","-1","1"],"real":["115172193140305827399949785796761135587064246228529065807379342658863042065190089480167441564259605943037975312218134915154131611020654072038617988630148194588045013","115172193140305827399949785796761135587064246228529065807379342658863042065190089480167441564259605943037975312218134915154131611020654072038617988630148194794852651","-546"],"imag":["7758703378874425295012906352138220585149514059631517741930490590284721003955059673161110578290891948031","7758703378874425295012906352138220585149514059631517741930490590284721003955059673161110578291965689857","-342"],"recognized":1,"nullRecognized":1,"rp":1,"rq":6}
{"type":"angle","q":6,"p":-10,"scale":1,"op":"sin","phase":0,"ok":1,"poly":["-3","0","4"],"real":["158212193200139176340255174621777356217301037233","158212193200139176340255174621777356219129827151","-157"],"imag":["0","0","0"]}
{"type":"angle","q":6,"p":-10,"scale":1,"op":"sin","phase":1,"ok":1,"poly":["-3","0","4"],"real":["7758703378874425295012906352138220585149514059631517741930490590284721003955059673161110578290891948031","7758703378874425295012906352138220585149514059631517741930490590284721003955059673161110578291965689857","-342"],"imag":["0","0","0"]}
{"type":"angle","q":6,"p":-10,"scale":1,"op":"cos","phase":0,"ok":1,"poly":["-1","2"],"real":["1","1","-1"],"imag":["0","0","0"]}
{"type":"angle","q":6,"p":-10,"scale":1,"op":"cos","phase":1,"ok":1,"poly":["-1","2"],"real":["1","1","-1"],"imag":["0","0","0"]}
{"type":"angle","q":6,"p":-10,"scale":1,"op":"tan","phase":0,"ok":1,"poly":["-3","0","1"],"real":["294693174213430241384087455685767077315","294693174213430241384087455685767077317","-127"],"imag":["0","0","0"]}
{"type":"angle","q":6,"p":-10,"scale":1,"op":"tan","phase":1,"ok":1,"poly":["-3","0","1"],"real":["7758703378874425295012906352138220585149514059631517741930490590284721003955059673161110578290891948031","7758703378874425295012906352138220585149514059631517741930490590284721003955059673161110578291965689857","-341"],"imag":["0","0","0"]}
{"type":"angle","q":6,"p":-10,"scale":1,"op":"cot","phase":0,"ok":1,"poly":["-1","0","3"],"real":["52737397733379725446751724873925785405868761865","52737397733379725446751724873925785406453816567","-156"],"imag":["0","0","0"]}
{"type":"angle","q":6,"p":-10,"scale":1,"op":"cot","phase":1,"ok":1,"poly":["-1","0","3"],"real":["5172468919249616863341937568092147056766342706421011827953660393523147335970039782107407052193749008383","5172468919249616863341937568092147056766342706421011827953660393523147335970039782107407052194822750209","-342"],"imag":["0","0","0"]}
{"type":"angle","q":6,"p":-10,"scale":1,"op":"sec","phase":0,"ok":1,"poly":["-2","1"],"real":["1","1","1"],"imag":["0","0","0"]}
{"type":"angle","q":6,"p":-10,"scale":1,"op":"sec","phase":1,"ok":1,"poly":["-2","1"],"real":["1","1","1"],"imag":["0","0","0"]}
{"type":"angle","q":6,"p":-10,"scale":1,"op":"csc","phase":0,"ok":1,"poly":["-4","0","3"],"real":["52737397733379725446751724873925785405868761865","52737397733379725446751724873925785406453816567","-155"],"imag":["0","0","0"]}
{"type":"angle","q":6,"p":-10,"scale":1,"op":"csc","phase":1,"ok":1,"poly":["-4","0","3"],"real":["5172468919249616863341937568092147056766342706421011827953660393523147335970039782107407052193749008383","5172468919249616863341937568092147056766342706421011827953660393523147335970039782107407052194822750209","-341"],"imag":["0","0","0"]}
{"type":"angle","q":6,"p":-10,"scale":3,"op":"root","phase":0,"ok":1,"poly":["1","1","1"],"real":["-2923003274661805836407369665432566039312575708607","-2923003274661805836407369665432566039311154463297","-162"],"imag":["9888262075008698521265948413861084763581315187","9888262075008698521265948413861084763695613837","-153"],"recognized":1,"nullRecognized":1,"rp":1,"rq":3}
{"type":"angle","q":6,"p":-10,"scale":3,"op":"root","phase":1,"ok":1,"poly":["1","1","1"],"real":["-115172193140305827399949785796761135587064246228529065807379342658863042065190089480167441564259605943037975312218134915154131611020654072038617988630148194794852651","-115172193140305827399949785796761135587064246228529065807379342658863042065190089480167441564259605943037975312218134915154131611020654072038617988630148194588045013","-546"],"imag":["7758703378874425295012906352138220585149514059631517741930490590284721003955059673161110578290891948031","7758703378874425295012906352138220585149514059631517741930490590284721003955059673161110578291965689857","-342"],"recognized":1,"nullRecognized":1,"rp":1,"rq":3}
{"type":"angle","q":6,"p":-10,"scale":3,"op":"exp","phase":0,"ok":1,"poly":["1","-1","1"],"real":["2923003274661805836407369665432566039311154463297","2923003274661805836407369665432566039312575708607","-162"],"imag":["9888262075008698521265948413861084763581315187","9888262075008698521265948413861084763695613837","-153"],"recognized":1,"nullRecognized":1,"rp":1,"rq":6}
{"type":"angle","q":6,"p":-10,"scale":3,"op":"exp","phase":1,"ok":1,"poly":["1","-1","1"],"real":["115172193140305827399949785796761135587064246228529065807379342658863042065190089480167441564259605943037975312218134915154131611020654072038617988630148194588045013","115172193140305827399949785796761135587064246228529065807379342658863042065190089480167441564259605943037975312218134915154131611020654072038617988630148194794852651","-546"],"imag":["7758703378874425295012906352138220585149514059631517741930490590284721003955059673161110578290891948031","7758703378874425295012906352138220585149514059631517741930490590284721003955059673161110578291965689857","-342"],"recognized":1,"nullRecognized":1,"rp":1,"rq":6}
{"type":"angle","q":6,"p":-10,"scale":3,"op":"sin","phase":0,"ok":1,"poly":["-3","0","4"],"real":["158212193200139176340255174621777356217301037233","158212193200139176340255174621777356219129827151","-157"],"imag":["0","0","0"]}
{"type":"angle","q":6,"p":-10,"scale":3,"op":"sin","phase":1,"ok":1,"poly":["-3","0","4"],"real":["7758703378874425295012906352138220585149514059631517741930490590284721003955059673161110578290891948031","7758703378874425295012906352138220585149514059631517741930490590284721003955059673161110578291965689857","-342"],"imag":["0","0","0"]}
{"type":"angle","q":6,"p":-10,"scale":3,"op":"cos","phase":0,"ok":1,"poly":["-1","2"],"real":["1","1","-1"],"imag":["0","0","0"]}
{"type":"angle","q":6,"p":-10,"scale":3,"op":"cos","phase":1,"ok":1,"poly":["-1","2"],"real":["1","1","-1"],"imag":["0","0","0"]}
{"type":"angle","q":6,"p":-10,"scale":3,"op":"tan","phase":0,"ok":1,"poly":["-3","0","1"],"real":["294693174213430241384087455685767077315","294693174213430241384087455685767077317","-127"],"imag":["0","0","0"]}
{"type":"angle","q":6,"p":-10,"scale":3,"op":"tan","phase":1,"ok":1,"poly":["-3","0","1"],"real":["7758703378874425295012906352138220585149514059631517741930490590284721003955059673161110578290891948031","7758703378874425295012906352138220585149514059631517741930490590284721003955059673161110578291965689857","-341"],"imag":["0","0","0"]}
{"type":"angle","q":6,"p":-10,"scale":3,"op":"cot","phase":0,"ok":1,"poly":["-1","0","3"],"real":["52737397733379725446751724873925785405868761865","52737397733379725446751724873925785406453816567","-156"],"imag":["0","0","0"]}
{"type":"angle","q":6,"p":-10,"scale":3,"op":"cot","phase":1,"ok":1,"poly":["-1","0","3"],"real":["5172468919249616863341937568092147056766342706421011827953660393523147335970039782107407052193749008383","5172468919249616863341937568092147056766342706421011827953660393523147335970039782107407052194822750209","-342"],"imag":["0","0","0"]}
{"type":"angle","q":6,"p":-10,"scale":3,"op":"sec","phase":0,"ok":1,"poly":["-2","1"],"real":["1","1","1"],"imag":["0","0","0"]}
{"type":"angle","q":6,"p":-10,"scale":3,"op":"sec","phase":1,"ok":1,"poly":["-2","1"],"real":["1","1","1"],"imag":["0","0","0"]}
{"type":"angle","q":6,"p":-10,"scale":3,"op":"csc","phase":0,"ok":1,"poly":["-4","0","3"],"real":["52737397733379725446751724873925785405868761865","52737397733379725446751724873925785406453816567","-155"],"imag":["0","0","0"]}
{"type":"angle","q":6,"p":-10,"scale":3,"op":"csc","phase":1,"ok":1,"poly":["-4","0","3"],"real":["5172468919249616863341937568092147056766342706421011827953660393523147335970039782107407052193749008383","5172468919249616863341937568092147056766342706421011827953660393523147335970039782107407052194822750209","-341"],"imag":["0","0","0"]}
{"type":"angle","q":6,"p":-9,"scale":1,"op":"root","phase":0,"ok":1,"poly":["1","1"],"real":["-1","-1","0"],"imag":["0","0","0"],"recognized":1,"nullRecognized":1,"rp":1,"rq":2}
{"type":"angle","q":6,"p":-9,"scale":1,"op":"root","phase":1,"ok":1,"poly":["1","1"],"real":["-1","-1","0"],"imag":["0","0","0"],"recognized":1,"nullRecognized":1,"rp":1,"rq":2}
{"type":"angle","q":6,"p":-9,"scale":1,"op":"exp","phase":0,"ok":1,"poly":["1","0","1"],"real":["0","0","0"],"imag":["1","1","0"],"recognized":1,"nullRecognized":1,"rp":1,"rq":4}
{"type":"angle","q":6,"p":-9,"scale":1,"op":"exp","phase":1,"ok":1,"poly":["1","0","1"],"real":["0","0","0"],"imag":["1","1","0"],"recognized":1,"nullRecognized":1,"rp":1,"rq":4}
{"type":"angle","q":6,"p":-9,"scale":1,"op":"sin","phase":0,"ok":1,"poly":["-1","1"],"real":["1","1","0"],"imag":["0","0","0"]}
{"type":"angle","q":6,"p":-9,"scale":1,"op":"sin","phase":1,"ok":1,"poly":["-1","1"],"real":["1","1","0"],"imag":["0","0","0"]}
{"type":"angle","q":6,"p":-9,"scale":1,"op":"cos","phase":0,"ok":1,"poly":["0","1"],"real":["0","0","0"],"imag":["0","0","0"]}
{"type":"angle","q":6,"p":-9,"scale":1,"op":"cos","phase":1,"ok":1,"poly":["0","1"],"real":["0","0","0"],"imag":["0","0","0"]}
{"type":"angle","q":6,"p":-9,"scale":1,"op":"tan","phase":0,"ok":0}
{"type":"angle","q":6,"p":-9,"scale":1,"op":"tan","phase":1,"ok":0}
{"type":"angle","q":6,"p":-9,"scale":1,"op":"cot","phase":0,"ok":1,"poly":["0","1"],"real":["0","0","0"],"imag":["0","0","0"]}
{"type":"angle","q":6,"p":-9,"scale":1,"op":"cot","phase":1,"ok":1,"poly":["0","1"],"real":["0","0","0"],"imag":["0","0","0"]}
{"type":"angle","q":6,"p":-9,"scale":1,"op":"sec","phase":0,"ok":0}
{"type":"angle","q":6,"p":-9,"scale":1,"op":"sec","phase":1,"ok":0}
{"type":"angle","q":6,"p":-9,"scale":1,"op":"csc","phase":0,"ok":1,"poly":["-1","1"],"real":["1","1","0"],"imag":["0","0","0"]}
{"type":"angle","q":6,"p":-9,"scale":1,"op":"csc","phase":1,"ok":1,"poly":["-1","1"],"real":["1","1","0"],"imag":["0","0","0"]}
{"type":"angle","q":6,"p":-9,"scale":3,"op":"root","phase":0,"ok":1,"poly":["1","1"],"real":["-1","-1","0"],"imag":["0","0","0"],"recognized":1,"nullRecognized":1,"rp":1,"rq":2}
{"type":"angle","q":6,"p":-9,"scale":3,"op":"root","phase":1,"ok":1,"poly":["1","1"],"real":["-1","-1","0"],"imag":["0","0","0"],"recognized":1,"nullRecognized":1,"rp":1,"rq":2}
{"type":"angle","q":6,"p":-9,"scale":3,"op":"exp","phase":0,"ok":1,"poly":["1","0","1"],"real":["0","0","0"],"imag":["1","1","0"],"recognized":1,"nullRecognized":1,"rp":1,"rq":4}
{"type":"angle","q":6,"p":-9,"scale":3,"op":"exp","phase":1,"ok":1,"poly":["1","0","1"],"real":["0","0","0"],"imag":["1","1","0"],"recognized":1,"nullRecognized":1,"rp":1,"rq":4}
{"type":"angle","q":6,"p":-9,"scale":3,"op":"sin","phase":0,"ok":1,"poly":["-1","1"],"real":["1","1","0"],"imag":["0","0","0"]}
{"type":"angle","q":6,"p":-9,"scale":3,"op":"sin","phase":1,"ok":1,"poly":["-1","1"],"real":["1","1","0"],"imag":["0","0","0"]}
{"type":"angle","q":6,"p":-9,"scale":3,"op":"cos","phase":0,"ok":1,"poly":["0","1"],"real":["0","0","0"],"imag":["0","0","0"]}
{"type":"angle","q":6,"p":-9,"scale":3,"op":"cos","phase":1,"ok":1,"poly":["0","1"],"real":["0","0","0"],"imag":["0","0","0"]}
{"type":"angle","q":6,"p":-9,"scale":3,"op":"tan","phase":0,"ok":0}
{"type":"angle","q":6,"p":-9,"scale":3,"op":"tan","phase":1,"ok":0}
{"type":"angle","q":6,"p":-9,"scale":3,"op":"cot","phase":0,"ok":1,"poly":["0","1"],"real":["0","0","0"],"imag":["0","0","0"]}
{"type":"angle","q":6,"p":-9,"scale":3,"op":"cot","phase":1,"ok":1,"poly":["0","1"],"real":["0","0","0"],"imag":["0","0","0"]}
{"type":"angle","q":6,"p":-9,"scale":3,"op":"sec","phase":0,"ok":0}
{"type":"angle","q":6,"p":-9,"scale":3,"op":"sec","phase":1,"ok":0}
{"type":"angle","q":6,"p":-9,"scale":3,"op":"csc","phase":0,"ok":1,"poly":["-1","1"],"real":["1","1","0"],"imag":["0","0","0"]}
{"type":"angle","q":6,"p":-9,"scale":3,"op":"csc","phase":1,"ok":1,"poly":["-1","1"],"real":["1","1","0"],"imag":["0","0","0"]}
{"type":"angle","q":6,"p":-8,"scale":1,"op":"root","phase":0,"ok":1,"poly":["1","1","1"],"real":["-2923003274661805836407369665432566039312575708607","-2923003274661805836407369665432566039311154463297","-162"],"imag":["-9888262075008698521265948413861084763695613837","-9888262075008698521265948413861084763581315187","-153"],"recognized":1,"nullRecognized":1,"rp":2,"rq":3}
{"type":"angle","q":6,"p":-8,"scale":1,"op":"root","phase":1,"ok":1,"poly":["1","1","1"],"real":["-115172193140305827399949785796761135587064246228529065807379342658863042065190089480167441564259605943037975312218134915154131611020654072038617988630148194794852651","-115172193140305827399949785796761135587064246228529065807379342658863042065190089480167441564259605943037975312218134915154131611020654072038617988630148194588045013","-546"],"imag":["-7758703378874425295012906352138220585149514059631517741930490590284721003955059673161110578291965689857","-7758703378874425295012906352138220585149514059631517741930490590284721003955059673161110578290891948031","-342"],"recognized":1,"nullRecognized":1,"rp":2,"rq":3}
{"type":"angle","q":6,"p":-8,"scale":1,"op":"exp","phase":0,"ok":1,"poly":["1","1","1"],"real":["-2923003274661805836407369665432566039312575708607","-2923003274661805836407369665432566039311154463297","-162"],"imag":["9888262075008698521265948413861084763581315187","9888262075008698521265948413861084763695613837","-153"],"recognized":1,"nullRecognized":1,"rp":1,"rq":3}
{"type":"angle","q":6,"p":-8,"scale":1,"op":"exp","phase":1,"ok":1,"poly":["1","1","1"],"real":["-115172193140305827399949785796761135587064246228529065807379342658863042065190089480167441564259605943037975312218134915154131611020654072038617988630148194794852651","-115172193140305827399949785796761135587064246228529065807379342658863042065190089480167441564259605943037975312218134915154131611020654072038617988630148194588045013","-546"],"imag":["7758703378874425295012906352138220585149514059631517741930490590284721003955059673161110578290891948031","7758703378874425295012906352138220585149514059631517741930490590284721003955059673161110578291965689857","-342"],"recognized":1,"nullRecognized":1,"rp":1,"rq":3}
{"type":"angle","q":6,"p":-8,"scale":1,"op":"sin","phase":0,"ok":1,"poly":["-3","0","4"],"real":["158212193200139176340255174621777356217301037233","158212193200139176340255174621777356219129827151","-157"],"imag":["0","0","0"]}
{"type":"angle","q":6,"p":-8,"scale":1,"op":"sin","phase":1,"ok":1,"poly":["-3","0","4"],"real":["7758703378874425295012906352138220585149514059631517741930490590284721003955059673161110578290891948031","7758703378874425295012906352138220585149514059631517741930490590284721003955059673161110578291965689857","-342"],"imag":["0","0","0"]}
{"type":"angle","q":6,"p":-8,"scale":1,"op":"cos","phase":0,"ok":1,"poly":["1","2"],"real":["-1","-1","-1"],"imag":["0","0","0"]}
{"type":"angle","q":6,"p":-8,"scale":1,"op":"cos","phase":1,"ok":1,"poly":["1","2"],"real":["-1","-1","-1"],"imag":["0","0","0"]}
{"type":"angle","q":6,"p":-8,"scale":1,"op":"tan","phase":0,"ok":1,"poly":["-3","0","1"],"real":["-294693174213430241384087455685767077317","-294693174213430241384087455685767077315","-127"],"imag":["0","0","0"]}
{"type":"angle","q":6,"p":-8,"scale":1,"op":"tan","phase":1,"ok":1,"poly":["-3","0","1"],"real":["-7758703378874425295012906352138220585149514059631517741930490590284721003955059673161110578291965689857","-7758703378874425295012906352138220585149514059631517741930490590284721003955059673161110578290891948031","-341"],"imag":["0","0","0"]}
{"type":"angle","q":6,"p":-8,"scale":1,"op":"cot","phase":0,"ok":1,"poly":["-1","0","3"],"real":["-52737397733379725446751724873925785406453816567","-52737397733379725446751724873925785405868761865","-156"],"imag":["0","0","0"]}
{"type":"angle","q":6,"p":-8,"scale":1,"op":"cot","phase":1,"ok":1,"poly":["-1","0","3"],"real":["-5172468919249616863341937568092147056766342706421011827953660393523147335970039782107407052194822750209","-5172468919249616863341937568092147056766342706421011827953660393523147335970039782107407052193749008383","-342"],"imag":["0","0","0"]}
{"type":"angle","q":6,"p":-8,"scale":1,"op":"sec","phase":0,"ok":1,"poly":["2","1"],"real":["-1","-1","1"],"imag":["0","0","0"]}
{"type":"angle","q":6,"p":-8,"scale":1,"op":"sec","phase":1,"ok":1,"poly":["2","1"],"real":["-1","-1","1"],"imag":["0","0","0"]}
{"type":"angle","q":6,"p":-8,"scale":1,"op":"csc","phase":0,"ok":1,"poly":["-4","0","3"],"real":["52737397733379725446751724873925785405868761865","52737397733379725446751724873925785406453816567","-155"],"imag":["0","0","0"]}
{"type":"angle","q":6,"p":-8,"scale":1,"op":"csc","phase":1,"ok":1,"poly":["-4","0","3"],"real":["5172468919249616863341937568092147056766342706421011827953660393523147335970039782107407052193749008383","5172468919249616863341937568092147056766342706421011827953660393523147335970039782107407052194822750209","-341"],"imag":["0","0","0"]}
{"type":"angle","q":6,"p":-8,"scale":3,"op":"root","phase":0,"ok":1,"poly":["1","1","1"],"real":["-2923003274661805836407369665432566039312575708607","-2923003274661805836407369665432566039311154463297","-162"],"imag":["-9888262075008698521265948413861084763695613837","-9888262075008698521265948413861084763581315187","-153"],"recognized":1,"nullRecognized":1,"rp":2,"rq":3}
{"type":"angle","q":6,"p":-8,"scale":3,"op":"root","phase":1,"ok":1,"poly":["1","1","1"],"real":["-115172193140305827399949785796761135587064246228529065807379342658863042065190089480167441564259605943037975312218134915154131611020654072038617988630148194794852651","-115172193140305827399949785796761135587064246228529065807379342658863042065190089480167441564259605943037975312218134915154131611020654072038617988630148194588045013","-546"],"imag":["-7758703378874425295012906352138220585149514059631517741930490590284721003955059673161110578291965689857","-7758703378874425295012906352138220585149514059631517741930490590284721003955059673161110578290891948031","-342"],"recognized":1,"nullRecognized":1,"rp":2,"rq":3}
{"type":"angle","q":6,"p":-8,"scale":3,"op":"exp","phase":0,"ok":1,"poly":["1","1","1"],"real":["-2923003274661805836407369665432566039312575708607","-2923003274661805836407369665432566039311154463297","-162"],"imag":["9888262075008698521265948413861084763581315187","9888262075008698521265948413861084763695613837","-153"],"recognized":1,"nullRecognized":1,"rp":1,"rq":3}
{"type":"angle","q":6,"p":-8,"scale":3,"op":"exp","phase":1,"ok":1,"poly":["1","1","1"],"real":["-115172193140305827399949785796761135587064246228529065807379342658863042065190089480167441564259605943037975312218134915154131611020654072038617988630148194794852651","-115172193140305827399949785796761135587064246228529065807379342658863042065190089480167441564259605943037975312218134915154131611020654072038617988630148194588045013","-546"],"imag":["7758703378874425295012906352138220585149514059631517741930490590284721003955059673161110578290891948031","7758703378874425295012906352138220585149514059631517741930490590284721003955059673161110578291965689857","-342"],"recognized":1,"nullRecognized":1,"rp":1,"rq":3}
{"type":"angle","q":6,"p":-8,"scale":3,"op":"sin","phase":0,"ok":1,"poly":["-3","0","4"],"real":["158212193200139176340255174621777356217301037233","158212193200139176340255174621777356219129827151","-157"],"imag":["0","0","0"]}
{"type":"angle","q":6,"p":-8,"scale":3,"op":"sin","phase":1,"ok":1,"poly":["-3","0","4"],"real":["7758703378874425295012906352138220585149514059631517741930490590284721003955059673161110578290891948031","7758703378874425295012906352138220585149514059631517741930490590284721003955059673161110578291965689857","-342"],"imag":["0","0","0"]}
{"type":"angle","q":6,"p":-8,"scale":3,"op":"cos","phase":0,"ok":1,"poly":["1","2"],"real":["-1","-1","-1"],"imag":["0","0","0"]}
{"type":"angle","q":6,"p":-8,"scale":3,"op":"cos","phase":1,"ok":1,"poly":["1","2"],"real":["-1","-1","-1"],"imag":["0","0","0"]}
{"type":"angle","q":6,"p":-8,"scale":3,"op":"tan","phase":0,"ok":1,"poly":["-3","0","1"],"real":["-294693174213430241384087455685767077317","-294693174213430241384087455685767077315","-127"],"imag":["0","0","0"]}
{"type":"angle","q":6,"p":-8,"scale":3,"op":"tan","phase":1,"ok":1,"poly":["-3","0","1"],"real":["-7758703378874425295012906352138220585149514059631517741930490590284721003955059673161110578291965689857","-7758703378874425295012906352138220585149514059631517741930490590284721003955059673161110578290891948031","-341"],"imag":["0","0","0"]}
{"type":"angle","q":6,"p":-8,"scale":3,"op":"cot","phase":0,"ok":1,"poly":["-1","0","3"],"real":["-52737397733379725446751724873925785406453816567","-52737397733379725446751724873925785405868761865","-156"],"imag":["0","0","0"]}
{"type":"angle","q":6,"p":-8,"scale":3,"op":"cot","phase":1,"ok":1,"poly":["-1","0","3"],"real":["-5172468919249616863341937568092147056766342706421011827953660393523147335970039782107407052194822750209","-5172468919249616863341937568092147056766342706421011827953660393523147335970039782107407052193749008383","-342"],"imag":["0","0","0"]}
{"type":"angle","q":6,"p":-8,"scale":3,"op":"sec","phase":0,"ok":1,"poly":["2","1"],"real":["-1","-1","1"],"imag":["0","0","0"]}
{"type":"angle","q":6,"p":-8,"scale":3,"op":"sec","phase":1,"ok":1,"poly":["2","1"],"real":["-1","-1","1"],"imag":["0","0","0"]}
{"type":"angle","q":6,"p":-8,"scale":3,"op":"csc","phase":0,"ok":1,"poly":["-4","0","3"],"real":["52737397733379725446751724873925785405868761865","52737397733379725446751724873925785406453816567","-155"],"imag":["0","0","0"]}
{"type":"angle","q":6,"p":-8,"scale":3,"op":"csc","phase":1,"ok":1,"poly":["-4","0","3"],"real":["5172468919249616863341937568092147056766342706421011827953660393523147335970039782107407052193749008383","5172468919249616863341937568092147056766342706421011827953660393523147335970039782107407052194822750209","-341"],"imag":["0","0","0"]}
{"type":"angle","q":6,"p":-7,"scale":1,"op":"root","phase":0,"ok":1,"poly":["1","-1","1"],"real":["2923003274661805836407369665432566039311154463297","2923003274661805836407369665432566039312575708607","-162"],"imag":["-9888262075008698521265948413861084763695613837","-9888262075008698521265948413861084763581315187","-153"],"recognized":1,"nullRecognized":1,"rp":5,"rq":6}
{"type":"angle","q":6,"p":-7,"scale":1,"op":"root","phase":1,"ok":1,"poly":["1","-1","1"],"real":["115172193140305827399949785796761135587064246228529065807379342658863042065190089480167441564259605943037975312218134915154131611020654072038617988630148194588045013","115172193140305827399949785796761135587064246228529065807379342658863042065190089480167441564259605943037975312218134915154131611020654072038617988630148194794852651","-546"],"imag":["-7758703378874425295012906352138220585149514059631517741930490590284721003955059673161110578291965689857","-7758703378874425295012906352138220585149514059631517741930490590284721003955059673161110578290891948031","-342"],"recognized":1,"nullRecognized":1,"rp":5,"rq":6}
{"type":"angle","q":6,"p":-7,"scale":1,"op":"exp","phase":0,"ok":1,"poly":["1","0","-1","0","1"],"real":["-210300076476156892817421832906076868413144174248499808223378102408488511827176361837","-210300076476156892817421832906076868413144174248499808223378102408488511826958880915","-277"],"imag":["485667223056432267729865476705879726660601709763034880312953102434726071300864378819","485667223056432267729865476705879726660601709763034880312953102434726071301734082621","-279"],"recognized":1,"nullRecognized":1,"rp":5,"rq":12}
{"type":"angle","q":6,"p":-7,"scale":1,"op":"exp","phase":1,"ok":1,"poly":["1","0","-1","0","1"],"real":["-7758703378874425295012906352138220585149514059631517741930490590284721003955059673161110578291965689857","-7758703378874425295012906352138220585149514059631517741930490590284721003955059673161110578290891948031","-342"],"imag":["4479489484355608421114884561136888556243290994469299069799978201927583742360321890761754986542677360639","4479489484355608421114884561136888556243290994469299069799978201927583742360321890761754986543751102465","-342"],"recognized":1,"nullRecognized":1,"rp":5,"rq":12}
{"type":"angle","q":6,"p":-7,"scale":1,"op":"sin","phase":0,"ok":1,"poly":["-1","2"],"real":["1","1","-1"],"imag":["0","0","0"]}
{"type":"angle","q":6,"p":-7,"scale":1,"op":"sin","phase":1,"ok":1,"poly":["-1","2"],"real":["1","1","-1"],"imag":["0","0","0"]}
{"type":"angle","q":6,"p":-7,"scale":1,"op":"cos","phase":0,"ok":1,"poly":["-3","0","4"],"real":["-158212193200139176340255174621777356219129827151","-158212193200139176340255174621777356217301037233","-157"],"imag":["0","0","0"]}
{"type":"angle","q":6,"p":-7,"scale":1,"op":"cos","phase":1,"ok":1,"poly":["-3","0","4"],"real":["-7758703378874425295012906352138220585149514059631517741930490590284721003955059673161110578291965689857","-7758703378874425295012906352138220585149514059631517741930490590284721003955059673161110578290891948031","-342"],"imag":["0","0","0"]}
{"type":"angle","q":6,"p":-7,"scale":1,"op":"tan","phase":0,"ok":1,"poly":["-1","0","3"],"real":["-52737397733379725446751724873925785406453816567","-52737397733379725446751724873925785405868761865","-156"],"imag":["0","0","0"]}
{"type":"angle","q":6,"p":-7,"scale":1,"op":"tan","phase":1,"ok":1,"poly":["-1","0","3"],"real":["-5172468919249616863341937568092147056766342706421011827953660393523147335970039782107407052194822750209","-5172468919249616863341937568092147056766342706421011827953660393523147335970039782107407052193749008383","-342"],"imag":["0","0","0"]}
{"type":"angle","q":6,"p":-7,"scale":1,"op":"cot","phase":0,"ok":1,"poly":["-3","0","1"],"real":["-158212193200139176340255174621777356219129827151","-158212193200139176340255174621777356217301037233","-156"],"imag":["0","0","0"]}
{"type":"angle","q":6,"p":-7,"scale":1,"op":"cot","phase":1,"ok":1,"poly":["-3","0","1"],"real":["-7758703378874425295012906352138220585149514059631517741930490590284721003955059673161110578291965689857","-7758703378874425295012906352138220585149514059631517741930490590284721003955059673161110578290891948031","-341"],"imag":["0","0","0"]}
{"type":"angle","q":6,"p":-7,"scale":1,"op":"sec","phase":0,"ok":1,"poly":["-4","0","3"],"real":["-52737397733379725446751724873925785406453816567","-52737397733379725446751724873925785405868761865","-155"],"imag":["0","0","0"]}
{"type":"angle","q":6,"p":-7,"scale":1,"op":"sec","phase":1,"ok":1,"poly":["-4","0","3"],"real":["-5172468919249616863341937568092147056766342706421011827953660393523147335970039782107407052194822750209","-5172468919249616863341937568092147056766342706421011827953660393523147335970039782107407052193749008383","-341"],"imag":["0","0","0"]}
{"type":"angle","q":6,"p":-7,"scale":1,"op":"csc","phase":0,"ok":1,"poly":["-2","1"],"real":["1","1","1"],"imag":["0","0","0"]}
{"type":"angle","q":6,"p":-7,"scale":1,"op":"csc","phase":1,"ok":1,"poly":["-2","1"],"real":["1","1","1"],"imag":["0","0","0"]}
{"type":"angle","q":6,"p":-7,"scale":3,"op":"root","phase":0,"ok":1,"poly":["1","-1","1"],"real":["2923003274661805836407369665432566039311154463297","2923003274661805836407369665432566039312575708607","-162"],"imag":["-9888262075008698521265948413861084763695613837","-9888262075008698521265948413861084763581315187","-153"],"recognized":1,"nullRecognized":1,"rp":5,"rq":6}
{"type":"angle","q":6,"p":-7,"scale":3,"op":"root","phase":1,"ok":1,"poly":["1","-1","1"],"real":["115172193140305827399949785796761135587064246228529065807379342658863042065190089480167441564259605943037975312218134915154131611020654072038617988630148194588045013","115172193140305827399949785796761135587064246228529065807379342658863042065190089480167441564259605943037975312218134915154131611020654072038617988630148194794852651","-546"],"imag":["-7758703378874425295012906352138220585149514059631517741930490590284721003955059673161110578291965689857","-7758703378874425295012906352138220585149514059631517741930490590284721003955059673161110578290891948031","-342"],"recognized":1,"nullRecognized":1,"rp":5,"rq":6}
{"type":"angle","q":6,"p":-7,"scale":3,"op":"exp","phase":0,"ok":1,"poly":["1","0","-1","0","1"],"real":["-210300076476156892817421832906076868413144174248499808223378102408488511827176361837","-210300076476156892817421832906076868413144174248499808223378102408488511826958880915","-277"],"imag":["485667223056432267729865476705879726660601709763034880312953102434726071300864378819","485667223056432267729865476705879726660601709763034880312953102434726071301734082621","-279"],"recognized":1,"nullRecognized":1,"rp":5,"rq":12}
{"type":"angle","q":6,"p":-7,"scale":3,"op":"exp","phase":1,"ok":1,"poly":["1","0","-1","0","1"],"real":["-7758703378874425295012906352138220585149514059631517741930490590284721003955059673161110578291965689857","-7758703378874425295012906352138220585149514059631517741930490590284721003955059673161110578290891948031","-342"],"imag":["4479489484355608421114884561136888556243290994469299069799978201927583742360321890761754986542677360639","4479489484355608421114884561136888556243290994469299069799978201927583742360321890761754986543751102465","-342"],"recognized":1,"nullRecognized":1,"rp":5,"rq":12}
{"type":"angle","q":6,"p":-7,"scale":3,"op":"sin","phase":0,"ok":1,"poly":["-1","2"],"real":["1","1","-1"],"imag":["0","0","0"]}
{"type":"angle","q":6,"p":-7,"scale":3,"op":"sin","phase":1,"ok":1,"poly":["-1","2"],"real":["1","1","-1"],"imag":["0","0","0"]}
{"type":"angle","q":6,"p":-7,"scale":3,"op":"cos","phase":0,"ok":1,"poly":["-3","0","4"],"real":["-158212193200139176340255174621777356219129827151","-158212193200139176340255174621777356217301037233","-157"],"imag":["0","0","0"]}
{"type":"angle","q":6,"p":-7,"scale":3,"op":"cos","phase":1,"ok":1,"poly":["-3","0","4"],"real":["-7758703378874425295012906352138220585149514059631517741930490590284721003955059673161110578291965689857","-7758703378874425295012906352138220585149514059631517741930490590284721003955059673161110578290891948031","-342"],"imag":["0","0","0"]}
{"type":"angle","q":6,"p":-7,"scale":3,"op":"tan","phase":0,"ok":1,"poly":["-1","0","3"],"real":["-52737397733379725446751724873925785406453816567","-52737397733379725446751724873925785405868761865","-156"],"imag":["0","0","0"]}
{"type":"angle","q":6,"p":-7,"scale":3,"op":"tan","phase":1,"ok":1,"poly":["-1","0","3"],"real":["-5172468919249616863341937568092147056766342706421011827953660393523147335970039782107407052194822750209","-5172468919249616863341937568092147056766342706421011827953660393523147335970039782107407052193749008383","-342"],"imag":["0","0","0"]}
{"type":"angle","q":6,"p":-7,"scale":3,"op":"cot","phase":0,"ok":1,"poly":["-3","0","1"],"real":["-158212193200139176340255174621777356219129827151","-158212193200139176340255174621777356217301037233","-156"],"imag":["0","0","0"]}
{"type":"angle","q":6,"p":-7,"scale":3,"op":"cot","phase":1,"ok":1,"poly":["-3","0","1"],"real":["-7758703378874425295012906352138220585149514059631517741930490590284721003955059673161110578291965689857","-7758703378874425295012906352138220585149514059631517741930490590284721003955059673161110578290891948031","-341"],"imag":["0","0","0"]}
{"type":"angle","q":6,"p":-7,"scale":3,"op":"sec","phase":0,"ok":1,"poly":["-4","0","3"],"real":["-52737397733379725446751724873925785406453816567","-52737397733379725446751724873925785405868761865","-155"],"imag":["0","0","0"]}
{"type":"angle","q":6,"p":-7,"scale":3,"op":"sec","phase":1,"ok":1,"poly":["-4","0","3"],"real":["-5172468919249616863341937568092147056766342706421011827953660393523147335970039782107407052194822750209","-5172468919249616863341937568092147056766342706421011827953660393523147335970039782107407052193749008383","-341"],"imag":["0","0","0"]}
{"type":"angle","q":6,"p":-7,"scale":3,"op":"csc","phase":0,"ok":1,"poly":["-2","1"],"real":["1","1","1"],"imag":["0","0","0"]}
{"type":"angle","q":6,"p":-7,"scale":3,"op":"csc","phase":1,"ok":1,"poly":["-2","1"],"real":["1","1","1"],"imag":["0","0","0"]}
{"type":"angle","q":6,"p":-6,"scale":1,"op":"root","phase":0,"ok":1,"poly":["-1","1"],"real":["1","1","0"],"imag":["0","0","0"],"recognized":1,"nullRecognized":1,"rp":0,"rq":1}
{"type":"angle","q":6,"p":-6,"scale":1,"op":"root","phase":1,"ok":1,"poly":["-1","1"],"real":["1","1","0"],"imag":["0","0","0"],"recognized":1,"nullRecognized":1,"rp":0,"rq":1}
{"type":"angle","q":6,"p":-6,"scale":1,"op":"exp","phase":0,"ok":1,"poly":["1","1"],"real":["-1","-1","0"],"imag":["0","0","0"],"recognized":1,"nullRecognized":1,"rp":1,"rq":2}
{"type":"angle","q":6,"p":-6,"scale":1,"op":"exp","phase":1,"ok":1,"poly":["1","1"],"real":["-1","-1","0"],"imag":["0","0","0"],"recognized":1,"nullRecognized":1,"rp":1,"rq":2}
{"type":"angle","q":6,"p":-6,"scale":1,"op":"sin","phase":0,"ok":1,"poly":["0","1"],"real":["0","0","0"],"imag":["0","0","0"]}
{"type":"angle","q":6,"p":-6,"scale":1,"op":"sin","phase":1,"ok":1,"poly":["0","1"],"real":["0","0","0"],"imag":["0","0","0"]}
{"type":"angle","q":6,"p":-6,"scale":1,"op":"cos","phase":0,"ok":1,"poly":["1","1"],"real":["-1","-1","0"],"imag":["0","0","0"]}
{"type":"angle","q":6,"p":-6,"scale":1,"op":"cos","phase":1,"ok":1,"poly":["1","1"],"real":["-1","-1","0"],"imag":["0","0","0"]}
{"type":"angle","q":6,"p":-6,"scale":1,"op":"tan","phase":0,"ok":1,"poly":["0","1"],"real":["0","0","0"],"imag":["0","0","0"]}
{"type":"angle","q":6,"p":-6,"scale":1,"op":"tan","phase":1,"ok":1,"poly":["0","1"],"real":["0","0","0"],"imag":["0","0","0"]}
{"type":"angle","q":6,"p":-6,"scale":1,"op":"cot","phase":0,"ok":0}
{"type":"angle","q":6,"p":-6,"scale":1,"op":"cot","phase":1,"ok":0}
{"type":"angle","q":6,"p":-6,"scale":1,"op":"sec","phase":0,"ok":1,"poly":["1","1"],"real":["-1","-1","0"],"imag":["0","0","0"]}
{"type":"angle","q":6,"p":-6,"scale":1,"op":"sec","phase":1,"ok":1,"poly":["1","1"],"real":["-1","-1","0"],"imag":["0","0","0"]}
{"type":"angle","q":6,"p":-6,"scale":1,"op":"csc","phase":0,"ok":0}
{"type":"angle","q":6,"p":-6,"scale":1,"op":"csc","phase":1,"ok":0}
{"type":"angle","q":6,"p":-6,"scale":3,"op":"root","phase":0,"ok":1,"poly":["-1","1"],"real":["1","1","0"],"imag":["0","0","0"],"recognized":1,"nullRecognized":1,"rp":0,"rq":1}
{"type":"angle","q":6,"p":-6,"scale":3,"op":"root","phase":1,"ok":1,"poly":["-1","1"],"real":["1","1","0"],"imag":["0","0","0"],"recognized":1,"nullRecognized":1,"rp":0,"rq":1}
{"type":"angle","q":6,"p":-6,"scale":3,"op":"exp","phase":0,"ok":1,"poly":["1","1"],"real":["-1","-1","0"],"imag":["0","0","0"],"recognized":1,"nullRecognized":1,"rp":1,"rq":2}
{"type":"angle","q":6,"p":-6,"scale":3,"op":"exp","phase":1,"ok":1,"poly":["1","1"],"real":["-1","-1","0"],"imag":["0","0","0"],"recognized":1,"nullRecognized":1,"rp":1,"rq":2}
{"type":"angle","q":6,"p":-6,"scale":3,"op":"sin","phase":0,"ok":1,"poly":["0","1"],"real":["0","0","0"],"imag":["0","0","0"]}
{"type":"angle","q":6,"p":-6,"scale":3,"op":"sin","phase":1,"ok":1,"poly":["0","1"],"real":["0","0","0"],"imag":["0","0","0"]}
{"type":"angle","q":6,"p":-6,"scale":3,"op":"cos","phase":0,"ok":1,"poly":["1","1"],"real":["-1","-1","0"],"imag":["0","0","0"]}
{"type":"angle","q":6,"p":-6,"scale":3,"op":"cos","phase":1,"ok":1,"poly":["1","1"],"real":["-1","-1","0"],"imag":["0","0","0"]}
{"type":"angle","q":6,"p":-6,"scale":3,"op":"tan","phase":0,"ok":1,"poly":["0","1"],"real":["0","0","0"],"imag":["0","0","0"]}
{"type":"angle","q":6,"p":-6,"scale":3,"op":"tan","phase":1,"ok":1,"poly":["0","1"],"real":["0","0","0"],"imag":["0","0","0"]}
{"type":"angle","q":6,"p":-6,"scale":3,"op":"cot","phase":0,"ok":0}
{"type":"angle","q":6,"p":-6,"scale":3,"op":"cot","phase":1,"ok":0}
{"type":"angle","q":6,"p":-6,"scale":3,"op":"sec","phase":0,"ok":1,"poly":["1","1"],"real":["-1","-1","0"],"imag":["0","0","0"]}
{"type":"angle","q":6,"p":-6,"scale":3,"op":"sec","phase":1,"ok":1,"poly":["1","1"],"real":["-1","-1","0"],"imag":["0","0","0"]}
{"type":"angle","q":6,"p":-6,"scale":3,"op":"csc","phase":0,"ok":0}
{"type":"angle","q":6,"p":-6,"scale":3,"op":"csc","phase":1,"ok":0}
{"type":"angle","q":6,"p":-5,"scale":1,"op":"root","phase":0,"ok":1,"poly":["1","-1","1"],"real":["2923003274661805836407369665432566039311154463297","2923003274661805836407369665432566039312575708607","-162"],"imag":["9888262075008698521265948413861084763581315187","9888262075008698521265948413861084763695613837","-153"],"recognized":1,"nullRecognized":1,"rp":1,"rq":6}
{"type":"angle","q":6,"p":-5,"scale":1,"op":"root","phase":1,"ok":1,"poly":["1","-1","1"],"real":["115172193140305827399949785796761135587064246228529065807379342658863042065190089480167441564259605943037975312218134915154131611020654072038617988630148194588045013","115172193140305827399949785796761135587064246228529065807379342658863042065190089480167441564259605943037975312218134915154131611020654072038617988630148194794852651","-546"],"imag":["7758703378874425295012906352138220585149514059631517741930490590284721003955059673161110578290891948031","7758703378874425295012906352138220585149514059631517741930490590284721003955059673161110578291965689857","-342"],"recognized":1,"nullRecognized":1,"rp":1,"rq":6}
{"type":"angle","q":6,"p":-5,"scale":1,"op":"exp","phase":0,"ok":1,"poly":["1","0","-1","0","1"],"real":["-210300076476156892817421832906076868413144174248499808223378102408488511827176361837","-210300076476156892817421832906076868413144174248499808223378102408488511826958880915","-277"],"imag":["-485667223056432267729865476705879726660601709763034880312953102434726071301734082621","-485667223056432267729865476705879726660601709763034880312953102434726071300864378819","-279"],"recognized":1,"nullRecognized":1,"rp":7,"rq":12}
{"type":"angle","q":6,"p":-5,"scale":1,"op":"exp","phase":1,"ok":1,"poly":["1","0","-1","0","1"],"real":["-7758703378874425295012906352138220585149514059631517741930490590284721003955059673161110578291965689857","-7758703378874425295012906352138220585149514059631517741930490590284721003955059673161110578290891948031","-342"],"imag":["-4479489484355608421114884561136888556243290994469299069799978201927583742360321890761754986543751102465","-4479489484355608421114884561136888556243290994469299069799978201927583742360321890761754986542677360639","-342"],"recognized":1,"nullRecognized":1,"rp":7,"rq":12}
{"type":"angle","q":6,"p":-5,"scale":1,"op":"sin","phase":0,"ok":1,"poly":["1","2"],"real":["-1","-1","-1"],"imag":["0","0","0"]}
{"type":"angle","q":6,"p":-5,"scale":1,"op":"sin","phase":1,"ok":1,"poly":["1","2"],"real":["-1","-1","-1"],"imag":["0","0","0"]}
{"type":"angle","q":6,"p":-5,"scale":1,"op":"cos","phase":0,"ok":1,"poly":["-3","0","4"],"real":["-158212193200139176340255174621777356219129827151","-158212193200139176340255174621777356217301037233","-157"],"imag":["0","0","0"]}
{"type":"angle","q":6,"p":-5,"scale":1,"op":"cos","phase":1,"ok":1,"poly":["-3","0","4"],"real":["-7758703378874425295012906352138220585149514059631517741930490590284721003955059673161110578291965689857","-7758703378874425295012906352138220585149514059631517741930490590284721003955059673161110578290891948031","-342"],"imag":["0","0","0"]}
{"type":"angle","q":6,"p":-5,"scale":1,"op":"tan","phase":0,"ok":1,"poly":["-1","0","3"],"real":["52737397733379725446751724873925785405868761865","52737397733379725446751724873925785406453816567","-156"],"imag":["0","0","0"]}
{"type":"angle","q":6,"p":-5,"scale":1,"op":"tan","phase":1,"ok":1,"poly":["-1","0","3"],"real":["5172468919249616863341937568092147056766342706421011827953660393523147335970039782107407052193749008383","5172468919249616863341937568092147056766342706421011827953660393523147335970039782107407052194822750209","-342"],"imag":["0","0","0"]}
{"type":"angle","q":6,"p":-5,"scale":1,"op":"cot","phase":0,"ok":1,"poly":["-3","0","1"],"real":["158212193200139176340255174621777356217301037233","158212193200139176340255174621777356219129827151","-156"],"imag":["0","0","0"]}
{"type":"angle","q":6,"p":-5,"scale":1,"op":"cot","phase":1,"ok":1,"poly":["-3","0","1"],"real":["7758703378874425295012906352138220585149514059631517741930490590284721003955059673161110578290891948031","7758703378874425295012906352138220585149514059631517741930490590284721003955059673161110578291965689857","-341"],"imag":["0","0","0"]}
{"type":"angle","q":6,"p":-5,"scale":1,"op":"sec","phase":0,"ok":1,"poly":["-4","0","3"],"real":["-52737397733379725446751724873925785406453816567","-52737397733379725446751724873925785405868761865","-155"],"imag":["0","0","0"]}
{"type":"angle","q":6,"p":-5,"scale":1,"op":"sec","phase":1,"ok":1,"poly":["-4","0","3"],"real":["-5172468919249616863341937568092147056766342706421011827953660393523147335970039782107407052194822750209","-5172468919249616863341937568092147056766342706421011827953660393523147335970039782107407052193749008383","-341"],"imag":["0","0","0"]}
{"type":"angle","q":6,"p":-5,"scale":1,"op":"csc","phase":0,"ok":1,"poly":["2","1"],"real":["-1","-1","1"],"imag":["0","0","0"]}
{"type":"angle","q":6,"p":-5,"scale":1,"op":"csc","phase":1,"ok":1,"poly":["2","1"],"real":["-1","-1","1"],"imag":["0","0","0"]}
{"type":"angle","q":6,"p":-5,"scale":3,"op":"root","phase":0,"ok":1,"poly":["1","-1","1"],"real":["2923003274661805836407369665432566039311154463297","2923003274661805836407369665432566039312575708607","-162"],"imag":["9888262075008698521265948413861084763581315187","9888262075008698521265948413861084763695613837","-153"],"recognized":1,"nullRecognized":1,"rp":1,"rq":6}
{"type":"angle","q":6,"p":-5,"scale":3,"op":"root","phase":1,"ok":1,"poly":["1","-1","1"],"real":["115172193140305827399949785796761135587064246228529065807379342658863042065190089480167441564259605943037975312218134915154131611020654072038617988630148194588045013","115172193140305827399949785796761135587064246228529065807379342658863042065190089480167441564259605943037975312218134915154131611020654072038617988630148194794852651","-546"],"imag":["7758703378874425295012906352138220585149514059631517741930490590284721003955059673161110578290891948031","7758703378874425295012906352138220585149514059631517741930490590284721003955059673161110578291965689857","-342"],"recognized":1,"nullRecognized":1,"rp":1,"rq":6}
{"type":"angle","q":6,"p":-5,"scale":3,"op":"exp","phase":0,"ok":1,"poly":["1","0","-1","0","1"],"real":["-210300076476156892817421832906076868413144174248499808223378102408488511827176361837","-210300076476156892817421832906076868413144174248499808223378102408488511826958880915","-277"],"imag":["-485667223056432267729865476705879726660601709763034880312953102434726071301734082621","-485667223056432267729865476705879726660601709763034880312953102434726071300864378819","-279"],"recognized":1,"nullRecognized":1,"rp":7,"rq":12}
{"type":"angle","q":6,"p":-5,"scale":3,"op":"exp","phase":1,"ok":1,"poly":["1","0","-1","0","1"],"real":["-7758703378874425295012906352138220585149514059631517741930490590284721003955059673161110578291965689857","-7758703378874425295012906352138220585149514059631517741930490590284721003955059673161110578290891948031","-342"],"imag":["-4479489484355608421114884561136888556243290994469299069799978201927583742360321890761754986543751102465","-4479489484355608421114884561136888556243290994469299069799978201927583742360321890761754986542677360639","-342"],"recognized":1,"nullRecognized":1,"rp":7,"rq":12}
{"type":"angle","q":6,"p":-5,"scale":3,"op":"sin","phase":0,"ok":1,"poly":["1","2"],"real":["-1","-1","-1"],"imag":["0","0","0"]}
{"type":"angle","q":6,"p":-5,"scale":3,"op":"sin","phase":1,"ok":1,"poly":["1","2"],"real":["-1","-1","-1"],"imag":["0","0","0"]}
{"type":"angle","q":6,"p":-5,"scale":3,"op":"cos","phase":0,"ok":1,"poly":["-3","0","4"],"real":["-158212193200139176340255174621777356219129827151","-158212193200139176340255174621777356217301037233","-157"],"imag":["0","0","0"]}
{"type":"angle","q":6,"p":-5,"scale":3,"op":"cos","phase":1,"ok":1,"poly":["-3","0","4"],"real":["-7758703378874425295012906352138220585149514059631517741930490590284721003955059673161110578291965689857","-7758703378874425295012906352138220585149514059631517741930490590284721003955059673161110578290891948031","-342"],"imag":["0","0","0"]}
{"type":"angle","q":6,"p":-5,"scale":3,"op":"tan","phase":0,"ok":1,"poly":["-1","0","3"],"real":["52737397733379725446751724873925785405868761865","52737397733379725446751724873925785406453816567","-156"],"imag":["0","0","0"]}
{"type":"angle","q":6,"p":-5,"scale":3,"op":"tan","phase":1,"ok":1,"poly":["-1","0","3"],"real":["5172468919249616863341937568092147056766342706421011827953660393523147335970039782107407052193749008383","5172468919249616863341937568092147056766342706421011827953660393523147335970039782107407052194822750209","-342"],"imag":["0","0","0"]}
{"type":"angle","q":6,"p":-5,"scale":3,"op":"cot","phase":0,"ok":1,"poly":["-3","0","1"],"real":["158212193200139176340255174621777356217301037233","158212193200139176340255174621777356219129827151","-156"],"imag":["0","0","0"]}
{"type":"angle","q":6,"p":-5,"scale":3,"op":"cot","phase":1,"ok":1,"poly":["-3","0","1"],"real":["7758703378874425295012906352138220585149514059631517741930490590284721003955059673161110578290891948031","7758703378874425295012906352138220585149514059631517741930490590284721003955059673161110578291965689857","-341"],"imag":["0","0","0"]}
{"type":"angle","q":6,"p":-5,"scale":3,"op":"sec","phase":0,"ok":1,"poly":["-4","0","3"],"real":["-52737397733379725446751724873925785406453816567","-52737397733379725446751724873925785405868761865","-155"],"imag":["0","0","0"]}
{"type":"angle","q":6,"p":-5,"scale":3,"op":"sec","phase":1,"ok":1,"poly":["-4","0","3"],"real":["-5172468919249616863341937568092147056766342706421011827953660393523147335970039782107407052194822750209","-5172468919249616863341937568092147056766342706421011827953660393523147335970039782107407052193749008383","-341"],"imag":["0","0","0"]}
{"type":"angle","q":6,"p":-5,"scale":3,"op":"csc","phase":0,"ok":1,"poly":["2","1"],"real":["-1","-1","1"],"imag":["0","0","0"]}
{"type":"angle","q":6,"p":-5,"scale":3,"op":"csc","phase":1,"ok":1,"poly":["2","1"],"real":["-1","-1","1"],"imag":["0","0","0"]}
{"type":"angle","q":6,"p":-4,"scale":1,"op":"root","phase":0,"ok":1,"poly":["1","1","1"],"real":["-2923003274661805836407369665432566039312575708607","-2923003274661805836407369665432566039311154463297","-162"],"imag":["9888262075008698521265948413861084763581315187","9888262075008698521265948413861084763695613837","-153"],"recognized":1,"nullRecognized":1,"rp":1,"rq":3}
{"type":"angle","q":6,"p":-4,"scale":1,"op":"root","phase":1,"ok":1,"poly":["1","1","1"],"real":["-115172193140305827399949785796761135587064246228529065807379342658863042065190089480167441564259605943037975312218134915154131611020654072038617988630148194794852651","-115172193140305827399949785796761135587064246228529065807379342658863042065190089480167441564259605943037975312218134915154131611020654072038617988630148194588045013","-546"],"imag":["7758703378874425295012906352138220585149514059631517741930490590284721003955059673161110578290891948031","7758703378874425295012906352138220585149514059631517741930490590284721003955059673161110578291965689857","-342"],"recognized":1,"nullRecognized":1,"rp":1,"rq":3}
{"type":"angle","q":6,"p":-4,"scale":1,"op":"exp","phase":0,"ok":1,"poly":["1","1","1"],"real":["-2923003274661805836407369665432566039312575708607","-2923003274661805836407369665432566039311154463297","-162"],"imag":["-9888262075008698521265948413861084763695613837","-9888262075008698521265948413861084763581315187","-153"],"recognized":1,"nullRecognized":1,"rp":2,"rq":3}
{"type":"angle","q":6,"p":-4,"scale":1,"op":"exp","phase":1,"ok":1,"poly":["1","1","1"],"real":["-115172193140305827399949785796761135587064246228529065807379342658863042065190089480167441564259605943037975312218134915154131611020654072038617988630148194794852651","-115172193140305827399949785796761135587064246228529065807379342658863042065190089480167441564259605943037975312218134915154131611020654072038617988630148194588045013","-546"],"imag":["-7758703378874425295012906352138220585149514059631517741930490590284721003955059673161110578291965689857","-7758703378874425295012906352138220585149514059631517741930490590284721003955059673161110578290891948031","-342"],"recognized":1,"nullRecognized":1,"rp":2,"rq":3}
{"type":"angle","q":6,"p":-4,"scale":1,"op":"sin","phase":0,"ok":1,"poly":["-3","0","4"],"real":["-158212193200139176340255174621777356219129827151","-158212193200139176340255174621777356217301037233","-157"],"imag":["0","0","0"]}
{"type":"angle","q":6,"p":-4,"scale":1,"op":"sin","phase":1,"ok":1,"poly":["-3","0","4"],"real":["-7758703378874425295012906352138220585149514059631517741930490590284721003955059673161110578291965689857","-7758703378874425295012906352138220585149514059631517741930490590284721003955059673161110578290891948031","-342"],"imag":["0","0","0"]}
{"type":"angle","q":6,"p":-4,"scale":1,"op":"cos","phase":0,"ok":1,"poly":["1","2"],"real":["-1","-1","-1"],"imag":["0","0","0"]}
{"type":"angle","q":6,"p":-4,"scale":1,"op":"cos","phase":1,"ok":1,"poly":["1","2"],"real":["-1","-1","-1"],"imag":["0","0","0"]}
{"type":"angle","q":6,"p":-4,"scale":1,"op":"tan","phase":0,"ok":1,"poly":["-3","0","1"],"real":["294693174213430241384087455685767077315","294693174213430241384087455685767077317","-127"],"imag":["0","0","0"]}
{"type":"angle","q":6,"p":-4,"scale":1,"op":"tan","phase":1,"ok":1,"poly":["-3","0","1"],"real":["7758703378874425295012906352138220585149514059631517741930490590284721003955059673161110578290891948031","7758703378874425295012906352138220585149514059631517741930490590284721003955059673161110578291965689857","-341"],"imag":["0","0","0"]}
{"type":"angle","q":6,"p":-4,"scale":1,"op":"cot","phase":0,"ok":1,"poly":["-1","0","3"],"real":["52737397733379725446751724873925785405868761865","52737397733379725446751724873925785406453816567","-156"],"imag":["0","0","0"]}
{"type":"angle","q":6,"p":-4,"scale":1,"op":"cot","phase":1,"ok":1,"poly":["-1","0","3"],"real":["5172468919249616863341937568092147056766342706421011827953660393523147335970039782107407052193749008383","5172468919249616863341937568092147056766342706421011827953660393523147335970039782107407052194822750209","-342"],"imag":["0","0","0"]}
{"type":"angle","q":6,"p":-4,"scale":1,"op":"sec","phase":0,"ok":1,"poly":["2","1"],"real":["-1","-1","1"],"imag":["0","0","0"]}
{"type":"angle","q":6,"p":-4,"scale":1,"op":"sec","phase":1,"ok":1,"poly":["2","1"],"real":["-1","-1","1"],"imag":["0","0","0"]}
{"type":"angle","q":6,"p":-4,"scale":1,"op":"csc","phase":0,"ok":1,"poly":["-4","0","3"],"real":["-52737397733379725446751724873925785406453816567","-52737397733379725446751724873925785405868761865","-155"],"imag":["0","0","0"]}
{"type":"angle","q":6,"p":-4,"scale":1,"op":"csc","phase":1,"ok":1,"poly":["-4","0","3"],"real":["-5172468919249616863341937568092147056766342706421011827953660393523147335970039782107407052194822750209","-5172468919249616863341937568092147056766342706421011827953660393523147335970039782107407052193749008383","-341"],"imag":["0","0","0"]}
{"type":"angle","q":6,"p":-4,"scale":3,"op":"root","phase":0,"ok":1,"poly":["1","1","1"],"real":["-2923003274661805836407369665432566039312575708607","-2923003274661805836407369665432566039311154463297","-162"],"imag":["9888262075008698521265948413861084763581315187","9888262075008698521265948413861084763695613837","-153"],"recognized":1,"nullRecognized":1,"rp":1,"rq":3}
{"type":"angle","q":6,"p":-4,"scale":3,"op":"root","phase":1,"ok":1,"poly":["1","1","1"],"real":["-115172193140305827399949785796761135587064246228529065807379342658863042065190089480167441564259605943037975312218134915154131611020654072038617988630148194794852651","-115172193140305827399949785796761135587064246228529065807379342658863042065190089480167441564259605943037975312218134915154131611020654072038617988630148194588045013","-546"],"imag":["7758703378874425295012906352138220585149514059631517741930490590284721003955059673161110578290891948031","7758703378874425295012906352138220585149514059631517741930490590284721003955059673161110578291965689857","-342"],"recognized":1,"nullRecognized":1,"rp":1,"rq":3}
{"type":"angle","q":6,"p":-4,"scale":3,"op":"exp","phase":0,"ok":1,"poly":["1","1","1"],"real":["-2923003274661805836407369665432566039312575708607","-2923003274661805836407369665432566039311154463297","-162"],"imag":["-9888262075008698521265948413861084763695613837","-9888262075008698521265948413861084763581315187","-153"],"recognized":1,"nullRecognized":1,"rp":2,"rq":3}
{"type":"angle","q":6,"p":-4,"scale":3,"op":"exp","phase":1,"ok":1,"poly":["1","1","1"],"real":["-115172193140305827399949785796761135587064246228529065807379342658863042065190089480167441564259605943037975312218134915154131611020654072038617988630148194794852651","-115172193140305827399949785796761135587064246228529065807379342658863042065190089480167441564259605943037975312218134915154131611020654072038617988630148194588045013","-546"],"imag":["-7758703378874425295012906352138220585149514059631517741930490590284721003955059673161110578291965689857","-7758703378874425295012906352138220585149514059631517741930490590284721003955059673161110578290891948031","-342"],"recognized":1,"nullRecognized":1,"rp":2,"rq":3}
{"type":"angle","q":6,"p":-4,"scale":3,"op":"sin","phase":0,"ok":1,"poly":["-3","0","4"],"real":["-158212193200139176340255174621777356219129827151","-158212193200139176340255174621777356217301037233","-157"],"imag":["0","0","0"]}
{"type":"angle","q":6,"p":-4,"scale":3,"op":"sin","phase":1,"ok":1,"poly":["-3","0","4"],"real":["-7758703378874425295012906352138220585149514059631517741930490590284721003955059673161110578291965689857","-7758703378874425295012906352138220585149514059631517741930490590284721003955059673161110578290891948031","-342"],"imag":["0","0","0"]}
{"type":"angle","q":6,"p":-4,"scale":3,"op":"cos","phase":0,"ok":1,"poly":["1","2"],"real":["-1","-1","-1"],"imag":["0","0","0"]}
{"type":"angle","q":6,"p":-4,"scale":3,"op":"cos","phase":1,"ok":1,"poly":["1","2"],"real":["-1","-1","-1"],"imag":["0","0","0"]}
{"type":"angle","q":6,"p":-4,"scale":3,"op":"tan","phase":0,"ok":1,"poly":["-3","0","1"],"real":["294693174213430241384087455685767077315","294693174213430241384087455685767077317","-127"],"imag":["0","0","0"]}
{"type":"angle","q":6,"p":-4,"scale":3,"op":"tan","phase":1,"ok":1,"poly":["-3","0","1"],"real":["7758703378874425295012906352138220585149514059631517741930490590284721003955059673161110578290891948031","7758703378874425295012906352138220585149514059631517741930490590284721003955059673161110578291965689857","-341"],"imag":["0","0","0"]}
{"type":"angle","q":6,"p":-4,"scale":3,"op":"cot","phase":0,"ok":1,"poly":["-1","0","3"],"real":["52737397733379725446751724873925785405868761865","52737397733379725446751724873925785406453816567","-156"],"imag":["0","0","0"]}
{"type":"angle","q":6,"p":-4,"scale":3,"op":"cot","phase":1,"ok":1,"poly":["-1","0","3"],"real":["5172468919249616863341937568092147056766342706421011827953660393523147335970039782107407052193749008383","5172468919249616863341937568092147056766342706421011827953660393523147335970039782107407052194822750209","-342"],"imag":["0","0","0"]}
{"type":"angle","q":6,"p":-4,"scale":3,"op":"sec","phase":0,"ok":1,"poly":["2","1"],"real":["-1","-1","1"],"imag":["0","0","0"]}
{"type":"angle","q":6,"p":-4,"scale":3,"op":"sec","phase":1,"ok":1,"poly":["2","1"],"real":["-1","-1","1"],"imag":["0","0","0"]}
{"type":"angle","q":6,"p":-4,"scale":3,"op":"csc","phase":0,"ok":1,"poly":["-4","0","3"],"real":["-52737397733379725446751724873925785406453816567","-52737397733379725446751724873925785405868761865","-155"],"imag":["0","0","0"]}
{"type":"angle","q":6,"p":-4,"scale":3,"op":"csc","phase":1,"ok":1,"poly":["-4","0","3"],"real":["-5172468919249616863341937568092147056766342706421011827953660393523147335970039782107407052194822750209","-5172468919249616863341937568092147056766342706421011827953660393523147335970039782107407052193749008383","-341"],"imag":["0","0","0"]}
{"type":"angle","q":6,"p":-3,"scale":1,"op":"root","phase":0,"ok":1,"poly":["1","1"],"real":["-1","-1","0"],"imag":["0","0","0"],"recognized":1,"nullRecognized":1,"rp":1,"rq":2}
{"type":"angle","q":6,"p":-3,"scale":1,"op":"root","phase":1,"ok":1,"poly":["1","1"],"real":["-1","-1","0"],"imag":["0","0","0"],"recognized":1,"nullRecognized":1,"rp":1,"rq":2}
{"type":"angle","q":6,"p":-3,"scale":1,"op":"exp","phase":0,"ok":1,"poly":["1","0","1"],"real":["0","0","0"],"imag":["-1","-1","0"],"recognized":1,"nullRecognized":1,"rp":3,"rq":4}
{"type":"angle","q":6,"p":-3,"scale":1,"op":"exp","phase":1,"ok":1,"poly":["1","0","1"],"real":["0","0","0"],"imag":["-1","-1","0"],"recognized":1,"nullRecognized":1,"rp":3,"rq":4}
{"type":"angle","q":6,"p":-3,"scale":1,"op":"sin","phase":0,"ok":1,"poly":["1","1"],"real":["-1","-1","0"],"imag":["0","0","0"]}
{"type":"angle","q":6,"p":-3,"scale":1,"op":"sin","phase":1,"ok":1,"poly":["1","1"],"real":["-1","-1","0"],"imag":["0","0","0"]}
{"type":"angle","q":6,"p":-3,"scale":1,"op":"cos","phase":0,"ok":1,"poly":["0","1"],"real":["0","0","0"],"imag":["0","0","0"]}
{"type":"angle","q":6,"p":-3,"scale":1,"op":"cos","phase":1,"ok":1,"poly":["0","1"],"real":["0","0","0"],"imag":["0","0","0"]}
{"type":"angle","q":6,"p":-3,"scale":1,"op":"tan","phase":0,"ok":0}
{"type":"angle","q":6,"p":-3,"scale":1,"op":"tan","phase":1,"ok":0}
{"type":"angle","q":6,"p":-3,"scale":1,"op":"cot","phase":0,"ok":1,"poly":["0","1"],"real":["0","0","0"],"imag":["0","0","0"]}
{"type":"angle","q":6,"p":-3,"scale":1,"op":"cot","phase":1,"ok":1,"poly":["0","1"],"real":["0","0","0"],"imag":["0","0","0"]}
{"type":"angle","q":6,"p":-3,"scale":1,"op":"sec","phase":0,"ok":0}
{"type":"angle","q":6,"p":-3,"scale":1,"op":"sec","phase":1,"ok":0}
{"type":"angle","q":6,"p":-3,"scale":1,"op":"csc","phase":0,"ok":1,"poly":["1","1"],"real":["-1","-1","0"],"imag":["0","0","0"]}
{"type":"angle","q":6,"p":-3,"scale":1,"op":"csc","phase":1,"ok":1,"poly":["1","1"],"real":["-1","-1","0"],"imag":["0","0","0"]}
{"type":"angle","q":6,"p":-3,"scale":3,"op":"root","phase":0,"ok":1,"poly":["1","1"],"real":["-1","-1","0"],"imag":["0","0","0"],"recognized":1,"nullRecognized":1,"rp":1,"rq":2}
{"type":"angle","q":6,"p":-3,"scale":3,"op":"root","phase":1,"ok":1,"poly":["1","1"],"real":["-1","-1","0"],"imag":["0","0","0"],"recognized":1,"nullRecognized":1,"rp":1,"rq":2}
{"type":"angle","q":6,"p":-3,"scale":3,"op":"exp","phase":0,"ok":1,"poly":["1","0","1"],"real":["0","0","0"],"imag":["-1","-1","0"],"recognized":1,"nullRecognized":1,"rp":3,"rq":4}
{"type":"angle","q":6,"p":-3,"scale":3,"op":"exp","phase":1,"ok":1,"poly":["1","0","1"],"real":["0","0","0"],"imag":["-1","-1","0"],"recognized":1,"nullRecognized":1,"rp":3,"rq":4}
{"type":"angle","q":6,"p":-3,"scale":3,"op":"sin","phase":0,"ok":1,"poly":["1","1"],"real":["-1","-1","0"],"imag":["0","0","0"]}
{"type":"angle","q":6,"p":-3,"scale":3,"op":"sin","phase":1,"ok":1,"poly":["1","1"],"real":["-1","-1","0"],"imag":["0","0","0"]}
{"type":"angle","q":6,"p":-3,"scale":3,"op":"cos","phase":0,"ok":1,"poly":["0","1"],"real":["0","0","0"],"imag":["0","0","0"]}
{"type":"angle","q":6,"p":-3,"scale":3,"op":"cos","phase":1,"ok":1,"poly":["0","1"],"real":["0","0","0"],"imag":["0","0","0"]}
{"type":"angle","q":6,"p":-3,"scale":3,"op":"tan","phase":0,"ok":0}
{"type":"angle","q":6,"p":-3,"scale":3,"op":"tan","phase":1,"ok":0}
{"type":"angle","q":6,"p":-3,"scale":3,"op":"cot","phase":0,"ok":1,"poly":["0","1"],"real":["0","0","0"],"imag":["0","0","0"]}
{"type":"angle","q":6,"p":-3,"scale":3,"op":"cot","phase":1,"ok":1,"poly":["0","1"],"real":["0","0","0"],"imag":["0","0","0"]}
{"type":"angle","q":6,"p":-3,"scale":3,"op":"sec","phase":0,"ok":0}
{"type":"angle","q":6,"p":-3,"scale":3,"op":"sec","phase":1,"ok":0}
{"type":"angle","q":6,"p":-3,"scale":3,"op":"csc","phase":0,"ok":1,"poly":["1","1"],"real":["-1","-1","0"],"imag":["0","0","0"]}
{"type":"angle","q":6,"p":-3,"scale":3,"op":"csc","phase":1,"ok":1,"poly":["1","1"],"real":["-1","-1","0"],"imag":["0","0","0"]}
{"type":"angle","q":6,"p":-2,"scale":1,"op":"root","phase":0,"ok":1,"poly":["1","1","1"],"real":["-2923003274661805836407369665432566039312575708607","-2923003274661805836407369665432566039311154463297","-162"],"imag":["-9888262075008698521265948413861084763695613837","-9888262075008698521265948413861084763581315187","-153"],"recognized":1,"nullRecognized":1,"rp":2,"rq":3}
{"type":"angle","q":6,"p":-2,"scale":1,"op":"root","phase":1,"ok":1,"poly":["1","1","1"],"real":["-115172193140305827399949785796761135587064246228529065807379342658863042065190089480167441564259605943037975312218134915154131611020654072038617988630148194794852651","-115172193140305827399949785796761135587064246228529065807379342658863042065190089480167441564259605943037975312218134915154131611020654072038617988630148194588045013","-546"],"imag":["-7758703378874425295012906352138220585149514059631517741930490590284721003955059673161110578291965689857","-7758703378874425295012906352138220585149514059631517741930490590284721003955059673161110578290891948031","-342"],"recognized":1,"nullRecognized":1,"rp":2,"rq":3}
{"type":"angle","q":6,"p":-2,"scale":1,"op":"exp","phase":0,"ok":1,"poly":["1","-1","1"],"real":["2923003274661805836407369665432566039311154463297","2923003274661805836407369665432566039312575708607","-162"],"imag":["-9888262075008698521265948413861084763695613837","-9888262075008698521265948413861084763581315187","-153"],"recognized":1,"nullRecognized":1,"rp":5,"rq":6}
{"type":"angle","q":6,"p":-2,"scale":1,"op":"exp","phase":1,"ok":1,"poly":["1","-1","1"],"real":["115172193140305827399949785796761135587064246228529065807379342658863042065190089480167441564259605943037975312218134915154131611020654072038617988630148194588045013","115172193140305827399949785796761135587064246228529065807379342658863042065190089480167441564259605943037975312218134915154131611020654072038617988630148194794852651","-546"],"imag":["-7758703378874425295012906352138220585149514059631517741930490590284721003955059673161110578291965689857","-7758703378874425295012906352138220585149514059631517741930490590284721003955059673161110578290891948031","-342"],"recognized":1,"nullRecognized":1,"rp":5,"rq":6}
{"type":"angle","q":6,"p":-2,"scale":1,"op":"sin","phase":0,"ok":1,"poly":["-3","0","4"],"real":["-158212193200139176340255174621777356219129827151","-158212193200139176340255174621777356217301037233","-157"],"imag":["0","0","0"]}
{"type":"angle","q":6,"p":-2,"scale":1,"op":"sin","phase":1,"ok":1,"poly":["-3","0","4"],"real":["-7758703378874425295012906352138220585149514059631517741930490590284721003955059673161110578291965689857","-7758703378874425295012906352138220585149514059631517741930490590284721003955059673161110578290891948031","-342"],"imag":["0","0","0"]}
{"type":"angle","q":6,"p":-2,"scale":1,"op":"cos","phase":0,"ok":1,"poly":["-1","2"],"real":["1","1","-1"],"imag":["0","0","0"]}
{"type":"angle","q":6,"p":-2,"scale":1,"op":"cos","phase":1,"ok":1,"poly":["-1","2"],"real":["1","1","-1"],"imag":["0","0","0"]}
{"type":"angle","q":6,"p":-2,"scale":1,"op":"tan","phase":0,"ok":1,"poly":["-3","0","1"],"real":["-294693174213430241384087455685767077317","-294693174213430241384087455685767077315","-127"],"imag":["0","0","0"]}
{"type":"angle","q":6,"p":-2,"scale":1,"op":"tan","phase":1,"ok":1,"poly":["-3","0","1"],"real":["-7758703378874425295012906352138220585149514059631517741930490590284721003955059673161110578291965689857","-7758703378874425295012906352138220585149514059631517741930490590284721003955059673161110578290891948031","-341"],"imag":["0","0","0"]}
{"type":"angle","q":6,"p":-2,"scale":1,"op":"cot","phase":0,"ok":1,"poly":["-1","0","3"],"real":["-52737397733379725446751724873925785406453816567","-52737397733379725446751724873925785405868761865","-156"],"imag":["0","0","0"]}
{"type":"angle","q":6,"p":-2,"scale":1,"op":"cot","phase":1,"ok":1,"poly":["-1","0","3"],"real":["-5172468919249616863341937568092147056766342706421011827953660393523147335970039782107407052194822750209","-5172468919249616863341937568092147056766342706421011827953660393523147335970039782107407052193749008383","-342"],"imag":["0","0","0"]}
{"type":"angle","q":6,"p":-2,"scale":1,"op":"sec","phase":0,"ok":1,"poly":["-2","1"],"real":["1","1","1"],"imag":["0","0","0"]}
{"type":"angle","q":6,"p":-2,"scale":1,"op":"sec","phase":1,"ok":1,"poly":["-2","1"],"real":["1","1","1"],"imag":["0","0","0"]}
{"type":"angle","q":6,"p":-2,"scale":1,"op":"csc","phase":0,"ok":1,"poly":["-4","0","3"],"real":["-52737397733379725446751724873925785406453816567","-52737397733379725446751724873925785405868761865","-155"],"imag":["0","0","0"]}
{"type":"angle","q":6,"p":-2,"scale":1,"op":"csc","phase":1,"ok":1,"poly":["-4","0","3"],"real":["-5172468919249616863341937568092147056766342706421011827953660393523147335970039782107407052194822750209","-5172468919249616863341937568092147056766342706421011827953660393523147335970039782107407052193749008383","-341"],"imag":["0","0","0"]}
{"type":"angle","q":6,"p":-2,"scale":3,"op":"root","phase":0,"ok":1,"poly":["1","1","1"],"real":["-2923003274661805836407369665432566039312575708607","-2923003274661805836407369665432566039311154463297","-162"],"imag":["-9888262075008698521265948413861084763695613837","-9888262075008698521265948413861084763581315187","-153"],"recognized":1,"nullRecognized":1,"rp":2,"rq":3}
{"type":"angle","q":6,"p":-2,"scale":3,"op":"root","phase":1,"ok":1,"poly":["1","1","1"],"real":["-115172193140305827399949785796761135587064246228529065807379342658863042065190089480167441564259605943037975312218134915154131611020654072038617988630148194794852651","-115172193140305827399949785796761135587064246228529065807379342658863042065190089480167441564259605943037975312218134915154131611020654072038617988630148194588045013","-546"],"imag":["-7758703378874425295012906352138220585149514059631517741930490590284721003955059673161110578291965689857","-7758703378874425295012906352138220585149514059631517741930490590284721003955059673161110578290891948031","-342"],"recognized":1,"nullRecognized":1,"rp":2,"rq":3}
{"type":"angle","q":6,"p":-2,"scale":3,"op":"exp","phase":0,"ok":1,"poly":["1","-1","1"],"real":["2923003274661805836407369665432566039311154463297","2923003274661805836407369665432566039312575708607","-162"],"imag":["-9888262075008698521265948413861084763695613837","-9888262075008698521265948413861084763581315187","-153"],"recognized":1,"nullRecognized":1,"rp":5,"rq":6}
{"type":"angle","q":6,"p":-2,"scale":3,"op":"exp","phase":1,"ok":1,"poly":["1","-1","1"],"real":["115172193140305827399949785796761135587064246228529065807379342658863042065190089480167441564259605943037975312218134915154131611020654072038617988630148194588045013","115172193140305827399949785796761135587064246228529065807379342658863042065190089480167441564259605943037975312218134915154131611020654072038617988630148194794852651","-546"],"imag":["-7758703378874425295012906352138220585149514059631517741930490590284721003955059673161110578291965689857","-7758703378874425295012906352138220585149514059631517741930490590284721003955059673161110578290891948031","-342"],"recognized":1,"nullRecognized":1,"rp":5,"rq":6}
{"type":"angle","q":6,"p":-2,"scale":3,"op":"sin","phase":0,"ok":1,"poly":["-3","0","4"],"real":["-158212193200139176340255174621777356219129827151","-158212193200139176340255174621777356217301037233","-157"],"imag":["0","0","0"]}
{"type":"angle","q":6,"p":-2,"scale":3,"op":"sin","phase":1,"ok":1,"poly":["-3","0","4"],"real":["-7758703378874425295012906352138220585149514059631517741930490590284721003955059673161110578291965689857","-7758703378874425295012906352138220585149514059631517741930490590284721003955059673161110578290891948031","-342"],"imag":["0","0","0"]}
{"type":"angle","q":6,"p":-2,"scale":3,"op":"cos","phase":0,"ok":1,"poly":["-1","2"],"real":["1","1","-1"],"imag":["0","0","0"]}
{"type":"angle","q":6,"p":-2,"scale":3,"op":"cos","phase":1,"ok":1,"poly":["-1","2"],"real":["1","1","-1"],"imag":["0","0","0"]}
{"type":"angle","q":6,"p":-2,"scale":3,"op":"tan","phase":0,"ok":1,"poly":["-3","0","1"],"real":["-294693174213430241384087455685767077317","-294693174213430241384087455685767077315","-127"],"imag":["0","0","0"]}
{"type":"angle","q":6,"p":-2,"scale":3,"op":"tan","phase":1,"ok":1,"poly":["-3","0","1"],"real":["-7758703378874425295012906352138220585149514059631517741930490590284721003955059673161110578291965689857","-7758703378874425295012906352138220585149514059631517741930490590284721003955059673161110578290891948031","-341"],"imag":["0","0","0"]}
{"type":"angle","q":6,"p":-2,"scale":3,"op":"cot","phase":0,"ok":1,"poly":["-1","0","3"],"real":["-52737397733379725446751724873925785406453816567","-52737397733379725446751724873925785405868761865","-156"],"imag":["0","0","0"]}
{"type":"angle","q":6,"p":-2,"scale":3,"op":"cot","phase":1,"ok":1,"poly":["-1","0","3"],"real":["-5172468919249616863341937568092147056766342706421011827953660393523147335970039782107407052194822750209","-5172468919249616863341937568092147056766342706421011827953660393523147335970039782107407052193749008383","-342"],"imag":["0","0","0"]}
{"type":"angle","q":6,"p":-2,"scale":3,"op":"sec","phase":0,"ok":1,"poly":["-2","1"],"real":["1","1","1"],"imag":["0","0","0"]}
{"type":"angle","q":6,"p":-2,"scale":3,"op":"sec","phase":1,"ok":1,"poly":["-2","1"],"real":["1","1","1"],"imag":["0","0","0"]}
{"type":"angle","q":6,"p":-2,"scale":3,"op":"csc","phase":0,"ok":1,"poly":["-4","0","3"],"real":["-52737397733379725446751724873925785406453816567","-52737397733379725446751724873925785405868761865","-155"],"imag":["0","0","0"]}
{"type":"angle","q":6,"p":-2,"scale":3,"op":"csc","phase":1,"ok":1,"poly":["-4","0","3"],"real":["-5172468919249616863341937568092147056766342706421011827953660393523147335970039782107407052194822750209","-5172468919249616863341937568092147056766342706421011827953660393523147335970039782107407052193749008383","-341"],"imag":["0","0","0"]}
{"type":"angle","q":6,"p":-1,"scale":1,"op":"root","phase":0,"ok":1,"poly":["1","-1","1"],"real":["2923003274661805836407369665432566039311154463297","2923003274661805836407369665432566039312575708607","-162"],"imag":["-9888262075008698521265948413861084763695613837","-9888262075008698521265948413861084763581315187","-153"],"recognized":1,"nullRecognized":1,"rp":5,"rq":6}
{"type":"angle","q":6,"p":-1,"scale":1,"op":"root","phase":1,"ok":1,"poly":["1","-1","1"],"real":["115172193140305827399949785796761135587064246228529065807379342658863042065190089480167441564259605943037975312218134915154131611020654072038617988630148194588045013","115172193140305827399949785796761135587064246228529065807379342658863042065190089480167441564259605943037975312218134915154131611020654072038617988630148194794852651","-546"],"imag":["-7758703378874425295012906352138220585149514059631517741930490590284721003955059673161110578291965689857","-7758703378874425295012906352138220585149514059631517741930490590284721003955059673161110578290891948031","-342"],"recognized":1,"nullRecognized":1,"rp":5,"rq":6}
{"type":"angle","q":6,"p":-1,"scale":1,"op":"exp","phase":0,"ok":1,"poly":["1","0","-1","0","1"],"real":["210300076476156892817421832906076868413144174248499808223378102408488511826958880915","210300076476156892817421832906076868413144174248499808223378102408488511827176361837","-277"],"imag":["-485667223056432267729865476705879726660601709763034880312953102434726071301734082621","-485667223056432267729865476705879726660601709763034880312953102434726071300864378819","-279"],"recognized":1,"nullRecognized":1,"rp":11,"rq":12}
{"type":"angle","q":6,"p":-1,"scale":1,"op":"exp","phase":1,"ok":1,"poly":["1","0","-1","0","1"],"real":["7758703378874425295012906352138220585149514059631517741930490590284721003955059673161110578290891948031","7758703378874425295012906352138220585149514059631517741930490590284721003955059673161110578291965689857","-342"],"imag":["-4479489484355608421114884561136888556243290994469299069799978201927583742360321890761754986543751102465","-4479489484355608421114884561136888556243290994469299069799978201927583742360321890761754986542677360639","-342"],"recognized":1,"nullRecognized":1,"rp":11,"rq":12}
{"type":"angle","q":6,"p":-1,"scale":1,"op":"sin","phase":0,"ok":1,"poly":["1","2"],"real":["-1","-1","-1"],"imag":["0","0","0"]}
{"type":"angle","q":6,"p":-1,"scale":1,"op":"sin","phase":1,"ok":1,"poly":["1","2"],"real":["-1","-1","-1"],"imag":["0","0","0"]}
{"type":"angle","q":6,"p":-1,"scale":1,"op":"cos","phase":0,"ok":1,"poly":["-3","0","4"],"real":["158212193200139176340255174621777356217301037233","158212193200139176340255174621777356219129827151","-157"],"imag":["0","0","0"]}
{"type":"angle","q":6,"p":-1,"scale":1,"op":"cos","phase":1,"ok":1,"poly":["-3","0","4"],"real":["7758703378874425295012906352138220585149514059631517741930490590284721003955059673161110578290891948031","7758703378874425295012906352138220585149514059631517741930490590284721003955059673161110578291965689857","-342"],"imag":["0","0","0"]}
{"type":"angle","q":6,"p":-1,"scale":1,"op":"tan","phase":0,"ok":1,"poly":["-1","0","3"],"real":["-52737397733379725446751724873925785406453816567","-52737397733379725446751724873925785405868761865","-156"],"imag":["0","0","0"]}
{"type":"angle","q":6,"p":-1,"scale":1,"op":"tan","phase":1,"ok":1,"poly":["-1","0","3"],"real":["-5172468919249616863341937568092147056766342706421011827953660393523147335970039782107407052194822750209","-5172468919249616863341937568092147056766342706421011827953660393523147335970039782107407052193749008383","-342"],"imag":["0","0","0"]}
{"type":"angle","q":6,"p":-1,"scale":1,"op":"cot","phase":0,"ok":1,"poly":["-3","0","1"],"real":["-158212193200139176340255174621777356219129827151","-158212193200139176340255174621777356217301037233","-156"],"imag":["0","0","0"]}
{"type":"angle","q":6,"p":-1,"scale":1,"op":"cot","phase":1,"ok":1,"poly":["-3","0","1"],"real":["-7758703378874425295012906352138220585149514059631517741930490590284721003955059673161110578291965689857","-7758703378874425295012906352138220585149514059631517741930490590284721003955059673161110578290891948031","-341"],"imag":["0","0","0"]}
{"type":"angle","q":6,"p":-1,"scale":1,"op":"sec","phase":0,"ok":1,"poly":["-4","0","3"],"real":["52737397733379725446751724873925785405868761865","52737397733379725446751724873925785406453816567","-155"],"imag":["0","0","0"]}
{"type":"angle","q":6,"p":-1,"scale":1,"op":"sec","phase":1,"ok":1,"poly":["-4","0","3"],"real":["5172468919249616863341937568092147056766342706421011827953660393523147335970039782107407052193749008383","5172468919249616863341937568092147056766342706421011827953660393523147335970039782107407052194822750209","-341"],"imag":["0","0","0"]}
{"type":"angle","q":6,"p":-1,"scale":1,"op":"csc","phase":0,"ok":1,"poly":["2","1"],"real":["-1","-1","1"],"imag":["0","0","0"]}
{"type":"angle","q":6,"p":-1,"scale":1,"op":"csc","phase":1,"ok":1,"poly":["2","1"],"real":["-1","-1","1"],"imag":["0","0","0"]}
{"type":"angle","q":6,"p":-1,"scale":3,"op":"root","phase":0,"ok":1,"poly":["1","-1","1"],"real":["2923003274661805836407369665432566039311154463297","2923003274661805836407369665432566039312575708607","-162"],"imag":["-9888262075008698521265948413861084763695613837","-9888262075008698521265948413861084763581315187","-153"],"recognized":1,"nullRecognized":1,"rp":5,"rq":6}
{"type":"angle","q":6,"p":-1,"scale":3,"op":"root","phase":1,"ok":1,"poly":["1","-1","1"],"real":["115172193140305827399949785796761135587064246228529065807379342658863042065190089480167441564259605943037975312218134915154131611020654072038617988630148194588045013","115172193140305827399949785796761135587064246228529065807379342658863042065190089480167441564259605943037975312218134915154131611020654072038617988630148194794852651","-546"],"imag":["-7758703378874425295012906352138220585149514059631517741930490590284721003955059673161110578291965689857","-7758703378874425295012906352138220585149514059631517741930490590284721003955059673161110578290891948031","-342"],"recognized":1,"nullRecognized":1,"rp":5,"rq":6}
{"type":"angle","q":6,"p":-1,"scale":3,"op":"exp","phase":0,"ok":1,"poly":["1","0","-1","0","1"],"real":["210300076476156892817421832906076868413144174248499808223378102408488511826958880915","210300076476156892817421832906076868413144174248499808223378102408488511827176361837","-277"],"imag":["-485667223056432267729865476705879726660601709763034880312953102434726071301734082621","-485667223056432267729865476705879726660601709763034880312953102434726071300864378819","-279"],"recognized":1,"nullRecognized":1,"rp":11,"rq":12}
{"type":"angle","q":6,"p":-1,"scale":3,"op":"exp","phase":1,"ok":1,"poly":["1","0","-1","0","1"],"real":["7758703378874425295012906352138220585149514059631517741930490590284721003955059673161110578290891948031","7758703378874425295012906352138220585149514059631517741930490590284721003955059673161110578291965689857","-342"],"imag":["-4479489484355608421114884561136888556243290994469299069799978201927583742360321890761754986543751102465","-4479489484355608421114884561136888556243290994469299069799978201927583742360321890761754986542677360639","-342"],"recognized":1,"nullRecognized":1,"rp":11,"rq":12}
{"type":"angle","q":6,"p":-1,"scale":3,"op":"sin","phase":0,"ok":1,"poly":["1","2"],"real":["-1","-1","-1"],"imag":["0","0","0"]}
{"type":"angle","q":6,"p":-1,"scale":3,"op":"sin","phase":1,"ok":1,"poly":["1","2"],"real":["-1","-1","-1"],"imag":["0","0","0"]}
{"type":"angle","q":6,"p":-1,"scale":3,"op":"cos","phase":0,"ok":1,"poly":["-3","0","4"],"real":["158212193200139176340255174621777356217301037233","158212193200139176340255174621777356219129827151","-157"],"imag":["0","0","0"]}
{"type":"angle","q":6,"p":-1,"scale":3,"op":"cos","phase":1,"ok":1,"poly":["-3","0","4"],"real":["7758703378874425295012906352138220585149514059631517741930490590284721003955059673161110578290891948031","7758703378874425295012906352138220585149514059631517741930490590284721003955059673161110578291965689857","-342"],"imag":["0","0","0"]}
{"type":"angle","q":6,"p":-1,"scale":3,"op":"tan","phase":0,"ok":1,"poly":["-1","0","3"],"real":["-52737397733379725446751724873925785406453816567","-52737397733379725446751724873925785405868761865","-156"],"imag":["0","0","0"]}
{"type":"angle","q":6,"p":-1,"scale":3,"op":"tan","phase":1,"ok":1,"poly":["-1","0","3"],"real":["-5172468919249616863341937568092147056766342706421011827953660393523147335970039782107407052194822750209","-5172468919249616863341937568092147056766342706421011827953660393523147335970039782107407052193749008383","-342"],"imag":["0","0","0"]}
{"type":"angle","q":6,"p":-1,"scale":3,"op":"cot","phase":0,"ok":1,"poly":["-3","0","1"],"real":["-158212193200139176340255174621777356219129827151","-158212193200139176340255174621777356217301037233","-156"],"imag":["0","0","0"]}
{"type":"angle","q":6,"p":-1,"scale":3,"op":"cot","phase":1,"ok":1,"poly":["-3","0","1"],"real":["-7758703378874425295012906352138220585149514059631517741930490590284721003955059673161110578291965689857","-7758703378874425295012906352138220585149514059631517741930490590284721003955059673161110578290891948031","-341"],"imag":["0","0","0"]}
{"type":"angle","q":6,"p":-1,"scale":3,"op":"sec","phase":0,"ok":1,"poly":["-4","0","3"],"real":["52737397733379725446751724873925785405868761865","52737397733379725446751724873925785406453816567","-155"],"imag":["0","0","0"]}
{"type":"angle","q":6,"p":-1,"scale":3,"op":"sec","phase":1,"ok":1,"poly":["-4","0","3"],"real":["5172468919249616863341937568092147056766342706421011827953660393523147335970039782107407052193749008383","5172468919249616863341937568092147056766342706421011827953660393523147335970039782107407052194822750209","-341"],"imag":["0","0","0"]}
{"type":"angle","q":6,"p":-1,"scale":3,"op":"csc","phase":0,"ok":1,"poly":["2","1"],"real":["-1","-1","1"],"imag":["0","0","0"]}
{"type":"angle","q":6,"p":-1,"scale":3,"op":"csc","phase":1,"ok":1,"poly":["2","1"],"real":["-1","-1","1"],"imag":["0","0","0"]}
{"type":"angle","q":6,"p":0,"scale":1,"op":"root","phase":0,"ok":1,"poly":["-1","1"],"real":["1","1","0"],"imag":["0","0","0"],"recognized":1,"nullRecognized":1,"rp":0,"rq":1}
{"type":"angle","q":6,"p":0,"scale":1,"op":"root","phase":1,"ok":1,"poly":["-1","1"],"real":["1","1","0"],"imag":["0","0","0"],"recognized":1,"nullRecognized":1,"rp":0,"rq":1}
{"type":"angle","q":6,"p":0,"scale":1,"op":"exp","phase":0,"ok":1,"poly":["-1","1"],"real":["1","1","0"],"imag":["0","0","0"],"recognized":1,"nullRecognized":1,"rp":0,"rq":1}
{"type":"angle","q":6,"p":0,"scale":1,"op":"exp","phase":1,"ok":1,"poly":["-1","1"],"real":["1","1","0"],"imag":["0","0","0"],"recognized":1,"nullRecognized":1,"rp":0,"rq":1}
{"type":"angle","q":6,"p":0,"scale":1,"op":"sin","phase":0,"ok":1,"poly":["0","1"],"real":["0","0","0"],"imag":["0","0","0"]}
{"type":"angle","q":6,"p":0,"scale":1,"op":"sin","phase":1,"ok":1,"poly":["0","1"],"real":["0","0","0"],"imag":["0","0","0"]}
{"type":"angle","q":6,"p":0,"scale":1,"op":"cos","phase":0,"ok":1,"poly":["-1","1"],"real":["1","1","0"],"imag":["0","0","0"]}
{"type":"angle","q":6,"p":0,"scale":1,"op":"cos","phase":1,"ok":1,"poly":["-1","1"],"real":["1","1","0"],"imag":["0","0","0"]}
{"type":"angle","q":6,"p":0,"scale":1,"op":"tan","phase":0,"ok":1,"poly":["0","1"],"real":["0","0","0"],"imag":["0","0","0"]}
{"type":"angle","q":6,"p":0,"scale":1,"op":"tan","phase":1,"ok":1,"poly":["0","1"],"real":["0","0","0"],"imag":["0","0","0"]}
{"type":"angle","q":6,"p":0,"scale":1,"op":"cot","phase":0,"ok":0}
{"type":"angle","q":6,"p":0,"scale":1,"op":"cot","phase":1,"ok":0}
{"type":"angle","q":6,"p":0,"scale":1,"op":"sec","phase":0,"ok":1,"poly":["-1","1"],"real":["1","1","0"],"imag":["0","0","0"]}
{"type":"angle","q":6,"p":0,"scale":1,"op":"sec","phase":1,"ok":1,"poly":["-1","1"],"real":["1","1","0"],"imag":["0","0","0"]}
{"type":"angle","q":6,"p":0,"scale":1,"op":"csc","phase":0,"ok":0}
{"type":"angle","q":6,"p":0,"scale":1,"op":"csc","phase":1,"ok":0}
{"type":"angle","q":6,"p":0,"scale":3,"op":"root","phase":0,"ok":1,"poly":["-1","1"],"real":["1","1","0"],"imag":["0","0","0"],"recognized":1,"nullRecognized":1,"rp":0,"rq":1}
{"type":"angle","q":6,"p":0,"scale":3,"op":"root","phase":1,"ok":1,"poly":["-1","1"],"real":["1","1","0"],"imag":["0","0","0"],"recognized":1,"nullRecognized":1,"rp":0,"rq":1}
{"type":"angle","q":6,"p":0,"scale":3,"op":"exp","phase":0,"ok":1,"poly":["-1","1"],"real":["1","1","0"],"imag":["0","0","0"],"recognized":1,"nullRecognized":1,"rp":0,"rq":1}
{"type":"angle","q":6,"p":0,"scale":3,"op":"exp","phase":1,"ok":1,"poly":["-1","1"],"real":["1","1","0"],"imag":["0","0","0"],"recognized":1,"nullRecognized":1,"rp":0,"rq":1}
{"type":"angle","q":6,"p":0,"scale":3,"op":"sin","phase":0,"ok":1,"poly":["0","1"],"real":["0","0","0"],"imag":["0","0","0"]}
{"type":"angle","q":6,"p":0,"scale":3,"op":"sin","phase":1,"ok":1,"poly":["0","1"],"real":["0","0","0"],"imag":["0","0","0"]}
{"type":"angle","q":6,"p":0,"scale":3,"op":"cos","phase":0,"ok":1,"poly":["-1","1"],"real":["1","1","0"],"imag":["0","0","0"]}
{"type":"angle","q":6,"p":0,"scale":3,"op":"cos","phase":1,"ok":1,"poly":["-1","1"],"real":["1","1","0"],"imag":["0","0","0"]}
{"type":"angle","q":6,"p":0,"scale":3,"op":"tan","phase":0,"ok":1,"poly":["0","1"],"real":["0","0","0"],"imag":["0","0","0"]}
{"type":"angle","q":6,"p":0,"scale":3,"op":"tan","phase":1,"ok":1,"poly":["0","1"],"real":["0","0","0"],"imag":["0","0","0"]}
{"type":"angle","q":6,"p":0,"scale":3,"op":"cot","phase":0,"ok":0}
{"type":"angle","q":6,"p":0,"scale":3,"op":"cot","phase":1,"ok":0}
{"type":"angle","q":6,"p":0,"scale":3,"op":"sec","phase":0,"ok":1,"poly":["-1","1"],"real":["1","1","0"],"imag":["0","0","0"]}
{"type":"angle","q":6,"p":0,"scale":3,"op":"sec","phase":1,"ok":1,"poly":["-1","1"],"real":["1","1","0"],"imag":["0","0","0"]}
{"type":"angle","q":6,"p":0,"scale":3,"op":"csc","phase":0,"ok":0}
{"type":"angle","q":6,"p":0,"scale":3,"op":"csc","phase":1,"ok":0}
{"type":"angle","q":6,"p":1,"scale":1,"op":"root","phase":0,"ok":1,"poly":["1","-1","1"],"real":["2923003274661805836407369665432566039311154463297","2923003274661805836407369665432566039312575708607","-162"],"imag":["9888262075008698521265948413861084763581315187","9888262075008698521265948413861084763695613837","-153"],"recognized":1,"nullRecognized":1,"rp":1,"rq":6}
{"type":"angle","q":6,"p":1,"scale":1,"op":"root","phase":1,"ok":1,"poly":["1","-1","1"],"real":["115172193140305827399949785796761135587064246228529065807379342658863042065190089480167441564259605943037975312218134915154131611020654072038617988630148194588045013","115172193140305827399949785796761135587064246228529065807379342658863042065190089480167441564259605943037975312218134915154131611020654072038617988630148194794852651","-546"],"imag":["7758703378874425295012906352138220585149514059631517741930490590284721003955059673161110578290891948031","7758703378874425295012906352138220585149514059631517741930490590284721003955059673161110578291965689857","-342"],"recognized":1,"nullRecognized":1,"rp":1,"rq":6}
{"type":"angle","q":6,"p":1,"scale":1,"op":"exp","phase":0,"ok":1,"poly":["1","0","-1","0","1"],"real":["210300076476156892817421832906076868413144174248499808223378102408488511826958880915","210300076476156892817421832906076868413144174248499808223378102408488511827176361837","-277"],"imag":["485667223056432267729865476705879726660601709763034880312953102434726071300864378819","485667223056432267729865476705879726660601709763034880312953102434726071301734082621","-279"],"recognized":1,"nullRecognized":1,"rp":1,"rq":12}
{"type":"angle","q":6,"p":1,"scale":1,"op":"exp","phase":1,"ok":1,"poly":["1","0","-1","0","1"],"real":["7758703378874425295012906352138220585149514059631517741930490590284721003955059673161110578290891948031","7758703378874425295012906352138220585149514059631517741930490590284721003955059673161110578291965689857","-342"],"imag":["4479489484355608421114884561136888556243290994469299069799978201927583742360321890761754986542677360639","4479489484355608421114884561136888556243290994469299069799978201927583742360321890761754986543751102465","-342"],"recognized":1,"nullRecognized":1,"rp":1,"rq":12}
{"type":"angle","q":6,"p":1,"scale":1,"op":"sin","phase":0,"ok":1,"poly":["-1","2"],"real":["1","1","-1"],"imag":["0","0","0"]}
{"type":"angle","q":6,"p":1,"scale":1,"op":"sin","phase":1,"ok":1,"poly":["-1","2"],"real":["1","1","-1"],"imag":["0","0","0"]}
{"type":"angle","q":6,"p":1,"scale":1,"op":"cos","phase":0,"ok":1,"poly":["-3","0","4"],"real":["158212193200139176340255174621777356217301037233","158212193200139176340255174621777356219129827151","-157"],"imag":["0","0","0"]}
{"type":"angle","q":6,"p":1,"scale":1,"op":"cos","phase":1,"ok":1,"poly":["-3","0","4"],"real":["7758703378874425295012906352138220585149514059631517741930490590284721003955059673161110578290891948031","7758703378874425295012906352138220585149514059631517741930490590284721003955059673161110578291965689857","-342"],"imag":["0","0","0"]}
{"type":"angle","q":6,"p":1,"scale":1,"op":"tan","phase":0,"ok":1,"poly":["-1","0","3"],"real":["52737397733379725446751724873925785405868761865","52737397733379725446751724873925785406453816567","-156"],"imag":["0","0","0"]}
{"type":"angle","q":6,"p":1,"scale":1,"op":"tan","phase":1,"ok":1,"poly":["-1","0","3"],"real":["5172468919249616863341937568092147056766342706421011827953660393523147335970039782107407052193749008383","5172468919249616863341937568092147056766342706421011827953660393523147335970039782107407052194822750209","-342"],"imag":["0","0","0"]}
{"type":"angle","q":6,"p":1,"scale":1,"op":"cot","phase":0,"ok":1,"poly":["-3","0","1"],"real":["158212193200139176340255174621777356217301037233","158212193200139176340255174621777356219129827151","-156"],"imag":["0","0","0"]}
{"type":"angle","q":6,"p":1,"scale":1,"op":"cot","phase":1,"ok":1,"poly":["-3","0","1"],"real":["7758703378874425295012906352138220585149514059631517741930490590284721003955059673161110578290891948031","7758703378874425295012906352138220585149514059631517741930490590284721003955059673161110578291965689857","-341"],"imag":["0","0","0"]}
{"type":"angle","q":6,"p":1,"scale":1,"op":"sec","phase":0,"ok":1,"poly":["-4","0","3"],"real":["52737397733379725446751724873925785405868761865","52737397733379725446751724873925785406453816567","-155"],"imag":["0","0","0"]}
{"type":"angle","q":6,"p":1,"scale":1,"op":"sec","phase":1,"ok":1,"poly":["-4","0","3"],"real":["5172468919249616863341937568092147056766342706421011827953660393523147335970039782107407052193749008383","5172468919249616863341937568092147056766342706421011827953660393523147335970039782107407052194822750209","-341"],"imag":["0","0","0"]}
{"type":"angle","q":6,"p":1,"scale":1,"op":"csc","phase":0,"ok":1,"poly":["-2","1"],"real":["1","1","1"],"imag":["0","0","0"]}
{"type":"angle","q":6,"p":1,"scale":1,"op":"csc","phase":1,"ok":1,"poly":["-2","1"],"real":["1","1","1"],"imag":["0","0","0"]}
{"type":"angle","q":6,"p":1,"scale":3,"op":"root","phase":0,"ok":1,"poly":["1","-1","1"],"real":["2923003274661805836407369665432566039311154463297","2923003274661805836407369665432566039312575708607","-162"],"imag":["9888262075008698521265948413861084763581315187","9888262075008698521265948413861084763695613837","-153"],"recognized":1,"nullRecognized":1,"rp":1,"rq":6}
{"type":"angle","q":6,"p":1,"scale":3,"op":"root","phase":1,"ok":1,"poly":["1","-1","1"],"real":["115172193140305827399949785796761135587064246228529065807379342658863042065190089480167441564259605943037975312218134915154131611020654072038617988630148194588045013","115172193140305827399949785796761135587064246228529065807379342658863042065190089480167441564259605943037975312218134915154131611020654072038617988630148194794852651","-546"],"imag":["7758703378874425295012906352138220585149514059631517741930490590284721003955059673161110578290891948031","7758703378874425295012906352138220585149514059631517741930490590284721003955059673161110578291965689857","-342"],"recognized":1,"nullRecognized":1,"rp":1,"rq":6}
{"type":"angle","q":6,"p":1,"scale":3,"op":"exp","phase":0,"ok":1,"poly":["1","0","-1","0","1"],"real":["210300076476156892817421832906076868413144174248499808223378102408488511826958880915","210300076476156892817421832906076868413144174248499808223378102408488511827176361837","-277"],"imag":["485667223056432267729865476705879726660601709763034880312953102434726071300864378819","485667223056432267729865476705879726660601709763034880312953102434726071301734082621","-279"],"recognized":1,"nullRecognized":1,"rp":1,"rq":12}
{"type":"angle","q":6,"p":1,"scale":3,"op":"exp","phase":1,"ok":1,"poly":["1","0","-1","0","1"],"real":["7758703378874425295012906352138220585149514059631517741930490590284721003955059673161110578290891948031","7758703378874425295012906352138220585149514059631517741930490590284721003955059673161110578291965689857","-342"],"imag":["4479489484355608421114884561136888556243290994469299069799978201927583742360321890761754986542677360639","4479489484355608421114884561136888556243290994469299069799978201927583742360321890761754986543751102465","-342"],"recognized":1,"nullRecognized":1,"rp":1,"rq":12}
{"type":"angle","q":6,"p":1,"scale":3,"op":"sin","phase":0,"ok":1,"poly":["-1","2"],"real":["1","1","-1"],"imag":["0","0","0"]}
{"type":"angle","q":6,"p":1,"scale":3,"op":"sin","phase":1,"ok":1,"poly":["-1","2"],"real":["1","1","-1"],"imag":["0","0","0"]}
{"type":"angle","q":6,"p":1,"scale":3,"op":"cos","phase":0,"ok":1,"poly":["-3","0","4"],"real":["158212193200139176340255174621777356217301037233","158212193200139176340255174621777356219129827151","-157"],"imag":["0","0","0"]}
{"type":"angle","q":6,"p":1,"scale":3,"op":"cos","phase":1,"ok":1,"poly":["-3","0","4"],"real":["7758703378874425295012906352138220585149514059631517741930490590284721003955059673161110578290891948031","7758703378874425295012906352138220585149514059631517741930490590284721003955059673161110578291965689857","-342"],"imag":["0","0","0"]}
{"type":"angle","q":6,"p":1,"scale":3,"op":"tan","phase":0,"ok":1,"poly":["-1","0","3"],"real":["52737397733379725446751724873925785405868761865","52737397733379725446751724873925785406453816567","-156"],"imag":["0","0","0"]}
{"type":"angle","q":6,"p":1,"scale":3,"op":"tan","phase":1,"ok":1,"poly":["-1","0","3"],"real":["5172468919249616863341937568092147056766342706421011827953660393523147335970039782107407052193749008383","5172468919249616863341937568092147056766342706421011827953660393523147335970039782107407052194822750209","-342"],"imag":["0","0","0"]}
{"type":"angle","q":6,"p":1,"scale":3,"op":"cot","phase":0,"ok":1,"poly":["-3","0","1"],"real":["158212193200139176340255174621777356217301037233","158212193200139176340255174621777356219129827151","-156"],"imag":["0","0","0"]}
{"type":"angle","q":6,"p":1,"scale":3,"op":"cot","phase":1,"ok":1,"poly":["-3","0","1"],"real":["7758703378874425295012906352138220585149514059631517741930490590284721003955059673161110578290891948031","7758703378874425295012906352138220585149514059631517741930490590284721003955059673161110578291965689857","-341"],"imag":["0","0","0"]}
{"type":"angle","q":6,"p":1,"scale":3,"op":"sec","phase":0,"ok":1,"poly":["-4","0","3"],"real":["52737397733379725446751724873925785405868761865","52737397733379725446751724873925785406453816567","-155"],"imag":["0","0","0"]}
{"type":"angle","q":6,"p":1,"scale":3,"op":"sec","phase":1,"ok":1,"poly":["-4","0","3"],"real":["5172468919249616863341937568092147056766342706421011827953660393523147335970039782107407052193749008383","5172468919249616863341937568092147056766342706421011827953660393523147335970039782107407052194822750209","-341"],"imag":["0","0","0"]}
{"type":"angle","q":6,"p":1,"scale":3,"op":"csc","phase":0,"ok":1,"poly":["-2","1"],"real":["1","1","1"],"imag":["0","0","0"]}
{"type":"angle","q":6,"p":1,"scale":3,"op":"csc","phase":1,"ok":1,"poly":["-2","1"],"real":["1","1","1"],"imag":["0","0","0"]}
{"type":"angle","q":6,"p":2,"scale":1,"op":"root","phase":0,"ok":1,"poly":["1","1","1"],"real":["-2923003274661805836407369665432566039312575708607","-2923003274661805836407369665432566039311154463297","-162"],"imag":["9888262075008698521265948413861084763581315187","9888262075008698521265948413861084763695613837","-153"],"recognized":1,"nullRecognized":1,"rp":1,"rq":3}
{"type":"angle","q":6,"p":2,"scale":1,"op":"root","phase":1,"ok":1,"poly":["1","1","1"],"real":["-115172193140305827399949785796761135587064246228529065807379342658863042065190089480167441564259605943037975312218134915154131611020654072038617988630148194794852651","-115172193140305827399949785796761135587064246228529065807379342658863042065190089480167441564259605943037975312218134915154131611020654072038617988630148194588045013","-546"],"imag":["7758703378874425295012906352138220585149514059631517741930490590284721003955059673161110578290891948031","7758703378874425295012906352138220585149514059631517741930490590284721003955059673161110578291965689857","-342"],"recognized":1,"nullRecognized":1,"rp":1,"rq":3}
{"type":"angle","q":6,"p":2,"scale":1,"op":"exp","phase":0,"ok":1,"poly":["1","-1","1"],"real":["2923003274661805836407369665432566039311154463297","2923003274661805836407369665432566039312575708607","-162"],"imag":["9888262075008698521265948413861084763581315187","9888262075008698521265948413861084763695613837","-153"],"recognized":1,"nullRecognized":1,"rp":1,"rq":6}
{"type":"angle","q":6,"p":2,"scale":1,"op":"exp","phase":1,"ok":1,"poly":["1","-1","1"],"real":["115172193140305827399949785796761135587064246228529065807379342658863042065190089480167441564259605943037975312218134915154131611020654072038617988630148194588045013","115172193140305827399949785796761135587064246228529065807379342658863042065190089480167441564259605943037975312218134915154131611020654072038617988630148194794852651","-546"],"imag":["7758703378874425295012906352138220585149514059631517741930490590284721003955059673161110578290891948031","7758703378874425295012906352138220585149514059631517741930490590284721003955059673161110578291965689857","-342"],"recognized":1,"nullRecognized":1,"rp":1,"rq":6}
{"type":"angle","q":6,"p":2,"scale":1,"op":"sin","phase":0,"ok":1,"poly":["-3","0","4"],"real":["158212193200139176340255174621777356217301037233","158212193200139176340255174621777356219129827151","-157"],"imag":["0","0","0"]}
{"type":"angle","q":6,"p":2,"scale":1,"op":"sin","phase":1,"ok":1,"poly":["-3","0","4"],"real":["7758703378874425295012906352138220585149514059631517741930490590284721003955059673161110578290891948031","7758703378874425295012906352138220585149514059631517741930490590284721003955059673161110578291965689857","-342"],"imag":["0","0","0"]}
{"type":"angle","q":6,"p":2,"scale":1,"op":"cos","phase":0,"ok":1,"poly":["-1","2"],"real":["1","1","-1"],"imag":["0","0","0"]}
{"type":"angle","q":6,"p":2,"scale":1,"op":"cos","phase":1,"ok":1,"poly":["-1","2"],"real":["1","1","-1"],"imag":["0","0","0"]}
{"type":"angle","q":6,"p":2,"scale":1,"op":"tan","phase":0,"ok":1,"poly":["-3","0","1"],"real":["294693174213430241384087455685767077315","294693174213430241384087455685767077317","-127"],"imag":["0","0","0"]}
{"type":"angle","q":6,"p":2,"scale":1,"op":"tan","phase":1,"ok":1,"poly":["-3","0","1"],"real":["7758703378874425295012906352138220585149514059631517741930490590284721003955059673161110578290891948031","7758703378874425295012906352138220585149514059631517741930490590284721003955059673161110578291965689857","-341"],"imag":["0","0","0"]}
{"type":"angle","q":6,"p":2,"scale":1,"op":"cot","phase":0,"ok":1,"poly":["-1","0","3"],"real":["52737397733379725446751724873925785405868761865","52737397733379725446751724873925785406453816567","-156"],"imag":["0","0","0"]}
{"type":"angle","q":6,"p":2,"scale":1,"op":"cot","phase":1,"ok":1,"poly":["-1","0","3"],"real":["5172468919249616863341937568092147056766342706421011827953660393523147335970039782107407052193749008383","5172468919249616863341937568092147056766342706421011827953660393523147335970039782107407052194822750209","-342"],"imag":["0","0","0"]}
{"type":"angle","q":6,"p":2,"scale":1,"op":"sec","phase":0,"ok":1,"poly":["-2","1"],"real":["1","1","1"],"imag":["0","0","0"]}
{"type":"angle","q":6,"p":2,"scale":1,"op":"sec","phase":1,"ok":1,"poly":["-2","1"],"real":["1","1","1"],"imag":["0","0","0"]}
{"type":"angle","q":6,"p":2,"scale":1,"op":"csc","phase":0,"ok":1,"poly":["-4","0","3"],"real":["52737397733379725446751724873925785405868761865","52737397733379725446751724873925785406453816567","-155"],"imag":["0","0","0"]}
{"type":"angle","q":6,"p":2,"scale":1,"op":"csc","phase":1,"ok":1,"poly":["-4","0","3"],"real":["5172468919249616863341937568092147056766342706421011827953660393523147335970039782107407052193749008383","5172468919249616863341937568092147056766342706421011827953660393523147335970039782107407052194822750209","-341"],"imag":["0","0","0"]}
{"type":"angle","q":6,"p":2,"scale":3,"op":"root","phase":0,"ok":1,"poly":["1","1","1"],"real":["-2923003274661805836407369665432566039312575708607","-2923003274661805836407369665432566039311154463297","-162"],"imag":["9888262075008698521265948413861084763581315187","9888262075008698521265948413861084763695613837","-153"],"recognized":1,"nullRecognized":1,"rp":1,"rq":3}
{"type":"angle","q":6,"p":2,"scale":3,"op":"root","phase":1,"ok":1,"poly":["1","1","1"],"real":["-115172193140305827399949785796761135587064246228529065807379342658863042065190089480167441564259605943037975312218134915154131611020654072038617988630148194794852651","-115172193140305827399949785796761135587064246228529065807379342658863042065190089480167441564259605943037975312218134915154131611020654072038617988630148194588045013","-546"],"imag":["7758703378874425295012906352138220585149514059631517741930490590284721003955059673161110578290891948031","7758703378874425295012906352138220585149514059631517741930490590284721003955059673161110578291965689857","-342"],"recognized":1,"nullRecognized":1,"rp":1,"rq":3}
{"type":"angle","q":6,"p":2,"scale":3,"op":"exp","phase":0,"ok":1,"poly":["1","-1","1"],"real":["2923003274661805836407369665432566039311154463297","2923003274661805836407369665432566039312575708607","-162"],"imag":["9888262075008698521265948413861084763581315187","9888262075008698521265948413861084763695613837","-153"],"recognized":1,"nullRecognized":1,"rp":1,"rq":6}
{"type":"angle","q":6,"p":2,"scale":3,"op":"exp","phase":1,"ok":1,"poly":["1","-1","1"],"real":["115172193140305827399949785796761135587064246228529065807379342658863042065190089480167441564259605943037975312218134915154131611020654072038617988630148194588045013","115172193140305827399949785796761135587064246228529065807379342658863042065190089480167441564259605943037975312218134915154131611020654072038617988630148194794852651","-546"],"imag":["7758703378874425295012906352138220585149514059631517741930490590284721003955059673161110578290891948031","7758703378874425295012906352138220585149514059631517741930490590284721003955059673161110578291965689857","-342"],"recognized":1,"nullRecognized":1,"rp":1,"rq":6}
{"type":"angle","q":6,"p":2,"scale":3,"op":"sin","phase":0,"ok":1,"poly":["-3","0","4"],"real":["158212193200139176340255174621777356217301037233","158212193200139176340255174621777356219129827151","-157"],"imag":["0","0","0"]}
{"type":"angle","q":6,"p":2,"scale":3,"op":"sin","phase":1,"ok":1,"poly":["-3","0","4"],"real":["7758703378874425295012906352138220585149514059631517741930490590284721003955059673161110578290891948031","7758703378874425295012906352138220585149514059631517741930490590284721003955059673161110578291965689857","-342"],"imag":["0","0","0"]}
{"type":"angle","q":6,"p":2,"scale":3,"op":"cos","phase":0,"ok":1,"poly":["-1","2"],"real":["1","1","-1"],"imag":["0","0","0"]}
{"type":"angle","q":6,"p":2,"scale":3,"op":"cos","phase":1,"ok":1,"poly":["-1","2"],"real":["1","1","-1"],"imag":["0","0","0"]}
{"type":"angle","q":6,"p":2,"scale":3,"op":"tan","phase":0,"ok":1,"poly":["-3","0","1"],"real":["294693174213430241384087455685767077315","294693174213430241384087455685767077317","-127"],"imag":["0","0","0"]}
{"type":"angle","q":6,"p":2,"scale":3,"op":"tan","phase":1,"ok":1,"poly":["-3","0","1"],"real":["7758703378874425295012906352138220585149514059631517741930490590284721003955059673161110578290891948031","7758703378874425295012906352138220585149514059631517741930490590284721003955059673161110578291965689857","-341"],"imag":["0","0","0"]}
{"type":"angle","q":6,"p":2,"scale":3,"op":"cot","phase":0,"ok":1,"poly":["-1","0","3"],"real":["52737397733379725446751724873925785405868761865","52737397733379725446751724873925785406453816567","-156"],"imag":["0","0","0"]}
{"type":"angle","q":6,"p":2,"scale":3,"op":"cot","phase":1,"ok":1,"poly":["-1","0","3"],"real":["5172468919249616863341937568092147056766342706421011827953660393523147335970039782107407052193749008383","5172468919249616863341937568092147056766342706421011827953660393523147335970039782107407052194822750209","-342"],"imag":["0","0","0"]}
{"type":"angle","q":6,"p":2,"scale":3,"op":"sec","phase":0,"ok":1,"poly":["-2","1"],"real":["1","1","1"],"imag":["0","0","0"]}
{"type":"angle","q":6,"p":2,"scale":3,"op":"sec","phase":1,"ok":1,"poly":["-2","1"],"real":["1","1","1"],"imag":["0","0","0"]}
{"type":"angle","q":6,"p":2,"scale":3,"op":"csc","phase":0,"ok":1,"poly":["-4","0","3"],"real":["52737397733379725446751724873925785405868761865","52737397733379725446751724873925785406453816567","-155"],"imag":["0","0","0"]}
{"type":"angle","q":6,"p":2,"scale":3,"op":"csc","phase":1,"ok":1,"poly":["-4","0","3"],"real":["5172468919249616863341937568092147056766342706421011827953660393523147335970039782107407052193749008383","5172468919249616863341937568092147056766342706421011827953660393523147335970039782107407052194822750209","-341"],"imag":["0","0","0"]}
{"type":"angle","q":6,"p":3,"scale":1,"op":"root","phase":0,"ok":1,"poly":["1","1"],"real":["-1","-1","0"],"imag":["0","0","0"],"recognized":1,"nullRecognized":1,"rp":1,"rq":2}
{"type":"angle","q":6,"p":3,"scale":1,"op":"root","phase":1,"ok":1,"poly":["1","1"],"real":["-1","-1","0"],"imag":["0","0","0"],"recognized":1,"nullRecognized":1,"rp":1,"rq":2}
{"type":"angle","q":6,"p":3,"scale":1,"op":"exp","phase":0,"ok":1,"poly":["1","0","1"],"real":["0","0","0"],"imag":["1","1","0"],"recognized":1,"nullRecognized":1,"rp":1,"rq":4}
{"type":"angle","q":6,"p":3,"scale":1,"op":"exp","phase":1,"ok":1,"poly":["1","0","1"],"real":["0","0","0"],"imag":["1","1","0"],"recognized":1,"nullRecognized":1,"rp":1,"rq":4}
{"type":"angle","q":6,"p":3,"scale":1,"op":"sin","phase":0,"ok":1,"poly":["-1","1"],"real":["1","1","0"],"imag":["0","0","0"]}
{"type":"angle","q":6,"p":3,"scale":1,"op":"sin","phase":1,"ok":1,"poly":["-1","1"],"real":["1","1","0"],"imag":["0","0","0"]}
{"type":"angle","q":6,"p":3,"scale":1,"op":"cos","phase":0,"ok":1,"poly":["0","1"],"real":["0","0","0"],"imag":["0","0","0"]}
{"type":"angle","q":6,"p":3,"scale":1,"op":"cos","phase":1,"ok":1,"poly":["0","1"],"real":["0","0","0"],"imag":["0","0","0"]}
{"type":"angle","q":6,"p":3,"scale":1,"op":"tan","phase":0,"ok":0}
{"type":"angle","q":6,"p":3,"scale":1,"op":"tan","phase":1,"ok":0}
{"type":"angle","q":6,"p":3,"scale":1,"op":"cot","phase":0,"ok":1,"poly":["0","1"],"real":["0","0","0"],"imag":["0","0","0"]}
{"type":"angle","q":6,"p":3,"scale":1,"op":"cot","phase":1,"ok":1,"poly":["0","1"],"real":["0","0","0"],"imag":["0","0","0"]}
{"type":"angle","q":6,"p":3,"scale":1,"op":"sec","phase":0,"ok":0}
{"type":"angle","q":6,"p":3,"scale":1,"op":"sec","phase":1,"ok":0}
{"type":"angle","q":6,"p":3,"scale":1,"op":"csc","phase":0,"ok":1,"poly":["-1","1"],"real":["1","1","0"],"imag":["0","0","0"]}
{"type":"angle","q":6,"p":3,"scale":1,"op":"csc","phase":1,"ok":1,"poly":["-1","1"],"real":["1","1","0"],"imag":["0","0","0"]}
{"type":"angle","q":6,"p":3,"scale":3,"op":"root","phase":0,"ok":1,"poly":["1","1"],"real":["-1","-1","0"],"imag":["0","0","0"],"recognized":1,"nullRecognized":1,"rp":1,"rq":2}
{"type":"angle","q":6,"p":3,"scale":3,"op":"root","phase":1,"ok":1,"poly":["1","1"],"real":["-1","-1","0"],"imag":["0","0","0"],"recognized":1,"nullRecognized":1,"rp":1,"rq":2}
{"type":"angle","q":6,"p":3,"scale":3,"op":"exp","phase":0,"ok":1,"poly":["1","0","1"],"real":["0","0","0"],"imag":["1","1","0"],"recognized":1,"nullRecognized":1,"rp":1,"rq":4}
{"type":"angle","q":6,"p":3,"scale":3,"op":"exp","phase":1,"ok":1,"poly":["1","0","1"],"real":["0","0","0"],"imag":["1","1","0"],"recognized":1,"nullRecognized":1,"rp":1,"rq":4}
{"type":"angle","q":6,"p":3,"scale":3,"op":"sin","phase":0,"ok":1,"poly":["-1","1"],"real":["1","1","0"],"imag":["0","0","0"]}
{"type":"angle","q":6,"p":3,"scale":3,"op":"sin","phase":1,"ok":1,"poly":["-1","1"],"real":["1","1","0"],"imag":["0","0","0"]}
{"type":"angle","q":6,"p":3,"scale":3,"op":"cos","phase":0,"ok":1,"poly":["0","1"],"real":["0","0","0"],"imag":["0","0","0"]}
{"type":"angle","q":6,"p":3,"scale":3,"op":"cos","phase":1,"ok":1,"poly":["0","1"],"real":["0","0","0"],"imag":["0","0","0"]}
{"type":"angle","q":6,"p":3,"scale":3,"op":"tan","phase":0,"ok":0}
{"type":"angle","q":6,"p":3,"scale":3,"op":"tan","phase":1,"ok":0}
{"type":"angle","q":6,"p":3,"scale":3,"op":"cot","phase":0,"ok":1,"poly":["0","1"],"real":["0","0","0"],"imag":["0","0","0"]}
{"type":"angle","q":6,"p":3,"scale":3,"op":"cot","phase":1,"ok":1,"poly":["0","1"],"real":["0","0","0"],"imag":["0","0","0"]}
{"type":"angle","q":6,"p":3,"scale":3,"op":"sec","phase":0,"ok":0}
{"type":"angle","q":6,"p":3,"scale":3,"op":"sec","phase":1,"ok":0}
{"type":"angle","q":6,"p":3,"scale":3,"op":"csc","phase":0,"ok":1,"poly":["-1","1"],"real":["1","1","0"],"imag":["0","0","0"]}
{"type":"angle","q":6,"p":3,"scale":3,"op":"csc","phase":1,"ok":1,"poly":["-1","1"],"real":["1","1","0"],"imag":["0","0","0"]}
{"type":"angle","q":6,"p":4,"scale":1,"op":"root","phase":0,"ok":1,"poly":["1","1","1"],"real":["-2923003274661805836407369665432566039312575708607","-2923003274661805836407369665432566039311154463297","-162"],"imag":["-9888262075008698521265948413861084763695613837","-9888262075008698521265948413861084763581315187","-153"],"recognized":1,"nullRecognized":1,"rp":2,"rq":3}
{"type":"angle","q":6,"p":4,"scale":1,"op":"root","phase":1,"ok":1,"poly":["1","1","1"],"real":["-115172193140305827399949785796761135587064246228529065807379342658863042065190089480167441564259605943037975312218134915154131611020654072038617988630148194794852651","-115172193140305827399949785796761135587064246228529065807379342658863042065190089480167441564259605943037975312218134915154131611020654072038617988630148194588045013","-546"],"imag":["-7758703378874425295012906352138220585149514059631517741930490590284721003955059673161110578291965689857","-7758703378874425295012906352138220585149514059631517741930490590284721003955059673161110578290891948031","-342"],"recognized":1,"nullRecognized":1,"rp":2,"rq":3}
{"type":"angle","q":6,"p":4,"scale":1,"op":"exp","phase":0,"ok":1,"poly":["1","1","1"],"real":["-2923003274661805836407369665432566039312575708607","-2923003274661805836407369665432566039311154463297","-162"],"imag":["9888262075008698521265948413861084763581315187","9888262075008698521265948413861084763695613837","-153"],"recognized":1,"nullRecognized":1,"rp":1,"rq":3}
{"type":"angle","q":6,"p":4,"scale":1,"op":"exp","phase":1,"ok":1,"poly":["1","1","1"],"real":["-115172193140305827399949785796761135587064246228529065807379342658863042065190089480167441564259605943037975312218134915154131611020654072038617988630148194794852651","-115172193140305827399949785796761135587064246228529065807379342658863042065190089480167441564259605943037975312218134915154131611020654072038617988630148194588045013","-546"],"imag":["7758703378874425295012906352138220585149514059631517741930490590284721003955059673161110578290891948031","7758703378874425295012906352138220585149514059631517741930490590284721003955059673161110578291965689857","-342"],"recognized":1,"nullRecognized":1,"rp":1,"rq":3}
{"type":"angle","q":6,"p":4,"scale":1,"op":"sin","phase":0,"ok":1,"poly":["-3","0","4"],"real":["158212193200139176340255174621777356217301037233","158212193200139176340255174621777356219129827151","-157"],"imag":["0","0","0"]}
{"type":"angle","q":6,"p":4,"scale":1,"op":"sin","phase":1,"ok":1,"poly":["-3","0","4"],"real":["7758703378874425295012906352138220585149514059631517741930490590284721003955059673161110578290891948031","7758703378874425295012906352138220585149514059631517741930490590284721003955059673161110578291965689857","-342"],"imag":["0","0","0"]}
{"type":"angle","q":6,"p":4,"scale":1,"op":"cos","phase":0,"ok":1,"poly":["1","2"],"real":["-1","-1","-1"],"imag":["0","0","0"]}
{"type":"angle","q":6,"p":4,"scale":1,"op":"cos","phase":1,"ok":1,"poly":["1","2"],"real":["-1","-1","-1"],"imag":["0","0","0"]}
{"type":"angle","q":6,"p":4,"scale":1,"op":"tan","phase":0,"ok":1,"poly":["-3","0","1"],"real":["-294693174213430241384087455685767077317","-294693174213430241384087455685767077315","-127"],"imag":["0","0","0"]}
{"type":"angle","q":6,"p":4,"scale":1,"op":"tan","phase":1,"ok":1,"poly":["-3","0","1"],"real":["-7758703378874425295012906352138220585149514059631517741930490590284721003955059673161110578291965689857","-7758703378874425295012906352138220585149514059631517741930490590284721003955059673161110578290891948031","-341"],"imag":["0","0","0"]}
{"type":"angle","q":6,"p":4,"scale":1,"op":"cot","phase":0,"ok":1,"poly":["-1","0","3"],"real":["-52737397733379725446751724873925785406453816567","-52737397733379725446751724873925785405868761865","-156"],"imag":["0","0","0"]}
{"type":"angle","q":6,"p":4,"scale":1,"op":"cot","phase":1,"ok":1,"poly":["-1","0","3"],"real":["-5172468919249616863341937568092147056766342706421011827953660393523147335970039782107407052194822750209","-5172468919249616863341937568092147056766342706421011827953660393523147335970039782107407052193749008383","-342"],"imag":["0","0","0"]}
{"type":"angle","q":6,"p":4,"scale":1,"op":"sec","phase":0,"ok":1,"poly":["2","1"],"real":["-1","-1","1"],"imag":["0","0","0"]}
{"type":"angle","q":6,"p":4,"scale":1,"op":"sec","phase":1,"ok":1,"poly":["2","1"],"real":["-1","-1","1"],"imag":["0","0","0"]}
{"type":"angle","q":6,"p":4,"scale":1,"op":"csc","phase":0,"ok":1,"poly":["-4","0","3"],"real":["52737397733379725446751724873925785405868761865","52737397733379725446751724873925785406453816567","-155"],"imag":["0","0","0"]}
{"type":"angle","q":6,"p":4,"scale":1,"op":"csc","phase":1,"ok":1,"poly":["-4","0","3"],"real":["5172468919249616863341937568092147056766342706421011827953660393523147335970039782107407052193749008383","5172468919249616863341937568092147056766342706421011827953660393523147335970039782107407052194822750209","-341"],"imag":["0","0","0"]}
{"type":"angle","q":6,"p":4,"scale":3,"op":"root","phase":0,"ok":1,"poly":["1","1","1"],"real":["-2923003274661805836407369665432566039312575708607","-2923003274661805836407369665432566039311154463297","-162"],"imag":["-9888262075008698521265948413861084763695613837","-9888262075008698521265948413861084763581315187","-153"],"recognized":1,"nullRecognized":1,"rp":2,"rq":3}
{"type":"angle","q":6,"p":4,"scale":3,"op":"root","phase":1,"ok":1,"poly":["1","1","1"],"real":["-115172193140305827399949785796761135587064246228529065807379342658863042065190089480167441564259605943037975312218134915154131611020654072038617988630148194794852651","-115172193140305827399949785796761135587064246228529065807379342658863042065190089480167441564259605943037975312218134915154131611020654072038617988630148194588045013","-546"],"imag":["-7758703378874425295012906352138220585149514059631517741930490590284721003955059673161110578291965689857","-7758703378874425295012906352138220585149514059631517741930490590284721003955059673161110578290891948031","-342"],"recognized":1,"nullRecognized":1,"rp":2,"rq":3}
{"type":"angle","q":6,"p":4,"scale":3,"op":"exp","phase":0,"ok":1,"poly":["1","1","1"],"real":["-2923003274661805836407369665432566039312575708607","-2923003274661805836407369665432566039311154463297","-162"],"imag":["9888262075008698521265948413861084763581315187","9888262075008698521265948413861084763695613837","-153"],"recognized":1,"nullRecognized":1,"rp":1,"rq":3}
{"type":"angle","q":6,"p":4,"scale":3,"op":"exp","phase":1,"ok":1,"poly":["1","1","1"],"real":["-115172193140305827399949785796761135587064246228529065807379342658863042065190089480167441564259605943037975312218134915154131611020654072038617988630148194794852651","-115172193140305827399949785796761135587064246228529065807379342658863042065190089480167441564259605943037975312218134915154131611020654072038617988630148194588045013","-546"],"imag":["7758703378874425295012906352138220585149514059631517741930490590284721003955059673161110578290891948031","7758703378874425295012906352138220585149514059631517741930490590284721003955059673161110578291965689857","-342"],"recognized":1,"nullRecognized":1,"rp":1,"rq":3}
{"type":"angle","q":6,"p":4,"scale":3,"op":"sin","phase":0,"ok":1,"poly":["-3","0","4"],"real":["158212193200139176340255174621777356217301037233","158212193200139176340255174621777356219129827151","-157"],"imag":["0","0","0"]}
{"type":"angle","q":6,"p":4,"scale":3,"op":"sin","phase":1,"ok":1,"poly":["-3","0","4"],"real":["7758703378874425295012906352138220585149514059631517741930490590284721003955059673161110578290891948031","7758703378874425295012906352138220585149514059631517741930490590284721003955059673161110578291965689857","-342"],"imag":["0","0","0"]}
{"type":"angle","q":6,"p":4,"scale":3,"op":"cos","phase":0,"ok":1,"poly":["1","2"],"real":["-1","-1","-1"],"imag":["0","0","0"]}
{"type":"angle","q":6,"p":4,"scale":3,"op":"cos","phase":1,"ok":1,"poly":["1","2"],"real":["-1","-1","-1"],"imag":["0","0","0"]}
{"type":"angle","q":6,"p":4,"scale":3,"op":"tan","phase":0,"ok":1,"poly":["-3","0","1"],"real":["-294693174213430241384087455685767077317","-294693174213430241384087455685767077315","-127"],"imag":["0","0","0"]}
{"type":"angle","q":6,"p":4,"scale":3,"op":"tan","phase":1,"ok":1,"poly":["-3","0","1"],"real":["-7758703378874425295012906352138220585149514059631517741930490590284721003955059673161110578291965689857","-7758703378874425295012906352138220585149514059631517741930490590284721003955059673161110578290891948031","-341"],"imag":["0","0","0"]}
{"type":"angle","q":6,"p":4,"scale":3,"op":"cot","phase":0,"ok":1,"poly":["-1","0","3"],"real":["-52737397733379725446751724873925785406453816567","-52737397733379725446751724873925785405868761865","-156"],"imag":["0","0","0"]}
{"type":"angle","q":6,"p":4,"scale":3,"op":"cot","phase":1,"ok":1,"poly":["-1","0","3"],"real":["-5172468919249616863341937568092147056766342706421011827953660393523147335970039782107407052194822750209","-5172468919249616863341937568092147056766342706421011827953660393523147335970039782107407052193749008383","-342"],"imag":["0","0","0"]}
{"type":"angle","q":6,"p":4,"scale":3,"op":"sec","phase":0,"ok":1,"poly":["2","1"],"real":["-1","-1","1"],"imag":["0","0","0"]}
{"type":"angle","q":6,"p":4,"scale":3,"op":"sec","phase":1,"ok":1,"poly":["2","1"],"real":["-1","-1","1"],"imag":["0","0","0"]}
{"type":"angle","q":6,"p":4,"scale":3,"op":"csc","phase":0,"ok":1,"poly":["-4","0","3"],"real":["52737397733379725446751724873925785405868761865","52737397733379725446751724873925785406453816567","-155"],"imag":["0","0","0"]}
{"type":"angle","q":6,"p":4,"scale":3,"op":"csc","phase":1,"ok":1,"poly":["-4","0","3"],"real":["5172468919249616863341937568092147056766342706421011827953660393523147335970039782107407052193749008383","5172468919249616863341937568092147056766342706421011827953660393523147335970039782107407052194822750209","-341"],"imag":["0","0","0"]}
{"type":"angle","q":6,"p":5,"scale":1,"op":"root","phase":0,"ok":1,"poly":["1","-1","1"],"real":["2923003274661805836407369665432566039311154463297","2923003274661805836407369665432566039312575708607","-162"],"imag":["-9888262075008698521265948413861084763695613837","-9888262075008698521265948413861084763581315187","-153"],"recognized":1,"nullRecognized":1,"rp":5,"rq":6}
{"type":"angle","q":6,"p":5,"scale":1,"op":"root","phase":1,"ok":1,"poly":["1","-1","1"],"real":["115172193140305827399949785796761135587064246228529065807379342658863042065190089480167441564259605943037975312218134915154131611020654072038617988630148194588045013","115172193140305827399949785796761135587064246228529065807379342658863042065190089480167441564259605943037975312218134915154131611020654072038617988630148194794852651","-546"],"imag":["-7758703378874425295012906352138220585149514059631517741930490590284721003955059673161110578291965689857","-7758703378874425295012906352138220585149514059631517741930490590284721003955059673161110578290891948031","-342"],"recognized":1,"nullRecognized":1,"rp":5,"rq":6}
{"type":"angle","q":6,"p":5,"scale":1,"op":"exp","phase":0,"ok":1,"poly":["1","0","-1","0","1"],"real":["-210300076476156892817421832906076868413144174248499808223378102408488511827176361837","-210300076476156892817421832906076868413144174248499808223378102408488511826958880915","-277"],"imag":["485667223056432267729865476705879726660601709763034880312953102434726071300864378819","485667223056432267729865476705879726660601709763034880312953102434726071301734082621","-279"],"recognized":1,"nullRecognized":1,"rp":5,"rq":12}
{"type":"angle","q":6,"p":5,"scale":1,"op":"exp","phase":1,"ok":1,"poly":["1","0","-1","0","1"],"real":["-7758703378874425295012906352138220585149514059631517741930490590284721003955059673161110578291965689857","-7758703378874425295012906352138220585149514059631517741930490590284721003955059673161110578290891948031","-342"],"imag":["4479489484355608421114884561136888556243290994469299069799978201927583742360321890761754986542677360639","4479489484355608421114884561136888556243290994469299069799978201927583742360321890761754986543751102465","-342"],"recognized":1,"nullRecognized":1,"rp":5,"rq":12}
{"type":"angle","q":6,"p":5,"scale":1,"op":"sin","phase":0,"ok":1,"poly":["-1","2"],"real":["1","1","-1"],"imag":["0","0","0"]}
{"type":"angle","q":6,"p":5,"scale":1,"op":"sin","phase":1,"ok":1,"poly":["-1","2"],"real":["1","1","-1"],"imag":["0","0","0"]}
{"type":"angle","q":6,"p":5,"scale":1,"op":"cos","phase":0,"ok":1,"poly":["-3","0","4"],"real":["-158212193200139176340255174621777356219129827151","-158212193200139176340255174621777356217301037233","-157"],"imag":["0","0","0"]}
{"type":"angle","q":6,"p":5,"scale":1,"op":"cos","phase":1,"ok":1,"poly":["-3","0","4"],"real":["-7758703378874425295012906352138220585149514059631517741930490590284721003955059673161110578291965689857","-7758703378874425295012906352138220585149514059631517741930490590284721003955059673161110578290891948031","-342"],"imag":["0","0","0"]}
{"type":"angle","q":6,"p":5,"scale":1,"op":"tan","phase":0,"ok":1,"poly":["-1","0","3"],"real":["-52737397733379725446751724873925785406453816567","-52737397733379725446751724873925785405868761865","-156"],"imag":["0","0","0"]}
{"type":"angle","q":6,"p":5,"scale":1,"op":"tan","phase":1,"ok":1,"poly":["-1","0","3"],"real":["-5172468919249616863341937568092147056766342706421011827953660393523147335970039782107407052194822750209","-5172468919249616863341937568092147056766342706421011827953660393523147335970039782107407052193749008383","-342"],"imag":["0","0","0"]}
{"type":"angle","q":6,"p":5,"scale":1,"op":"cot","phase":0,"ok":1,"poly":["-3","0","1"],"real":["-158212193200139176340255174621777356219129827151","-158212193200139176340255174621777356217301037233","-156"],"imag":["0","0","0"]}
{"type":"angle","q":6,"p":5,"scale":1,"op":"cot","phase":1,"ok":1,"poly":["-3","0","1"],"real":["-7758703378874425295012906352138220585149514059631517741930490590284721003955059673161110578291965689857","-7758703378874425295012906352138220585149514059631517741930490590284721003955059673161110578290891948031","-341"],"imag":["0","0","0"]}
{"type":"angle","q":6,"p":5,"scale":1,"op":"sec","phase":0,"ok":1,"poly":["-4","0","3"],"real":["-52737397733379725446751724873925785406453816567","-52737397733379725446751724873925785405868761865","-155"],"imag":["0","0","0"]}
{"type":"angle","q":6,"p":5,"scale":1,"op":"sec","phase":1,"ok":1,"poly":["-4","0","3"],"real":["-5172468919249616863341937568092147056766342706421011827953660393523147335970039782107407052194822750209","-5172468919249616863341937568092147056766342706421011827953660393523147335970039782107407052193749008383","-341"],"imag":["0","0","0"]}
{"type":"angle","q":6,"p":5,"scale":1,"op":"csc","phase":0,"ok":1,"poly":["-2","1"],"real":["1","1","1"],"imag":["0","0","0"]}
{"type":"angle","q":6,"p":5,"scale":1,"op":"csc","phase":1,"ok":1,"poly":["-2","1"],"real":["1","1","1"],"imag":["0","0","0"]}
{"type":"angle","q":6,"p":5,"scale":3,"op":"root","phase":0,"ok":1,"poly":["1","-1","1"],"real":["2923003274661805836407369665432566039311154463297","2923003274661805836407369665432566039312575708607","-162"],"imag":["-9888262075008698521265948413861084763695613837","-9888262075008698521265948413861084763581315187","-153"],"recognized":1,"nullRecognized":1,"rp":5,"rq":6}
{"type":"angle","q":6,"p":5,"scale":3,"op":"root","phase":1,"ok":1,"poly":["1","-1","1"],"real":["115172193140305827399949785796761135587064246228529065807379342658863042065190089480167441564259605943037975312218134915154131611020654072038617988630148194588045013","115172193140305827399949785796761135587064246228529065807379342658863042065190089480167441564259605943037975312218134915154131611020654072038617988630148194794852651","-546"],"imag":["-7758703378874425295012906352138220585149514059631517741930490590284721003955059673161110578291965689857","-7758703378874425295012906352138220585149514059631517741930490590284721003955059673161110578290891948031","-342"],"recognized":1,"nullRecognized":1,"rp":5,"rq":6}
{"type":"angle","q":6,"p":5,"scale":3,"op":"exp","phase":0,"ok":1,"poly":["1","0","-1","0","1"],"real":["-210300076476156892817421832906076868413144174248499808223378102408488511827176361837","-210300076476156892817421832906076868413144174248499808223378102408488511826958880915","-277"],"imag":["485667223056432267729865476705879726660601709763034880312953102434726071300864378819","485667223056432267729865476705879726660601709763034880312953102434726071301734082621","-279"],"recognized":1,"nullRecognized":1,"rp":5,"rq":12}
{"type":"angle","q":6,"p":5,"scale":3,"op":"exp","phase":1,"ok":1,"poly":["1","0","-1","0","1"],"real":["-7758703378874425295012906352138220585149514059631517741930490590284721003955059673161110578291965689857","-7758703378874425295012906352138220585149514059631517741930490590284721003955059673161110578290891948031","-342"],"imag":["4479489484355608421114884561136888556243290994469299069799978201927583742360321890761754986542677360639","4479489484355608421114884561136888556243290994469299069799978201927583742360321890761754986543751102465","-342"],"recognized":1,"nullRecognized":1,"rp":5,"rq":12}
{"type":"angle","q":6,"p":5,"scale":3,"op":"sin","phase":0,"ok":1,"poly":["-1","2"],"real":["1","1","-1"],"imag":["0","0","0"]}
{"type":"angle","q":6,"p":5,"scale":3,"op":"sin","phase":1,"ok":1,"poly":["-1","2"],"real":["1","1","-1"],"imag":["0","0","0"]}
{"type":"angle","q":6,"p":5,"scale":3,"op":"cos","phase":0,"ok":1,"poly":["-3","0","4"],"real":["-158212193200139176340255174621777356219129827151","-158212193200139176340255174621777356217301037233","-157"],"imag":["0","0","0"]}
{"type":"angle","q":6,"p":5,"scale":3,"op":"cos","phase":1,"ok":1,"poly":["-3","0","4"],"real":["-7758703378874425295012906352138220585149514059631517741930490590284721003955059673161110578291965689857","-7758703378874425295012906352138220585149514059631517741930490590284721003955059673161110578290891948031","-342"],"imag":["0","0","0"]}
{"type":"angle","q":6,"p":5,"scale":3,"op":"tan","phase":0,"ok":1,"poly":["-1","0","3"],"real":["-52737397733379725446751724873925785406453816567","-52737397733379725446751724873925785405868761865","-156"],"imag":["0","0","0"]}
{"type":"angle","q":6,"p":5,"scale":3,"op":"tan","phase":1,"ok":1,"poly":["-1","0","3"],"real":["-5172468919249616863341937568092147056766342706421011827953660393523147335970039782107407052194822750209","-5172468919249616863341937568092147056766342706421011827953660393523147335970039782107407052193749008383","-342"],"imag":["0","0","0"]}
{"type":"angle","q":6,"p":5,"scale":3,"op":"cot","phase":0,"ok":1,"poly":["-3","0","1"],"real":["-158212193200139176340255174621777356219129827151","-158212193200139176340255174621777356217301037233","-156"],"imag":["0","0","0"]}
{"type":"angle","q":6,"p":5,"scale":3,"op":"cot","phase":1,"ok":1,"poly":["-3","0","1"],"real":["-7758703378874425295012906352138220585149514059631517741930490590284721003955059673161110578291965689857","-7758703378874425295012906352138220585149514059631517741930490590284721003955059673161110578290891948031","-341"],"imag":["0","0","0"]}
{"type":"angle","q":6,"p":5,"scale":3,"op":"sec","phase":0,"ok":1,"poly":["-4","0","3"],"real":["-52737397733379725446751724873925785406453816567","-52737397733379725446751724873925785405868761865","-155"],"imag":["0","0","0"]}
{"type":"angle","q":6,"p":5,"scale":3,"op":"sec","phase":1,"ok":1,"poly":["-4","0","3"],"real":["-5172468919249616863341937568092147056766342706421011827953660393523147335970039782107407052194822750209","-5172468919249616863341937568092147056766342706421011827953660393523147335970039782107407052193749008383","-341"],"imag":["0","0","0"]}
{"type":"angle","q":6,"p":5,"scale":3,"op":"csc","phase":0,"ok":1,"poly":["-2","1"],"real":["1","1","1"],"imag":["0","0","0"]}
{"type":"angle","q":6,"p":5,"scale":3,"op":"csc","phase":1,"ok":1,"poly":["-2","1"],"real":["1","1","1"],"imag":["0","0","0"]}
{"type":"angle","q":6,"p":6,"scale":1,"op":"root","phase":0,"ok":1,"poly":["-1","1"],"real":["1","1","0"],"imag":["0","0","0"],"recognized":1,"nullRecognized":1,"rp":0,"rq":1}
{"type":"angle","q":6,"p":6,"scale":1,"op":"root","phase":1,"ok":1,"poly":["-1","1"],"real":["1","1","0"],"imag":["0","0","0"],"recognized":1,"nullRecognized":1,"rp":0,"rq":1}
{"type":"angle","q":6,"p":6,"scale":1,"op":"exp","phase":0,"ok":1,"poly":["1","1"],"real":["-1","-1","0"],"imag":["0","0","0"],"recognized":1,"nullRecognized":1,"rp":1,"rq":2}
{"type":"angle","q":6,"p":6,"scale":1,"op":"exp","phase":1,"ok":1,"poly":["1","1"],"real":["-1","-1","0"],"imag":["0","0","0"],"recognized":1,"nullRecognized":1,"rp":1,"rq":2}
{"type":"angle","q":6,"p":6,"scale":1,"op":"sin","phase":0,"ok":1,"poly":["0","1"],"real":["0","0","0"],"imag":["0","0","0"]}
{"type":"angle","q":6,"p":6,"scale":1,"op":"sin","phase":1,"ok":1,"poly":["0","1"],"real":["0","0","0"],"imag":["0","0","0"]}
{"type":"angle","q":6,"p":6,"scale":1,"op":"cos","phase":0,"ok":1,"poly":["1","1"],"real":["-1","-1","0"],"imag":["0","0","0"]}
{"type":"angle","q":6,"p":6,"scale":1,"op":"cos","phase":1,"ok":1,"poly":["1","1"],"real":["-1","-1","0"],"imag":["0","0","0"]}
{"type":"angle","q":6,"p":6,"scale":1,"op":"tan","phase":0,"ok":1,"poly":["0","1"],"real":["0","0","0"],"imag":["0","0","0"]}
{"type":"angle","q":6,"p":6,"scale":1,"op":"tan","phase":1,"ok":1,"poly":["0","1"],"real":["0","0","0"],"imag":["0","0","0"]}
{"type":"angle","q":6,"p":6,"scale":1,"op":"cot","phase":0,"ok":0}
{"type":"angle","q":6,"p":6,"scale":1,"op":"cot","phase":1,"ok":0}
{"type":"angle","q":6,"p":6,"scale":1,"op":"sec","phase":0,"ok":1,"poly":["1","1"],"real":["-1","-1","0"],"imag":["0","0","0"]}
{"type":"angle","q":6,"p":6,"scale":1,"op":"sec","phase":1,"ok":1,"poly":["1","1"],"real":["-1","-1","0"],"imag":["0","0","0"]}
{"type":"angle","q":6,"p":6,"scale":1,"op":"csc","phase":0,"ok":0}
{"type":"angle","q":6,"p":6,"scale":1,"op":"csc","phase":1,"ok":0}
{"type":"angle","q":6,"p":6,"scale":3,"op":"root","phase":0,"ok":1,"poly":["-1","1"],"real":["1","1","0"],"imag":["0","0","0"],"recognized":1,"nullRecognized":1,"rp":0,"rq":1}
{"type":"angle","q":6,"p":6,"scale":3,"op":"root","phase":1,"ok":1,"poly":["-1","1"],"real":["1","1","0"],"imag":["0","0","0"],"recognized":1,"nullRecognized":1,"rp":0,"rq":1}
{"type":"angle","q":6,"p":6,"scale":3,"op":"exp","phase":0,"ok":1,"poly":["1","1"],"real":["-1","-1","0"],"imag":["0","0","0"],"recognized":1,"nullRecognized":1,"rp":1,"rq":2}
{"type":"angle","q":6,"p":6,"scale":3,"op":"exp","phase":1,"ok":1,"poly":["1","1"],"real":["-1","-1","0"],"imag":["0","0","0"],"recognized":1,"nullRecognized":1,"rp":1,"rq":2}
{"type":"angle","q":6,"p":6,"scale":3,"op":"sin","phase":0,"ok":1,"poly":["0","1"],"real":["0","0","0"],"imag":["0","0","0"]}
{"type":"angle","q":6,"p":6,"scale":3,"op":"sin","phase":1,"ok":1,"poly":["0","1"],"real":["0","0","0"],"imag":["0","0","0"]}
{"type":"angle","q":6,"p":6,"scale":3,"op":"cos","phase":0,"ok":1,"poly":["1","1"],"real":["-1","-1","0"],"imag":["0","0","0"]}
{"type":"angle","q":6,"p":6,"scale":3,"op":"cos","phase":1,"ok":1,"poly":["1","1"],"real":["-1","-1","0"],"imag":["0","0","0"]}
{"type":"angle","q":6,"p":6,"scale":3,"op":"tan","phase":0,"ok":1,"poly":["0","1"],"real":["0","0","0"],"imag":["0","0","0"]}
{"type":"angle","q":6,"p":6,"scale":3,"op":"tan","phase":1,"ok":1,"poly":["0","1"],"real":["0","0","0"],"imag":["0","0","0"]}
{"type":"angle","q":6,"p":6,"scale":3,"op":"cot","phase":0,"ok":0}
{"type":"angle","q":6,"p":6,"scale":3,"op":"cot","phase":1,"ok":0}
{"type":"angle","q":6,"p":6,"scale":3,"op":"sec","phase":0,"ok":1,"poly":["1","1"],"real":["-1","-1","0"],"imag":["0","0","0"]}
{"type":"angle","q":6,"p":6,"scale":3,"op":"sec","phase":1,"ok":1,"poly":["1","1"],"real":["-1","-1","0"],"imag":["0","0","0"]}
{"type":"angle","q":6,"p":6,"scale":3,"op":"csc","phase":0,"ok":0}
{"type":"angle","q":6,"p":6,"scale":3,"op":"csc","phase":1,"ok":0}
{"type":"angle","q":6,"p":7,"scale":1,"op":"root","phase":0,"ok":1,"poly":["1","-1","1"],"real":["2923003274661805836407369665432566039311154463297","2923003274661805836407369665432566039312575708607","-162"],"imag":["9888262075008698521265948413861084763581315187","9888262075008698521265948413861084763695613837","-153"],"recognized":1,"nullRecognized":1,"rp":1,"rq":6}
{"type":"angle","q":6,"p":7,"scale":1,"op":"root","phase":1,"ok":1,"poly":["1","-1","1"],"real":["115172193140305827399949785796761135587064246228529065807379342658863042065190089480167441564259605943037975312218134915154131611020654072038617988630148194588045013","115172193140305827399949785796761135587064246228529065807379342658863042065190089480167441564259605943037975312218134915154131611020654072038617988630148194794852651","-546"],"imag":["7758703378874425295012906352138220585149514059631517741930490590284721003955059673161110578290891948031","7758703378874425295012906352138220585149514059631517741930490590284721003955059673161110578291965689857","-342"],"recognized":1,"nullRecognized":1,"rp":1,"rq":6}
{"type":"angle","q":6,"p":7,"scale":1,"op":"exp","phase":0,"ok":1,"poly":["1","0","-1","0","1"],"real":["-210300076476156892817421832906076868413144174248499808223378102408488511827176361837","-210300076476156892817421832906076868413144174248499808223378102408488511826958880915","-277"],"imag":["-485667223056432267729865476705879726660601709763034880312953102434726071301734082621","-485667223056432267729865476705879726660601709763034880312953102434726071300864378819","-279"],"recognized":1,"nullRecognized":1,"rp":7,"rq":12}
{"type":"angle","q":6,"p":7,"scale":1,"op":"exp","phase":1,"ok":1,"poly":["1","0","-1","0","1"],"real":["-7758703378874425295012906352138220585149514059631517741930490590284721003955059673161110578291965689857","-7758703378874425295012906352138220585149514059631517741930490590284721003955059673161110578290891948031","-342"],"imag":["-4479489484355608421114884561136888556243290994469299069799978201927583742360321890761754986543751102465","-4479489484355608421114884561136888556243290994469299069799978201927583742360321890761754986542677360639","-342"],"recognized":1,"nullRecognized":1,"rp":7,"rq":12}
{"type":"angle","q":6,"p":7,"scale":1,"op":"sin","phase":0,"ok":1,"poly":["1","2"],"real":["-1","-1","-1"],"imag":["0","0","0"]}
{"type":"angle","q":6,"p":7,"scale":1,"op":"sin","phase":1,"ok":1,"poly":["1","2"],"real":["-1","-1","-1"],"imag":["0","0","0"]}
{"type":"angle","q":6,"p":7,"scale":1,"op":"cos","phase":0,"ok":1,"poly":["-3","0","4"],"real":["-158212193200139176340255174621777356219129827151","-158212193200139176340255174621777356217301037233","-157"],"imag":["0","0","0"]}
{"type":"angle","q":6,"p":7,"scale":1,"op":"cos","phase":1,"ok":1,"poly":["-3","0","4"],"real":["-7758703378874425295012906352138220585149514059631517741930490590284721003955059673161110578291965689857","-7758703378874425295012906352138220585149514059631517741930490590284721003955059673161110578290891948031","-342"],"imag":["0","0","0"]}
{"type":"angle","q":6,"p":7,"scale":1,"op":"tan","phase":0,"ok":1,"poly":["-1","0","3"],"real":["52737397733379725446751724873925785405868761865","52737397733379725446751724873925785406453816567","-156"],"imag":["0","0","0"]}
{"type":"angle","q":6,"p":7,"scale":1,"op":"tan","phase":1,"ok":1,"poly":["-1","0","3"],"real":["5172468919249616863341937568092147056766342706421011827953660393523147335970039782107407052193749008383","5172468919249616863341937568092147056766342706421011827953660393523147335970039782107407052194822750209","-342"],"imag":["0","0","0"]}
{"type":"angle","q":6,"p":7,"scale":1,"op":"cot","phase":0,"ok":1,"poly":["-3","0","1"],"real":["158212193200139176340255174621777356217301037233","158212193200139176340255174621777356219129827151","-156"],"imag":["0","0","0"]}
{"type":"angle","q":6,"p":7,"scale":1,"op":"cot","phase":1,"ok":1,"poly":["-3","0","1"],"real":["7758703378874425295012906352138220585149514059631517741930490590284721003955059673161110578290891948031","7758703378874425295012906352138220585149514059631517741930490590284721003955059673161110578291965689857","-341"],"imag":["0","0","0"]}
{"type":"angle","q":6,"p":7,"scale":1,"op":"sec","phase":0,"ok":1,"poly":["-4","0","3"],"real":["-52737397733379725446751724873925785406453816567","-52737397733379725446751724873925785405868761865","-155"],"imag":["0","0","0"]}
{"type":"angle","q":6,"p":7,"scale":1,"op":"sec","phase":1,"ok":1,"poly":["-4","0","3"],"real":["-5172468919249616863341937568092147056766342706421011827953660393523147335970039782107407052194822750209","-5172468919249616863341937568092147056766342706421011827953660393523147335970039782107407052193749008383","-341"],"imag":["0","0","0"]}
{"type":"angle","q":6,"p":7,"scale":1,"op":"csc","phase":0,"ok":1,"poly":["2","1"],"real":["-1","-1","1"],"imag":["0","0","0"]}
{"type":"angle","q":6,"p":7,"scale":1,"op":"csc","phase":1,"ok":1,"poly":["2","1"],"real":["-1","-1","1"],"imag":["0","0","0"]}
{"type":"angle","q":6,"p":7,"scale":3,"op":"root","phase":0,"ok":1,"poly":["1","-1","1"],"real":["2923003274661805836407369665432566039311154463297","2923003274661805836407369665432566039312575708607","-162"],"imag":["9888262075008698521265948413861084763581315187","9888262075008698521265948413861084763695613837","-153"],"recognized":1,"nullRecognized":1,"rp":1,"rq":6}
{"type":"angle","q":6,"p":7,"scale":3,"op":"root","phase":1,"ok":1,"poly":["1","-1","1"],"real":["115172193140305827399949785796761135587064246228529065807379342658863042065190089480167441564259605943037975312218134915154131611020654072038617988630148194588045013","115172193140305827399949785796761135587064246228529065807379342658863042065190089480167441564259605943037975312218134915154131611020654072038617988630148194794852651","-546"],"imag":["7758703378874425295012906352138220585149514059631517741930490590284721003955059673161110578290891948031","7758703378874425295012906352138220585149514059631517741930490590284721003955059673161110578291965689857","-342"],"recognized":1,"nullRecognized":1,"rp":1,"rq":6}
{"type":"angle","q":6,"p":7,"scale":3,"op":"exp","phase":0,"ok":1,"poly":["1","0","-1","0","1"],"real":["-210300076476156892817421832906076868413144174248499808223378102408488511827176361837","-210300076476156892817421832906076868413144174248499808223378102408488511826958880915","-277"],"imag":["-485667223056432267729865476705879726660601709763034880312953102434726071301734082621","-485667223056432267729865476705879726660601709763034880312953102434726071300864378819","-279"],"recognized":1,"nullRecognized":1,"rp":7,"rq":12}
{"type":"angle","q":6,"p":7,"scale":3,"op":"exp","phase":1,"ok":1,"poly":["1","0","-1","0","1"],"real":["-7758703378874425295012906352138220585149514059631517741930490590284721003955059673161110578291965689857","-7758703378874425295012906352138220585149514059631517741930490590284721003955059673161110578290891948031","-342"],"imag":["-4479489484355608421114884561136888556243290994469299069799978201927583742360321890761754986543751102465","-4479489484355608421114884561136888556243290994469299069799978201927583742360321890761754986542677360639","-342"],"recognized":1,"nullRecognized":1,"rp":7,"rq":12}
{"type":"angle","q":6,"p":7,"scale":3,"op":"sin","phase":0,"ok":1,"poly":["1","2"],"real":["-1","-1","-1"],"imag":["0","0","0"]}
{"type":"angle","q":6,"p":7,"scale":3,"op":"sin","phase":1,"ok":1,"poly":["1","2"],"real":["-1","-1","-1"],"imag":["0","0","0"]}
{"type":"angle","q":6,"p":7,"scale":3,"op":"cos","phase":0,"ok":1,"poly":["-3","0","4"],"real":["-158212193200139176340255174621777356219129827151","-158212193200139176340255174621777356217301037233","-157"],"imag":["0","0","0"]}
{"type":"angle","q":6,"p":7,"scale":3,"op":"cos","phase":1,"ok":1,"poly":["-3","0","4"],"real":["-7758703378874425295012906352138220585149514059631517741930490590284721003955059673161110578291965689857","-7758703378874425295012906352138220585149514059631517741930490590284721003955059673161110578290891948031","-342"],"imag":["0","0","0"]}
{"type":"angle","q":6,"p":7,"scale":3,"op":"tan","phase":0,"ok":1,"poly":["-1","0","3"],"real":["52737397733379725446751724873925785405868761865","52737397733379725446751724873925785406453816567","-156"],"imag":["0","0","0"]}
{"type":"angle","q":6,"p":7,"scale":3,"op":"tan","phase":1,"ok":1,"poly":["-1","0","3"],"real":["5172468919249616863341937568092147056766342706421011827953660393523147335970039782107407052193749008383","5172468919249616863341937568092147056766342706421011827953660393523147335970039782107407052194822750209","-342"],"imag":["0","0","0"]}
{"type":"angle","q":6,"p":7,"scale":3,"op":"cot","phase":0,"ok":1,"poly":["-3","0","1"],"real":["158212193200139176340255174621777356217301037233","158212193200139176340255174621777356219129827151","-156"],"imag":["0","0","0"]}
{"type":"angle","q":6,"p":7,"scale":3,"op":"cot","phase":1,"ok":1,"poly":["-3","0","1"],"real":["7758703378874425295012906352138220585149514059631517741930490590284721003955059673161110578290891948031","7758703378874425295012906352138220585149514059631517741930490590284721003955059673161110578291965689857","-341"],"imag":["0","0","0"]}
{"type":"angle","q":6,"p":7,"scale":3,"op":"sec","phase":0,"ok":1,"poly":["-4","0","3"],"real":["-52737397733379725446751724873925785406453816567","-52737397733379725446751724873925785405868761865","-155"],"imag":["0","0","0"]}
{"type":"angle","q":6,"p":7,"scale":3,"op":"sec","phase":1,"ok":1,"poly":["-4","0","3"],"real":["-5172468919249616863341937568092147056766342706421011827953660393523147335970039782107407052194822750209","-5172468919249616863341937568092147056766342706421011827953660393523147335970039782107407052193749008383","-341"],"imag":["0","0","0"]}
{"type":"angle","q":6,"p":7,"scale":3,"op":"csc","phase":0,"ok":1,"poly":["2","1"],"real":["-1","-1","1"],"imag":["0","0","0"]}
{"type":"angle","q":6,"p":7,"scale":3,"op":"csc","phase":1,"ok":1,"poly":["2","1"],"real":["-1","-1","1"],"imag":["0","0","0"]}
{"type":"angle","q":6,"p":8,"scale":1,"op":"root","phase":0,"ok":1,"poly":["1","1","1"],"real":["-2923003274661805836407369665432566039312575708607","-2923003274661805836407369665432566039311154463297","-162"],"imag":["9888262075008698521265948413861084763581315187","9888262075008698521265948413861084763695613837","-153"],"recognized":1,"nullRecognized":1,"rp":1,"rq":3}
{"type":"angle","q":6,"p":8,"scale":1,"op":"root","phase":1,"ok":1,"poly":["1","1","1"],"real":["-115172193140305827399949785796761135587064246228529065807379342658863042065190089480167441564259605943037975312218134915154131611020654072038617988630148194794852651","-115172193140305827399949785796761135587064246228529065807379342658863042065190089480167441564259605943037975312218134915154131611020654072038617988630148194588045013","-546"],"imag":["7758703378874425295012906352138220585149514059631517741930490590284721003955059673161110578290891948031","7758703378874425295012906352138220585149514059631517741930490590284721003955059673161110578291965689857","-342"],"recognized":1,"nullRecognized":1,"rp":1,"rq":3}
{"type":"angle","q":6,"p":8,"scale":1,"op":"exp","phase":0,"ok":1,"poly":["1","1","1"],"real":["-2923003274661805836407369665432566039312575708607","-2923003274661805836407369665432566039311154463297","-162"],"imag":["-9888262075008698521265948413861084763695613837","-9888262075008698521265948413861084763581315187","-153"],"recognized":1,"nullRecognized":1,"rp":2,"rq":3}
{"type":"angle","q":6,"p":8,"scale":1,"op":"exp","phase":1,"ok":1,"poly":["1","1","1"],"real":["-115172193140305827399949785796761135587064246228529065807379342658863042065190089480167441564259605943037975312218134915154131611020654072038617988630148194794852651","-115172193140305827399949785796761135587064246228529065807379342658863042065190089480167441564259605943037975312218134915154131611020654072038617988630148194588045013","-546"],"imag":["-7758703378874425295012906352138220585149514059631517741930490590284721003955059673161110578291965689857","-7758703378874425295012906352138220585149514059631517741930490590284721003955059673161110578290891948031","-342"],"recognized":1,"nullRecognized":1,"rp":2,"rq":3}
{"type":"angle","q":6,"p":8,"scale":1,"op":"sin","phase":0,"ok":1,"poly":["-3","0","4"],"real":["-158212193200139176340255174621777356219129827151","-158212193200139176340255174621777356217301037233","-157"],"imag":["0","0","0"]}
{"type":"angle","q":6,"p":8,"scale":1,"op":"sin","phase":1,"ok":1,"poly":["-3","0","4"],"real":["-7758703378874425295012906352138220585149514059631517741930490590284721003955059673161110578291965689857","-7758703378874425295012906352138220585149514059631517741930490590284721003955059673161110578290891948031","-342"],"imag":["0","0","0"]}
{"type":"angle","q":6,"p":8,"scale":1,"op":"cos","phase":0,"ok":1,"poly":["1","2"],"real":["-1","-1","-1"],"imag":["0","0","0"]}
{"type":"angle","q":6,"p":8,"scale":1,"op":"cos","phase":1,"ok":1,"poly":["1","2"],"real":["-1","-1","-1"],"imag":["0","0","0"]}
{"type":"angle","q":6,"p":8,"scale":1,"op":"tan","phase":0,"ok":1,"poly":["-3","0","1"],"real":["294693174213430241384087455685767077315","294693174213430241384087455685767077317","-127"],"imag":["0","0","0"]}
{"type":"angle","q":6,"p":8,"scale":1,"op":"tan","phase":1,"ok":1,"poly":["-3","0","1"],"real":["7758703378874425295012906352138220585149514059631517741930490590284721003955059673161110578290891948031","7758703378874425295012906352138220585149514059631517741930490590284721003955059673161110578291965689857","-341"],"imag":["0","0","0"]}
{"type":"angle","q":6,"p":8,"scale":1,"op":"cot","phase":0,"ok":1,"poly":["-1","0","3"],"real":["52737397733379725446751724873925785405868761865","52737397733379725446751724873925785406453816567","-156"],"imag":["0","0","0"]}
{"type":"angle","q":6,"p":8,"scale":1,"op":"cot","phase":1,"ok":1,"poly":["-1","0","3"],"real":["5172468919249616863341937568092147056766342706421011827953660393523147335970039782107407052193749008383","5172468919249616863341937568092147056766342706421011827953660393523147335970039782107407052194822750209","-342"],"imag":["0","0","0"]}
{"type":"angle","q":6,"p":8,"scale":1,"op":"sec","phase":0,"ok":1,"poly":["2","1"],"real":["-1","-1","1"],"imag":["0","0","0"]}
{"type":"angle","q":6,"p":8,"scale":1,"op":"sec","phase":1,"ok":1,"poly":["2","1"],"real":["-1","-1","1"],"imag":["0","0","0"]}
{"type":"angle","q":6,"p":8,"scale":1,"op":"csc","phase":0,"ok":1,"poly":["-4","0","3"],"real":["-52737397733379725446751724873925785406453816567","-52737397733379725446751724873925785405868761865","-155"],"imag":["0","0","0"]}
{"type":"angle","q":6,"p":8,"scale":1,"op":"csc","phase":1,"ok":1,"poly":["-4","0","3"],"real":["-5172468919249616863341937568092147056766342706421011827953660393523147335970039782107407052194822750209","-5172468919249616863341937568092147056766342706421011827953660393523147335970039782107407052193749008383","-341"],"imag":["0","0","0"]}
{"type":"angle","q":6,"p":8,"scale":3,"op":"root","phase":0,"ok":1,"poly":["1","1","1"],"real":["-2923003274661805836407369665432566039312575708607","-2923003274661805836407369665432566039311154463297","-162"],"imag":["9888262075008698521265948413861084763581315187","9888262075008698521265948413861084763695613837","-153"],"recognized":1,"nullRecognized":1,"rp":1,"rq":3}
{"type":"angle","q":6,"p":8,"scale":3,"op":"root","phase":1,"ok":1,"poly":["1","1","1"],"real":["-115172193140305827399949785796761135587064246228529065807379342658863042065190089480167441564259605943037975312218134915154131611020654072038617988630148194794852651","-115172193140305827399949785796761135587064246228529065807379342658863042065190089480167441564259605943037975312218134915154131611020654072038617988630148194588045013","-546"],"imag":["7758703378874425295012906352138220585149514059631517741930490590284721003955059673161110578290891948031","7758703378874425295012906352138220585149514059631517741930490590284721003955059673161110578291965689857","-342"],"recognized":1,"nullRecognized":1,"rp":1,"rq":3}
{"type":"angle","q":6,"p":8,"scale":3,"op":"exp","phase":0,"ok":1,"poly":["1","1","1"],"real":["-2923003274661805836407369665432566039312575708607","-2923003274661805836407369665432566039311154463297","-162"],"imag":["-9888262075008698521265948413861084763695613837","-9888262075008698521265948413861084763581315187","-153"],"recognized":1,"nullRecognized":1,"rp":2,"rq":3}
{"type":"angle","q":6,"p":8,"scale":3,"op":"exp","phase":1,"ok":1,"poly":["1","1","1"],"real":["-115172193140305827399949785796761135587064246228529065807379342658863042065190089480167441564259605943037975312218134915154131611020654072038617988630148194794852651","-115172193140305827399949785796761135587064246228529065807379342658863042065190089480167441564259605943037975312218134915154131611020654072038617988630148194588045013","-546"],"imag":["-7758703378874425295012906352138220585149514059631517741930490590284721003955059673161110578291965689857","-7758703378874425295012906352138220585149514059631517741930490590284721003955059673161110578290891948031","-342"],"recognized":1,"nullRecognized":1,"rp":2,"rq":3}
{"type":"angle","q":6,"p":8,"scale":3,"op":"sin","phase":0,"ok":1,"poly":["-3","0","4"],"real":["-158212193200139176340255174621777356219129827151","-158212193200139176340255174621777356217301037233","-157"],"imag":["0","0","0"]}
{"type":"angle","q":6,"p":8,"scale":3,"op":"sin","phase":1,"ok":1,"poly":["-3","0","4"],"real":["-7758703378874425295012906352138220585149514059631517741930490590284721003955059673161110578291965689857","-7758703378874425295012906352138220585149514059631517741930490590284721003955059673161110578290891948031","-342"],"imag":["0","0","0"]}
{"type":"angle","q":6,"p":8,"scale":3,"op":"cos","phase":0,"ok":1,"poly":["1","2"],"real":["-1","-1","-1"],"imag":["0","0","0"]}
{"type":"angle","q":6,"p":8,"scale":3,"op":"cos","phase":1,"ok":1,"poly":["1","2"],"real":["-1","-1","-1"],"imag":["0","0","0"]}
{"type":"angle","q":6,"p":8,"scale":3,"op":"tan","phase":0,"ok":1,"poly":["-3","0","1"],"real":["294693174213430241384087455685767077315","294693174213430241384087455685767077317","-127"],"imag":["0","0","0"]}
{"type":"angle","q":6,"p":8,"scale":3,"op":"tan","phase":1,"ok":1,"poly":["-3","0","1"],"real":["7758703378874425295012906352138220585149514059631517741930490590284721003955059673161110578290891948031","7758703378874425295012906352138220585149514059631517741930490590284721003955059673161110578291965689857","-341"],"imag":["0","0","0"]}
{"type":"angle","q":6,"p":8,"scale":3,"op":"cot","phase":0,"ok":1,"poly":["-1","0","3"],"real":["52737397733379725446751724873925785405868761865","52737397733379725446751724873925785406453816567","-156"],"imag":["0","0","0"]}
{"type":"angle","q":6,"p":8,"scale":3,"op":"cot","phase":1,"ok":1,"poly":["-1","0","3"],"real":["5172468919249616863341937568092147056766342706421011827953660393523147335970039782107407052193749008383","5172468919249616863341937568092147056766342706421011827953660393523147335970039782107407052194822750209","-342"],"imag":["0","0","0"]}
{"type":"angle","q":6,"p":8,"scale":3,"op":"sec","phase":0,"ok":1,"poly":["2","1"],"real":["-1","-1","1"],"imag":["0","0","0"]}
{"type":"angle","q":6,"p":8,"scale":3,"op":"sec","phase":1,"ok":1,"poly":["2","1"],"real":["-1","-1","1"],"imag":["0","0","0"]}
{"type":"angle","q":6,"p":8,"scale":3,"op":"csc","phase":0,"ok":1,"poly":["-4","0","3"],"real":["-52737397733379725446751724873925785406453816567","-52737397733379725446751724873925785405868761865","-155"],"imag":["0","0","0"]}
{"type":"angle","q":6,"p":8,"scale":3,"op":"csc","phase":1,"ok":1,"poly":["-4","0","3"],"real":["-5172468919249616863341937568092147056766342706421011827953660393523147335970039782107407052194822750209","-5172468919249616863341937568092147056766342706421011827953660393523147335970039782107407052193749008383","-341"],"imag":["0","0","0"]}
{"type":"angle","q":6,"p":9,"scale":1,"op":"root","phase":0,"ok":1,"poly":["1","1"],"real":["-1","-1","0"],"imag":["0","0","0"],"recognized":1,"nullRecognized":1,"rp":1,"rq":2}
{"type":"angle","q":6,"p":9,"scale":1,"op":"root","phase":1,"ok":1,"poly":["1","1"],"real":["-1","-1","0"],"imag":["0","0","0"],"recognized":1,"nullRecognized":1,"rp":1,"rq":2}
{"type":"angle","q":6,"p":9,"scale":1,"op":"exp","phase":0,"ok":1,"poly":["1","0","1"],"real":["0","0","0"],"imag":["-1","-1","0"],"recognized":1,"nullRecognized":1,"rp":3,"rq":4}
{"type":"angle","q":6,"p":9,"scale":1,"op":"exp","phase":1,"ok":1,"poly":["1","0","1"],"real":["0","0","0"],"imag":["-1","-1","0"],"recognized":1,"nullRecognized":1,"rp":3,"rq":4}
{"type":"angle","q":6,"p":9,"scale":1,"op":"sin","phase":0,"ok":1,"poly":["1","1"],"real":["-1","-1","0"],"imag":["0","0","0"]}
{"type":"angle","q":6,"p":9,"scale":1,"op":"sin","phase":1,"ok":1,"poly":["1","1"],"real":["-1","-1","0"],"imag":["0","0","0"]}
{"type":"angle","q":6,"p":9,"scale":1,"op":"cos","phase":0,"ok":1,"poly":["0","1"],"real":["0","0","0"],"imag":["0","0","0"]}
{"type":"angle","q":6,"p":9,"scale":1,"op":"cos","phase":1,"ok":1,"poly":["0","1"],"real":["0","0","0"],"imag":["0","0","0"]}
{"type":"angle","q":6,"p":9,"scale":1,"op":"tan","phase":0,"ok":0}
{"type":"angle","q":6,"p":9,"scale":1,"op":"tan","phase":1,"ok":0}
{"type":"angle","q":6,"p":9,"scale":1,"op":"cot","phase":0,"ok":1,"poly":["0","1"],"real":["0","0","0"],"imag":["0","0","0"]}
{"type":"angle","q":6,"p":9,"scale":1,"op":"cot","phase":1,"ok":1,"poly":["0","1"],"real":["0","0","0"],"imag":["0","0","0"]}
{"type":"angle","q":6,"p":9,"scale":1,"op":"sec","phase":0,"ok":0}
{"type":"angle","q":6,"p":9,"scale":1,"op":"sec","phase":1,"ok":0}
{"type":"angle","q":6,"p":9,"scale":1,"op":"csc","phase":0,"ok":1,"poly":["1","1"],"real":["-1","-1","0"],"imag":["0","0","0"]}
{"type":"angle","q":6,"p":9,"scale":1,"op":"csc","phase":1,"ok":1,"poly":["1","1"],"real":["-1","-1","0"],"imag":["0","0","0"]}
{"type":"angle","q":6,"p":9,"scale":3,"op":"root","phase":0,"ok":1,"poly":["1","1"],"real":["-1","-1","0"],"imag":["0","0","0"],"recognized":1,"nullRecognized":1,"rp":1,"rq":2}
{"type":"angle","q":6,"p":9,"scale":3,"op":"root","phase":1,"ok":1,"poly":["1","1"],"real":["-1","-1","0"],"imag":["0","0","0"],"recognized":1,"nullRecognized":1,"rp":1,"rq":2}
{"type":"angle","q":6,"p":9,"scale":3,"op":"exp","phase":0,"ok":1,"poly":["1","0","1"],"real":["0","0","0"],"imag":["-1","-1","0"],"recognized":1,"nullRecognized":1,"rp":3,"rq":4}
{"type":"angle","q":6,"p":9,"scale":3,"op":"exp","phase":1,"ok":1,"poly":["1","0","1"],"real":["0","0","0"],"imag":["-1","-1","0"],"recognized":1,"nullRecognized":1,"rp":3,"rq":4}
{"type":"angle","q":6,"p":9,"scale":3,"op":"sin","phase":0,"ok":1,"poly":["1","1"],"real":["-1","-1","0"],"imag":["0","0","0"]}
{"type":"angle","q":6,"p":9,"scale":3,"op":"sin","phase":1,"ok":1,"poly":["1","1"],"real":["-1","-1","0"],"imag":["0","0","0"]}
{"type":"angle","q":6,"p":9,"scale":3,"op":"cos","phase":0,"ok":1,"poly":["0","1"],"real":["0","0","0"],"imag":["0","0","0"]}
{"type":"angle","q":6,"p":9,"scale":3,"op":"cos","phase":1,"ok":1,"poly":["0","1"],"real":["0","0","0"],"imag":["0","0","0"]}
{"type":"angle","q":6,"p":9,"scale":3,"op":"tan","phase":0,"ok":0}
{"type":"angle","q":6,"p":9,"scale":3,"op":"tan","phase":1,"ok":0}
{"type":"angle","q":6,"p":9,"scale":3,"op":"cot","phase":0,"ok":1,"poly":["0","1"],"real":["0","0","0"],"imag":["0","0","0"]}
{"type":"angle","q":6,"p":9,"scale":3,"op":"cot","phase":1,"ok":1,"poly":["0","1"],"real":["0","0","0"],"imag":["0","0","0"]}
{"type":"angle","q":6,"p":9,"scale":3,"op":"sec","phase":0,"ok":0}
{"type":"angle","q":6,"p":9,"scale":3,"op":"sec","phase":1,"ok":0}
{"type":"angle","q":6,"p":9,"scale":3,"op":"csc","phase":0,"ok":1,"poly":["1","1"],"real":["-1","-1","0"],"imag":["0","0","0"]}
{"type":"angle","q":6,"p":9,"scale":3,"op":"csc","phase":1,"ok":1,"poly":["1","1"],"real":["-1","-1","0"],"imag":["0","0","0"]}
{"type":"angle","q":6,"p":10,"scale":1,"op":"root","phase":0,"ok":1,"poly":["1","1","1"],"real":["-2923003274661805836407369665432566039312575708607","-2923003274661805836407369665432566039311154463297","-162"],"imag":["-9888262075008698521265948413861084763695613837","-9888262075008698521265948413861084763581315187","-153"],"recognized":1,"nullRecognized":1,"rp":2,"rq":3}
{"type":"angle","q":6,"p":10,"scale":1,"op":"root","phase":1,"ok":1,"poly":["1","1","1"],"real":["-115172193140305827399949785796761135587064246228529065807379342658863042065190089480167441564259605943037975312218134915154131611020654072038617988630148194794852651","-115172193140305827399949785796761135587064246228529065807379342658863042065190089480167441564259605943037975312218134915154131611020654072038617988630148194588045013","-546"],"imag":["-7758703378874425295012906352138220585149514059631517741930490590284721003955059673161110578291965689857","-7758703378874425295012906352138220585149514059631517741930490590284721003955059673161110578290891948031","-342"],"recognized":1,"nullRecognized":1,"rp":2,"rq":3}
{"type":"angle","q":6,"p":10,"scale":1,"op":"exp","phase":0,"ok":1,"poly":["1","-1","1"],"real":["2923003274661805836407369665432566039311154463297","2923003274661805836407369665432566039312575708607","-162"],"imag":["-9888262075008698521265948413861084763695613837","-9888262075008698521265948413861084763581315187","-153"],"recognized":1,"nullRecognized":1,"rp":5,"rq":6}
{"type":"angle","q":6,"p":10,"scale":1,"op":"exp","phase":1,"ok":1,"poly":["1","-1","1"],"real":["115172193140305827399949785796761135587064246228529065807379342658863042065190089480167441564259605943037975312218134915154131611020654072038617988630148194588045013","115172193140305827399949785796761135587064246228529065807379342658863042065190089480167441564259605943037975312218134915154131611020654072038617988630148194794852651","-546"],"imag":["-7758703378874425295012906352138220585149514059631517741930490590284721003955059673161110578291965689857","-7758703378874425295012906352138220585149514059631517741930490590284721003955059673161110578290891948031","-342"],"recognized":1,"nullRecognized":1,"rp":5,"rq":6}
{"type":"angle","q":6,"p":10,"scale":1,"op":"sin","phase":0,"ok":1,"poly":["-3","0","4"],"real":["-158212193200139176340255174621777356219129827151","-158212193200139176340255174621777356217301037233","-157"],"imag":["0","0","0"]}
{"type":"angle","q":6,"p":10,"scale":1,"op":"sin","phase":1,"ok":1,"poly":["-3","0","4"],"real":["-7758703378874425295012906352138220585149514059631517741930490590284721003955059673161110578291965689857","-7758703378874425295012906352138220585149514059631517741930490590284721003955059673161110578290891948031","-342"],"imag":["0","0","0"]}
{"type":"angle","q":6,"p":10,"scale":1,"op":"cos","phase":0,"ok":1,"poly":["-1","2"],"real":["1","1","-1"],"imag":["0","0","0"]}
{"type":"angle","q":6,"p":10,"scale":1,"op":"cos","phase":1,"ok":1,"poly":["-1","2"],"real":["1","1","-1"],"imag":["0","0","0"]}
{"type":"angle","q":6,"p":10,"scale":1,"op":"tan","phase":0,"ok":1,"poly":["-3","0","1"],"real":["-294693174213430241384087455685767077317","-294693174213430241384087455685767077315","-127"],"imag":["0","0","0"]}
{"type":"angle","q":6,"p":10,"scale":1,"op":"tan","phase":1,"ok":1,"poly":["-3","0","1"],"real":["-7758703378874425295012906352138220585149514059631517741930490590284721003955059673161110578291965689857","-7758703378874425295012906352138220585149514059631517741930490590284721003955059673161110578290891948031","-341"],"imag":["0","0","0"]}
{"type":"angle","q":6,"p":10,"scale":1,"op":"cot","phase":0,"ok":1,"poly":["-1","0","3"],"real":["-52737397733379725446751724873925785406453816567","-52737397733379725446751724873925785405868761865","-156"],"imag":["0","0","0"]}
{"type":"angle","q":6,"p":10,"scale":1,"op":"cot","phase":1,"ok":1,"poly":["-1","0","3"],"real":["-5172468919249616863341937568092147056766342706421011827953660393523147335970039782107407052194822750209","-5172468919249616863341937568092147056766342706421011827953660393523147335970039782107407052193749008383","-342"],"imag":["0","0","0"]}
{"type":"angle","q":6,"p":10,"scale":1,"op":"sec","phase":0,"ok":1,"poly":["-2","1"],"real":["1","1","1"],"imag":["0","0","0"]}
{"type":"angle","q":6,"p":10,"scale":1,"op":"sec","phase":1,"ok":1,"poly":["-2","1"],"real":["1","1","1"],"imag":["0","0","0"]}
{"type":"angle","q":6,"p":10,"scale":1,"op":"csc","phase":0,"ok":1,"poly":["-4","0","3"],"real":["-52737397733379725446751724873925785406453816567","-52737397733379725446751724873925785405868761865","-155"],"imag":["0","0","0"]}
{"type":"angle","q":6,"p":10,"scale":1,"op":"csc","phase":1,"ok":1,"poly":["-4","0","3"],"real":["-5172468919249616863341937568092147056766342706421011827953660393523147335970039782107407052194822750209","-5172468919249616863341937568092147056766342706421011827953660393523147335970039782107407052193749008383","-341"],"imag":["0","0","0"]}
{"type":"angle","q":6,"p":10,"scale":3,"op":"root","phase":0,"ok":1,"poly":["1","1","1"],"real":["-2923003274661805836407369665432566039312575708607","-2923003274661805836407369665432566039311154463297","-162"],"imag":["-9888262075008698521265948413861084763695613837","-9888262075008698521265948413861084763581315187","-153"],"recognized":1,"nullRecognized":1,"rp":2,"rq":3}
{"type":"angle","q":6,"p":10,"scale":3,"op":"root","phase":1,"ok":1,"poly":["1","1","1"],"real":["-115172193140305827399949785796761135587064246228529065807379342658863042065190089480167441564259605943037975312218134915154131611020654072038617988630148194794852651","-115172193140305827399949785796761135587064246228529065807379342658863042065190089480167441564259605943037975312218134915154131611020654072038617988630148194588045013","-546"],"imag":["-7758703378874425295012906352138220585149514059631517741930490590284721003955059673161110578291965689857","-7758703378874425295012906352138220585149514059631517741930490590284721003955059673161110578290891948031","-342"],"recognized":1,"nullRecognized":1,"rp":2,"rq":3}
{"type":"angle","q":6,"p":10,"scale":3,"op":"exp","phase":0,"ok":1,"poly":["1","-1","1"],"real":["2923003274661805836407369665432566039311154463297","2923003274661805836407369665432566039312575708607","-162"],"imag":["-9888262075008698521265948413861084763695613837","-9888262075008698521265948413861084763581315187","-153"],"recognized":1,"nullRecognized":1,"rp":5,"rq":6}
{"type":"angle","q":6,"p":10,"scale":3,"op":"exp","phase":1,"ok":1,"poly":["1","-1","1"],"real":["115172193140305827399949785796761135587064246228529065807379342658863042065190089480167441564259605943037975312218134915154131611020654072038617988630148194588045013","115172193140305827399949785796761135587064246228529065807379342658863042065190089480167441564259605943037975312218134915154131611020654072038617988630148194794852651","-546"],"imag":["-7758703378874425295012906352138220585149514059631517741930490590284721003955059673161110578291965689857","-7758703378874425295012906352138220585149514059631517741930490590284721003955059673161110578290891948031","-342"],"recognized":1,"nullRecognized":1,"rp":5,"rq":6}
{"type":"angle","q":6,"p":10,"scale":3,"op":"sin","phase":0,"ok":1,"poly":["-3","0","4"],"real":["-158212193200139176340255174621777356219129827151","-158212193200139176340255174621777356217301037233","-157"],"imag":["0","0","0"]}
{"type":"angle","q":6,"p":10,"scale":3,"op":"sin","phase":1,"ok":1,"poly":["-3","0","4"],"real":["-7758703378874425295012906352138220585149514059631517741930490590284721003955059673161110578291965689857","-7758703378874425295012906352138220585149514059631517741930490590284721003955059673161110578290891948031","-342"],"imag":["0","0","0"]}
{"type":"angle","q":6,"p":10,"scale":3,"op":"cos","phase":0,"ok":1,"poly":["-1","2"],"real":["1","1","-1"],"imag":["0","0","0"]}
{"type":"angle","q":6,"p":10,"scale":3,"op":"cos","phase":1,"ok":1,"poly":["-1","2"],"real":["1","1","-1"],"imag":["0","0","0"]}
{"type":"angle","q":6,"p":10,"scale":3,"op":"tan","phase":0,"ok":1,"poly":["-3","0","1"],"real":["-294693174213430241384087455685767077317","-294693174213430241384087455685767077315","-127"],"imag":["0","0","0"]}
{"type":"angle","q":6,"p":10,"scale":3,"op":"tan","phase":1,"ok":1,"poly":["-3","0","1"],"real":["-7758703378874425295012906352138220585149514059631517741930490590284721003955059673161110578291965689857","-7758703378874425295012906352138220585149514059631517741930490590284721003955059673161110578290891948031","-341"],"imag":["0","0","0"]}
{"type":"angle","q":6,"p":10,"scale":3,"op":"cot","phase":0,"ok":1,"poly":["-1","0","3"],"real":["-52737397733379725446751724873925785406453816567","-52737397733379725446751724873925785405868761865","-156"],"imag":["0","0","0"]}
{"type":"angle","q":6,"p":10,"scale":3,"op":"cot","phase":1,"ok":1,"poly":["-1","0","3"],"real":["-5172468919249616863341937568092147056766342706421011827953660393523147335970039782107407052194822750209","-5172468919249616863341937568092147056766342706421011827953660393523147335970039782107407052193749008383","-342"],"imag":["0","0","0"]}
{"type":"angle","q":6,"p":10,"scale":3,"op":"sec","phase":0,"ok":1,"poly":["-2","1"],"real":["1","1","1"],"imag":["0","0","0"]}
{"type":"angle","q":6,"p":10,"scale":3,"op":"sec","phase":1,"ok":1,"poly":["-2","1"],"real":["1","1","1"],"imag":["0","0","0"]}
{"type":"angle","q":6,"p":10,"scale":3,"op":"csc","phase":0,"ok":1,"poly":["-4","0","3"],"real":["-52737397733379725446751724873925785406453816567","-52737397733379725446751724873925785405868761865","-155"],"imag":["0","0","0"]}
{"type":"angle","q":6,"p":10,"scale":3,"op":"csc","phase":1,"ok":1,"poly":["-4","0","3"],"real":["-5172468919249616863341937568092147056766342706421011827953660393523147335970039782107407052194822750209","-5172468919249616863341937568092147056766342706421011827953660393523147335970039782107407052193749008383","-341"],"imag":["0","0","0"]}
{"type":"angle","q":6,"p":11,"scale":1,"op":"root","phase":0,"ok":1,"poly":["1","-1","1"],"real":["2923003274661805836407369665432566039311154463297","2923003274661805836407369665432566039312575708607","-162"],"imag":["-9888262075008698521265948413861084763695613837","-9888262075008698521265948413861084763581315187","-153"],"recognized":1,"nullRecognized":1,"rp":5,"rq":6}
{"type":"angle","q":6,"p":11,"scale":1,"op":"root","phase":1,"ok":1,"poly":["1","-1","1"],"real":["115172193140305827399949785796761135587064246228529065807379342658863042065190089480167441564259605943037975312218134915154131611020654072038617988630148194588045013","115172193140305827399949785796761135587064246228529065807379342658863042065190089480167441564259605943037975312218134915154131611020654072038617988630148194794852651","-546"],"imag":["-7758703378874425295012906352138220585149514059631517741930490590284721003955059673161110578291965689857","-7758703378874425295012906352138220585149514059631517741930490590284721003955059673161110578290891948031","-342"],"recognized":1,"nullRecognized":1,"rp":5,"rq":6}
{"type":"angle","q":6,"p":11,"scale":1,"op":"exp","phase":0,"ok":1,"poly":["1","0","-1","0","1"],"real":["210300076476156892817421832906076868413144174248499808223378102408488511826958880915","210300076476156892817421832906076868413144174248499808223378102408488511827176361837","-277"],"imag":["-485667223056432267729865476705879726660601709763034880312953102434726071301734082621","-485667223056432267729865476705879726660601709763034880312953102434726071300864378819","-279"],"recognized":1,"nullRecognized":1,"rp":11,"rq":12}
{"type":"angle","q":6,"p":11,"scale":1,"op":"exp","phase":1,"ok":1,"poly":["1","0","-1","0","1"],"real":["7758703378874425295012906352138220585149514059631517741930490590284721003955059673161110578290891948031","7758703378874425295012906352138220585149514059631517741930490590284721003955059673161110578291965689857","-342"],"imag":["-4479489484355608421114884561136888556243290994469299069799978201927583742360321890761754986543751102465","-4479489484355608421114884561136888556243290994469299069799978201927583742360321890761754986542677360639","-342"],"recognized":1,"nullRecognized":1,"rp":11,"rq":12}
{"type":"angle","q":6,"p":11,"scale":1,"op":"sin","phase":0,"ok":1,"poly":["1","2"],"real":["-1","-1","-1"],"imag":["0","0","0"]}
{"type":"angle","q":6,"p":11,"scale":1,"op":"sin","phase":1,"ok":1,"poly":["1","2"],"real":["-1","-1","-1"],"imag":["0","0","0"]}
{"type":"angle","q":6,"p":11,"scale":1,"op":"cos","phase":0,"ok":1,"poly":["-3","0","4"],"real":["158212193200139176340255174621777356217301037233","158212193200139176340255174621777356219129827151","-157"],"imag":["0","0","0"]}
{"type":"angle","q":6,"p":11,"scale":1,"op":"cos","phase":1,"ok":1,"poly":["-3","0","4"],"real":["7758703378874425295012906352138220585149514059631517741930490590284721003955059673161110578290891948031","7758703378874425295012906352138220585149514059631517741930490590284721003955059673161110578291965689857","-342"],"imag":["0","0","0"]}
{"type":"angle","q":6,"p":11,"scale":1,"op":"tan","phase":0,"ok":1,"poly":["-1","0","3"],"real":["-52737397733379725446751724873925785406453816567","-52737397733379725446751724873925785405868761865","-156"],"imag":["0","0","0"]}
{"type":"angle","q":6,"p":11,"scale":1,"op":"tan","phase":1,"ok":1,"poly":["-1","0","3"],"real":["-5172468919249616863341937568092147056766342706421011827953660393523147335970039782107407052194822750209","-5172468919249616863341937568092147056766342706421011827953660393523147335970039782107407052193749008383","-342"],"imag":["0","0","0"]}
{"type":"angle","q":6,"p":11,"scale":1,"op":"cot","phase":0,"ok":1,"poly":["-3","0","1"],"real":["-158212193200139176340255174621777356219129827151","-158212193200139176340255174621777356217301037233","-156"],"imag":["0","0","0"]}
{"type":"angle","q":6,"p":11,"scale":1,"op":"cot","phase":1,"ok":1,"poly":["-3","0","1"],"real":["-7758703378874425295012906352138220585149514059631517741930490590284721003955059673161110578291965689857","-7758703378874425295012906352138220585149514059631517741930490590284721003955059673161110578290891948031","-341"],"imag":["0","0","0"]}
{"type":"angle","q":6,"p":11,"scale":1,"op":"sec","phase":0,"ok":1,"poly":["-4","0","3"],"real":["52737397733379725446751724873925785405868761865","52737397733379725446751724873925785406453816567","-155"],"imag":["0","0","0"]}
{"type":"angle","q":6,"p":11,"scale":1,"op":"sec","phase":1,"ok":1,"poly":["-4","0","3"],"real":["5172468919249616863341937568092147056766342706421011827953660393523147335970039782107407052193749008383","5172468919249616863341937568092147056766342706421011827953660393523147335970039782107407052194822750209","-341"],"imag":["0","0","0"]}
{"type":"angle","q":6,"p":11,"scale":1,"op":"csc","phase":0,"ok":1,"poly":["2","1"],"real":["-1","-1","1"],"imag":["0","0","0"]}
{"type":"angle","q":6,"p":11,"scale":1,"op":"csc","phase":1,"ok":1,"poly":["2","1"],"real":["-1","-1","1"],"imag":["0","0","0"]}
{"type":"angle","q":6,"p":11,"scale":3,"op":"root","phase":0,"ok":1,"poly":["1","-1","1"],"real":["2923003274661805836407369665432566039311154463297","2923003274661805836407369665432566039312575708607","-162"],"imag":["-9888262075008698521265948413861084763695613837","-9888262075008698521265948413861084763581315187","-153"],"recognized":1,"nullRecognized":1,"rp":5,"rq":6}
{"type":"angle","q":6,"p":11,"scale":3,"op":"root","phase":1,"ok":1,"poly":["1","-1","1"],"real":["115172193140305827399949785796761135587064246228529065807379342658863042065190089480167441564259605943037975312218134915154131611020654072038617988630148194588045013","115172193140305827399949785796761135587064246228529065807379342658863042065190089480167441564259605943037975312218134915154131611020654072038617988630148194794852651","-546"],"imag":["-7758703378874425295012906352138220585149514059631517741930490590284721003955059673161110578291965689857","-7758703378874425295012906352138220585149514059631517741930490590284721003955059673161110578290891948031","-342"],"recognized":1,"nullRecognized":1,"rp":5,"rq":6}
{"type":"angle","q":6,"p":11,"scale":3,"op":"exp","phase":0,"ok":1,"poly":["1","0","-1","0","1"],"real":["210300076476156892817421832906076868413144174248499808223378102408488511826958880915","210300076476156892817421832906076868413144174248499808223378102408488511827176361837","-277"],"imag":["-485667223056432267729865476705879726660601709763034880312953102434726071301734082621","-485667223056432267729865476705879726660601709763034880312953102434726071300864378819","-279"],"recognized":1,"nullRecognized":1,"rp":11,"rq":12}
{"type":"angle","q":6,"p":11,"scale":3,"op":"exp","phase":1,"ok":1,"poly":["1","0","-1","0","1"],"real":["7758703378874425295012906352138220585149514059631517741930490590284721003955059673161110578290891948031","7758703378874425295012906352138220585149514059631517741930490590284721003955059673161110578291965689857","-342"],"imag":["-4479489484355608421114884561136888556243290994469299069799978201927583742360321890761754986543751102465","-4479489484355608421114884561136888556243290994469299069799978201927583742360321890761754986542677360639","-342"],"recognized":1,"nullRecognized":1,"rp":11,"rq":12}
{"type":"angle","q":6,"p":11,"scale":3,"op":"sin","phase":0,"ok":1,"poly":["1","2"],"real":["-1","-1","-1"],"imag":["0","0","0"]}
{"type":"angle","q":6,"p":11,"scale":3,"op":"sin","phase":1,"ok":1,"poly":["1","2"],"real":["-1","-1","-1"],"imag":["0","0","0"]}
{"type":"angle","q":6,"p":11,"scale":3,"op":"cos","phase":0,"ok":1,"poly":["-3","0","4"],"real":["158212193200139176340255174621777356217301037233","158212193200139176340255174621777356219129827151","-157"],"imag":["0","0","0"]}
{"type":"angle","q":6,"p":11,"scale":3,"op":"cos","phase":1,"ok":1,"poly":["-3","0","4"],"real":["7758703378874425295012906352138220585149514059631517741930490590284721003955059673161110578290891948031","7758703378874425295012906352138220585149514059631517741930490590284721003955059673161110578291965689857","-342"],"imag":["0","0","0"]}
{"type":"angle","q":6,"p":11,"scale":3,"op":"tan","phase":0,"ok":1,"poly":["-1","0","3"],"real":["-52737397733379725446751724873925785406453816567","-52737397733379725446751724873925785405868761865","-156"],"imag":["0","0","0"]}
{"type":"angle","q":6,"p":11,"scale":3,"op":"tan","phase":1,"ok":1,"poly":["-1","0","3"],"real":["-5172468919249616863341937568092147056766342706421011827953660393523147335970039782107407052194822750209","-5172468919249616863341937568092147056766342706421011827953660393523147335970039782107407052193749008383","-342"],"imag":["0","0","0"]}
{"type":"angle","q":6,"p":11,"scale":3,"op":"cot","phase":0,"ok":1,"poly":["-3","0","1"],"real":["-158212193200139176340255174621777356219129827151","-158212193200139176340255174621777356217301037233","-156"],"imag":["0","0","0"]}
{"type":"angle","q":6,"p":11,"scale":3,"op":"cot","phase":1,"ok":1,"poly":["-3","0","1"],"real":["-7758703378874425295012906352138220585149514059631517741930490590284721003955059673161110578291965689857","-7758703378874425295012906352138220585149514059631517741930490590284721003955059673161110578290891948031","-341"],"imag":["0","0","0"]}
{"type":"angle","q":6,"p":11,"scale":3,"op":"sec","phase":0,"ok":1,"poly":["-4","0","3"],"real":["52737397733379725446751724873925785405868761865","52737397733379725446751724873925785406453816567","-155"],"imag":["0","0","0"]}
{"type":"angle","q":6,"p":11,"scale":3,"op":"sec","phase":1,"ok":1,"poly":["-4","0","3"],"real":["5172468919249616863341937568092147056766342706421011827953660393523147335970039782107407052193749008383","5172468919249616863341937568092147056766342706421011827953660393523147335970039782107407052194822750209","-341"],"imag":["0","0","0"]}
{"type":"angle","q":6,"p":11,"scale":3,"op":"csc","phase":0,"ok":1,"poly":["2","1"],"real":["-1","-1","1"],"imag":["0","0","0"]}
{"type":"angle","q":6,"p":11,"scale":3,"op":"csc","phase":1,"ok":1,"poly":["2","1"],"real":["-1","-1","1"],"imag":["0","0","0"]}
{"type":"angle","q":6,"p":12,"scale":1,"op":"root","phase":0,"ok":1,"poly":["-1","1"],"real":["1","1","0"],"imag":["0","0","0"],"recognized":1,"nullRecognized":1,"rp":0,"rq":1}
{"type":"angle","q":6,"p":12,"scale":1,"op":"root","phase":1,"ok":1,"poly":["-1","1"],"real":["1","1","0"],"imag":["0","0","0"],"recognized":1,"nullRecognized":1,"rp":0,"rq":1}
{"type":"angle","q":6,"p":12,"scale":1,"op":"exp","phase":0,"ok":1,"poly":["-1","1"],"real":["1","1","0"],"imag":["0","0","0"],"recognized":1,"nullRecognized":1,"rp":0,"rq":1}
{"type":"angle","q":6,"p":12,"scale":1,"op":"exp","phase":1,"ok":1,"poly":["-1","1"],"real":["1","1","0"],"imag":["0","0","0"],"recognized":1,"nullRecognized":1,"rp":0,"rq":1}
{"type":"angle","q":6,"p":12,"scale":1,"op":"sin","phase":0,"ok":1,"poly":["0","1"],"real":["0","0","0"],"imag":["0","0","0"]}
{"type":"angle","q":6,"p":12,"scale":1,"op":"sin","phase":1,"ok":1,"poly":["0","1"],"real":["0","0","0"],"imag":["0","0","0"]}
{"type":"angle","q":6,"p":12,"scale":1,"op":"cos","phase":0,"ok":1,"poly":["-1","1"],"real":["1","1","0"],"imag":["0","0","0"]}
{"type":"angle","q":6,"p":12,"scale":1,"op":"cos","phase":1,"ok":1,"poly":["-1","1"],"real":["1","1","0"],"imag":["0","0","0"]}
{"type":"angle","q":6,"p":12,"scale":1,"op":"tan","phase":0,"ok":1,"poly":["0","1"],"real":["0","0","0"],"imag":["0","0","0"]}
{"type":"angle","q":6,"p":12,"scale":1,"op":"tan","phase":1,"ok":1,"poly":["0","1"],"real":["0","0","0"],"imag":["0","0","0"]}
{"type":"angle","q":6,"p":12,"scale":1,"op":"cot","phase":0,"ok":0}
{"type":"angle","q":6,"p":12,"scale":1,"op":"cot","phase":1,"ok":0}
{"type":"angle","q":6,"p":12,"scale":1,"op":"sec","phase":0,"ok":1,"poly":["-1","1"],"real":["1","1","0"],"imag":["0","0","0"]}
{"type":"angle","q":6,"p":12,"scale":1,"op":"sec","phase":1,"ok":1,"poly":["-1","1"],"real":["1","1","0"],"imag":["0","0","0"]}
{"type":"angle","q":6,"p":12,"scale":1,"op":"csc","phase":0,"ok":0}
{"type":"angle","q":6,"p":12,"scale":1,"op":"csc","phase":1,"ok":0}
{"type":"angle","q":6,"p":12,"scale":3,"op":"root","phase":0,"ok":1,"poly":["-1","1"],"real":["1","1","0"],"imag":["0","0","0"],"recognized":1,"nullRecognized":1,"rp":0,"rq":1}
{"type":"angle","q":6,"p":12,"scale":3,"op":"root","phase":1,"ok":1,"poly":["-1","1"],"real":["1","1","0"],"imag":["0","0","0"],"recognized":1,"nullRecognized":1,"rp":0,"rq":1}
{"type":"angle","q":6,"p":12,"scale":3,"op":"exp","phase":0,"ok":1,"poly":["-1","1"],"real":["1","1","0"],"imag":["0","0","0"],"recognized":1,"nullRecognized":1,"rp":0,"rq":1}
{"type":"angle","q":6,"p":12,"scale":3,"op":"exp","phase":1,"ok":1,"poly":["-1","1"],"real":["1","1","0"],"imag":["0","0","0"],"recognized":1,"nullRecognized":1,"rp":0,"rq":1}
{"type":"angle","q":6,"p":12,"scale":3,"op":"sin","phase":0,"ok":1,"poly":["0","1"],"real":["0","0","0"],"imag":["0","0","0"]}
{"type":"angle","q":6,"p":12,"scale":3,"op":"sin","phase":1,"ok":1,"poly":["0","1"],"real":["0","0","0"],"imag":["0","0","0"]}
{"type":"angle","q":6,"p":12,"scale":3,"op":"cos","phase":0,"ok":1,"poly":["-1","1"],"real":["1","1","0"],"imag":["0","0","0"]}
{"type":"angle","q":6,"p":12,"scale":3,"op":"cos","phase":1,"ok":1,"poly":["-1","1"],"real":["1","1","0"],"imag":["0","0","0"]}
{"type":"angle","q":6,"p":12,"scale":3,"op":"tan","phase":0,"ok":1,"poly":["0","1"],"real":["0","0","0"],"imag":["0","0","0"]}
{"type":"angle","q":6,"p":12,"scale":3,"op":"tan","phase":1,"ok":1,"poly":["0","1"],"real":["0","0","0"],"imag":["0","0","0"]}
{"type":"angle","q":6,"p":12,"scale":3,"op":"cot","phase":0,"ok":0}
{"type":"angle","q":6,"p":12,"scale":3,"op":"cot","phase":1,"ok":0}
{"type":"angle","q":6,"p":12,"scale":3,"op":"sec","phase":0,"ok":1,"poly":["-1","1"],"real":["1","1","0"],"imag":["0","0","0"]}
{"type":"angle","q":6,"p":12,"scale":3,"op":"sec","phase":1,"ok":1,"poly":["-1","1"],"real":["1","1","0"],"imag":["0","0","0"]}
{"type":"angle","q":6,"p":12,"scale":3,"op":"csc","phase":0,"ok":0}
{"type":"angle","q":6,"p":12,"scale":3,"op":"csc","phase":1,"ok":0}
{"type":"angle","q":12,"p":-24,"scale":1,"op":"root","phase":0,"ok":1,"poly":["-1","1"],"real":["1","1","0"],"imag":["0","0","0"],"recognized":1,"nullRecognized":1,"rp":0,"rq":1}
{"type":"angle","q":12,"p":-24,"scale":1,"op":"root","phase":1,"ok":1,"poly":["-1","1"],"real":["1","1","0"],"imag":["0","0","0"],"recognized":1,"nullRecognized":1,"rp":0,"rq":1}
{"type":"angle","q":12,"p":-24,"scale":1,"op":"exp","phase":0,"ok":1,"poly":["-1","1"],"real":["1","1","0"],"imag":["0","0","0"],"recognized":1,"nullRecognized":1,"rp":0,"rq":1}
{"type":"angle","q":12,"p":-24,"scale":1,"op":"exp","phase":1,"ok":1,"poly":["-1","1"],"real":["1","1","0"],"imag":["0","0","0"],"recognized":1,"nullRecognized":1,"rp":0,"rq":1}
{"type":"angle","q":12,"p":-24,"scale":1,"op":"sin","phase":0,"ok":1,"poly":["0","1"],"real":["0","0","0"],"imag":["0","0","0"]}
{"type":"angle","q":12,"p":-24,"scale":1,"op":"sin","phase":1,"ok":1,"poly":["0","1"],"real":["0","0","0"],"imag":["0","0","0"]}
{"type":"angle","q":12,"p":-24,"scale":1,"op":"cos","phase":0,"ok":1,"poly":["-1","1"],"real":["1","1","0"],"imag":["0","0","0"]}
{"type":"angle","q":12,"p":-24,"scale":1,"op":"cos","phase":1,"ok":1,"poly":["-1","1"],"real":["1","1","0"],"imag":["0","0","0"]}
{"type":"angle","q":12,"p":-24,"scale":1,"op":"tan","phase":0,"ok":1,"poly":["0","1"],"real":["0","0","0"],"imag":["0","0","0"]}
{"type":"angle","q":12,"p":-24,"scale":1,"op":"tan","phase":1,"ok":1,"poly":["0","1"],"real":["0","0","0"],"imag":["0","0","0"]}
{"type":"angle","q":12,"p":-24,"scale":1,"op":"cot","phase":0,"ok":0}
{"type":"angle","q":12,"p":-24,"scale":1,"op":"cot","phase":1,"ok":0}
{"type":"angle","q":12,"p":-24,"scale":1,"op":"sec","phase":0,"ok":1,"poly":["-1","1"],"real":["1","1","0"],"imag":["0","0","0"]}
{"type":"angle","q":12,"p":-24,"scale":1,"op":"sec","phase":1,"ok":1,"poly":["-1","1"],"real":["1","1","0"],"imag":["0","0","0"]}
{"type":"angle","q":12,"p":-24,"scale":1,"op":"csc","phase":0,"ok":0}
{"type":"angle","q":12,"p":-24,"scale":1,"op":"csc","phase":1,"ok":0}
{"type":"angle","q":12,"p":-24,"scale":3,"op":"root","phase":0,"ok":1,"poly":["-1","1"],"real":["1","1","0"],"imag":["0","0","0"],"recognized":1,"nullRecognized":1,"rp":0,"rq":1}
{"type":"angle","q":12,"p":-24,"scale":3,"op":"root","phase":1,"ok":1,"poly":["-1","1"],"real":["1","1","0"],"imag":["0","0","0"],"recognized":1,"nullRecognized":1,"rp":0,"rq":1}
{"type":"angle","q":12,"p":-24,"scale":3,"op":"exp","phase":0,"ok":1,"poly":["-1","1"],"real":["1","1","0"],"imag":["0","0","0"],"recognized":1,"nullRecognized":1,"rp":0,"rq":1}
{"type":"angle","q":12,"p":-24,"scale":3,"op":"exp","phase":1,"ok":1,"poly":["-1","1"],"real":["1","1","0"],"imag":["0","0","0"],"recognized":1,"nullRecognized":1,"rp":0,"rq":1}
{"type":"angle","q":12,"p":-24,"scale":3,"op":"sin","phase":0,"ok":1,"poly":["0","1"],"real":["0","0","0"],"imag":["0","0","0"]}
{"type":"angle","q":12,"p":-24,"scale":3,"op":"sin","phase":1,"ok":1,"poly":["0","1"],"real":["0","0","0"],"imag":["0","0","0"]}
{"type":"angle","q":12,"p":-24,"scale":3,"op":"cos","phase":0,"ok":1,"poly":["-1","1"],"real":["1","1","0"],"imag":["0","0","0"]}
{"type":"angle","q":12,"p":-24,"scale":3,"op":"cos","phase":1,"ok":1,"poly":["-1","1"],"real":["1","1","0"],"imag":["0","0","0"]}
{"type":"angle","q":12,"p":-24,"scale":3,"op":"tan","phase":0,"ok":1,"poly":["0","1"],"real":["0","0","0"],"imag":["0","0","0"]}
{"type":"angle","q":12,"p":-24,"scale":3,"op":"tan","phase":1,"ok":1,"poly":["0","1"],"real":["0","0","0"],"imag":["0","0","0"]}
{"type":"angle","q":12,"p":-24,"scale":3,"op":"cot","phase":0,"ok":0}
{"type":"angle","q":12,"p":-24,"scale":3,"op":"cot","phase":1,"ok":0}
{"type":"angle","q":12,"p":-24,"scale":3,"op":"sec","phase":0,"ok":1,"poly":["-1","1"],"real":["1","1","0"],"imag":["0","0","0"]}
{"type":"angle","q":12,"p":-24,"scale":3,"op":"sec","phase":1,"ok":1,"poly":["-1","1"],"real":["1","1","0"],"imag":["0","0","0"]}
{"type":"angle","q":12,"p":-24,"scale":3,"op":"csc","phase":0,"ok":0}
{"type":"angle","q":12,"p":-24,"scale":3,"op":"csc","phase":1,"ok":0}
{"type":"angle","q":12,"p":-23,"scale":1,"op":"root","phase":0,"ok":1,"poly":["1","0","-1","0","1"],"real":["210300076476156892817421832906076868413144174248499808223378102408488511826958880915","210300076476156892817421832906076868413144174248499808223378102408488511827176361837","-277"],"imag":["485667223056432267729865476705879726660601709763034880312953102434726071300864378819","485667223056432267729865476705879726660601709763034880312953102434726071301734082621","-279"],"recognized":1,"nullRecognized":1,"rp":1,"rq":12}
{"type":"angle","q":12,"p":-23,"scale":1,"op":"root","phase":1,"ok":1,"poly":["1","0","-1","0","1"],"real":["7758703378874425295012906352138220585149514059631517741930490590284721003955059673161110578290891948031","7758703378874425295012906352138220585149514059631517741930490590284721003955059673161110578291965689857","-342"],"imag":["4479489484355608421114884561136888556243290994469299069799978201927583742360321890761754986542677360639","4479489484355608421114884561136888556243290994469299069799978201927583742360321890761754986543751102465","-342"],"recognized":1,"nullRecognized":1,"rp":1,"rq":12}
{"type":"angle","q":12,"p":-23,"scale":1,"op":"exp","phase":0,"ok":1,"poly":["1","0","0","0","-1","0","0","0","1"],"real":["234559256866150787459725855090776802379876646209155615929250027604659460141831264397","234559256866150787459725855090776802379876646209155615929250027604659460143536105331","-277"],"imag":["31424981727264688649161558836256994457765409593611459419288101841062615168118027635","31424981727264688649161558836256994457765409593611459419288101841062615168969915021","-276"],"recognized":1,"nullRecognized":1,"rp":1,"rq":24}
{"type":"angle","q":12,"p":-23,"scale":1,"op":"exp","phase":1,"ok":1,"poly":["1","0","0","0","-1","0","0","0","1"],"real":["8653709163058766985308234061084729743327048649507626793351847950658825964650651574936180574224126050303","8653709163058766985308234061084729743327048649507626793351847950658825964650651574936180574225199792129","-342"],"imag":["4637508763550806755267699943783311449087385184433440142669453830584931828904585217251269117118351671295","4637508763550806755267699943783311449087385184433440142669453830584931828904585217251269117119425413121","-343"],"recognized":1,"nullRecognized":1,"rp":1,"rq":24}
{"type":"angle","q":12,"p":-23,"scale":1,"op":"sin","phase":0,"ok":1,"poly":["1","0","-16","0","16"],"real":["446575849754036207871785660987839526935735670940793218893646932543497","446575849754036207871785660987839526935735670940793218893647225485303","-230"],"imag":["0","0","0"]}
{"type":"angle","q":12,"p":-23,"scale":1,"op":"sin","phase":1,"ok":1,"poly":["1","0","-16","0","16"],"real":["4637508763550806755267699943783311449087385184433440142669453830584931828904585217251269117118351671295","4637508763550806755267699943783311449087385184433440142669453830584931828904585217251269117119425413121","-343"],"imag":["0","0","0"]}
{"type":"angle","q":12,"p":-23,"scale":1,"op":"cos","phase":0,"ok":1,"poly":["1","0","-16","0","16"],"real":["88231386041354913186055833979011159035556940139","88231386041354913186055833979011159037185865365","-156"],"imag":["0","0","0"]}
{"type":"angle","q":12,"p":-23,"scale":1,"op":"cos","phase":1,"ok":1,"poly":["1","0","-16","0","16"],"real":["8653709163058766985308234061084729743327048649507626793351847950658825964650651574936180574224126050303","8653709163058766985308234061084729743327048649507626793351847950658825964650651574936180574225199792129","-342"],"imag":["0","0","0"]}
{"type":"angle","q":12,"p":-23,"scale":1,"op":"tan","phase":0,"ok":1,"poly":["1","-4","1"],"real":["97902045864894753740821717871032084952801829187","97902045864894753740821717871032084954186030781","-158"],"imag":["0","0","0"]}
{"type":"angle","q":12,"p":-23,"scale":1,"op":"tan","phase":1,"ok":1,"poly":["1","-4","1"],"real":["4801102359347166188867451080542226109348271717228321590677863254281785923062336433449597579177851092991","4801102359347166188867451080542226109348271717228321590677863254281785923062336433449597579178924834817","-343"],"imag":["0","0","0"]}
{"type":"angle","q":12,"p":-23,"scale":1,"op":"cot","phase":0,"ok":1,"poly":["1","-4","1"],"real":["85224974466625510278928944677828183418283647739","85224974466625510278928944677828183419856723205","-154"],"imag":["0","0","0"]}
{"type":"angle","q":12,"p":-23,"scale":1,"op":"cot","phase":1,"ok":1,"poly":["1","-4","1"],"real":["8358841173792821068621337737205998848818048024285057940765223497069944244337851727342310275688123334655","8358841173792821068621337737205998848818048024285057940765223497069944244337851727342310275689197076481","-340"],"imag":["0","0","0"]}
{"type":"angle","q":12,"p":-23,"scale":1,"op":"sec","phase":0,"ok":1,"poly":["16","0","-16","0","1"],"real":["446575849754036207871785660987839526935735670940793218893646932543497","446575849754036207871785660987839526935735670940793218893647225485303","-228"],"imag":["0","0","0"]}
{"type":"angle","q":12,"p":-23,"scale":1,"op":"sec","phase":1,"ok":1,"poly":["16","0","-16","0","1"],"real":["4637508763550806755267699943783311449087385184433440142669453830584931828904585217251269117118351671295","4637508763550806755267699943783311449087385184433440142669453830584931828904585217251269117119425413121","-341"],"imag":["0","0","0"]}
{"type":"angle","q":12,"p":-23,"scale":1,"op":"csc","phase":0,"ok":1,"poly":["16","0","-16","0","1"],"real":["44115693020677456593027916989505579517818058217","44115693020677456593027916989505579518553344535","-153"],"imag":["0","0","0"]}
{"type":"angle","q":12,"p":-23,"scale":1,"op":"csc","phase":1,"ok":1,"poly":["16","0","-16","0","1"],"real":["8653709163058766985308234061084729743327048649507626793351847950658825964650651574936180574224126050303","8653709163058766985308234061084729743327048649507626793351847950658825964650651574936180574225199792129","-340"],"imag":["0","0","0"]}
{"type":"angle","q":12,"p":-23,"scale":3,"op":"root","phase":0,"ok":1,"poly":["1","0","-1","0","1"],"real":["210300076476156892817421832906076868413144174248499808223378102408488511826958880915","210300076476156892817421832906076868413144174248499808223378102408488511827176361837","-277"],"imag":["485667223056432267729865476705879726660601709763034880312953102434726071300864378819","485667223056432267729865476705879726660601709763034880312953102434726071301734082621","-279"],"recognized":1,"nullRecognized":1,"rp":1,"rq":12}
{"type":"angle","q":12,"p":-23,"scale":3,"op":"root","phase":1,"ok":1,"poly":["1","0","-1","0","1"],"real":["7758703378874425295012906352138220585149514059631517741930490590284721003955059673161110578290891948031","7758703378874425295012906352138220585149514059631517741930490590284721003955059673161110578291965689857","-342"],"imag":["4479489484355608421114884561136888556243290994469299069799978201927583742360321890761754986542677360639","4479489484355608421114884561136888556243290994469299069799978201927583742360321890761754986543751102465","-342"],"recognized":1,"nullRecognized":1,"rp":1,"rq":12}
{"type":"angle","q":12,"p":-23,"scale":3,"op":"exp","phase":0,"ok":1,"poly":["1","0","0","0","-1","0","0","0","1"],"real":["234559256866150787459725855090776802379876646209155615929250027604659460141831264397","234559256866150787459725855090776802379876646209155615929250027604659460143536105331","-277"],"imag":["31424981727264688649161558836256994457765409593611459419288101841062615168118027635","31424981727264688649161558836256994457765409593611459419288101841062615168969915021","-276"],"recognized":1,"nullRecognized":1,"rp":1,"rq":24}
{"type":"angle","q":12,"p":-23,"scale":3,"op":"exp","phase":1,"ok":1,"poly":["1","0","0","0","-1","0","0","0","1"],"real":["8653709163058766985308234061084729743327048649507626793351847950658825964650651574936180574224126050303","8653709163058766985308234061084729743327048649507626793351847950658825964650651574936180574225199792129","-342"],"imag":["4637508763550806755267699943783311449087385184433440142669453830584931828904585217251269117118351671295","4637508763550806755267699943783311449087385184433440142669453830584931828904585217251269117119425413121","-343"],"recognized":1,"nullRecognized":1,"rp":1,"rq":24}
{"type":"angle","q":12,"p":-23,"scale":3,"op":"sin","phase":0,"ok":1,"poly":["1","0","-16","0","16"],"real":["446575849754036207871785660987839526935735670940793218893646932543497","446575849754036207871785660987839526935735670940793218893647225485303","-230"],"imag":["0","0","0"]}
{"type":"angle","q":12,"p":-23,"scale":3,"op":"sin","phase":1,"ok":1,"poly":["1","0","-16","0","16"],"real":["4637508763550806755267699943783311449087385184433440142669453830584931828904585217251269117118351671295","4637508763550806755267699943783311449087385184433440142669453830584931828904585217251269117119425413121","-343"],"imag":["0","0","0"]}
{"type":"angle","q":12,"p":-23,"scale":3,"op":"cos","phase":0,"ok":1,"poly":["1","0","-16","0","16"],"real":["88231386041354913186055833979011159035556940139","88231386041354913186055833979011159037185865365","-156"],"imag":["0","0","0"]}
{"type":"angle","q":12,"p":-23,"scale":3,"op":"cos","phase":1,"ok":1,"poly":["1","0","-16","0","16"],"real":["8653709163058766985308234061084729743327048649507626793351847950658825964650651574936180574224126050303","8653709163058766985308234061084729743327048649507626793351847950658825964650651574936180574225199792129","-342"],"imag":["0","0","0"]}
{"type":"angle","q":12,"p":-23,"scale":3,"op":"tan","phase":0,"ok":1,"poly":["1","-4","1"],"real":["97902045864894753740821717871032084952801829187","97902045864894753740821717871032084954186030781","-158"],"imag":["0","0","0"]}
{"type":"angle","q":12,"p":-23,"scale":3,"op":"tan","phase":1,"ok":1,"poly":["1","-4","1"],"real":["4801102359347166188867451080542226109348271717228321590677863254281785923062336433449597579177851092991","4801102359347166188867451080542226109348271717228321590677863254281785923062336433449597579178924834817","-343"],"imag":["0","0","0"]}
{"type":"angle","q":12,"p":-23,"scale":3,"op":"cot","phase":0,"ok":1,"poly":["1","-4","1"],"real":["85224974466625510278928944677828183418283647739","85224974466625510278928944677828183419856723205","-154"],"imag":["0","0","0"]}
{"type":"angle","q":12,"p":-23,"scale":3,"op":"cot","phase":1,"ok":1,"poly":["1","-4","1"],"real":["8358841173792821068621337737205998848818048024285057940765223497069944244337851727342310275688123334655","8358841173792821068621337737205998848818048024285057940765223497069944244337851727342310275689197076481","-340"],"imag":["0","0","0"]}
{"type":"angle","q":12,"p":-23,"scale":3,"op":"sec","phase":0,"ok":1,"poly":["16","0","-16","0","1"],"real":["446575849754036207871785660987839526935735670940793218893646932543497","446575849754036207871785660987839526935735670940793218893647225485303","-228"],"imag":["0","0","0"]}
{"type":"angle","q":12,"p":-23,"scale":3,"op":"sec","phase":1,"ok":1,"poly":["16","0","-16","0","1"],"real":["4637508763550806755267699943783311449087385184433440142669453830584931828904585217251269117118351671295","4637508763550806755267699943783311449087385184433440142669453830584931828904585217251269117119425413121","-341"],"imag":["0","0","0"]}
{"type":"angle","q":12,"p":-23,"scale":3,"op":"csc","phase":0,"ok":1,"poly":["16","0","-16","0","1"],"real":["44115693020677456593027916989505579517818058217","44115693020677456593027916989505579518553344535","-153"],"imag":["0","0","0"]}
{"type":"angle","q":12,"p":-23,"scale":3,"op":"csc","phase":1,"ok":1,"poly":["16","0","-16","0","1"],"real":["8653709163058766985308234061084729743327048649507626793351847950658825964650651574936180574224126050303","8653709163058766985308234061084729743327048649507626793351847950658825964650651574936180574225199792129","-340"],"imag":["0","0","0"]}
{"type":"angle","q":12,"p":-22,"scale":1,"op":"root","phase":0,"ok":1,"poly":["1","-1","1"],"real":["2923003274661805836407369665432566039311154463297","2923003274661805836407369665432566039312575708607","-162"],"imag":["9888262075008698521265948413861084763581315187","9888262075008698521265948413861084763695613837","-153"],"recognized":1,"nullRecognized":1,"rp":1,"rq":6}
{"type":"angle","q":12,"p":-22,"scale":1,"op":"root","phase":1,"ok":1,"poly":["1","-1","1"],"real":["115172193140305827399949785796761135587064246228529065807379342658863042065190089480167441564259605943037975312218134915154131611020654072038617988630148194588045013","115172193140305827399949785796761135587064246228529065807379342658863042065190089480167441564259605943037975312218134915154131611020654072038617988630148194794852651","-546"],"imag":["7758703378874425295012906352138220585149514059631517741930490590284721003955059673161110578290891948031","7758703378874425295012906352138220585149514059631517741930490590284721003955059673161110578291965689857","-342"],"recognized":1,"nullRecognized":1,"rp":1,"rq":6}
{"type":"angle","q":12,"p":-22,"scale":1,"op":"exp","phase":0,"ok":1,"poly":["1","0","-1","0","1"],"real":["210300076476156892817421832906076868413144174248499808223378102408488511826958880915","210300076476156892817421832906076868413144174248499808223378102408488511827176361837","-277"],"imag":["485667223056432267729865476705879726660601709763034880312953102434726071300864378819","485667223056432267729865476705879726660601709763034880312953102434726071301734082621","-279"],"recognized":1,"nullRecognized":1,"rp":1,"rq":12}
{"type":"angle","q":12,"p":-22,"scale":1,"op":"exp","phase":1,"ok":1,"poly":["1","0","-1","0","1"],"real":["7758703378874425295012906352138220585149514059631517741930490590284721003955059673161110578290891948031","7758703378874425295012906352138220585149514059631517741930490590284721003955059673161110578291965689857","-342"],"imag":["4479489484355608421114884561136888556243290994469299069799978201927583742360321890761754986542677360639","4479489484355608421114884561136888556243290994469299069799978201927583742360321890761754986543751102465","-342"],"recognized":1,"nullRecognized":1,"rp":1,"rq":12}
{"type":"angle","q":12,"p":-22,"scale":1,"op":"sin","phase":0,"ok":1,"poly":["-1","2"],"real":["1","1","-1"],"imag":["0","0","0"]}
{"type":"angle","q":12,"p":-22,"scale":1,"op":"sin","phase":1,"ok":1,"poly":["-1","2"],"real":["1","1","-1"],"imag":["0","0","0"]}
{"type":"angle","q":12,"p":-22,"scale":1,"op":"cos","phase":0,"ok":1,"poly":["-3","0","4"],"real":["158212193200139176340255174621777356217301037233","158212193200139176340255174621777356219129827151","-157"],"imag":["0","0","0"]}
{"type":"angle","q":12,"p":-22,"scale":1,"op":"cos","phase":1,"ok":1,"poly":["-3","0","4"],"real":["7758703378874425295012906352138220585149514059631517741930490590284721003955059673161110578290891948031","7758703378874425295012906352138220585149514059631517741930490590284721003955059673161110578291965689857","-342"],"imag":["0","0","0"]}
{"type":"angle","q":12,"p":-22,"scale":1,"op":"tan","phase":0,"ok":1,"poly":["-1","0","3"],"real":["52737397733379725446751724873925785405868761865","52737397733379725446751724873925785406453816567","-156"],"imag":["0","0","0"]}
{"type":"angle","q":12,"p":-22,"scale":1,"op":"tan","phase":1,"ok":1,"poly":["-1","0","3"],"real":["5172468919249616863341937568092147056766342706421011827953660393523147335970039782107407052193749008383","5172468919249616863341937568092147056766342706421011827953660393523147335970039782107407052194822750209","-342"],"imag":["0","0","0"]}
{"type":"angle","q":12,"p":-22,"scale":1,"op":"cot","phase":0,"ok":1,"poly":["-3","0","1"],"real":["158212193200139176340255174621777356217301037233","158212193200139176340255174621777356219129827151","-156"],"imag":["0","0","0"]}
{"type":"angle","q":12,"p":-22,"scale":1,"op":"cot","phase":1,"ok":1,"poly":["-3","0","1"],"real":["7758703378874425295012906352138220585149514059631517741930490590284721003955059673161110578290891948031","7758703378874425295012906352138220585149514059631517741930490590284721003955059673161110578291965689857","-341"],"imag":["0","0","0"]}
{"type":"angle","q":12,"p":-22,"scale":1,"op":"sec","phase":0,"ok":1,"poly":["-4","0","3"],"real":["52737397733379725446751724873925785405868761865","52737397733379725446751724873925785406453816567","-155"],"imag":["0","0","0"]}
{"type":"angle","q":12,"p":-22,"scale":1,"op":"sec","phase":1,"ok":1,"poly":["-4","0","3"],"real":["5172468919249616863341937568092147056766342706421011827953660393523147335970039782107407052193749008383","5172468919249616863341937568092147056766342706421011827953660393523147335970039782107407052194822750209","-341"],"imag":["0","0","0"]}
{"type":"angle","q":12,"p":-22,"scale":1,"op":"csc","phase":0,"ok":1,"poly":["-2","1"],"real":["1","1","1"],"imag":["0","0","0"]}
{"type":"angle","q":12,"p":-22,"scale":1,"op":"csc","phase":1,"ok":1,"poly":["-2","1"],"real":["1","1","1"],"imag":["0","0","0"]}
{"type":"angle","q":12,"p":-22,"scale":3,"op":"root","phase":0,"ok":1,"poly":["1","-1","1"],"real":["2923003274661805836407369665432566039311154463297","2923003274661805836407369665432566039312575708607","-162"],"imag":["9888262075008698521265948413861084763581315187","9888262075008698521265948413861084763695613837","-153"],"recognized":1,"nullRecognized":1,"rp":1,"rq":6}
{"type":"angle","q":12,"p":-22,"scale":3,"op":"root","phase":1,"ok":1,"poly":["1","-1","1"],"real":["115172193140305827399949785796761135587064246228529065807379342658863042065190089480167441564259605943037975312218134915154131611020654072038617988630148194588045013","115172193140305827399949785796761135587064246228529065807379342658863042065190089480167441564259605943037975312218134915154131611020654072038617988630148194794852651","-546"],"imag":["7758703378874425295012906352138220585149514059631517741930490590284721003955059673161110578290891948031","7758703378874425295012906352138220585149514059631517741930490590284721003955059673161110578291965689857","-342"],"recognized":1,"nullRecognized":1,"rp":1,"rq":6}
{"type":"angle","q":12,"p":-22,"scale":3,"op":"exp","phase":0,"ok":1,"poly":["1","0","-1","0","1"],"real":["210300076476156892817421832906076868413144174248499808223378102408488511826958880915","210300076476156892817421832906076868413144174248499808223378102408488511827176361837","-277"],"imag":["485667223056432267729865476705879726660601709763034880312953102434726071300864378819","485667223056432267729865476705879726660601709763034880312953102434726071301734082621","-279"],"recognized":1,"nullRecognized":1,"rp":1,"rq":12}
{"type":"angle","q":12,"p":-22,"scale":3,"op":"exp","phase":1,"ok":1,"poly":["1","0","-1","0","1"],"real":["7758703378874425295012906352138220585149514059631517741930490590284721003955059673161110578290891948031","7758703378874425295012906352138220585149514059631517741930490590284721003955059673161110578291965689857","-342"],"imag":["4479489484355608421114884561136888556243290994469299069799978201927583742360321890761754986542677360639","4479489484355608421114884561136888556243290994469299069799978201927583742360321890761754986543751102465","-342"],"recognized":1,"nullRecognized":1,"rp":1,"rq":12}
{"type":"angle","q":12,"p":-22,"scale":3,"op":"sin","phase":0,"ok":1,"poly":["-1","2"],"real":["1","1","-1"],"imag":["0","0","0"]}
{"type":"angle","q":12,"p":-22,"scale":3,"op":"sin","phase":1,"ok":1,"poly":["-1","2"],"real":["1","1","-1"],"imag":["0","0","0"]}
{"type":"angle","q":12,"p":-22,"scale":3,"op":"cos","phase":0,"ok":1,"poly":["-3","0","4"],"real":["158212193200139176340255174621777356217301037233","158212193200139176340255174621777356219129827151","-157"],"imag":["0","0","0"]}
{"type":"angle","q":12,"p":-22,"scale":3,"op":"cos","phase":1,"ok":1,"poly":["-3","0","4"],"real":["7758703378874425295012906352138220585149514059631517741930490590284721003955059673161110578290891948031","7758703378874425295012906352138220585149514059631517741930490590284721003955059673161110578291965689857","-342"],"imag":["0","0","0"]}
{"type":"angle","q":12,"p":-22,"scale":3,"op":"tan","phase":0,"ok":1,"poly":["-1","0","3"],"real":["52737397733379725446751724873925785405868761865","52737397733379725446751724873925785406453816567","-156"],"imag":["0","0","0"]}
{"type":"angle","q":12,"p":-22,"scale":3,"op":"tan","phase":1,"ok":1,"poly":["-1","0","3"],"real":["5172468919249616863341937568092147056766342706421011827953660393523147335970039782107407052193749008383","5172468919249616863341937568092147056766342706421011827953660393523147335970039782107407052194822750209","-342"],"imag":["0","0","0"]}
{"type":"angle","q":12,"p":-22,"scale":3,"op":"cot","phase":0,"ok":1,"poly":["-3","0","1"],"real":["158212193200139176340255174621777356217301037233","158212193200139176340255174621777356219129827151","-156"],"imag":["0","0","0"]}
{"type":"angle","q":12,"p":-22,"scale":3,"op":"cot","phase":1,"ok":1,"poly":["-3","0","1"],"real":["7758703378874425295012906352138220585149514059631517741930490590284721003955059673161110578290891948031","7758703378874425295012906352138220585149514059631517741930490590284721003955059673161110578291965689857","-341"],"imag":["0","0","0"]}
{"type":"angle","q":12,"p":-22,"scale":3,"op":"sec","phase":0,"ok":1,"poly":["-4","0","3"],"real":["52737397733379725446751724873925785405868761865","52737397733379725446751724873925785406453816567","-155"],"imag":["0","0","0"]}
{"type":"angle","q":12,"p":-22,"scale":3,"op":"sec","phase":1,"ok":1,"poly":["-4","0","3"],"real":["5172468919249616863341937568092147056766342706421011827953660393523147335970039782107407052193749008383","5172468919249616863341937568092147056766342706421011827953660393523147335970039782107407052194822750209","-341"],"imag":["0","0","0"]}
{"type":"angle","q":12,"p":-22,"scale":3,"op":"csc","phase":0,"ok":1,"poly":["-2","1"],"real":["1","1","1"],"imag":["0","0","0"]}
{"type":"angle","q":12,"p":-22,"scale":3,"op":"csc","phase":1,"ok":1,"poly":["-2","1"],"real":["1","1","1"],"imag":["0","0","0"]}
{"type":"angle","q":12,"p":-21,"scale":1,"op":"root","phase":0,"ok":1,"poly":["1","0","1"],"real":["0","0","0"],"imag":["1","1","0"],"recognized":1,"nullRecognized":1,"rp":1,"rq":4}
{"type":"angle","q":12,"p":-21,"scale":1,"op":"root","phase":1,"ok":1,"poly":["1","0","1"],"real":["0","0","0"],"imag":["1","1","0"],"recognized":1,"nullRecognized":1,"rp":1,"rq":4}
{"type":"angle","q":12,"p":-21,"scale":1,"op":"exp","phase":0,"ok":1,"poly":["1","0","0","0","1"],"real":["10989394778343770250329775194768820061718132929403692613803124731042190707557378878361","10989394778343770250329775194768820061718132929403692613803124731042190707559249024103","-283"],"imag":["10989394778343770250329775194768820061718132929403692613803124731042190707557378878361","10989394778343770250329775194768820061718132929403692613803124731042190707559249024103","-283"],"recognized":1,"nullRecognized":1,"rp":1,"rq":8}
{"type":"angle","q":12,"p":-21,"scale":1,"op":"exp","phase":1,"ok":1,"poly":["1","0","0","0","1"],"real":["6334954781283363607674384089193074018783356057290906722017121035366360050198358966310546015664681779199","6334954781283363607674384089193074018783356057290906722017121035366360050198358966310546015665755521025","-342"],"imag":["6334954781283363607674384089193074018783356057290906722017121035366360050198358966310546015664681779199","6334954781283363607674384089193074018783356057290906722017121035366360050198358966310546015665755521025","-342"],"recognized":1,"nullRecognized":1,"rp":1,"rq":8}
{"type":"angle","q":12,"p":-21,"scale":1,"op":"sin","phase":0,"ok":1,"poly":["-1","0","2"],"real":["64589857404495231666648405250431531952815765745","64589857404495231666648405250431531953634641679","-156"],"imag":["0","0","0"]}
{"type":"angle","q":12,"p":-21,"scale":1,"op":"sin","phase":1,"ok":1,"poly":["-1","0","2"],"real":["6334954781283363607674384089193074018783356057290906722017121035366360050198358966310546015664681779199","6334954781283363607674384089193074018783356057290906722017121035366360050198358966310546015665755521025","-342"],"imag":["0","0","0"]}
{"type":"angle","q":12,"p":-21,"scale":1,"op":"cos","phase":0,"ok":1,"poly":["-1","0","2"],"real":["64589857404495231666648405250431531952815765745","64589857404495231666648405250431531953634641679","-156"],"imag":["0","0","0"]}
{"type":"angle","q":12,"p":-21,"scale":1,"op":"cos","phase":1,"ok":1,"poly":["-1","0","2"],"real":["6334954781283363607674384089193074018783356057290906722017121035366360050198358966310546015664681779199","6334954781283363607674384089193074018783356057290906722017121035366360050198358966310546015665755521025","-342"],"imag":["0","0","0"]}
{"type":"angle","q":12,"p":-21,"scale":1,"op":"tan","phase":0,"ok":1,"poly":["-1","1"],"real":["1","1","0"],"imag":["0","0","0"]}
{"type":"angle","q":12,"p":-21,"scale":1,"op":"tan","phase":1,"ok":1,"poly":["-1","1"],"real":["1","1","0"],"imag":["0","0","0"]}
{"type":"angle","q":12,"p":-21,"scale":1,"op":"cot","phase":0,"ok":1,"poly":["-1","1"],"real":["1","1","0"],"imag":["0","0","0"]}
{"type":"angle","q":12,"p":-21,"scale":1,"op":"cot","phase":1,"ok":1,"poly":["-1","1"],"real":["1","1","0"],"imag":["0","0","0"]}
{"type":"angle","q":12,"p":-21,"scale":1,"op":"sec","phase":0,"ok":1,"poly":["-2","0","1"],"real":["64589857404495231666648405250431531952815765745","64589857404495231666648405250431531953634641679","-155"],"imag":["0","0","0"]}
{"type":"angle","q":12,"p":-21,"scale":1,"op":"sec","phase":1,"ok":1,"poly":["-2","0","1"],"real":["6334954781283363607674384089193074018783356057290906722017121035366360050198358966310546015664681779199","6334954781283363607674384089193074018783356057290906722017121035366360050198358966310546015665755521025","-341"],"imag":["0","0","0"]}
{"type":"angle","q":12,"p":-21,"scale":1,"op":"csc","phase":0,"ok":1,"poly":["-2","0","1"],"real":["64589857404495231666648405250431531952815765745","64589857404495231666648405250431531953634641679","-155"],"imag":["0","0","0"]}
{"type":"angle","q":12,"p":-21,"scale":1,"op":"csc","phase":1,"ok":1,"poly":["-2","0","1"],"real":["6334954781283363607674384089193074018783356057290906722017121035366360050198358966310546015664681779199","6334954781283363607674384089193074018783356057290906722017121035366360050198358966310546015665755521025","-341"],"imag":["0","0","0"]}
{"type":"angle","q":12,"p":-21,"scale":3,"op":"root","phase":0,"ok":1,"poly":["1","0","1"],"real":["0","0","0"],"imag":["1","1","0"],"recognized":1,"nullRecognized":1,"rp":1,"rq":4}
{"type":"angle","q":12,"p":-21,"scale":3,"op":"root","phase":1,"ok":1,"poly":["1","0","1"],"real":["0","0","0"],"imag":["1","1","0"],"recognized":1,"nullRecognized":1,"rp":1,"rq":4}
{"type":"angle","q":12,"p":-21,"scale":3,"op":"exp","phase":0,"ok":1,"poly":["1","0","0","0","1"],"real":["10989394778343770250329775194768820061718132929403692613803124731042190707557378878361","10989394778343770250329775194768820061718132929403692613803124731042190707559249024103","-283"],"imag":["10989394778343770250329775194768820061718132929403692613803124731042190707557378878361","10989394778343770250329775194768820061718132929403692613803124731042190707559249024103","-283"],"recognized":1,"nullRecognized":1,"rp":1,"rq":8}
{"type":"angle","q":12,"p":-21,"scale":3,"op":"exp","phase":1,"ok":1,"poly":["1","0","0","0","1"],"real":["6334954781283363607674384089193074018783356057290906722017121035366360050198358966310546015664681779199","6334954781283363607674384089193074018783356057290906722017121035366360050198358966310546015665755521025","-342"],"imag":["6334954781283363607674384089193074018783356057290906722017121035366360050198358966310546015664681779199","6334954781283363607674384089193074018783356057290906722017121035366360050198358966310546015665755521025","-342"],"recognized":1,"nullRecognized":1,"rp":1,"rq":8}
{"type":"angle","q":12,"p":-21,"scale":3,"op":"sin","phase":0,"ok":1,"poly":["-1","0","2"],"real":["64589857404495231666648405250431531952815765745","64589857404495231666648405250431531953634641679","-156"],"imag":["0","0","0"]}
{"type":"angle","q":12,"p":-21,"scale":3,"op":"sin","phase":1,"ok":1,"poly":["-1","0","2"],"real":["6334954781283363607674384089193074018783356057290906722017121035366360050198358966310546015664681779199","6334954781283363607674384089193074018783356057290906722017121035366360050198358966310546015665755521025","-342"],"imag":["0","0","0"]}
{"type":"angle","q":12,"p":-21,"scale":3,"op":"cos","phase":0,"ok":1,"poly":["-1","0","2"],"real":["64589857404495231666648405250431531952815765745","64589857404495231666648405250431531953634641679","-156"],"imag":["0","0","0"]}
{"type":"angle","q":12,"p":-21,"scale":3,"op":"cos","phase":1,"ok":1,"poly":["-1","0","2"],"real":["6334954781283363607674384089193074018783356057290906722017121035366360050198358966310546015664681779199","6334954781283363607674384089193074018783356057290906722017121035366360050198358966310546015665755521025","-342"],"imag":["0","0","0"]}
{"type":"angle","q":12,"p":-21,"scale":3,"op":"tan","phase":0,"ok":1,"poly":["-1","1"],"real":["1","1","0"],"imag":["0","0","0"]}
{"type":"angle","q":12,"p":-21,"scale":3,"op":"tan","phase":1,"ok":1,"poly":["-1","1"],"real":["1","1","0"],"imag":["0","0","0"]}
{"type":"angle","q":12,"p":-21,"scale":3,"op":"cot","phase":0,"ok":1,"poly":["-1","1"],"real":["1","1","0"],"imag":["0","0","0"]}
{"type":"angle","q":12,"p":-21,"scale":3,"op":"cot","phase":1,"ok":1,"poly":["-1","1"],"real":["1","1","0"],"imag":["0","0","0"]}
{"type":"angle","q":12,"p":-21,"scale":3,"op":"sec","phase":0,"ok":1,"poly":["-2","0","1"],"real":["64589857404495231666648405250431531952815765745","64589857404495231666648405250431531953634641679","-155"],"imag":["0","0","0"]}
{"type":"angle","q":12,"p":-21,"scale":3,"op":"sec","phase":1,"ok":1,"poly":["-2","0","1"],"real":["6334954781283363607674384089193074018783356057290906722017121035366360050198358966310546015664681779199","6334954781283363607674384089193074018783356057290906722017121035366360050198358966310546015665755521025","-341"],"imag":["0","0","0"]}
{"type":"angle","q":12,"p":-21,"scale":3,"op":"csc","phase":0,"ok":1,"poly":["-2","0","1"],"real":["64589857404495231666648405250431531952815765745","64589857404495231666648405250431531953634641679","-155"],"imag":["0","0","0"]}
{"type":"angle","q":12,"p":-21,"scale":3,"op":"csc","phase":1,"ok":1,"poly":["-2","0","1"],"real":["6334954781283363607674384089193074018783356057290906722017121035366360050198358966310546015664681779199","6334954781283363607674384089193074018783356057290906722017121035366360050198358966310546015665755521025","-341"],"imag":["0","0","0"]}
{"type":"angle","q":12,"p":-20,"scale":1,"op":"root","phase":0,"ok":1,"poly":["1","1","1"],"real":["-2923003274661805836407369665432566039312575708607","-2923003274661805836407369665432566039311154463297","-162"],"imag":["9888262075008698521265948413861084763581315187","9888262075008698521265948413861084763695613837","-153"],"recognized":1,"nullRecognized":1,"rp":1,"rq":3}
{"type":"angle","q":12,"p":-20,"scale":1,"op":"root","phase":1,"ok":1,"poly":["1","1","1"],"real":["-115172193140305827399949785796761135587064246228529065807379342658863042065190089480167441564259605943037975312218134915154131611020654072038617988630148194794852651","-115172193140305827399949785796761135587064246228529065807379342658863042065190089480167441564259605943037975312218134915154131611020654072038617988630148194588045013","-546"],"imag":["7758703378874425295012906352138220585149514059631517741930490590284721003955059673161110578290891948031","7758703378874425295012906352138220585149514059631517741930490590284721003955059673161110578291965689857","-342"],"recognized":1,"nullRecognized":1,"rp":1,"rq":3}
{"type":"angle","q":12,"p":-20,"scale":1,"op":"exp","phase":0,"ok":1,"poly":["1","-1","1"],"real":["2923003274661805836407369665432566039311154463297","2923003274661805836407369665432566039312575708607","-162"],"imag":["9888262075008698521265948413861084763581315187","9888262075008698521265948413861084763695613837","-153"],"recognized":1,"nullRecognized":1,"rp":1,"rq":6}
{"type":"angle","q":12,"p":-20,"scale":1,"op":"exp","phase":1,"ok":1,"poly":["1","-1","1"],"real":["115172193140305827399949785796761135587064246228529065807379342658863042065190089480167441564259605943037975312218134915154131611020654072038617988630148194588045013","115172193140305827399949785796761135587064246228529065807379342658863042065190089480167441564259605943037975312218134915154131611020654072038617988630148194794852651","-546"],"imag":["7758703378874425295012906352138220585149514059631517741930490590284721003955059673161110578290891948031","7758703378874425295012906352138220585149514059631517741930490590284721003955059673161110578291965689857","-342"],"recognized":1,"nullRecognized":1,"rp":1,"rq":6}
{"type":"angle","q":12,"p":-20,"scale":1,"op":"sin","phase":0,"ok":1,"poly":["-3","0","4"],"real":["158212193200139176340255174621777356217301037233","158212193200139176340255174621777356219129827151","-157"],"imag":["0","0","0"]}
{"type":"angle","q":12,"p":-20,"scale":1,"op":"sin","phase":1,"ok":1,"poly":["-3","0","4"],"real":["7758703378874425295012906352138220585149514059631517741930490590284721003955059673161110578290891948031","7758703378874425295012906352138220585149514059631517741930490590284721003955059673161110578291965689857","-342"],"imag":["0","0","0"]}
{"type":"angle","q":12,"p":-20,"scale":1,"op":"cos","phase":0,"ok":1,"poly":["-1","2"],"real":["1","1","-1"],"imag":["0","0","0"]}
{"type":"angle","q":12,"p":-20,"scale":1,"op":"cos","phase":1,"ok":1,"poly":["-1","2"],"real":["1","1","-1"],"imag":["0","0","0"]}
{"type":"angle","q":12,"p":-20,"scale":1,"op":"tan","phase":0,"ok":1,"poly":["-3","0","1"],"real":["294693174213430241384087455685767077315","294693174213430241384087455685767077317","-127"],"imag":["0","0","0"]}
{"type":"angle","q":12,"p":-20,"scale":1,"op":"tan","phase":1,"ok":1,"poly":["-3","0","1"],"real":["7758703378874425295012906352138220585149514059631517741930490590284721003955059673161110578290891948031","7758703378874425295012906352138220585149514059631517741930490590284721003955059673161110578291965689857","-341"],"imag":["0","0","0"]}
{"type":"angle","q":12,"p":-20,"scale":1,"op":"cot","phase":0,"ok":1,"poly":["-1","0","3"],"real":["52737397733379725446751724873925785405868761865","52737397733379725446751724873925785406453816567","-156"],"imag":["0","0","0"]}
{"type":"angle","q":12,"p":-20,"scale":1,"op":"cot","phase":1,"ok":1,"poly":["-1","0","3"],"real":["5172468919249616863341937568092147056766342706421011827953660393523147335970039782107407052193749008383","5172468919249616863341937568092147056766342706421011827953660393523147335970039782107407052194822750209","-342"],"imag":["0","0","0"]}
{"type":"angle","q":12,"p":-20,"scale":1,"op":"sec","phase":0,"ok":1,"poly":["-2","1"],"real":["1","1","1"],"imag":["0","0","0"]}
{"type":"angle","q":12,"p":-20,"scale":1,"op":"sec","phase":1,"ok":1,"poly":["-2","1"],"real":["1","1","1"],"imag":["0","0","0"]}
{"type":"angle","q":12,"p":-20,"scale":1,"op":"csc","phase":0,"ok":1,"poly":["-4","0","3"],"real":["52737397733379725446751724873925785405868761865","52737397733379725446751724873925785406453816567","-155"],"imag":["0","0","0"]}
{"type":"angle","q":12,"p":-20,"scale":1,"op":"csc","phase":1,"ok":1,"poly":["-4","0","3"],"real":["5172468919249616863341937568092147056766342706421011827953660393523147335970039782107407052193749008383","5172468919249616863341937568092147056766342706421011827953660393523147335970039782107407052194822750209","-341"],"imag":["0","0","0"]}
{"type":"angle","q":12,"p":-20,"scale":3,"op":"root","phase":0,"ok":1,"poly":["1","1","1"],"real":["-2923003274661805836407369665432566039312575708607","-2923003274661805836407369665432566039311154463297","-162"],"imag":["9888262075008698521265948413861084763581315187","9888262075008698521265948413861084763695613837","-153"],"recognized":1,"nullRecognized":1,"rp":1,"rq":3}
{"type":"angle","q":12,"p":-20,"scale":3,"op":"root","phase":1,"ok":1,"poly":["1","1","1"],"real":["-115172193140305827399949785796761135587064246228529065807379342658863042065190089480167441564259605943037975312218134915154131611020654072038617988630148194794852651","-115172193140305827399949785796761135587064246228529065807379342658863042065190089480167441564259605943037975312218134915154131611020654072038617988630148194588045013","-546"],"imag":["7758703378874425295012906352138220585149514059631517741930490590284721003955059673161110578290891948031","7758703378874425295012906352138220585149514059631517741930490590284721003955059673161110578291965689857","-342"],"recognized":1,"nullRecognized":1,"rp":1,"rq":3}
{"type":"angle","q":12,"p":-20,"scale":3,"op":"exp","phase":0,"ok":1,"poly":["1","-1","1"],"real":["2923003274661805836407369665432566039311154463297","2923003274661805836407369665432566039312575708607","-162"],"imag":["9888262075008698521265948413861084763581315187","9888262075008698521265948413861084763695613837","-153"],"recognized":1,"nullRecognized":1,"rp":1,"rq":6}
{"type":"angle","q":12,"p":-20,"scale":3,"op":"exp","phase":1,"ok":1,"poly":["1","-1","1"],"real":["115172193140305827399949785796761135587064246228529065807379342658863042065190089480167441564259605943037975312218134915154131611020654072038617988630148194588045013","115172193140305827399949785796761135587064246228529065807379342658863042065190089480167441564259605943037975312218134915154131611020654072038617988630148194794852651","-546"],"imag":["7758703378874425295012906352138220585149514059631517741930490590284721003955059673161110578290891948031","7758703378874425295012906352138220585149514059631517741930490590284721003955059673161110578291965689857","-342"],"recognized":1,"nullRecognized":1,"rp":1,"rq":6}
{"type":"angle","q":12,"p":-20,"scale":3,"op":"sin","phase":0,"ok":1,"poly":["-3","0","4"],"real":["158212193200139176340255174621777356217301037233","158212193200139176340255174621777356219129827151","-157"],"imag":["0","0","0"]}
{"type":"angle","q":12,"p":-20,"scale":3,"op":"sin","phase":1,"ok":1,"poly":["-3","0","4"],"real":["7758703378874425295012906352138220585149514059631517741930490590284721003955059673161110578290891948031","7758703378874425295012906352138220585149514059631517741930490590284721003955059673161110578291965689857","-342"],"imag":["0","0","0"]}
{"type":"angle","q":12,"p":-20,"scale":3,"op":"cos","phase":0,"ok":1,"poly":["-1","2"],"real":["1","1","-1"],"imag":["0","0","0"]}
{"type":"angle","q":12,"p":-20,"scale":3,"op":"cos","phase":1,"ok":1,"poly":["-1","2"],"real":["1","1","-1"],"imag":["0","0","0"]}
{"type":"angle","q":12,"p":-20,"scale":3,"op":"tan","phase":0,"ok":1,"poly":["-3","0","1"],"real":["294693174213430241384087455685767077315","294693174213430241384087455685767077317","-127"],"imag":["0","0","0"]}
{"type":"angle","q":12,"p":-20,"scale":3,"op":"tan","phase":1,"ok":1,"poly":["-3","0","1"],"real":["7758703378874425295012906352138220585149514059631517741930490590284721003955059673161110578290891948031","7758703378874425295012906352138220585149514059631517741930490590284721003955059673161110578291965689857","-341"],"imag":["0","0","0"]}
{"type":"angle","q":12,"p":-20,"scale":3,"op":"cot","phase":0,"ok":1,"poly":["-1","0","3"],"real":["52737397733379725446751724873925785405868761865","52737397733379725446751724873925785406453816567","-156"],"imag":["0","0","0"]}
{"type":"angle","q":12,"p":-20,"scale":3,"op":"cot","phase":1,"ok":1,"poly":["-1","0","3"],"real":["5172468919249616863341937568092147056766342706421011827953660393523147335970039782107407052193749008383","5172468919249616863341937568092147056766342706421011827953660393523147335970039782107407052194822750209","-342"],"imag":["0","0","0"]}
{"type":"angle","q":12,"p":-20,"scale":3,"op":"sec","phase":0,"ok":1,"poly":["-2","1"],"real":["1","1","1"],"imag":["0","0","0"]}
{"type":"angle","q":12,"p":-20,"scale":3,"op":"sec","phase":1,"ok":1,"poly":["-2","1"],"real":["1","1","1"],"imag":["0","0","0"]}
{"type":"angle","q":12,"p":-20,"scale":3,"op":"csc","phase":0,"ok":1,"poly":["-4","0","3"],"real":["52737397733379725446751724873925785405868761865","52737397733379725446751724873925785406453816567","-155"],"imag":["0","0","0"]}
{"type":"angle","q":12,"p":-20,"scale":3,"op":"csc","phase":1,"ok":1,"poly":["-4","0","3"],"real":["5172468919249616863341937568092147056766342706421011827953660393523147335970039782107407052193749008383","5172468919249616863341937568092147056766342706421011827953660393523147335970039782107407052194822750209","-341"],"imag":["0","0","0"]}
{"type":"angle","q":12,"p":-19,"scale":1,"op":"root","phase":0,"ok":1,"poly":["1","0","-1","0","1"],"real":["-210300076476156892817421832906076868413144174248499808223378102408488511827176361837","-210300076476156892817421832906076868413144174248499808223378102408488511826958880915","-277"],"imag":["485667223056432267729865476705879726660601709763034880312953102434726071300864378819","485667223056432267729865476705879726660601709763034880312953102434726071301734082621","-279"],"recognized":1,"nullRecognized":1,"rp":5,"rq":12}
{"type":"angle","q":12,"p":-19,"scale":1,"op":"root","phase":1,"ok":1,"poly":["1","0","-1","0","1"],"real":["-7758703378874425295012906352138220585149514059631517741930490590284721003955059673161110578291965689857","-7758703378874425295012906352138220585149514059631517741930490590284721003955059673161110578290891948031","-342"],"imag":["4479489484355608421114884561136888556243290994469299069799978201927583742360321890761754986542677360639","4479489484355608421114884561136888556243290994469299069799978201927583742360321890761754986543751102465","-342"],"recognized":1,"nullRecognized":1,"rp":5,"rq":12}
{"type":"angle","q":12,"p":-19,"scale":1,"op":"exp","phase":0,"ok":1,"poly":["1","0","0","0","-1","0","0","0","1"],"real":["7856245431816172162290389709064248614441352398402864854822025460265653792029506909","7856245431816172162290389709064248614441352398402864854822025460265653792242478755","-274"],"imag":["234559256866150787459725855090776802379876646209155615929250027604659460141831264397","234559256866150787459725855090776802379876646209155615929250027604659460143536105331","-277"],"recognized":1,"nullRecognized":1,"rp":5,"rq":24}
{"type":"angle","q":12,"p":-19,"scale":1,"op":"exp","phase":1,"ok":1,"poly":["1","0","0","0","-1","0","0","0","1"],"real":["4637508763550806755267699943783311449087385184433440142669453830584931828904585217251269117118351671295","4637508763550806755267699943783311449087385184433440142669453830584931828904585217251269117119425413121","-343"],"imag":["8653709163058766985308234061084729743327048649507626793351847950658825964650651574936180574224126050303","8653709163058766985308234061084729743327048649507626793351847950658825964650651574936180574225199792129","-342"],"recognized":1,"nullRecognized":1,"rp":5,"rq":24}
{"type":"angle","q":12,"p":-19,"scale":1,"op":"sin","phase":0,"ok":1,"poly":["1","0","-16","0","16"],"real":["88231386041354913186055833979011159035556940139","88231386041354913186055833979011159037185865365","-156"],"imag":["0","0","0"]}
{"type":"angle","q":12,"p":-19,"scale":1,"op":"sin","phase":1,"ok":1,"poly":["1","0","-16","0","16"],"real":["8653709163058766985308234061084729743327048649507626793351847950658825964650651574936180574224126050303","8653709163058766985308234061084729743327048649507626793351847950658825964650651574936180574225199792129","-342"],"imag":["0","0","0"]}
{"type":"angle","q":12,"p":-19,"scale":1,"op":"cos","phase":0,"ok":1,"poly":["1","0","-16","0","16"],"real":["446575849754036207871785660987839526935735670940793218893646932543497","446575849754036207871785660987839526935735670940793218893647225485303","-230"],"imag":["0","0","0"]}
{"type":"angle","q":12,"p":-19,"scale":1,"op":"cos","phase":1,"ok":1,"poly":["1","0","-16","0","16"],"real":["4637508763550806755267699943783311449087385184433440142669453830584931828904585217251269117118351671295","4637508763550806755267699943783311449087385184433440142669453830584931828904585217251269117119425413121","-343"],"imag":["0","0","0"]}
{"type":"angle","q":12,"p":-19,"scale":1,"op":"tan","phase":0,"ok":1,"poly":["1","-4","1"],"real":["6439417006793818056314003275403716937481775476186630390598318790068423","6439417006793818056314003275403716937481775476186630390598319941302073","-230"],"imag":["0","0","0"]}
{"type":"angle","q":12,"p":-19,"scale":1,"op":"tan","phase":1,"ok":1,"poly":["1","-4","1"],"real":["8358841173792821068621337737205998848818048024285057940765223497069944244337851727342310275688123334655","8358841173792821068621337737205998848818048024285057940765223497069944244337851727342310275689197076481","-340"],"imag":["0","0","0"]}
{"type":"angle","q":12,"p":-19,"scale":1,"op":"cot","phase":0,"ok":1,"poly":["1","-4","1"],"real":["24475511466223688435205429467758021238266869087","24475511466223688435205429467758021238748531361","-156"],"imag":["0","0","0"]}
{"type":"angle","q":12,"p":-19,"scale":1,"op":"cot","phase":1,"ok":1,"poly":["1","-4","1"],"real":["4801102359347166188867451080542226109348271717228321590677863254281785923062336433449597579177851092991","4801102359347166188867451080542226109348271717228321590677863254281785923062336433449597579178924834817","-343"],"imag":["0","0","0"]}
{"type":"angle","q":12,"p":-19,"scale":1,"op":"sec","phase":0,"ok":1,"poly":["16","0","-16","0","1"],"real":["44115693020677456593027916989505579517818058217","44115693020677456593027916989505579518553344535","-153"],"imag":["0","0","0"]}
{"type":"angle","q":12,"p":-19,"scale":1,"op":"sec","phase":1,"ok":1,"poly":["16","0","-16","0","1"],"real":["8653709163058766985308234061084729743327048649507626793351847950658825964650651574936180574224126050303","8653709163058766985308234061084729743327048649507626793351847950658825964650651574936180574225199792129","-340"],"imag":["0","0","0"]}
{"type":"angle","q":12,"p":-19,"scale":1,"op":"csc","phase":0,"ok":1,"poly":["16","0","-16","0","1"],"real":["446575849754036207871785660987839526935735670940793218893646932543497","446575849754036207871785660987839526935735670940793218893647225485303","-228"],"imag":["0","0","0"]}
{"type":"angle","q":12,"p":-19,"scale":1,"op":"csc","phase":1,"ok":1,"poly":["16","0","-16","0","1"],"real":["4637508763550806755267699943783311449087385184433440142669453830584931828904585217251269117118351671295","4637508763550806755267699943783311449087385184433440142669453830584931828904585217251269117119425413121","-341"],"imag":["0","0","0"]}
{"type":"angle","q":12,"p":-19,"scale":3,"op":"root","phase":0,"ok":1,"poly":["1","0","-1","0","1"],"real":["-210300076476156892817421832906076868413144174248499808223378102408488511827176361837","-210300076476156892817421832906076868413144174248499808223378102408488511826958880915","-277"],"imag":["485667223056432267729865476705879726660601709763034880312953102434726071300864378819","485667223056432267729865476705879726660601709763034880312953102434726071301734082621","-279"],"recognized":1,"nullRecognized":1,"rp":5,"rq":12}
{"type":"angle","q":12,"p":-19,"scale":3,"op":"root","phase":1,"ok":1,"poly":["1","0","-1","0","1"],"real":["-7758703378874425295012906352138220585149514059631517741930490590284721003955059673161110578291965689857","-7758703378874425295012906352138220585149514059631517741930490590284721003955059673161110578290891948031","-342"],"imag":["4479489484355608421114884561136888556243290994469299069799978201927583742360321890761754986542677360639","4479489484355608421114884561136888556243290994469299069799978201927583742360321890761754986543751102465","-342"],"recognized":1,"nullRecognized":1,"rp":5,"rq":12}
{"type":"angle","q":12,"p":-19,"scale":3,"op":"exp","phase":0,"ok":1,"poly":["1","0","0","0","-1","0","0","0","1"],"real":["7856245431816172162290389709064248614441352398402864854822025460265653792029506909","7856245431816172162290389709064248614441352398402864854822025460265653792242478755","-274"],"imag":["234559256866150787459725855090776802379876646209155615929250027604659460141831264397","234559256866150787459725855090776802379876646209155615929250027604659460143536105331","-277"],"recognized":1,"nullRecognized":1,"rp":5,"rq":24}
{"type":"angle","q":12,"p":-19,"scale":3,"op":"exp","phase":1,"ok":1,"poly":["1","0","0","0","-1","0","0","0","1"],"real":["4637508763550806755267699943783311449087385184433440142669453830584931828904585217251269117118351671295","4637508763550806755267699943783311449087385184433440142669453830584931828904585217251269117119425413121","-343"],"imag":["8653709163058766985308234061084729743327048649507626793351847950658825964650651574936180574224126050303","8653709163058766985308234061084729743327048649507626793351847950658825964650651574936180574225199792129","-342"],"recognized":1,"nullRecognized":1,"rp":5,"rq":24}
{"type":"angle","q":12,"p":-19,"scale":3,"op":"sin","phase":0,"ok":1,"poly":["1","0","-16","0","16"],"real":["88231386041354913186055833979011159035556940139","88231386041354913186055833979011159037185865365","-156"],"imag":["0","0","0"]}
{"type":"angle","q":12,"p":-19,"scale":3,"op":"sin","phase":1,"ok":1,"poly":["1","0","-16","0","16"],"real":["8653709163058766985308234061084729743327048649507626793351847950658825964650651574936180574224126050303","8653709163058766985308234061084729743327048649507626793351847950658825964650651574936180574225199792129","-342"],"imag":["0","0","0"]}
{"type":"angle","q":12,"p":-19,"scale":3,"op":"cos","phase":0,"ok":1,"poly":["1","0","-16","0","16"],"real":["446575849754036207871785660987839526935735670940793218893646932543497","446575849754036207871785660987839526935735670940793218893647225485303","-230"],"imag":["0","0","0"]}
{"type":"angle","q":12,"p":-19,"scale":3,"op":"cos","phase":1,"ok":1,"poly":["1","0","-16","0","16"],"real":["4637508763550806755267699943783311449087385184433440142669453830584931828904585217251269117118351671295","4637508763550806755267699943783311449087385184433440142669453830584931828904585217251269117119425413121","-343"],"imag":["0","0","0"]}
{"type":"angle","q":12,"p":-19,"scale":3,"op":"tan","phase":0,"ok":1,"poly":["1","-4","1"],"real":["6439417006793818056314003275403716937481775476186630390598318790068423","6439417006793818056314003275403716937481775476186630390598319941302073","-230"],"imag":["0","0","0"]}
{"type":"angle","q":12,"p":-19,"scale":3,"op":"tan","phase":1,"ok":1,"poly":["1","-4","1"],"real":["8358841173792821068621337737205998848818048024285057940765223497069944244337851727342310275688123334655","8358841173792821068621337737205998848818048024285057940765223497069944244337851727342310275689197076481","-340"],"imag":["0","0","0"]}
{"type":"angle","q":12,"p":-19,"scale":3,"op":"cot","phase":0,"ok":1,"poly":["1","-4","1"],"real":["24475511466223688435205429467758021238266869087","24475511466223688435205429467758021238748531361","-156"],"imag":["0","0","0"]}
{"type":"angle","q":12,"p":-19,"scale":3,"op":"cot","phase":1,"ok":1,"poly":["1","-4","1"],"real":["4801102359347166188867451080542226109348271717228321590677863254281785923062336433449597579177851092991","4801102359347166188867451080542226109348271717228321590677863254281785923062336433449597579178924834817","-343"],"imag":["0","0","0"]}
{"type":"angle","q":12,"p":-19,"scale":3,"op":"sec","phase":0,"ok":1,"poly":["16","0","-16","0","1"],"real":["44115693020677456593027916989505579517818058217","44115693020677456593027916989505579518553344535","-153"],"imag":["0","0","0"]}
{"type":"angle","q":12,"p":-19,"scale":3,"op":"sec","phase":1,"ok":1,"poly":["16","0","-16","0","1"],"real":["8653709163058766985308234061084729743327048649507626793351847950658825964650651574936180574224126050303","8653709163058766985308234061084729743327048649507626793351847950658825964650651574936180574225199792129","-340"],"imag":["0","0","0"]}
{"type":"angle","q":12,"p":-19,"scale":3,"op":"csc","phase":0,"ok":1,"poly":["16","0","-16","0","1"],"real":["446575849754036207871785660987839526935735670940793218893646932543497","446575849754036207871785660987839526935735670940793218893647225485303","-228"],"imag":["0","0","0"]}
{"type":"angle","q":12,"p":-19,"scale":3,"op":"csc","phase":1,"ok":1,"poly":["16","0","-16","0","1"],"real":["4637508763550806755267699943783311449087385184433440142669453830584931828904585217251269117118351671295","4637508763550806755267699943783311449087385184433440142669453830584931828904585217251269117119425413121","-341"],"imag":["0","0","0"]}
{"type":"angle","q":12,"p":-18,"scale":1,"op":"root","phase":0,"ok":1,"poly":["1","1"],"real":["-1","-1","0"],"imag":["0","0","0"],"recognized":1,"nullRecognized":1,"rp":1,"rq":2}
{"type":"angle","q":12,"p":-18,"scale":1,"op":"root","phase":1,"ok":1,"poly":["1","1"],"real":["-1","-1","0"],"imag":["0","0","0"],"recognized":1,"nullRecognized":1,"rp":1,"rq":2}
{"type":"angle","q":12,"p":-18,"scale":1,"op":"exp","phase":0,"ok":1,"poly":["1","0","1"],"real":["0","0","0"],"imag":["1","1","0"],"recognized":1,"nullRecognized":1,"rp":1,"rq":4}
{"type":"angle","q":12,"p":-18,"scale":1,"op":"exp","phase":1,"ok":1,"poly":["1","0","1"],"real":["0","0","0"],"imag":["1","1","0"],"recognized":1,"nullRecognized":1,"rp":1,"rq":4}
{"type":"angle","q":12,"p":-18,"scale":1,"op":"sin","phase":0,"ok":1,"poly":["-1","1"],"real":["1","1","0"],"imag":["0","0","0"]}
{"type":"angle","q":12,"p":-18,"scale":1,"op":"sin","phase":1,"ok":1,"poly":["-1","1"],"real":["1","1","0"],"imag":["0","0","0"]}
{"type":"angle","q":12,"p":-18,"scale":1,"op":"cos","phase":0,"ok":1,"poly":["0","1"],"real":["0","0","0"],"imag":["0","0","0"]}
{"type":"angle","q":12,"p":-18,"scale":1,"op":"cos","phase":1,"ok":1,"poly":["0","1"],"real":["0","0","0"],"imag":["0","0","0"]}
{"type":"angle","q":12,"p":-18,"scale":1,"op":"tan","phase":0,"ok":0}
{"type":"angle","q":12,"p":-18,"scale":1,"op":"tan","phase":1,"ok":0}
{"type":"angle","q":12,"p":-18,"scale":1,"op":"cot","phase":0,"ok":1,"poly":["0","1"],"real":["0","0","0"],"imag":["0","0","0"]}
{"type":"angle","q":12,"p":-18,"scale":1,"op":"cot","phase":1,"ok":1,"poly":["0","1"],"real":["0","0","0"],"imag":["0","0","0"]}
{"type":"angle","q":12,"p":-18,"scale":1,"op":"sec","phase":0,"ok":0}
{"type":"angle","q":12,"p":-18,"scale":1,"op":"sec","phase":1,"ok":0}
{"type":"angle","q":12,"p":-18,"scale":1,"op":"csc","phase":0,"ok":1,"poly":["-1","1"],"real":["1","1","0"],"imag":["0","0","0"]}
{"type":"angle","q":12,"p":-18,"scale":1,"op":"csc","phase":1,"ok":1,"poly":["-1","1"],"real":["1","1","0"],"imag":["0","0","0"]}
{"type":"angle","q":12,"p":-18,"scale":3,"op":"root","phase":0,"ok":1,"poly":["1","1"],"real":["-1","-1","0"],"imag":["0","0","0"],"recognized":1,"nullRecognized":1,"rp":1,"rq":2}
{"type":"angle","q":12,"p":-18,"scale":3,"op":"root","phase":1,"ok":1,"poly":["1","1"],"real":["-1","-1","0"],"imag":["0","0","0"],"recognized":1,"nullRecognized":1,"rp":1,"rq":2}
{"type":"angle","q":12,"p":-18,"scale":3,"op":"exp","phase":0,"ok":1,"poly":["1","0","1"],"real":["0","0","0"],"imag":["1","1","0"],"recognized":1,"nullRecognized":1,"rp":1,"rq":4}
{"type":"angle","q":12,"p":-18,"scale":3,"op":"exp","phase":1,"ok":1,"poly":["1","0","1"],"real":["0","0","0"],"imag":["1","1","0"],"recognized":1,"nullRecognized":1,"rp":1,"rq":4}
{"type":"angle","q":12,"p":-18,"scale":3,"op":"sin","phase":0,"ok":1,"poly":["-1","1"],"real":["1","1","0"],"imag":["0","0","0"]}
{"type":"angle","q":12,"p":-18,"scale":3,"op":"sin","phase":1,"ok":1,"poly":["-1","1"],"real":["1","1","0"],"imag":["0","0","0"]}
{"type":"angle","q":12,"p":-18,"scale":3,"op":"cos","phase":0,"ok":1,"poly":["0","1"],"real":["0","0","0"],"imag":["0","0","0"]}
{"type":"angle","q":12,"p":-18,"scale":3,"op":"cos","phase":1,"ok":1,"poly":["0","1"],"real":["0","0","0"],"imag":["0","0","0"]}
{"type":"angle","q":12,"p":-18,"scale":3,"op":"tan","phase":0,"ok":0}
{"type":"angle","q":12,"p":-18,"scale":3,"op":"tan","phase":1,"ok":0}
{"type":"angle","q":12,"p":-18,"scale":3,"op":"cot","phase":0,"ok":1,"poly":["0","1"],"real":["0","0","0"],"imag":["0","0","0"]}
{"type":"angle","q":12,"p":-18,"scale":3,"op":"cot","phase":1,"ok":1,"poly":["0","1"],"real":["0","0","0"],"imag":["0","0","0"]}
{"type":"angle","q":12,"p":-18,"scale":3,"op":"sec","phase":0,"ok":0}
{"type":"angle","q":12,"p":-18,"scale":3,"op":"sec","phase":1,"ok":0}
{"type":"angle","q":12,"p":-18,"scale":3,"op":"csc","phase":0,"ok":1,"poly":["-1","1"],"real":["1","1","0"],"imag":["0","0","0"]}
{"type":"angle","q":12,"p":-18,"scale":3,"op":"csc","phase":1,"ok":1,"poly":["-1","1"],"real":["1","1","0"],"imag":["0","0","0"]}
{"type":"angle","q":12,"p":-17,"scale":1,"op":"root","phase":0,"ok":1,"poly":["1","0","-1","0","1"],"real":["-210300076476156892817421832906076868413144174248499808223378102408488511827176361837","-210300076476156892817421832906076868413144174248499808223378102408488511826958880915","-277"],"imag":["-485667223056432267729865476705879726660601709763034880312953102434726071301734082621","-485667223056432267729865476705879726660601709763034880312953102434726071300864378819","-279"],"recognized":1,"nullRecognized":1,"rp":7,"rq":12}
{"type":"angle","q":12,"p":-17,"scale":1,"op":"root","phase":1,"ok":1,"poly":["1","0","-1","0","1"],"real":["-7758703378874425295012906352138220585149514059631517741930490590284721003955059673161110578291965689857","-7758703378874425295012906352138220585149514059631517741930490590284721003955059673161110578290891948031","-342"],"imag":["-4479489484355608421114884561136888556243290994469299069799978201927583742360321890761754986543751102465","-4479489484355608421114884561136888556243290994469299069799978201927583742360321890761754986542677360639","-342"],"recognized":1,"nullRecognized":1,"rp":7,"rq":12}
{"type":"angle","q":12,"p":-17,"scale":1,"op":"exp","phase":0,"ok":1,"poly":["1","0","0","0","-1","0","0","0","1"],"real":["-7856245431816172162290389709064248614441352398402864854822025460265653792242478755","-7856245431816172162290389709064248614441352398402864854822025460265653792029506909","-274"],"imag":["234559256866150787459725855090776802379876646209155615929250027604659460141831264397","234559256866150787459725855090776802379876646209155615929250027604659460143536105331","-277"],"recognized":1,"nullRecognized":1,"rp":7,"rq":24}
{"type":"angle","q":12,"p":-17,"scale":1,"op":"exp","phase":1,"ok":1,"poly":["1","0","0","0","-1","0","0","0","1"],"real":["-4637508763550806755267699943783311449087385184433440142669453830584931828904585217251269117119425413121","-4637508763550806755267699943783311449087385184433440142669453830584931828904585217251269117118351671295","-343"],"imag":["8653709163058766985308234061084729743327048649507626793351847950658825964650651574936180574224126050303","8653709163058766985308234061084729743327048649507626793351847950658825964650651574936180574225199792129","-342"],"recognized":1,"nullRecognized":1,"rp":7,"rq":24}
{"type":"angle","q":12,"p":-17,"scale":1,"op":"sin","phase":0,"ok":1,"poly":["1","0","-16","0","16"],"real":["88231386041354913186055833979011159035556940139","88231386041354913186055833979011159037185865365","-156"],"imag":["0","0","0"]}
{"type":"angle","q":12,"p":-17,"scale":1,"op":"sin","phase":1,"ok":1,"poly":["1","0","-16","0","16"],"real":["8653709163058766985308234061084729743327048649507626793351847950658825964650651574936180574224126050303","8653709163058766985308234061084729743327048649507626793351847950658825964650651574936180574225199792129","-342"],"imag":["0","0","0"]}
{"type":"angle","q":12,"p":-17,"scale":1,"op":"cos","phase":0,"ok":1,"poly":["1","0","-16","0","16"],"real":["-446575849754036207871785660987839526935735670940793218893647225485303","-446575849754036207871785660987839526935735670940793218893646932543497","-230"],"imag":["0","0","0"]}
{"type":"angle","q":12,"p":-17,"scale":1,"op":"cos","phase":1,"ok":1,"poly":["1","0","-16","0","16"],"real":["-4637508763550806755267699943783311449087385184433440142669453830584931828904585217251269117119425413121","-4637508763550806755267699943783311449087385184433440142669453830584931828904585217251269117118351671295","-343"],"imag":["0","0","0"]}
{"type":"angle","q":12,"p":-17,"scale":1,"op":"tan","phase":0,"ok":1,"poly":["1","4","1"],"real":["-6439417006793818056314003275403716937481775476186630390598319941302073","-6439417006793818056314003275403716937481775476186630390598318790068423","-230"],"imag":["0","0","0"]}
{"type":"angle","q":12,"p":-17,"scale":1,"op":"tan","phase":1,"ok":1,"poly":["1","4","1"],"real":["-8358841173792821068621337737205998848818048024285057940765223497069944244337851727342310275689197076481","-8358841173792821068621337737205998848818048024285057940765223497069944244337851727342310275688123334655","-340"],"imag":["0","0","0"]}
{"type":"angle","q":12,"p":-17,"scale":1,"op":"cot","phase":0,"ok":1,"poly":["1","4","1"],"real":["-24475511466223688435205429467758021238748531361","-24475511466223688435205429467758021238266869087","-156"],"imag":["0","0","0"]}
{"type":"angle","q":12,"p":-17,"scale":1,"op":"cot","phase":1,"ok":1,"poly":["1","4","1"],"real":["-4801102359347166188867451080542226109348271717228321590677863254281785923062336433449597579178924834817","-4801102359347166188867451080542226109348271717228321590677863254281785923062336433449597579177851092991","-343"],"imag":["0","0","0"]}
{"type":"angle","q":12,"p":-17,"scale":1,"op":"sec","phase":0,"ok":1,"poly":["16","0","-16","0","1"],"real":["-44115693020677456593027916989505579518553344535","-44115693020677456593027916989505579517818058217","-153"],"imag":["0","0","0"]}
{"type":"angle","q":12,"p":-17,"scale":1,"op":"sec","phase":1,"ok":1,"poly":["16","0","-16","0","1"],"real":["-8653709163058766985308234061084729743327048649507626793351847950658825964650651574936180574225199792129","-8653709163058766985308234061084729743327048649507626793351847950658825964650651574936180574224126050303","-340"],"imag":["0","0","0"]}
{"type":"angle","q":12,"p":-17,"scale":1,"op":"csc","phase":0,"ok":1,"poly":["16","0","-16","0","1"],"real":["446575849754036207871785660987839526935735670940793218893646932543497","446575849754036207871785660987839526935735670940793218893647225485303","-228"],"imag":["0","0","0"]}
{"type":"angle","q":12,"p":-17,"scale":1,"op":"csc","phase":1,"ok":1,"poly":["16","0","-16","0","1"],"real":["4637508763550806755267699943783311449087385184433440142669453830584931828904585217251269117118351671295","4637508763550806755267699943783311449087385184433440142669453830584931828904585217251269117119425413121","-341"],"imag":["0","0","0"]}
{"type":"angle","q":12,"p":-17,"scale":3,"op":"root","phase":0,"ok":1,"poly":["1","0","-1","0","1"],"real":["-210300076476156892817421832906076868413144174248499808223378102408488511827176361837","-210300076476156892817421832906076868413144174248499808223378102408488511826958880915","-277"],"imag":["-485667223056432267729865476705879726660601709763034880312953102434726071301734082621","-485667223056432267729865476705879726660601709763034880312953102434726071300864378819","-279"],"recognized":1,"nullRecognized":1,"rp":7,"rq":12}
{"type":"angle","q":12,"p":-17,"scale":3,"op":"root","phase":1,"ok":1,"poly":["1","0","-1","0","1"],"real":["-7758703378874425295012906352138220585149514059631517741930490590284721003955059673161110578291965689857","-7758703378874425295012906352138220585149514059631517741930490590284721003955059673161110578290891948031","-342"],"imag":["-4479489484355608421114884561136888556243290994469299069799978201927583742360321890761754986543751102465","-4479489484355608421114884561136888556243290994469299069799978201927583742360321890761754986542677360639","-342"],"recognized":1,"nullRecognized":1,"rp":7,"rq":12}
{"type":"angle","q":12,"p":-17,"scale":3,"op":"exp","phase":0,"ok":1,"poly":["1","0","0","0","-1","0","0","0","1"],"real":["-7856245431816172162290389709064248614441352398402864854822025460265653792242478755","-7856245431816172162290389709064248614441352398402864854822025460265653792029506909","-274"],"imag":["234559256866150787459725855090776802379876646209155615929250027604659460141831264397","234559256866150787459725855090776802379876646209155615929250027604659460143536105331","-277"],"recognized":1,"nullRecognized":1,"rp":7,"rq":24}
{"type":"angle","q":12,"p":-17,"scale":3,"op":"exp","phase":1,"ok":1,"poly":["1","0","0","0","-1","0","0","0","1"],"real":["-4637508763550806755267699943783311449087385184433440142669453830584931828904585217251269117119425413121","-4637508763550806755267699943783311449087385184433440142669453830584931828904585217251269117118351671295","-343"],"imag":["8653709163058766985308234061084729743327048649507626793351847950658825964650651574936180574224126050303","8653709163058766985308234061084729743327048649507626793351847950658825964650651574936180574225199792129","-342"],"recognized":1,"nullRecognized":1,"rp":7,"rq":24}
{"type":"angle","q":12,"p":-17,"scale":3,"op":"sin","phase":0,"ok":1,"poly":["1","0","-16","0","16"],"real":["88231386041354913186055833979011159035556940139","88231386041354913186055833979011159037185865365","-156"],"imag":["0","0","0"]}
{"type":"angle","q":12,"p":-17,"scale":3,"op":"sin","phase":1,"ok":1,"poly":["1","0","-16","0","16"],"real":["8653709163058766985308234061084729743327048649507626793351847950658825964650651574936180574224126050303","8653709163058766985308234061084729743327048649507626793351847950658825964650651574936180574225199792129","-342"],"imag":["0","0","0"]}
{"type":"angle","q":12,"p":-17,"scale":3,"op":"cos","phase":0,"ok":1,"poly":["1","0","-16","0","16"],"real":["-446575849754036207871785660987839526935735670940793218893647225485303","-446575849754036207871785660987839526935735670940793218893646932543497","-230"],"imag":["0","0","0"]}
{"type":"angle","q":12,"p":-17,"scale":3,"op":"cos","phase":1,"ok":1,"poly":["1","0","-16","0","16"],"real":["-4637508763550806755267699943783311449087385184433440142669453830584931828904585217251269117119425413121","-4637508763550806755267699943783311449087385184433440142669453830584931828904585217251269117118351671295","-343"],"imag":["0","0","0"]}
{"type":"angle","q":12,"p":-17,"scale":3,"op":"tan","phase":0,"ok":1,"poly":["1","4","1"],"real":["-6439417006793818056314003275403716937481775476186630390598319941302073","-6439417006793818056314003275403716937481775476186630390598318790068423","-230"],"imag":["0","0","0"]}
{"type":"angle","q":12,"p":-17,"scale":3,"op":"tan","phase":1,"ok":1,"poly":["1","4","1"],"real":["-8358841173792821068621337737205998848818048024285057940765223497069944244337851727342310275689197076481","-8358841173792821068621337737205998848818048024285057940765223497069944244337851727342310275688123334655","-340"],"imag":["0","0","0"]}
{"type":"angle","q":12,"p":-17,"scale":3,"op":"cot","phase":0,"ok":1,"poly":["1","4","1"],"real":["-24475511466223688435205429467758021238748531361","-24475511466223688435205429467758021238266869087","-156"],"imag":["0","0","0"]}
{"type":"angle","q":12,"p":-17,"scale":3,"op":"cot","phase":1,"ok":1,"poly":["1","4","1"],"real":["-4801102359347166188867451080542226109348271717228321590677863254281785923062336433449597579178924834817","-4801102359347166188867451080542226109348271717228321590677863254281785923062336433449597579177851092991","-343"],"imag":["0","0","0"]}
{"type":"angle","q":12,"p":-17,"scale":3,"op":"sec","phase":0,"ok":1,"poly":["16","0","-16","0","1"],"real":["-44115693020677456593027916989505579518553344535","-44115693020677456593027916989505579517818058217","-153"],"imag":["0","0","0"]}
{"type":"angle","q":12,"p":-17,"scale":3,"op":"sec","phase":1,"ok":1,"poly":["16","0","-16","0","1"],"real":["-8653709163058766985308234061084729743327048649507626793351847950658825964650651574936180574225199792129","-8653709163058766985308234061084729743327048649507626793351847950658825964650651574936180574224126050303","-340"],"imag":["0","0","0"]}
{"type":"angle","q":12,"p":-17,"scale":3,"op":"csc","phase":0,"ok":1,"poly":["16","0","-16","0","1"],"real":["446575849754036207871785660987839526935735670940793218893646932543497","446575849754036207871785660987839526935735670940793218893647225485303","-228"],"imag":["0","0","0"]}
{"type":"angle","q":12,"p":-17,"scale":3,"op":"csc","phase":1,"ok":1,"poly":["16","0","-16","0","1"],"real":["4637508763550806755267699943783311449087385184433440142669453830584931828904585217251269117118351671295","4637508763550806755267699943783311449087385184433440142669453830584931828904585217251269117119425413121","-341"],"imag":["0","0","0"]}
{"type":"angle","q":12,"p":-16,"scale":1,"op":"root","phase":0,"ok":1,"poly":["1","1","1"],"real":["-2923003274661805836407369665432566039312575708607","-2923003274661805836407369665432566039311154463297","-162"],"imag":["-9888262075008698521265948413861084763695613837","-9888262075008698521265948413861084763581315187","-153"],"recognized":1,"nullRecognized":1,"rp":2,"rq":3}
{"type":"angle","q":12,"p":-16,"scale":1,"op":"root","phase":1,"ok":1,"poly":["1","1","1"],"real":["-115172193140305827399949785796761135587064246228529065807379342658863042065190089480167441564259605943037975312218134915154131611020654072038617988630148194794852651","-115172193140305827399949785796761135587064246228529065807379342658863042065190089480167441564259605943037975312218134915154131611020654072038617988630148194588045013","-546"],"imag":["-7758703378874425295012906352138220585149514059631517741930490590284721003955059673161110578291965689857","-7758703378874425295012906352138220585149514059631517741930490590284721003955059673161110578290891948031","-342"],"recognized":1,"nullRecognized":1,"rp":2,"rq":3}
{"type":"angle","q":12,"p":-16,"scale":1,"op":"exp","phase":0,"ok":1,"poly":["1","1","1"],"real":["-2923003274661805836407369665432566039312575708607","-2923003274661805836407369665432566039311154463297","-162"],"imag":["9888262075008698521265948413861084763581315187","9888262075008698521265948413861084763695613837","-153"],"recognized":1,"nullRecognized":1,"rp":1,"rq":3}
{"type":"angle","q":12,"p":-16,"scale":1,"op":"exp","phase":1,"ok":1,"poly":["1","1","1"],"real":["-115172193140305827399949785796761135587064246228529065807379342658863042065190089480167441564259605943037975312218134915154131611020654072038617988630148194794852651","-115172193140305827399949785796761135587064246228529065807379342658863042065190089480167441564259605943037975312218134915154131611020654072038617988630148194588045013","-546"],"imag":["7758703378874425295012906352138220585149514059631517741930490590284721003955059673161110578290891948031","7758703378874425295012906352138220585149514059631517741930490590284721003955059673161110578291965689857","-342"],"recognized":1,"nullRecognized":1,"rp":1,"rq":3}
{"type":"angle","q":12,"p":-16,"scale":1,"op":"sin","phase":0,"ok":1,"poly":["-3","0","4"],"real":["158212193200139176340255174621777356217301037233","158212193200139176340255174621777356219129827151","-157"],"imag":["0","0","0"]}
{"type":"angle","q":12,"p":-16,"scale":1,"op":"sin","phase":1,"ok":1,"poly":["-3","0","4"],"real":["7758703378874425295012906352138220585149514059631517741930490590284721003955059673161110578290891948031","7758703378874425295012906352138220585149514059631517741930490590284721003955059673161110578291965689857","-342"],"imag":["0","0","0"]}
{"type":"angle","q":12,"p":-16,"scale":1,"op":"cos","phase":0,"ok":1,"poly":["1","2"],"real":["-1","-1","-1"],"imag":["0","0","0"]}
{"type":"angle","q":12,"p":-16,"scale":1,"op":"cos","phase":1,"ok":1,"poly":["1","2"],"real":["-1","-1","-1"],"imag":["0","0","0"]}
{"type":"angle","q":12,"p":-16,"scale":1,"op":"tan","phase":0,"ok":1,"poly":["-3","0","1"],"real":["-294693174213430241384087455685767077317","-294693174213430241384087455685767077315","-127"],"imag":["0","0","0"]}
{"type":"angle","q":12,"p":-16,"scale":1,"op":"tan","phase":1,"ok":1,"poly":["-3","0","1"],"real":["-7758703378874425295012906352138220585149514059631517741930490590284721003955059673161110578291965689857","-7758703378874425295012906352138220585149514059631517741930490590284721003955059673161110578290891948031","-341"],"imag":["0","0","0"]}
{"type":"angle","q":12,"p":-16,"scale":1,"op":"cot","phase":0,"ok":1,"poly":["-1","0","3"],"real":["-52737397733379725446751724873925785406453816567","-52737397733379725446751724873925785405868761865","-156"],"imag":["0","0","0"]}
{"type":"angle","q":12,"p":-16,"scale":1,"op":"cot","phase":1,"ok":1,"poly":["-1","0","3"],"real":["-5172468919249616863341937568092147056766342706421011827953660393523147335970039782107407052194822750209","-5172468919249616863341937568092147056766342706421011827953660393523147335970039782107407052193749008383","-342"],"imag":["0","0","0"]}
{"type":"angle","q":12,"p":-16,"scale":1,"op":"sec","phase":0,"ok":1,"poly":["2","1"],"real":["-1","-1","1"],"imag":["0","0","0"]}
{"type":"angle","q":12,"p":-16,"scale":1,"op":"sec","phase":1,"ok":1,"poly":["2","1"],"real":["-1","-1","1"],"imag":["0","0","0"]}
{"type":"angle","q":12,"p":-16,"scale":1,"op":"csc","phase":0,"ok":1,"poly":["-4","0","3"],"real":["52737397733379725446751724873925785405868761865","52737397733379725446751724873925785406453816567","-155"],"imag":["0","0","0"]}
{"type":"angle","q":12,"p":-16,"scale":1,"op":"csc","phase":1,"ok":1,"poly":["-4","0","3"],"real":["5172468919249616863341937568092147056766342706421011827953660393523147335970039782107407052193749008383","5172468919249616863341937568092147056766342706421011827953660393523147335970039782107407052194822750209","-341"],"imag":["0","0","0"]}
{"type":"angle","q":12,"p":-16,"scale":3,"op":"root","phase":0,"ok":1,"poly":["1","1","1"],"real":["-2923003274661805836407369665432566039312575708607","-2923003274661805836407369665432566039311154463297","-162"],"imag":["-9888262075008698521265948413861084763695613837","-9888262075008698521265948413861084763581315187","-153"],"recognized":1,"nullRecognized":1,"rp":2,"rq":3}
{"type":"angle","q":12,"p":-16,"scale":3,"op":"root","phase":1,"ok":1,"poly":["1","1","1"],"real":["-115172193140305827399949785796761135587064246228529065807379342658863042065190089480167441564259605943037975312218134915154131611020654072038617988630148194794852651","-115172193140305827399949785796761135587064246228529065807379342658863042065190089480167441564259605943037975312218134915154131611020654072038617988630148194588045013","-546"],"imag":["-7758703378874425295012906352138220585149514059631517741930490590284721003955059673161110578291965689857","-7758703378874425295012906352138220585149514059631517741930490590284721003955059673161110578290891948031","-342"],"recognized":1,"nullRecognized":1,"rp":2,"rq":3}
{"type":"angle","q":12,"p":-16,"scale":3,"op":"exp","phase":0,"ok":1,"poly":["1","1","1"],"real":["-2923003274661805836407369665432566039312575708607","-2923003274661805836407369665432566039311154463297","-162"],"imag":["9888262075008698521265948413861084763581315187","9888262075008698521265948413861084763695613837","-153"],"recognized":1,"nullRecognized":1,"rp":1,"rq":3}
{"type":"angle","q":12,"p":-16,"scale":3,"op":"exp","phase":1,"ok":1,"poly":["1","1","1"],"real":["-115172193140305827399949785796761135587064246228529065807379342658863042065190089480167441564259605943037975312218134915154131611020654072038617988630148194794852651","-115172193140305827399949785796761135587064246228529065807379342658863042065190089480167441564259605943037975312218134915154131611020654072038617988630148194588045013","-546"],"imag":["7758703378874425295012906352138220585149514059631517741930490590284721003955059673161110578290891948031","7758703378874425295012906352138220585149514059631517741930490590284721003955059673161110578291965689857","-342"],"recognized":1,"nullRecognized":1,"rp":1,"rq":3}
{"type":"angle","q":12,"p":-16,"scale":3,"op":"sin","phase":0,"ok":1,"poly":["-3","0","4"],"real":["158212193200139176340255174621777356217301037233","158212193200139176340255174621777356219129827151","-157"],"imag":["0","0","0"]}
{"type":"angle","q":12,"p":-16,"scale":3,"op":"sin","phase":1,"ok":1,"poly":["-3","0","4"],"real":["7758703378874425295012906352138220585149514059631517741930490590284721003955059673161110578290891948031","7758703378874425295012906352138220585149514059631517741930490590284721003955059673161110578291965689857","-342"],"imag":["0","0","0"]}
{"type":"angle","q":12,"p":-16,"scale":3,"op":"cos","phase":0,"ok":1,"poly":["1","2"],"real":["-1","-1","-1"],"imag":["0","0","0"]}
{"type":"angle","q":12,"p":-16,"scale":3,"op":"cos","phase":1,"ok":1,"poly":["1","2"],"real":["-1","-1","-1"],"imag":["0","0","0"]}
{"type":"angle","q":12,"p":-16,"scale":3,"op":"tan","phase":0,"ok":1,"poly":["-3","0","1"],"real":["-294693174213430241384087455685767077317","-294693174213430241384087455685767077315","-127"],"imag":["0","0","0"]}
{"type":"angle","q":12,"p":-16,"scale":3,"op":"tan","phase":1,"ok":1,"poly":["-3","0","1"],"real":["-7758703378874425295012906352138220585149514059631517741930490590284721003955059673161110578291965689857","-7758703378874425295012906352138220585149514059631517741930490590284721003955059673161110578290891948031","-341"],"imag":["0","0","0"]}
{"type":"angle","q":12,"p":-16,"scale":3,"op":"cot","phase":0,"ok":1,"poly":["-1","0","3"],"real":["-52737397733379725446751724873925785406453816567","-52737397733379725446751724873925785405868761865","-156"],"imag":["0","0","0"]}
{"type":"angle","q":12,"p":-16,"scale":3,"op":"cot","phase":1,"ok":1,"poly":["-1","0","3"],"real":["-5172468919249616863341937568092147056766342706421011827953660393523147335970039782107407052194822750209","-5172468919249616863341937568092147056766342706421011827953660393523147335970039782107407052193749008383","-342"],"imag":["0","0","0"]}
{"type":"angle","q":12,"p":-16,"scale":3,"op":"sec","phase":0,"ok":1,"poly":["2","1"],"real":["-1","-1","1"],"imag":["0","0","0"]}
{"type":"angle","q":12,"p":-16,"scale":3,"op":"sec","phase":1,"ok":1,"poly":["2","1"],"real":["-1","-1","1"],"imag":["0","0","0"]}
{"type":"angle","q":12,"p":-16,"scale":3,"op":"csc","phase":0,"ok":1,"poly":["-4","0","3"],"real":["52737397733379725446751724873925785405868761865","52737397733379725446751724873925785406453816567","-155"],"imag":["0","0","0"]}
{"type":"angle","q":12,"p":-16,"scale":3,"op":"csc","phase":1,"ok":1,"poly":["-4","0","3"],"real":["5172468919249616863341937568092147056766342706421011827953660393523147335970039782107407052193749008383","5172468919249616863341937568092147056766342706421011827953660393523147335970039782107407052194822750209","-341"],"imag":["0","0","0"]}
{"type":"angle","q":12,"p":-15,"scale":1,"op":"root","phase":0,"ok":1,"poly":["1","0","1"],"real":["0","0","0"],"imag":["-1","-1","0"],"recognized":1,"nullRecognized":1,"rp":3,"rq":4}
{"type":"angle","q":12,"p":-15,"scale":1,"op":"root","phase":1,"ok":1,"poly":["1","0","1"],"real":["0","0","0"],"imag":["-1","-1","0"],"recognized":1,"nullRecognized":1,"rp":3,"rq":4}
{"type":"angle","q":12,"p":-15,"scale":1,"op":"exp","phase":0,"ok":1,"poly":["1","0","0","0","1"],"real":["-10989394778343770250329775194768820061718132929403692613803124731042190707559249024103","-10989394778343770250329775194768820061718132929403692613803124731042190707557378878361","-283"],"imag":["10989394778343770250329775194768820061718132929403692613803124731042190707557378878361","10989394778343770250329775194768820061718132929403692613803124731042190707559249024103","-283"],"recognized":1,"nullRecognized":1,"rp":3,"rq":8}
{"type":"angle","q":12,"p":-15,"scale":1,"op":"exp","phase":1,"ok":1,"poly":["1","0","0","0","1"],"real":["-6334954781283363607674384089193074018783356057290906722017121035366360050198358966310546015665755521025","-6334954781283363607674384089193074018783356057290906722017121035366360050198358966310546015664681779199","-342"],"imag":["6334954781283363607674384089193074018783356057290906722017121035366360050198358966310546015664681779199","6334954781283363607674384089193074018783356057290906722017121035366360050198358966310546015665755521025","-342"],"recognized":1,"nullRecognized":1,"rp":3,"rq":8}
{"type":"angle","q":12,"p":-15,"scale":1,"op":"sin","phase":0,"ok":1,"poly":["-1","0","2"],"real":["64589857404495231666648405250431531952815765745","64589857404495231666648405250431531953634641679","-156"],"imag":["0","0","0"]}
{"type":"angle","q":12,"p":-15,"scale":1,"op":"sin","phase":1,"ok":1,"poly":["-1","0","2"],"real":["6334954781283363607674384089193074018783356057290906722017121035366360050198358966310546015664681779199","6334954781283363607674384089193074018783356057290906722017121035366360050198358966310546015665755521025","-342"],"imag":["0","0","0"]}
{"type":"angle","q":12,"p":-15,"scale":1,"op":"cos","phase":0,"ok":1,"poly":["-1","0","2"],"real":["-64589857404495231666648405250431531953634641679","-64589857404495231666648405250431531952815765745","-156"],"imag":["0","0","0"]}
{"type":"angle","q":12,"p":-15,"scale":1,"op":"cos","phase":1,"ok":1,"poly":["-1","0","2"],"real":["-6334954781283363607674384089193074018783356057290906722017121035366360050198358966310546015665755521025","-6334954781283363607674384089193074018783356057290906722017121035366360050198358966310546015664681779199","-342"],"imag":["0","0","0"]}
{"type":"angle","q":12,"p":-15,"scale":1,"op":"tan","phase":0,"ok":1,"poly":["1","1"],"real":["-1","-1","0"],"imag":["0","0","0"]}
{"type":"angle","q":12,"p":-15,"scale":1,"op":"tan","phase":1,"ok":1,"poly":["1","1"],"real":["-1","-1","0"],"imag":["0","0","0"]}
{"type":"angle","q":12,"p":-15,"scale":1,"op":"cot","phase":0,"ok":1,"poly":["1","1"],"real":["-1","-1","0"],"imag":["0","0","0"]}
{"type":"angle","q":12,"p":-15,"scale":1,"op":"cot","phase":1,"ok":1,"poly":["1","1"],"real":["-1","-1","0"],"imag":["0","0","0"]}
{"type":"angle","q":12,"p":-15,"scale":1,"op":"sec","phase":0,"ok":1,"poly":["-2","0","1"],"real":["-64589857404495231666648405250431531953634641679","-64589857404495231666648405250431531952815765745","-155"],"imag":["0","0","0"]}
{"type":"angle","q":12,"p":-15,"scale":1,"op":"sec","phase":1,"ok":1,"poly":["-2","0","1"],"real":["-6334954781283363607674384089193074018783356057290906722017121035366360050198358966310546015665755521025","-6334954781283363607674384089193074018783356057290906722017121035366360050198358966310546015664681779199","-341"],"imag":["0","0","0"]}
{"type":"angle","q":12,"p":-15,"scale":1,"op":"csc","phase":0,"ok":1,"poly":["-2","0","1"],"real":["64589857404495231666648405250431531952815765745","64589857404495231666648405250431531953634641679","-155"],"imag":["0","0","0"]}
{"type":"angle","q":12,"p":-15,"scale":1,"op":"csc","phase":1,"ok":1,"poly":["-2","0","1"],"real":["6334954781283363607674384089193074018783356057290906722017121035366360050198358966310546015664681779199","6334954781283363607674384089193074018783356057290906722017121035366360050198358966310546015665755521025","-341"],"imag":["0","0","0"]}
{"type":"angle","q":12,"p":-15,"scale":3,"op":"root","phase":0,"ok":1,"poly":["1","0","1"],"real":["0","0","0"],"imag":["-1","-1","0"],"recognized":1,"nullRecognized":1,"rp":3,"rq":4}
{"type":"angle","q":12,"p":-15,"scale":3,"op":"root","phase":1,"ok":1,"poly":["1","0","1"],"real":["0","0","0"],"imag":["-1","-1","0"],"recognized":1,"nullRecognized":1,"rp":3,"rq":4}
{"type":"angle","q":12,"p":-15,"scale":3,"op":"exp","phase":0,"ok":1,"poly":["1","0","0","0","1"],"real":["-10989394778343770250329775194768820061718132929403692613803124731042190707559249024103","-10989394778343770250329775194768820061718132929403692613803124731042190707557378878361","-283"],"imag":["10989394778343770250329775194768820061718132929403692613803124731042190707557378878361","10989394778343770250329775194768820061718132929403692613803124731042190707559249024103","-283"],"recognized":1,"nullRecognized":1,"rp":3,"rq":8}
{"type":"angle","q":12,"p":-15,"scale":3,"op":"exp","phase":1,"ok":1,"poly":["1","0","0","0","1"],"real":["-6334954781283363607674384089193074018783356057290906722017121035366360050198358966310546015665755521025","-6334954781283363607674384089193074018783356057290906722017121035366360050198358966310546015664681779199","-342"],"imag":["6334954781283363607674384089193074018783356057290906722017121035366360050198358966310546015664681779199","6334954781283363607674384089193074018783356057290906722017121035366360050198358966310546015665755521025","-342"],"recognized":1,"nullRecognized":1,"rp":3,"rq":8}
{"type":"angle","q":12,"p":-15,"scale":3,"op":"sin","phase":0,"ok":1,"poly":["-1","0","2"],"real":["64589857404495231666648405250431531952815765745","64589857404495231666648405250431531953634641679","-156"],"imag":["0","0","0"]}
{"type":"angle","q":12,"p":-15,"scale":3,"op":"sin","phase":1,"ok":1,"poly":["-1","0","2"],"real":["6334954781283363607674384089193074018783356057290906722017121035366360050198358966310546015664681779199","6334954781283363607674384089193074018783356057290906722017121035366360050198358966310546015665755521025","-342"],"imag":["0","0","0"]}
{"type":"angle","q":12,"p":-15,"scale":3,"op":"cos","phase":0,"ok":1,"poly":["-1","0","2"],"real":["-64589857404495231666648405250431531953634641679","-64589857404495231666648405250431531952815765745","-156"],"imag":["0","0","0"]}
{"type":"angle","q":12,"p":-15,"scale":3,"op":"cos","phase":1,"ok":1,"poly":["-1","0","2"],"real":["-6334954781283363607674384089193074018783356057290906722017121035366360050198358966310546015665755521025","-6334954781283363607674384089193074018783356057290906722017121035366360050198358966310546015664681779199","-342"],"imag":["0","0","0"]}
{"type":"angle","q":12,"p":-15,"scale":3,"op":"tan","phase":0,"ok":1,"poly":["1","1"],"real":["-1","-1","0"],"imag":["0","0","0"]}
{"type":"angle","q":12,"p":-15,"scale":3,"op":"tan","phase":1,"ok":1,"poly":["1","1"],"real":["-1","-1","0"],"imag":["0","0","0"]}
{"type":"angle","q":12,"p":-15,"scale":3,"op":"cot","phase":0,"ok":1,"poly":["1","1"],"real":["-1","-1","0"],"imag":["0","0","0"]}
{"type":"angle","q":12,"p":-15,"scale":3,"op":"cot","phase":1,"ok":1,"poly":["1","1"],"real":["-1","-1","0"],"imag":["0","0","0"]}
{"type":"angle","q":12,"p":-15,"scale":3,"op":"sec","phase":0,"ok":1,"poly":["-2","0","1"],"real":["-64589857404495231666648405250431531953634641679","-64589857404495231666648405250431531952815765745","-155"],"imag":["0","0","0"]}
{"type":"angle","q":12,"p":-15,"scale":3,"op":"sec","phase":1,"ok":1,"poly":["-2","0","1"],"real":["-6334954781283363607674384089193074018783356057290906722017121035366360050198358966310546015665755521025","-6334954781283363607674384089193074018783356057290906722017121035366360050198358966310546015664681779199","-341"],"imag":["0","0","0"]}
{"type":"angle","q":12,"p":-15,"scale":3,"op":"csc","phase":0,"ok":1,"poly":["-2","0","1"],"real":["64589857404495231666648405250431531952815765745","64589857404495231666648405250431531953634641679","-155"],"imag":["0","0","0"]}
{"type":"angle","q":12,"p":-15,"scale":3,"op":"csc","phase":1,"ok":1,"poly":["-2","0","1"],"real":["6334954781283363607674384089193074018783356057290906722017121035366360050198358966310546015664681779199","6334954781283363607674384089193074018783356057290906722017121035366360050198358966310546015665755521025","-341"],"imag":["0","0","0"]}
{"type":"angle","q":12,"p":-14,"scale":1,"op":"root","phase":0,"ok":1,"poly":["1","-1","1"],"real":["2923003274661805836407369665432566039311154463297","2923003274661805836407369665432566039312575708607","-162"],"imag":["-9888262075008698521265948413861084763695613837","-9888262075008698521265948413861084763581315187","-153"],"recognized":1,"nullRecognized":1,"rp":5,"rq":6}
{"type":"angle","q":12,"p":-14,"scale":1,"op":"root","phase":1,"ok":1,"poly":["1","-1","1"],"real":["115172193140305827399949785796761135587064246228529065807379342658863042065190089480167441564259605943037975312218134915154131611020654072038617988630148194588045013","115172193140305827399949785796761135587064246228529065807379342658863042065190089480167441564259605943037975312218134915154131611020654072038617988630148194794852651","-546"],"imag":["-7758703378874425295012906352138220585149514059631517741930490590284721003955059673161110578291965689857","-7758703378874425295012906352138220585149514059631517741930490590284721003955059673161110578290891948031","-342"],"recognized":1,"nullRecognized":1,"rp":5,"rq":6}
{"type":"angle","q":12,"p":-14,"scale":1,"op":"exp","phase":0,"ok":1,"poly":["1","0","-1","0","1"],"real":["-210300076476156892817421832906076868413144174248499808223378102408488511827176361837","-210300076476156892817421832906076868413144174248499808223378102408488511826958880915","-277"],"imag":["485667223056432267729865476705879726660601709763034880312953102434726071300864378819","485667223056432267729865476705879726660601709763034880312953102434726071301734082621","-279"],"recognized":1,"nullRecognized":1,"rp":5,"rq":12}
{"type":"angle","q":12,"p":-14,"scale":1,"op":"exp","phase":1,"ok":1,"poly":["1","0","-1","0","1"],"real":["-7758703378874425295012906352138220585149514059631517741930490590284721003955059673161110578291965689857","-7758703378874425295012906352138220585149514059631517741930490590284721003955059673161110578290891948031","-342"],"imag":["4479489484355608421114884561136888556243290994469299069799978201927583742360321890761754986542677360639","4479489484355608421114884561136888556243290994469299069799978201927583742360321890761754986543751102465","-342"],"recognized":1,"nullRecognized":1,"rp":5,"rq":12}
{"type":"angle","q":12,"p":-14,"scale":1,"op":"sin","phase":0,"ok":1,"poly":["-1","2"],"real":["1","1","-1"],"imag":["0","0","0"]}
{"type":"angle","q":12,"p":-14,"scale":1,"op":"sin","phase":1,"ok":1,"poly":["-1","2"],"real":["1","1","-1"],"imag":["0","0","0"]}
{"type":"angle","q":12,"p":-14,"scale":1,"op":"cos","phase":0,"ok":1,"poly":["-3","0","4"],"real":["-158212193200139176340255174621777356219129827151","-158212193200139176340255174621777356217301037233","-157"],"imag":["0","0","0"]}
{"type":"angle","q":12,"p":-14,"scale":1,"op":"cos","phase":1,"ok":1,"poly":["-3","0","4"],"real":["-7758703378874425295012906352138220585149514059631517741930490590284721003955059673161110578291965689857","-7758703378874425295012906352138220585149514059631517741930490590284721003955059673161110578290891948031","-342"],"imag":["0","0","0"]}
{"type":"angle","q":12,"p":-14,"scale":1,"op":"tan","phase":0,"ok":1,"poly":["-1","0","3"],"real":["-52737397733379725446751724873925785406453816567","-52737397733379725446751724873925785405868761865","-156"],"imag":["0","0","0"]}
{"type":"angle","q":12,"p":-14,"scale":1,"op":"tan","phase":1,"ok":1,"poly":["-1","0","3"],"real":["-5172468919249616863341937568092147056766342706421011827953660393523147335970039782107407052194822750209","-5172468919249616863341937568092147056766342706421011827953660393523147335970039782107407052193749008383","-342"],"imag":["0","0","0"]}
{"type":"angle","q":12,"p":-14,"scale":1,"op":"cot","phase":0,"ok":1,"poly":["-3","0","1"],"real":["-158212193200139176340255174621777356219129827151","-158212193200139176340255174621777356217301037233","-156"],"imag":["0","0","0"]}
{"type":"angle","q":12,"p":-14,"scale":1,"op":"cot","phase":1,"ok":1,"poly":["-3","0","1"],"real":["-7758703378874425295012906352138220585149514059631517741930490590284721003955059673161110578291965689857","-7758703378874425295012906352138220585149514059631517741930490590284721003955059673161110578290891948031","-341"],"imag":["0","0","0"]}
{"type":"angle","q":12,"p":-14,"scale":1,"op":"sec","phase":0,"ok":1,"poly":["-4","0","3"],"real":["-52737397733379725446751724873925785406453816567","-52737397733379725446751724873925785405868761865","-155"],"imag":["0","0","0"]}
{"type":"angle","q":12,"p":-14,"scale":1,"op":"sec","phase":1,"ok":1,"poly":["-4","0","3"],"real":["-5172468919249616863341937568092147056766342706421011827953660393523147335970039782107407052194822750209","-5172468919249616863341937568092147056766342706421011827953660393523147335970039782107407052193749008383","-341"],"imag":["0","0","0"]}
{"type":"angle","q":12,"p":-14,"scale":1,"op":"csc","phase":0,"ok":1,"poly":["-2","1"],"real":["1","1","1"],"imag":["0","0","0"]}
{"type":"angle","q":12,"p":-14,"scale":1,"op":"csc","phase":1,"ok":1,"poly":["-2","1"],"real":["1","1","1"],"imag":["0","0","0"]}
{"type":"angle","q":12,"p":-14,"scale":3,"op":"root","phase":0,"ok":1,"poly":["1","-1","1"],"real":["2923003274661805836407369665432566039311154463297","2923003274661805836407369665432566039312575708607","-162"],"imag":["-9888262075008698521265948413861084763695613837","-9888262075008698521265948413861084763581315187","-153"],"recognized":1,"nullRecognized":1,"rp":5,"rq":6}
{"type":"angle","q":12,"p":-14,"scale":3,"op":"root","phase":1,"ok":1,"poly":["1","-1","1"],"real":["115172193140305827399949785796761135587064246228529065807379342658863042065190089480167441564259605943037975312218134915154131611020654072038617988630148194588045013","115172193140305827399949785796761135587064246228529065807379342658863042065190089480167441564259605943037975312218134915154131611020654072038617988630148194794852651","-546"],"imag":["-7758703378874425295012906352138220585149514059631517741930490590284721003955059673161110578291965689857","-7758703378874425295012906352138220585149514059631517741930490590284721003955059673161110578290891948031","-342"],"recognized":1,"nullRecognized":1,"rp":5,"rq":6}
{"type":"angle","q":12,"p":-14,"scale":3,"op":"exp","phase":0,"ok":1,"poly":["1","0","-1","0","1"],"real":["-210300076476156892817421832906076868413144174248499808223378102408488511827176361837","-210300076476156892817421832906076868413144174248499808223378102408488511826958880915","-277"],"imag":["485667223056432267729865476705879726660601709763034880312953102434726071300864378819","485667223056432267729865476705879726660601709763034880312953102434726071301734082621","-279"],"recognized":1,"nullRecognized":1,"rp":5,"rq":12}
{"type":"angle","q":12,"p":-14,"scale":3,"op":"exp","phase":1,"ok":1,"poly":["1","0","-1","0","1"],"real":["-7758703378874425295012906352138220585149514059631517741930490590284721003955059673161110578291965689857","-7758703378874425295012906352138220585149514059631517741930490590284721003955059673161110578290891948031","-342"],"imag":["4479489484355608421114884561136888556243290994469299069799978201927583742360321890761754986542677360639","4479489484355608421114884561136888556243290994469299069799978201927583742360321890761754986543751102465","-342"],"recognized":1,"nullRecognized":1,"rp":5,"rq":12}
{"type":"angle","q":12,"p":-14,"scale":3,"op":"sin","phase":0,"ok":1,"poly":["-1","2"],"real":["1","1","-1"],"imag":["0","0","0"]}
{"type":"angle","q":12,"p":-14,"scale":3,"op":"sin","phase":1,"ok":1,"poly":["-1","2"],"real":["1","1","-1"],"imag":["0","0","0"]}
{"type":"angle","q":12,"p":-14,"scale":3,"op":"cos","phase":0,"ok":1,"poly":["-3","0","4"],"real":["-158212193200139176340255174621777356219129827151","-158212193200139176340255174621777356217301037233","-157"],"imag":["0","0","0"]}
{"type":"angle","q":12,"p":-14,"scale":3,"op":"cos","phase":1,"ok":1,"poly":["-3","0","4"],"real":["-7758703378874425295012906352138220585149514059631517741930490590284721003955059673161110578291965689857","-7758703378874425295012906352138220585149514059631517741930490590284721003955059673161110578290891948031","-342"],"imag":["0","0","0"]}
{"type":"angle","q":12,"p":-14,"scale":3,"op":"tan","phase":0,"ok":1,"poly":["-1","0","3"],"real":["-52737397733379725446751724873925785406453816567","-52737397733379725446751724873925785405868761865","-156"],"imag":["0","0","0"]}
{"type":"angle","q":12,"p":-14,"scale":3,"op":"tan","phase":1,"ok":1,"poly":["-1","0","3"],"real":["-5172468919249616863341937568092147056766342706421011827953660393523147335970039782107407052194822750209","-5172468919249616863341937568092147056766342706421011827953660393523147335970039782107407052193749008383","-342"],"imag":["0","0","0"]}
{"type":"angle","q":12,"p":-14,"scale":3,"op":"cot","phase":0,"ok":1,"poly":["-3","0","1"],"real":["-158212193200139176340255174621777356219129827151","-158212193200139176340255174621777356217301037233","-156"],"imag":["0","0","0"]}
{"type":"angle","q":12,"p":-14,"scale":3,"op":"cot","phase":1,"ok":1,"poly":["-3","0","1"],"real":["-7758703378874425295012906352138220585149514059631517741930490590284721003955059673161110578291965689857","-7758703378874425295012906352138220585149514059631517741930490590284721003955059673161110578290891948031","-341"],"imag":["0","0","0"]}
{"type":"angle","q":12,"p":-14,"scale":3,"op":"sec","phase":0,"ok":1,"poly":["-4","0","3"],"real":["-52737397733379725446751724873925785406453816567","-52737397733379725446751724873925785405868761865","-155"],"imag":["0","0","0"]}
{"type":"angle","q":12,"p":-14,"scale":3,"op":"sec","phase":1,"ok":1,"poly":["-4","0","3"],"real":["-5172468919249616863341937568092147056766342706421011827953660393523147335970039782107407052194822750209","-5172468919249616863341937568092147056766342706421011827953660393523147335970039782107407052193749008383","-341"],"imag":["0","0","0"]}
{"type":"angle","q":12,"p":-14,"scale":3,"op":"csc","phase":0,"ok":1,"poly":["-2","1"],"real":["1","1","1"],"imag":["0","0","0"]}
{"type":"angle","q":12,"p":-14,"scale":3,"op":"csc","phase":1,"ok":1,"poly":["-2","1"],"real":["1","1","1"],"imag":["0","0","0"]}
{"type":"angle","q":12,"p":-13,"scale":1,"op":"root","phase":0,"ok":1,"poly":["1","0","-1","0","1"],"real":["210300076476156892817421832906076868413144174248499808223378102408488511826958880915","210300076476156892817421832906076868413144174248499808223378102408488511827176361837","-277"],"imag":["-485667223056432267729865476705879726660601709763034880312953102434726071301734082621","-485667223056432267729865476705879726660601709763034880312953102434726071300864378819","-279"],"recognized":1,"nullRecognized":1,"rp":11,"rq":12}
{"type":"angle","q":12,"p":-13,"scale":1,"op":"root","phase":1,"ok":1,"poly":["1","0","-1","0","1"],"real":["7758703378874425295012906352138220585149514059631517741930490590284721003955059673161110578290891948031","7758703378874425295012906352138220585149514059631517741930490590284721003955059673161110578291965689857","-342"],"imag":["-4479489484355608421114884561136888556243290994469299069799978201927583742360321890761754986543751102465","-4479489484355608421114884561136888556243290994469299069799978201927583742360321890761754986542677360639","-342"],"recognized":1,"nullRecognized":1,"rp":11,"rq":12}
{"type":"angle","q":12,"p":-13,"scale":1,"op":"exp","phase":0,"ok":1,"poly":["1","0","0","0","-1","0","0","0","1"],"real":["-234559256866150787459725855090776802379876646209155615929250027604659460143536105331","-234559256866150787459725855090776802379876646209155615929250027604659460141831264397","-277"],"imag":["31424981727264688649161558836256994457765409593611459419288101841062615168118027635","31424981727264688649161558836256994457765409593611459419288101841062615168969915021","-276"],"recognized":1,"nullRecognized":1,"rp":11,"rq":24}
{"type":"angle","q":12,"p":-13,"scale":1,"op":"exp","phase":1,"ok":1,"poly":["1","0","0","0","-1","0","0","0","1"],"real":["-8653709163058766985308234061084729743327048649507626793351847950658825964650651574936180574225199792129","-8653709163058766985308234061084729743327048649507626793351847950658825964650651574936180574224126050303","-342"],"imag":["4637508763550806755267699943783311449087385184433440142669453830584931828904585217251269117118351671295","4637508763550806755267699943783311449087385184433440142669453830584931828904585217251269117119425413121","-343"],"recognized":1,"nullRecognized":1,"rp":11,"rq":24}
{"type":"angle","q":12,"p":-13,"scale":1,"op":"sin","phase":0,"ok":1,"poly":["1","0","-16","0","16"],"real":["446575849754036207871785660987839526935735670940793218893646932543497","446575849754036207871785660987839526935735670940793218893647225485303","-230"],"imag":["0","0","0"]}
{"type":"angle","q":12,"p":-13,"scale":1,"op":"sin","phase":1,"ok":1,"poly":["1","0","-16","0","16"],"real":["4637508763550806755267699943783311449087385184433440142669453830584931828904585217251269117118351671295","4637508763550806755267699943783311449087385184433440142669453830584931828904585217251269117119425413121","-343"],"imag":["0","0","0"]}
{"type":"angle","q":12,"p":-13,"scale":1,"op":"cos","phase":0,"ok":1,"poly":["1","0","-16","0","16"],"real":["-88231386041354913186055833979011159037185865365","-88231386041354913186055833979011159035556940139","-156"],"imag":["0","0","0"]}
{"type":"angle","q":12,"p":-13,"scale":1,"op":"cos","phase":1,"ok":1,"poly":["1","0","-16","0","16"],"real":["-8653709163058766985308234061084729743327048649507626793351847950658825964650651574936180574225199792129","-8653709163058766985308234061084729743327048649507626793351847950658825964650651574936180574224126050303","-342"],"imag":["0","0","0"]}
{"type":"angle","q":12,"p":-13,"scale":1,"op":"tan","phase":0,"ok":1,"poly":["1","4","1"],"real":["-97902045864894753740821717871032084954186030781","-97902045864894753740821717871032084952801829187","-158"],"imag":["0","0","0"]}
{"type":"angle","q":12,"p":-13,"scale":1,"op":"tan","phase":1,"ok":1,"poly":["1","4","1"],"real":["-4801102359347166188867451080542226109348271717228321590677863254281785923062336433449597579178924834817","-4801102359347166188867451080542226109348271717228321590677863254281785923062336433449597579177851092991","-343"],"imag":["0","0","0"]}
{"type":"angle","q":12,"p":-13,"scale":1,"op":"cot","phase":0,"ok":1,"poly":["1","4","1"],"real":["-85224974466625510278928944677828183419856723205","-85224974466625510278928944677828183418283647739","-154"],"imag":["0","0","0"]}
{"type":"angle","q":12,"p":-13,"scale":1,"op":"cot","phase":1,"ok":1,"poly":["1","4","1"],"real":["-8358841173792821068621337737205998848818048024285057940765223497069944244337851727342310275689197076481","-8358841173792821068621337737205998848818048024285057940765223497069944244337851727342310275688123334655","-340"],"imag":["0","0","0"]}
{"type":"angle","q":12,"p":-13,"scale":1,"op":"sec","phase":0,"ok":1,"poly":["16","0","-16","0","1"],"real":["-446575849754036207871785660987839526935735670940793218893647225485303","-446575849754036207871785660987839526935735670940793218893646932543497","-228"],"imag":["0","0","0"]}
{"type":"angle","q":12,"p":-13,"scale":1,"op":"sec","phase":1,"ok":1,"poly":["16","0","-16","0","1"],"real":["-4637508763550806755267699943783311449087385184433440142669453830584931828904585217251269117119425413121","-4637508763550806755267699943783311449087385184433440142669453830584931828904585217251269117118351671295","-341"],"imag":["0","0","0"]}
{"type":"angle","q":12,"p":-13,"scale":1,"op":"csc","phase":0,"ok":1,"poly":["16","0","-16","0","1"],"real":["44115693020677456593027916989505579517818058217","44115693020677456593027916989505579518553344535","-153"],"imag":["0","0","0"]}
{"type":"angle","q":12,"p":-13,"scale":1,"op":"csc","phase":1,"ok":1,"poly":["16","0","-16","0","1"],"real":["8653709163058766985308234061084729743327048649507626793351847950658825964650651574936180574224126050303","8653709163058766985308234061084729743327048649507626793351847950658825964650651574936180574225199792129","-340"],"imag":["0","0","0"]}
{"type":"angle","q":12,"p":-13,"scale":3,"op":"root","phase":0,"ok":1,"poly":["1","0","-1","0","1"],"real":["210300076476156892817421832906076868413144174248499808223378102408488511826958880915","210300076476156892817421832906076868413144174248499808223378102408488511827176361837","-277"],"imag":["-485667223056432267729865476705879726660601709763034880312953102434726071301734082621","-485667223056432267729865476705879726660601709763034880312953102434726071300864378819","-279"],"recognized":1,"nullRecognized":1,"rp":11,"rq":12}
{"type":"angle","q":12,"p":-13,"scale":3,"op":"root","phase":1,"ok":1,"poly":["1","0","-1","0","1"],"real":["7758703378874425295012906352138220585149514059631517741930490590284721003955059673161110578290891948031","7758703378874425295012906352138220585149514059631517741930490590284721003955059673161110578291965689857","-342"],"imag":["-4479489484355608421114884561136888556243290994469299069799978201927583742360321890761754986543751102465","-4479489484355608421114884561136888556243290994469299069799978201927583742360321890761754986542677360639","-342"],"recognized":1,"nullRecognized":1,"rp":11,"rq":12}
{"type":"angle","q":12,"p":-13,"scale":3,"op":"exp","phase":0,"ok":1,"poly":["1","0","0","0","-1","0","0","0","1"],"real":["-234559256866150787459725855090776802379876646209155615929250027604659460143536105331","-234559256866150787459725855090776802379876646209155615929250027604659460141831264397","-277"],"imag":["31424981727264688649161558836256994457765409593611459419288101841062615168118027635","31424981727264688649161558836256994457765409593611459419288101841062615168969915021","-276"],"recognized":1,"nullRecognized":1,"rp":11,"rq":24}
{"type":"angle","q":12,"p":-13,"scale":3,"op":"exp","phase":1,"ok":1,"poly":["1","0","0","0","-1","0","0","0","1"],"real":["-8653709163058766985308234061084729743327048649507626793351847950658825964650651574936180574225199792129","-8653709163058766985308234061084729743327048649507626793351847950658825964650651574936180574224126050303","-342"],"imag":["4637508763550806755267699943783311449087385184433440142669453830584931828904585217251269117118351671295","4637508763550806755267699943783311449087385184433440142669453830584931828904585217251269117119425413121","-343"],"recognized":1,"nullRecognized":1,"rp":11,"rq":24}
{"type":"angle","q":12,"p":-13,"scale":3,"op":"sin","phase":0,"ok":1,"poly":["1","0","-16","0","16"],"real":["446575849754036207871785660987839526935735670940793218893646932543497","446575849754036207871785660987839526935735670940793218893647225485303","-230"],"imag":["0","0","0"]}
{"type":"angle","q":12,"p":-13,"scale":3,"op":"sin","phase":1,"ok":1,"poly":["1","0","-16","0","16"],"real":["4637508763550806755267699943783311449087385184433440142669453830584931828904585217251269117118351671295","4637508763550806755267699943783311449087385184433440142669453830584931828904585217251269117119425413121","-343"],"imag":["0","0","0"]}
{"type":"angle","q":12,"p":-13,"scale":3,"op":"cos","phase":0,"ok":1,"poly":["1","0","-16","0","16"],"real":["-88231386041354913186055833979011159037185865365","-88231386041354913186055833979011159035556940139","-156"],"imag":["0","0","0"]}
{"type":"angle","q":12,"p":-13,"scale":3,"op":"cos","phase":1,"ok":1,"poly":["1","0","-16","0","16"],"real":["-8653709163058766985308234061084729743327048649507626793351847950658825964650651574936180574225199792129","-8653709163058766985308234061084729743327048649507626793351847950658825964650651574936180574224126050303","-342"],"imag":["0","0","0"]}
{"type":"angle","q":12,"p":-13,"scale":3,"op":"tan","phase":0,"ok":1,"poly":["1","4","1"],"real":["-97902045864894753740821717871032084954186030781","-97902045864894753740821717871032084952801829187","-158"],"imag":["0","0","0"]}
{"type":"angle","q":12,"p":-13,"scale":3,"op":"tan","phase":1,"ok":1,"poly":["1","4","1"],"real":["-4801102359347166188867451080542226109348271717228321590677863254281785923062336433449597579178924834817","-4801102359347166188867451080542226109348271717228321590677863254281785923062336433449597579177851092991","-343"],"imag":["0","0","0"]}
{"type":"angle","q":12,"p":-13,"scale":3,"op":"cot","phase":0,"ok":1,"poly":["1","4","1"],"real":["-85224974466625510278928944677828183419856723205","-85224974466625510278928944677828183418283647739","-154"],"imag":["0","0","0"]}
{"type":"angle","q":12,"p":-13,"scale":3,"op":"cot","phase":1,"ok":1,"poly":["1","4","1"],"real":["-8358841173792821068621337737205998848818048024285057940765223497069944244337851727342310275689197076481","-8358841173792821068621337737205998848818048024285057940765223497069944244337851727342310275688123334655","-340"],"imag":["0","0","0"]}
{"type":"angle","q":12,"p":-13,"scale":3,"op":"sec","phase":0,"ok":1,"poly":["16","0","-16","0","1"],"real":["-446575849754036207871785660987839526935735670940793218893647225485303","-446575849754036207871785660987839526935735670940793218893646932543497","-228"],"imag":["0","0","0"]}
{"type":"angle","q":12,"p":-13,"scale":3,"op":"sec","phase":1,"ok":1,"poly":["16","0","-16","0","1"],"real":["-4637508763550806755267699943783311449087385184433440142669453830584931828904585217251269117119425413121","-4637508763550806755267699943783311449087385184433440142669453830584931828904585217251269117118351671295","-341"],"imag":["0","0","0"]}
{"type":"angle","q":12,"p":-13,"scale":3,"op":"csc","phase":0,"ok":1,"poly":["16","0","-16","0","1"],"real":["44115693020677456593027916989505579517818058217","44115693020677456593027916989505579518553344535","-153"],"imag":["0","0","0"]}
{"type":"angle","q":12,"p":-13,"scale":3,"op":"csc","phase":1,"ok":1,"poly":["16","0","-16","0","1"],"real":["8653709163058766985308234061084729743327048649507626793351847950658825964650651574936180574224126050303","8653709163058766985308234061084729743327048649507626793351847950658825964650651574936180574225199792129","-340"],"imag":["0","0","0"]}
{"type":"angle","q":12,"p":-12,"scale":1,"op":"root","phase":0,"ok":1,"poly":["-1","1"],"real":["1","1","0"],"imag":["0","0","0"],"recognized":1,"nullRecognized":1,"rp":0,"rq":1}
{"type":"angle","q":12,"p":-12,"scale":1,"op":"root","phase":1,"ok":1,"poly":["-1","1"],"real":["1","1","0"],"imag":["0","0","0"],"recognized":1,"nullRecognized":1,"rp":0,"rq":1}
{"type":"angle","q":12,"p":-12,"scale":1,"op":"exp","phase":0,"ok":1,"poly":["1","1"],"real":["-1","-1","0"],"imag":["0","0","0"],"recognized":1,"nullRecognized":1,"rp":1,"rq":2}
{"type":"angle","q":12,"p":-12,"scale":1,"op":"exp","phase":1,"ok":1,"poly":["1","1"],"real":["-1","-1","0"],"imag":["0","0","0"],"recognized":1,"nullRecognized":1,"rp":1,"rq":2}
{"type":"angle","q":12,"p":-12,"scale":1,"op":"sin","phase":0,"ok":1,"poly":["0","1"],"real":["0","0","0"],"imag":["0","0","0"]}
{"type":"angle","q":12,"p":-12,"scale":1,"op":"sin","phase":1,"ok":1,"poly":["0","1"],"real":["0","0","0"],"imag":["0","0","0"]}
{"type":"angle","q":12,"p":-12,"scale":1,"op":"cos","phase":0,"ok":1,"poly":["1","1"],"real":["-1","-1","0"],"imag":["0","0","0"]}
{"type":"angle","q":12,"p":-12,"scale":1,"op":"cos","phase":1,"ok":1,"poly":["1","1"],"real":["-1","-1","0"],"imag":["0","0","0"]}
{"type":"angle","q":12,"p":-12,"scale":1,"op":"tan","phase":0,"ok":1,"poly":["0","1"],"real":["0","0","0"],"imag":["0","0","0"]}
{"type":"angle","q":12,"p":-12,"scale":1,"op":"tan","phase":1,"ok":1,"poly":["0","1"],"real":["0","0","0"],"imag":["0","0","0"]}
{"type":"angle","q":12,"p":-12,"scale":1,"op":"cot","phase":0,"ok":0}
{"type":"angle","q":12,"p":-12,"scale":1,"op":"cot","phase":1,"ok":0}
{"type":"angle","q":12,"p":-12,"scale":1,"op":"sec","phase":0,"ok":1,"poly":["1","1"],"real":["-1","-1","0"],"imag":["0","0","0"]}
{"type":"angle","q":12,"p":-12,"scale":1,"op":"sec","phase":1,"ok":1,"poly":["1","1"],"real":["-1","-1","0"],"imag":["0","0","0"]}
{"type":"angle","q":12,"p":-12,"scale":1,"op":"csc","phase":0,"ok":0}
{"type":"angle","q":12,"p":-12,"scale":1,"op":"csc","phase":1,"ok":0}
{"type":"angle","q":12,"p":-12,"scale":3,"op":"root","phase":0,"ok":1,"poly":["-1","1"],"real":["1","1","0"],"imag":["0","0","0"],"recognized":1,"nullRecognized":1,"rp":0,"rq":1}
{"type":"angle","q":12,"p":-12,"scale":3,"op":"root","phase":1,"ok":1,"poly":["-1","1"],"real":["1","1","0"],"imag":["0","0","0"],"recognized":1,"nullRecognized":1,"rp":0,"rq":1}
{"type":"angle","q":12,"p":-12,"scale":3,"op":"exp","phase":0,"ok":1,"poly":["1","1"],"real":["-1","-1","0"],"imag":["0","0","0"],"recognized":1,"nullRecognized":1,"rp":1,"rq":2}
{"type":"angle","q":12,"p":-12,"scale":3,"op":"exp","phase":1,"ok":1,"poly":["1","1"],"real":["-1","-1","0"],"imag":["0","0","0"],"recognized":1,"nullRecognized":1,"rp":1,"rq":2}
{"type":"angle","q":12,"p":-12,"scale":3,"op":"sin","phase":0,"ok":1,"poly":["0","1"],"real":["0","0","0"],"imag":["0","0","0"]}
{"type":"angle","q":12,"p":-12,"scale":3,"op":"sin","phase":1,"ok":1,"poly":["0","1"],"real":["0","0","0"],"imag":["0","0","0"]}
{"type":"angle","q":12,"p":-12,"scale":3,"op":"cos","phase":0,"ok":1,"poly":["1","1"],"real":["-1","-1","0"],"imag":["0","0","0"]}
{"type":"angle","q":12,"p":-12,"scale":3,"op":"cos","phase":1,"ok":1,"poly":["1","1"],"real":["-1","-1","0"],"imag":["0","0","0"]}
{"type":"angle","q":12,"p":-12,"scale":3,"op":"tan","phase":0,"ok":1,"poly":["0","1"],"real":["0","0","0"],"imag":["0","0","0"]}
{"type":"angle","q":12,"p":-12,"scale":3,"op":"tan","phase":1,"ok":1,"poly":["0","1"],"real":["0","0","0"],"imag":["0","0","0"]}
{"type":"angle","q":12,"p":-12,"scale":3,"op":"cot","phase":0,"ok":0}
{"type":"angle","q":12,"p":-12,"scale":3,"op":"cot","phase":1,"ok":0}
{"type":"angle","q":12,"p":-12,"scale":3,"op":"sec","phase":0,"ok":1,"poly":["1","1"],"real":["-1","-1","0"],"imag":["0","0","0"]}
{"type":"angle","q":12,"p":-12,"scale":3,"op":"sec","phase":1,"ok":1,"poly":["1","1"],"real":["-1","-1","0"],"imag":["0","0","0"]}
{"type":"angle","q":12,"p":-12,"scale":3,"op":"csc","phase":0,"ok":0}
{"type":"angle","q":12,"p":-12,"scale":3,"op":"csc","phase":1,"ok":0}
{"type":"angle","q":12,"p":-11,"scale":1,"op":"root","phase":0,"ok":1,"poly":["1","0","-1","0","1"],"real":["210300076476156892817421832906076868413144174248499808223378102408488511826958880915","210300076476156892817421832906076868413144174248499808223378102408488511827176361837","-277"],"imag":["485667223056432267729865476705879726660601709763034880312953102434726071300864378819","485667223056432267729865476705879726660601709763034880312953102434726071301734082621","-279"],"recognized":1,"nullRecognized":1,"rp":1,"rq":12}
{"type":"angle","q":12,"p":-11,"scale":1,"op":"root","phase":1,"ok":1,"poly":["1","0","-1","0","1"],"real":["7758703378874425295012906352138220585149514059631517741930490590284721003955059673161110578290891948031","7758703378874425295012906352138220585149514059631517741930490590284721003955059673161110578291965689857","-342"],"imag":["4479489484355608421114884561136888556243290994469299069799978201927583742360321890761754986542677360639","4479489484355608421114884561136888556243290994469299069799978201927583742360321890761754986543751102465","-342"],"recognized":1,"nullRecognized":1,"rp":1,"rq":12}
{"type":"angle","q":12,"p":-11,"scale":1,"op":"exp","phase":0,"ok":1,"poly":["1","0","0","0","-1","0","0","0","1"],"real":["-234559256866150787459725855090776802379876646209155615929250027604659460143536105331","-234559256866150787459725855090776802379876646209155615929250027604659460141831264397","-277"],"imag":["-31424981727264688649161558836256994457765409593611459419288101841062615168969915021","-31424981727264688649161558836256994457765409593611459419288101841062615168118027635","-276"],"recognized":1,"nullRecognized":1,"rp":13,"rq":24}
{"type":"angle","q":12,"p":-11,"scale":1,"op":"exp","phase":1,"ok":1,"poly":["1","0","0","0","-1","0","0","0","1"],"real":["-8653709163058766985308234061084729743327048649507626793351847950658825964650651574936180574225199792129","-8653709163058766985308234061084729743327048649507626793351847950658825964650651574936180574224126050303","-342"],"imag":["-4637508763550806755267699943783311449087385184433440142669453830584931828904585217251269117119425413121","-4637508763550806755267699943783311449087385184433440142669453830584931828904585217251269117118351671295","-343"],"recognized":1,"nullRecognized":1,"rp":13,"rq":24}
{"type":"angle","q":12,"p":-11,"scale":1,"op":"sin","phase":0,"ok":1,"poly":["1","0","-16","0","16"],"real":["-446575849754036207871785660987839526935735670940793218893647225485303","-446575849754036207871785660987839526935735670940793218893646932543497","-230"],"imag":["0","0","0"]}
{"type":"angle","q":12,"p":-11,"scale":1,"op":"sin","phase":1,"ok":1,"poly":["1","0","-16","0","16"],"real":["-4637508763550806755267699943783311449087385184433440142669453830584931828904585217251269117119425413121","-4637508763550806755267699943783311449087385184433440142669453830584931828904585217251269117118351671295","-343"],"imag":["0","0","0"]}
{"type":"angle","q":12,"p":-11,"scale":1,"op":"cos","phase":0,"ok":1,"poly":["1","0","-16","0","16"],"real":["-88231386041354913186055833979011159037185865365","-88231386041354913186055833979011159035556940139","-156"],"imag":["0","0","0"]}
{"type":"angle","q":12,"p":-11,"scale":1,"op":"cos","phase":1,"ok":1,"poly":["1","0","-16","0","16"],"real":["-8653709163058766985308234061084729743327048649507626793351847950658825964650651574936180574225199792129","-8653709163058766985308234061084729743327048649507626793351847950658825964650651574936180574224126050303","-342"],"imag":["0","0","0"]}
{"type":"angle","q":12,"p":-11,"scale":1,"op":"tan","phase":0,"ok":1,"poly":["1","-4","1"],"real":["97902045864894753740821717871032084952801829187","97902045864894753740821717871032084954186030781","-158"],"imag":["0","0","0"]}
{"type":"angle","q":12,"p":-11,"scale":1,"op":"tan","phase":1,"ok":1,"poly":["1","-4","1"],"real":["4801102359347166188867451080542226109348271717228321590677863254281785923062336433449597579177851092991","4801102359347166188867451080542226109348271717228321590677863254281785923062336433449597579178924834817","-343"],"imag":["0","0","0"]}
{"type":"angle","q":12,"p":-11,"scale":1,"op":"cot","phase":0,"ok":1,"poly":["1","-4","1"],"real":["85224974466625510278928944677828183418283647739","85224974466625510278928944677828183419856723205","-154"],"imag":["0","0","0"]}
{"type":"angle","q":12,"p":-11,"scale":1,"op":"cot","phase":1,"ok":1,"poly":["1","-4","1"],"real":["8358841173792821068621337737205998848818048024285057940765223497069944244337851727342310275688123334655","8358841173792821068621337737205998848818048024285057940765223497069944244337851727342310275689197076481","-340"],"imag":["0","0","0"]}
{"type":"angle","q":12,"p":-11,"scale":1,"op":"sec","phase":0,"ok":1,"poly":["16","0","-16","0","1"],"real":["-446575849754036207871785660987839526935735670940793218893647225485303","-446575849754036207871785660987839526935735670940793218893646932543497","-228"],"imag":["0","0","0"]}
{"type":"angle","q":12,"p":-11,"scale":1,"op":"sec","phase":1,"ok":1,"poly":["16","0","-16","0","1"],"real":["-4637508763550806755267699943783311449087385184433440142669453830584931828904585217251269117119425413121","-4637508763550806755267699943783311449087385184433440142669453830584931828904585217251269117118351671295","-341"],"imag":["0","0","0"]}
{"type":"angle","q":12,"p":-11,"scale":1,"op":"csc","phase":0,"ok":1,"poly":["16","0","-16","0","1"],"real":["-44115693020677456593027916989505579518553344535","-44115693020677456593027916989505579517818058217","-153"],"imag":["0","0","0"]}
{"type":"angle","q":12,"p":-11,"scale":1,"op":"csc","phase":1,"ok":1,"poly":["16","0","-16","0","1"],"real":["-8653709163058766985308234061084729743327048649507626793351847950658825964650651574936180574225199792129","-8653709163058766985308234061084729743327048649507626793351847950658825964650651574936180574224126050303","-340"],"imag":["0","0","0"]}
{"type":"angle","q":12,"p":-11,"scale":3,"op":"root","phase":0,"ok":1,"poly":["1","0","-1","0","1"],"real":["210300076476156892817421832906076868413144174248499808223378102408488511826958880915","210300076476156892817421832906076868413144174248499808223378102408488511827176361837","-277"],"imag":["485667223056432267729865476705879726660601709763034880312953102434726071300864378819","485667223056432267729865476705879726660601709763034880312953102434726071301734082621","-279"],"recognized":1,"nullRecognized":1,"rp":1,"rq":12}
{"type":"angle","q":12,"p":-11,"scale":3,"op":"root","phase":1,"ok":1,"poly":["1","0","-1","0","1"],"real":["7758703378874425295012906352138220585149514059631517741930490590284721003955059673161110578290891948031","7758703378874425295012906352138220585149514059631517741930490590284721003955059673161110578291965689857","-342"],"imag":["4479489484355608421114884561136888556243290994469299069799978201927583742360321890761754986542677360639","4479489484355608421114884561136888556243290994469299069799978201927583742360321890761754986543751102465","-342"],"recognized":1,"nullRecognized":1,"rp":1,"rq":12}
{"type":"angle","q":12,"p":-11,"scale":3,"op":"exp","phase":0,"ok":1,"poly":["1","0","0","0","-1","0","0","0","1"],"real":["-234559256866150787459725855090776802379876646209155615929250027604659460143536105331","-234559256866150787459725855090776802379876646209155615929250027604659460141831264397","-277"],"imag":["-31424981727264688649161558836256994457765409593611459419288101841062615168969915021","-31424981727264688649161558836256994457765409593611459419288101841062615168118027635","-276"],"recognized":1,"nullRecognized":1,"rp":13,"rq":24}
{"type":"angle","q":12,"p":-11,"scale":3,"op":"exp","phase":1,"ok":1,"poly":["1","0","0","0","-1","0","0","0","1"],"real":["-8653709163058766985308234061084729743327048649507626793351847950658825964650651574936180574225199792129","-8653709163058766985308234061084729743327048649507626793351847950658825964650651574936180574224126050303","-342"],"imag":["-4637508763550806755267699943783311449087385184433440142669453830584931828904585217251269117119425413121","-4637508763550806755267699943783311449087385184433440142669453830584931828904585217251269117118351671295","-343"],"recognized":1,"nullRecognized":1,"rp":13,"rq":24}
{"type":"angle","q":12,"p":-11,"scale":3,"op":"sin","phase":0,"ok":1,"poly":["1","0","-16","0","16"],"real":["-446575849754036207871785660987839526935735670940793218893647225485303","-446575849754036207871785660987839526935735670940793218893646932543497","-230"],"imag":["0","0","0"]}
{"type":"angle","q":12,"p":-11,"scale":3,"op":"sin","phase":1,"ok":1,"poly":["1","0","-16","0","16"],"real":["-4637508763550806755267699943783311449087385184433440142669453830584931828904585217251269117119425413121","-4637508763550806755267699943783311449087385184433440142669453830584931828904585217251269117118351671295","-343"],"imag":["0","0","0"]}
{"type":"angle","q":12,"p":-11,"scale":3,"op":"cos","phase":0,"ok":1,"poly":["1","0","-16","0","16"],"real":["-88231386041354913186055833979011159037185865365","-88231386041354913186055833979011159035556940139","-156"],"imag":["0","0","0"]}
{"type":"angle","q":12,"p":-11,"scale":3,"op":"cos","phase":1,"ok":1,"poly":["1","0","-16","0","16"],"real":["-8653709163058766985308234061084729743327048649507626793351847950658825964650651574936180574225199792129","-8653709163058766985308234061084729743327048649507626793351847950658825964650651574936180574224126050303","-342"],"imag":["0","0","0"]}
{"type":"angle","q":12,"p":-11,"scale":3,"op":"tan","phase":0,"ok":1,"poly":["1","-4","1"],"real":["97902045864894753740821717871032084952801829187","97902045864894753740821717871032084954186030781","-158"],"imag":["0","0","0"]}
{"type":"angle","q":12,"p":-11,"scale":3,"op":"tan","phase":1,"ok":1,"poly":["1","-4","1"],"real":["4801102359347166188867451080542226109348271717228321590677863254281785923062336433449597579177851092991","4801102359347166188867451080542226109348271717228321590677863254281785923062336433449597579178924834817","-343"],"imag":["0","0","0"]}
{"type":"angle","q":12,"p":-11,"scale":3,"op":"cot","phase":0,"ok":1,"poly":["1","-4","1"],"real":["85224974466625510278928944677828183418283647739","85224974466625510278928944677828183419856723205","-154"],"imag":["0","0","0"]}
{"type":"angle","q":12,"p":-11,"scale":3,"op":"cot","phase":1,"ok":1,"poly":["1","-4","1"],"real":["8358841173792821068621337737205998848818048024285057940765223497069944244337851727342310275688123334655","8358841173792821068621337737205998848818048024285057940765223497069944244337851727342310275689197076481","-340"],"imag":["0","0","0"]}
{"type":"angle","q":12,"p":-11,"scale":3,"op":"sec","phase":0,"ok":1,"poly":["16","0","-16","0","1"],"real":["-446575849754036207871785660987839526935735670940793218893647225485303","-446575849754036207871785660987839526935735670940793218893646932543497","-228"],"imag":["0","0","0"]}
{"type":"angle","q":12,"p":-11,"scale":3,"op":"sec","phase":1,"ok":1,"poly":["16","0","-16","0","1"],"real":["-4637508763550806755267699943783311449087385184433440142669453830584931828904585217251269117119425413121","-4637508763550806755267699943783311449087385184433440142669453830584931828904585217251269117118351671295","-341"],"imag":["0","0","0"]}
{"type":"angle","q":12,"p":-11,"scale":3,"op":"csc","phase":0,"ok":1,"poly":["16","0","-16","0","1"],"real":["-44115693020677456593027916989505579518553344535","-44115693020677456593027916989505579517818058217","-153"],"imag":["0","0","0"]}
{"type":"angle","q":12,"p":-11,"scale":3,"op":"csc","phase":1,"ok":1,"poly":["16","0","-16","0","1"],"real":["-8653709163058766985308234061084729743327048649507626793351847950658825964650651574936180574225199792129","-8653709163058766985308234061084729743327048649507626793351847950658825964650651574936180574224126050303","-340"],"imag":["0","0","0"]}
{"type":"angle","q":12,"p":-10,"scale":1,"op":"root","phase":0,"ok":1,"poly":["1","-1","1"],"real":["2923003274661805836407369665432566039311154463297","2923003274661805836407369665432566039312575708607","-162"],"imag":["9888262075008698521265948413861084763581315187","9888262075008698521265948413861084763695613837","-153"],"recognized":1,"nullRecognized":1,"rp":1,"rq":6}
{"type":"angle","q":12,"p":-10,"scale":1,"op":"root","phase":1,"ok":1,"poly":["1","-1","1"],"real":["115172193140305827399949785796761135587064246228529065807379342658863042065190089480167441564259605943037975312218134915154131611020654072038617988630148194588045013","115172193140305827399949785796761135587064246228529065807379342658863042065190089480167441564259605943037975312218134915154131611020654072038617988630148194794852651","-546"],"imag":["7758703378874425295012906352138220585149514059631517741930490590284721003955059673161110578290891948031","7758703378874425295012906352138220585149514059631517741930490590284721003955059673161110578291965689857","-342"],"recognized":1,"nullRecognized":1,"rp":1,"rq":6}
{"type":"angle","q":12,"p":-10,"scale":1,"op":"exp","phase":0,"ok":1,"poly":["1","0","-1","0","1"],"real":["-210300076476156892817421832906076868413144174248499808223378102408488511827176361837","-210300076476156892817421832906076868413144174248499808223378102408488511826958880915","-277"],"imag":["-485667223056432267729865476705879726660601709763034880312953102434726071301734082621","-485667223056432267729865476705879726660601709763034880312953102434726071300864378819","-279"],"recognized":1,"nullRecognized":1,"rp":7,"rq":12}
{"type":"angle","q":12,"p":-10,"scale":1,"op":"exp","phase":1,"ok":1,"poly":["1","0","-1","0","1"],"real":["-7758703378874425295012906352138220585149514059631517741930490590284721003955059673161110578291965689857","-7758703378874425295012906352138220585149514059631517741930490590284721003955059673161110578290891948031","-342"],"imag":["-4479489484355608421114884561136888556243290994469299069799978201927583742360321890761754986543751102465","-4479489484355608421114884561136888556243290994469299069799978201927583742360321890761754986542677360639","-342"],"recognized":1,"nullRecognized":1,"rp":7,"rq":12}
{"type":"angle","q":12,"p":-10,"scale":1,"op":"sin","phase":0,"ok":1,"poly":["1","2"],"real":["-1","-1","-1"],"imag":["0","0","0"]}
{"type":"angle","q":12,"p":-10,"scale":1,"op":"sin","phase":1,"ok":1,"poly":["1","2"],"real":["-1","-1","-1"],"imag":["0","0","0"]}
{"type":"angle","q":12,"p":-10,"scale":1,"op":"cos","phase":0,"ok":1,"poly":["-3","0","4"],"real":["-158212193200139176340255174621777356219129827151","-158212193200139176340255174621777356217301037233","-157"],"imag":["0","0","0"]}
{"type":"angle","q":12,"p":-10,"scale":1,"op":"cos","phase":1,"ok":1,"poly":["-3","0","4"],"real":["-7758703378874425295012906352138220585149514059631517741930490590284721003955059673161110578291965689857","-7758703378874425295012906352138220585149514059631517741930490590284721003955059673161110578290891948031","-342"],"imag":["0","0","0"]}
{"type":"angle","q":12,"p":-10,"scale":1,"op":"tan","phase":0,"ok":1,"poly":["-1","0","3"],"real":["52737397733379725446751724873925785405868761865","52737397733379725446751724873925785406453816567","-156"],"imag":["0","0","0"]}
{"type":"angle","q":12,"p":-10,"scale":1,"op":"tan","phase":1,"ok":1,"poly":["-1","0","3"],"real":["5172468919249616863341937568092147056766342706421011827953660393523147335970039782107407052193749008383","5172468919249616863341937568092147056766342706421011827953660393523147335970039782107407052194822750209","-342"],"imag":["0","0","0"]}
{"type":"angle","q":12,"p":-10,"scale":1,"op":"cot","phase":0,"ok":1,"poly":["-3","0","1"],"real":["158212193200139176340255174621777356217301037233","158212193200139176340255174621777356219129827151","-156"],"imag":["0","0","0"]}
{"type":"angle","q":12,"p":-10,"scale":1,"op":"cot","phase":1,"ok":1,"poly":["-3","0","1"],"real":["7758703378874425295012906352138220585149514059631517741930490590284721003955059673161110578290891948031","7758703378874425295012906352138220585149514059631517741930490590284721003955059673161110578291965689857","-341"],"imag":["0","0","0"]}
{"type":"angle","q":12,"p":-10,"scale":1,"op":"sec","phase":0,"ok":1,"poly":["-4","0","3"],"real":["-52737397733379725446751724873925785406453816567","-52737397733379725446751724873925785405868761865","-155"],"imag":["0","0","0"]}
{"type":"angle","q":12,"p":-10,"scale":1,"op":"sec","phase":1,"ok":1,"poly":["-4","0","3"],"real":["-5172468919249616863341937568092147056766342706421011827953660393523147335970039782107407052194822750209","-5172468919249616863341937568092147056766342706421011827953660393523147335970039782107407052193749008383","-341"],"imag":["0","0","0"]}
{"type":"angle","q":12,"p":-10,"scale":1,"op":"csc","phase":0,"ok":1,"poly":["2","1"],"real":["-1","-1","1"],"imag":["0","0","0"]}
{"type":"angle","q":12,"p":-10,"scale":1,"op":"csc","phase":1,"ok":1,"poly":["2","1"],"real":["-1","-1","1"],"imag":["0","0","0"]}
{"type":"angle","q":12,"p":-10,"scale":3,"op":"root","phase":0,"ok":1,"poly":["1","-1","1"],"real":["2923003274661805836407369665432566039311154463297","2923003274661805836407369665432566039312575708607","-162"],"imag":["9888262075008698521265948413861084763581315187","9888262075008698521265948413861084763695613837","-153"],"recognized":1,"nullRecognized":1,"rp":1,"rq":6}
{"type":"angle","q":12,"p":-10,"scale":3,"op":"root","phase":1,"ok":1,"poly":["1","-1","1"],"real":["115172193140305827399949785796761135587064246228529065807379342658863042065190089480167441564259605943037975312218134915154131611020654072038617988630148194588045013","115172193140305827399949785796761135587064246228529065807379342658863042065190089480167441564259605943037975312218134915154131611020654072038617988630148194794852651","-546"],"imag":["7758703378874425295012906352138220585149514059631517741930490590284721003955059673161110578290891948031","7758703378874425295012906352138220585149514059631517741930490590284721003955059673161110578291965689857","-342"],"recognized":1,"nullRecognized":1,"rp":1,"rq":6}
{"type":"angle","q":12,"p":-10,"scale":3,"op":"exp","phase":0,"ok":1,"poly":["1","0","-1","0","1"],"real":["-210300076476156892817421832906076868413144174248499808223378102408488511827176361837","-210300076476156892817421832906076868413144174248499808223378102408488511826958880915","-277"],"imag":["-485667223056432267729865476705879726660601709763034880312953102434726071301734082621","-485667223056432267729865476705879726660601709763034880312953102434726071300864378819","-279"],"recognized":1,"nullRecognized":1,"rp":7,"rq":12}
{"type":"angle","q":12,"p":-10,"scale":3,"op":"exp","phase":1,"ok":1,"poly":["1","0","-1","0","1"],"real":["-7758703378874425295012906352138220585149514059631517741930490590284721003955059673161110578291965689857","-7758703378874425295012906352138220585149514059631517741930490590284721003955059673161110578290891948031","-342"],"imag":["-4479489484355608421114884561136888556243290994469299069799978201927583742360321890761754986543751102465","-4479489484355608421114884561136888556243290994469299069799978201927583742360321890761754986542677360639","-342"],"recognized":1,"nullRecognized":1,"rp":7,"rq":12}
{"type":"angle","q":12,"p":-10,"scale":3,"op":"sin","phase":0,"ok":1,"poly":["1","2"],"real":["-1","-1","-1"],"imag":["0","0","0"]}
{"type":"angle","q":12,"p":-10,"scale":3,"op":"sin","phase":1,"ok":1,"poly":["1","2"],"real":["-1","-1","-1"],"imag":["0","0","0"]}
{"type":"angle","q":12,"p":-10,"scale":3,"op":"cos","phase":0,"ok":1,"poly":["-3","0","4"],"real":["-158212193200139176340255174621777356219129827151","-158212193200139176340255174621777356217301037233","-157"],"imag":["0","0","0"]}
{"type":"angle","q":12,"p":-10,"scale":3,"op":"cos","phase":1,"ok":1,"poly":["-3","0","4"],"real":["-7758703378874425295012906352138220585149514059631517741930490590284721003955059673161110578291965689857","-7758703378874425295012906352138220585149514059631517741930490590284721003955059673161110578290891948031","-342"],"imag":["0","0","0"]}
{"type":"angle","q":12,"p":-10,"scale":3,"op":"tan","phase":0,"ok":1,"poly":["-1","0","3"],"real":["52737397733379725446751724873925785405868761865","52737397733379725446751724873925785406453816567","-156"],"imag":["0","0","0"]}
{"type":"angle","q":12,"p":-10,"scale":3,"op":"tan","phase":1,"ok":1,"poly":["-1","0","3"],"real":["5172468919249616863341937568092147056766342706421011827953660393523147335970039782107407052193749008383","5172468919249616863341937568092147056766342706421011827953660393523147335970039782107407052194822750209","-342"],"imag":["0","0","0"]}
{"type":"angle","q":12,"p":-10,"scale":3,"op":"cot","phase":0,"ok":1,"poly":["-3","0","1"],"real":["158212193200139176340255174621777356217301037233","158212193200139176340255174621777356219129827151","-156"],"imag":["0","0","0"]}
{"type":"angle","q":12,"p":-10,"scale":3,"op":"cot","phase":1,"ok":1,"poly":["-3","0","1"],"real":["7758703378874425295012906352138220585149514059631517741930490590284721003955059673161110578290891948031","7758703378874425295012906352138220585149514059631517741930490590284721003955059673161110578291965689857","-341"],"imag":["0","0","0"]}
{"type":"angle","q":12,"p":-10,"scale":3,"op":"sec","phase":0,"ok":1,"poly":["-4","0","3"],"real":["-52737397733379725446751724873925785406453816567","-52737397733379725446751724873925785405868761865","-155"],"imag":["0","0","0"]}
{"type":"angle","q":12,"p":-10,"scale":3,"op":"sec","phase":1,"ok":1,"poly":["-4","0","3"],"real":["-5172468919249616863341937568092147056766342706421011827953660393523147335970039782107407052194822750209","-5172468919249616863341937568092147056766342706421011827953660393523147335970039782107407052193749008383","-341"],"imag":["0","0","0"]}
{"type":"angle","q":12,"p":-10,"scale":3,"op":"csc","phase":0,"ok":1,"poly":["2","1"],"real":["-1","-1","1"],"imag":["0","0","0"]}
{"type":"angle","q":12,"p":-10,"scale":3,"op":"csc","phase":1,"ok":1,"poly":["2","1"],"real":["-1","-1","1"],"imag":["0","0","0"]}
{"type":"angle","q":12,"p":-9,"scale":1,"op":"root","phase":0,"ok":1,"poly":["1","0","1"],"real":["0","0","0"],"imag":["1","1","0"],"recognized":1,"nullRecognized":1,"rp":1,"rq":4}
{"type":"angle","q":12,"p":-9,"scale":1,"op":"root","phase":1,"ok":1,"poly":["1","0","1"],"real":["0","0","0"],"imag":["1","1","0"],"recognized":1,"nullRecognized":1,"rp":1,"rq":4}
{"type":"angle","q":12,"p":-9,"scale":1,"op":"exp","phase":0,"ok":1,"poly":["1","0","0","0","1"],"real":["-10989394778343770250329775194768820061718132929403692613803124731042190707559249024103","-10989394778343770250329775194768820061718132929403692613803124731042190707557378878361","-283"],"imag":["-10989394778343770250329775194768820061718132929403692613803124731042190707559249024103","-10989394778343770250329775194768820061718132929403692613803124731042190707557378878361","-283"],"recognized":1,"nullRecognized":1,"rp":5,"rq":8}
{"type":"angle","q":12,"p":-9,"scale":1,"op":"exp","phase":1,"ok":1,"poly":["1","0","0","0","1"],"real":["-6334954781283363607674384089193074018783356057290906722017121035366360050198358966310546015665755521025","-6334954781283363607674384089193074018783356057290906722017121035366360050198358966310546015664681779199","-342"],"imag":["-6334954781283363607674384089193074018783356057290906722017121035366360050198358966310546015665755521025","-6334954781283363607674384089193074018783356057290906722017121035366360050198358966310546015664681779199","-342"],"recognized":1,"nullRecognized":1,"rp":5,"rq":8}
{"type":"angle","q":12,"p":-9,"scale":1,"op":"sin","phase":0,"ok":1,"poly":["-1","0","2"],"real":["-64589857404495231666648405250431531953634641679","-64589857404495231666648405250431531952815765745","-156"],"imag":["0","0","0"]}
{"type":"angle","q":12,"p":-9,"scale":1,"op":"sin","phase":1,"ok":1,"poly":["-1","0","2"],"real":["-6334954781283363607674384089193074018783356057290906722017121035366360050198358966310546015665755521025","-6334954781283363607674384089193074018783356057290906722017121035366360050198358966310546015664681779199","-342"],"imag":["0","0","0"]}
{"type":"angle","q":12,"p":-9,"scale":1,"op":"cos","phase":0,"ok":1,"poly":["-1","0","2"],"real":["-64589857404495231666648405250431531953634641679","-64589857404495231666648405250431531952815765745","-156"],"imag":["0","0","0"]}
{"type":"angle","q":12,"p":-9,"scale":1,"op":"cos","phase":1,"ok":1,"poly":["-1","0","2"],"real":["-6334954781283363607674384089193074018783356057290906722017121035366360050198358966310546015665755521025","-6334954781283363607674384089193074018783356057290906722017121035366360050198358966310546015664681779199","-342"],"imag":["0","0","0"]}
{"type":"angle","q":12,"p":-9,"scale":1,"op":"tan","phase":0,"ok":1,"poly":["-1","1"],"real":["1","1","0"],"imag":["0","0","0"]}
{"type":"angle","q":12,"p":-9,"scale":1,"op":"tan","phase":1,"ok":1,"poly":["-1","1"],"real":["1","1","0"],"imag":["0","0","0"]}
{"type":"angle","q":12,"p":-9,"scale":1,"op":"cot","phase":0,"ok":1,"poly":["-1","1"],"real":["1","1","0"],"imag":["0","0","0"]}
{"type":"angle","q":12,"p":-9,"scale":1,"op":"cot","phase":1,"ok":1,"poly":["-1","1"],"real":["1","1","0"],"imag":["0","0","0"]}
{"type":"angle","q":12,"p":-9,"scale":1,"op":"sec","phase":0,"ok":1,"poly":["-2","0","1"],"real":["-64589857404495231666648405250431531953634641679","-64589857404495231666648405250431531952815765745","-155"],"imag":["0","0","0"]}
{"type":"angle","q":12,"p":-9,"scale":1,"op":"sec","phase":1,"ok":1,"poly":["-2","0","1"],"real":["-6334954781283363607674384089193074018783356057290906722017121035366360050198358966310546015665755521025","-6334954781283363607674384089193074018783356057290906722017121035366360050198358966310546015664681779199","-341"],"imag":["0","0","0"]}
{"type":"angle","q":12,"p":-9,"scale":1,"op":"csc","phase":0,"ok":1,"poly":["-2","0","1"],"real":["-64589857404495231666648405250431531953634641679","-64589857404495231666648405250431531952815765745","-155"],"imag":["0","0","0"]}
{"type":"angle","q":12,"p":-9,"scale":1,"op":"csc","phase":1,"ok":1,"poly":["-2","0","1"],"real":["-6334954781283363607674384089193074018783356057290906722017121035366360050198358966310546015665755521025","-6334954781283363607674384089193074018783356057290906722017121035366360050198358966310546015664681779199","-341"],"imag":["0","0","0"]}
{"type":"angle","q":12,"p":-9,"scale":3,"op":"root","phase":0,"ok":1,"poly":["1","0","1"],"real":["0","0","0"],"imag":["1","1","0"],"recognized":1,"nullRecognized":1,"rp":1,"rq":4}
{"type":"angle","q":12,"p":-9,"scale":3,"op":"root","phase":1,"ok":1,"poly":["1","0","1"],"real":["0","0","0"],"imag":["1","1","0"],"recognized":1,"nullRecognized":1,"rp":1,"rq":4}
{"type":"angle","q":12,"p":-9,"scale":3,"op":"exp","phase":0,"ok":1,"poly":["1","0","0","0","1"],"real":["-10989394778343770250329775194768820061718132929403692613803124731042190707559249024103","-10989394778343770250329775194768820061718132929403692613803124731042190707557378878361","-283"],"imag":["-10989394778343770250329775194768820061718132929403692613803124731042190707559249024103","-10989394778343770250329775194768820061718132929403692613803124731042190707557378878361","-283"],"recognized":1,"nullRecognized":1,"rp":5,"rq":8}
{"type":"angle","q":12,"p":-9,"scale":3,"op":"exp","phase":1,"ok":1,"poly":["1","0","0","0","1"],"real":["-6334954781283363607674384089193074018783356057290906722017121035366360050198358966310546015665755521025","-6334954781283363607674384089193074018783356057290906722017121035366360050198358966310546015664681779199","-342"],"imag":["-6334954781283363607674384089193074018783356057290906722017121035366360050198358966310546015665755521025","-6334954781283363607674384089193074018783356057290906722017121035366360050198358966310546015664681779199","-342"],"recognized":1,"nullRecognized":1,"rp":5,"rq":8}
{"type":"angle","q":12,"p":-9,"scale":3,"op":"sin","phase":0,"ok":1,"poly":["-1","0","2"],"real":["-64589857404495231666648405250431531953634641679","-64589857404495231666648405250431531952815765745","-156"],"imag":["0","0","0"]}
{"type":"angle","q":12,"p":-9,"scale":3,"op":"sin","phase":1,"ok":1,"poly":["-1","0","2"],"real":["-6334954781283363607674384089193074018783356057290906722017121035366360050198358966310546015665755521025","-6334954781283363607674384089193074018783356057290906722017121035366360050198358966310546015664681779199","-342"],"imag":["0","0","0"]}
{"type":"angle","q":12,"p":-9,"scale":3,"op":"cos","phase":0,"ok":1,"poly":["-1","0","2"],"real":["-64589857404495231666648405250431531953634641679","-64589857404495231666648405250431531952815765745","-156"],"imag":["0","0","0"]}
{"type":"angle","q":12,"p":-9,"scale":3,"op":"cos","phase":1,"ok":1,"poly":["-1","0","2"],"real":["-6334954781283363607674384089193074018783356057290906722017121035366360050198358966310546015665755521025","-6334954781283363607674384089193074018783356057290906722017121035366360050198358966310546015664681779199","-342"],"imag":["0","0","0"]}
{"type":"angle","q":12,"p":-9,"scale":3,"op":"tan","phase":0,"ok":1,"poly":["-1","1"],"real":["1","1","0"],"imag":["0","0","0"]}
{"type":"angle","q":12,"p":-9,"scale":3,"op":"tan","phase":1,"ok":1,"poly":["-1","1"],"real":["1","1","0"],"imag":["0","0","0"]}
{"type":"angle","q":12,"p":-9,"scale":3,"op":"cot","phase":0,"ok":1,"poly":["-1","1"],"real":["1","1","0"],"imag":["0","0","0"]}
{"type":"angle","q":12,"p":-9,"scale":3,"op":"cot","phase":1,"ok":1,"poly":["-1","1"],"real":["1","1","0"],"imag":["0","0","0"]}
{"type":"angle","q":12,"p":-9,"scale":3,"op":"sec","phase":0,"ok":1,"poly":["-2","0","1"],"real":["-64589857404495231666648405250431531953634641679","-64589857404495231666648405250431531952815765745","-155"],"imag":["0","0","0"]}
{"type":"angle","q":12,"p":-9,"scale":3,"op":"sec","phase":1,"ok":1,"poly":["-2","0","1"],"real":["-6334954781283363607674384089193074018783356057290906722017121035366360050198358966310546015665755521025","-6334954781283363607674384089193074018783356057290906722017121035366360050198358966310546015664681779199","-341"],"imag":["0","0","0"]}
{"type":"angle","q":12,"p":-9,"scale":3,"op":"csc","phase":0,"ok":1,"poly":["-2","0","1"],"real":["-64589857404495231666648405250431531953634641679","-64589857404495231666648405250431531952815765745","-155"],"imag":["0","0","0"]}
{"type":"angle","q":12,"p":-9,"scale":3,"op":"csc","phase":1,"ok":1,"poly":["-2","0","1"],"real":["-6334954781283363607674384089193074018783356057290906722017121035366360050198358966310546015665755521025","-6334954781283363607674384089193074018783356057290906722017121035366360050198358966310546015664681779199","-341"],"imag":["0","0","0"]}
{"type":"angle","q":12,"p":-8,"scale":1,"op":"root","phase":0,"ok":1,"poly":["1","1","1"],"real":["-2923003274661805836407369665432566039312575708607","-2923003274661805836407369665432566039311154463297","-162"],"imag":["9888262075008698521265948413861084763581315187","9888262075008698521265948413861084763695613837","-153"],"recognized":1,"nullRecognized":1,"rp":1,"rq":3}
{"type":"angle","q":12,"p":-8,"scale":1,"op":"root","phase":1,"ok":1,"poly":["1","1","1"],"real":["-115172193140305827399949785796761135587064246228529065807379342658863042065190089480167441564259605943037975312218134915154131611020654072038617988630148194794852651","-115172193140305827399949785796761135587064246228529065807379342658863042065190089480167441564259605943037975312218134915154131611020654072038617988630148194588045013","-546"],"imag":["7758703378874425295012906352138220585149514059631517741930490590284721003955059673161110578290891948031","7758703378874425295012906352138220585149514059631517741930490590284721003955059673161110578291965689857","-342"],"recognized":1,"nullRecognized":1,"rp":1,"rq":3}
{"type":"angle","q":12,"p":-8,"scale":1,"op":"exp","phase":0,"ok":1,"poly":["1","1","1"],"real":["-2923003274661805836407369665432566039312575708607","-2923003274661805836407369665432566039311154463297","-162"],"imag":["-9888262075008698521265948413861084763695613837","-9888262075008698521265948413861084763581315187","-153"],"recognized":1,"nullRecognized":1,"rp":2,"rq":3}
{"type":"angle","q":12,"p":-8,"scale":1,"op":"exp","phase":1,"ok":1,"poly":["1","1","1"],"real":["-115172193140305827399949785796761135587064246228529065807379342658863042065190089480167441564259605943037975312218134915154131611020654072038617988630148194794852651","-115172193140305827399949785796761135587064246228529065807379342658863042065190089480167441564259605943037975312218134915154131611020654072038617988630148194588045013","-546"],"imag":["-7758703378874425295012906352138220585149514059631517741930490590284721003955059673161110578291965689857","-7758703378874425295012906352138220585149514059631517741930490590284721003955059673161110578290891948031","-342"],"recognized":1,"nullRecognized":1,"rp":2,"rq":3}
{"type":"angle","q":12,"p":-8,"scale":1,"op":"sin","phase":0,"ok":1,"poly":["-3","0","4"],"real":["-158212193200139176340255174621777356219129827151","-158212193200139176340255174621777356217301037233","-157"],"imag":["0","0","0"]}
{"type":"angle","q":12,"p":-8,"scale":1,"op":"sin","phase":1,"ok":1,"poly":["-3","0","4"],"real":["-7758703378874425295012906352138220585149514059631517741930490590284721003955059673161110578291965689857","-7758703378874425295012906352138220585149514059631517741930490590284721003955059673161110578290891948031","-342"],"imag":["0","0","0"]}
{"type":"angle","q":12,"p":-8,"scale":1,"op":"cos","phase":0,"ok":1,"poly":["1","2"],"real":["-1","-1","-1"],"imag":["0","0","0"]}
{"type":"angle","q":12,"p":-8,"scale":1,"op":"cos","phase":1,"ok":1,"poly":["1","2"],"real":["-1","-1","-1"],"imag":["0","0","0"]}
{"type":"angle","q":12,"p":-8,"scale":1,"op":"tan","phase":0,"ok":1,"poly":["-3","0","1"],"real":["294693174213430241384087455685767077315","294693174213430241384087455685767077317","-127"],"imag":["0","0","0"]}
{"type":"angle","q":12,"p":-8,"scale":1,"op":"tan","phase":1,"ok":1,"poly":["-3","0","1"],"real":["7758703378874425295012906352138220585149514059631517741930490590284721003955059673161110578290891948031","7758703378874425295012906352138220585149514059631517741930490590284721003955059673161110578291965689857","-341"],"imag":["0","0","0"]}
{"type":"angle","q":12,"p":-8,"scale":1,"op":"cot","phase":0,"ok":1,"poly":["-1","0","3"],"real":["52737397733379725446751724873925785405868761865","52737397733379725446751724873925785406453816567","-156"],"imag":["0","0","0"]}
{"type":"angle","q":12,"p":-8,"scale":1,"op":"cot","phase":1,"ok":1,"poly":["-1","0","3"],"real":["5172468919249616863341937568092147056766342706421011827953660393523147335970039782107407052193749008383","5172468919249616863341937568092147056766342706421011827953660393523147335970039782107407052194822750209","-342"],"imag":["0","0","0"]}
{"type":"angle","q":12,"p":-8,"scale":1,"op":"sec","phase":0,"ok":1,"poly":["2","1"],"real":["-1","-1","1"],"imag":["0","0","0"]}
{"type":"angle","q":12,"p":-8,"scale":1,"op":"sec","phase":1,"ok":1,"poly":["2","1"],"real":["-1","-1","1"],"imag":["0","0","0"]}
{"type":"angle","q":12,"p":-8,"scale":1,"op":"csc","phase":0,"ok":1,"poly":["-4","0","3"],"real":["-52737397733379725446751724873925785406453816567","-52737397733379725446751724873925785405868761865","-155"],"imag":["0","0","0"]}
{"type":"angle","q":12,"p":-8,"scale":1,"op":"csc","phase":1,"ok":1,"poly":["-4","0","3"],"real":["-5172468919249616863341937568092147056766342706421011827953660393523147335970039782107407052194822750209","-5172468919249616863341937568092147056766342706421011827953660393523147335970039782107407052193749008383","-341"],"imag":["0","0","0"]}
{"type":"angle","q":12,"p":-8,"scale":3,"op":"root","phase":0,"ok":1,"poly":["1","1","1"],"real":["-2923003274661805836407369665432566039312575708607","-2923003274661805836407369665432566039311154463297","-162"],"imag":["9888262075008698521265948413861084763581315187","9888262075008698521265948413861084763695613837","-153"],"recognized":1,"nullRecognized":1,"rp":1,"rq":3}
{"type":"angle","q":12,"p":-8,"scale":3,"op":"root","phase":1,"ok":1,"poly":["1","1","1"],"real":["-115172193140305827399949785796761135587064246228529065807379342658863042065190089480167441564259605943037975312218134915154131611020654072038617988630148194794852651","-115172193140305827399949785796761135587064246228529065807379342658863042065190089480167441564259605943037975312218134915154131611020654072038617988630148194588045013","-546"],"imag":["7758703378874425295012906352138220585149514059631517741930490590284721003955059673161110578290891948031","7758703378874425295012906352138220585149514059631517741930490590284721003955059673161110578291965689857","-342"],"recognized":1,"nullRecognized":1,"rp":1,"rq":3}
{"type":"angle","q":12,"p":-8,"scale":3,"op":"exp","phase":0,"ok":1,"poly":["1","1","1"],"real":["-2923003274661805836407369665432566039312575708607","-2923003274661805836407369665432566039311154463297","-162"],"imag":["-9888262075008698521265948413861084763695613837","-9888262075008698521265948413861084763581315187","-153"],"recognized":1,"nullRecognized":1,"rp":2,"rq":3}
{"type":"angle","q":12,"p":-8,"scale":3,"op":"exp","phase":1,"ok":1,"poly":["1","1","1"],"real":["-115172193140305827399949785796761135587064246228529065807379342658863042065190089480167441564259605943037975312218134915154131611020654072038617988630148194794852651","-115172193140305827399949785796761135587064246228529065807379342658863042065190089480167441564259605943037975312218134915154131611020654072038617988630148194588045013","-546"],"imag":["-7758703378874425295012906352138220585149514059631517741930490590284721003955059673161110578291965689857","-7758703378874425295012906352138220585149514059631517741930490590284721003955059673161110578290891948031","-342"],"recognized":1,"nullRecognized":1,"rp":2,"rq":3}
{"type":"angle","q":12,"p":-8,"scale":3,"op":"sin","phase":0,"ok":1,"poly":["-3","0","4"],"real":["-158212193200139176340255174621777356219129827151","-158212193200139176340255174621777356217301037233","-157"],"imag":["0","0","0"]}
{"type":"angle","q":12,"p":-8,"scale":3,"op":"sin","phase":1,"ok":1,"poly":["-3","0","4"],"real":["-7758703378874425295012906352138220585149514059631517741930490590284721003955059673161110578291965689857","-7758703378874425295012906352138220585149514059631517741930490590284721003955059673161110578290891948031","-342"],"imag":["0","0","0"]}
{"type":"angle","q":12,"p":-8,"scale":3,"op":"cos","phase":0,"ok":1,"poly":["1","2"],"real":["-1","-1","-1"],"imag":["0","0","0"]}
{"type":"angle","q":12,"p":-8,"scale":3,"op":"cos","phase":1,"ok":1,"poly":["1","2"],"real":["-1","-1","-1"],"imag":["0","0","0"]}
{"type":"angle","q":12,"p":-8,"scale":3,"op":"tan","phase":0,"ok":1,"poly":["-3","0","1"],"real":["294693174213430241384087455685767077315","294693174213430241384087455685767077317","-127"],"imag":["0","0","0"]}
{"type":"angle","q":12,"p":-8,"scale":3,"op":"tan","phase":1,"ok":1,"poly":["-3","0","1"],"real":["7758703378874425295012906352138220585149514059631517741930490590284721003955059673161110578290891948031","7758703378874425295012906352138220585149514059631517741930490590284721003955059673161110578291965689857","-341"],"imag":["0","0","0"]}
{"type":"angle","q":12,"p":-8,"scale":3,"op":"cot","phase":0,"ok":1,"poly":["-1","0","3"],"real":["52737397733379725446751724873925785405868761865","52737397733379725446751724873925785406453816567","-156"],"imag":["0","0","0"]}
{"type":"angle","q":12,"p":-8,"scale":3,"op":"cot","phase":1,"ok":1,"poly":["-1","0","3"],"real":["5172468919249616863341937568092147056766342706421011827953660393523147335970039782107407052193749008383","5172468919249616863341937568092147056766342706421011827953660393523147335970039782107407052194822750209","-342"],"imag":["0","0","0"]}
{"type":"angle","q":12,"p":-8,"scale":3,"op":"sec","phase":0,"ok":1,"poly":["2","1"],"real":["-1","-1","1"],"imag":["0","0","0"]}
{"type":"angle","q":12,"p":-8,"scale":3,"op":"sec","phase":1,"ok":1,"poly":["2","1"],"real":["-1","-1","1"],"imag":["0","0","0"]}
{"type":"angle","q":12,"p":-8,"scale":3,"op":"csc","phase":0,"ok":1,"poly":["-4","0","3"],"real":["-52737397733379725446751724873925785406453816567","-52737397733379725446751724873925785405868761865","-155"],"imag":["0","0","0"]}
{"type":"angle","q":12,"p":-8,"scale":3,"op":"csc","phase":1,"ok":1,"poly":["-4","0","3"],"real":["-5172468919249616863341937568092147056766342706421011827953660393523147335970039782107407052194822750209","-5172468919249616863341937568092147056766342706421011827953660393523147335970039782107407052193749008383","-341"],"imag":["0","0","0"]}
{"type":"angle","q":12,"p":-7,"scale":1,"op":"root","phase":0,"ok":1,"poly":["1","0","-1","0","1"],"real":["-210300076476156892817421832906076868413144174248499808223378102408488511827176361837","-210300076476156892817421832906076868413144174248499808223378102408488511826958880915","-277"],"imag":["485667223056432267729865476705879726660601709763034880312953102434726071300864378819","485667223056432267729865476705879726660601709763034880312953102434726071301734082621","-279"],"recognized":1,"nullRecognized":1,"rp":5,"rq":12}
{"type":"angle","q":12,"p":-7,"scale":1,"op":"root","phase":1,"ok":1,"poly":["1","0","-1","0","1"],"real":["-7758703378874425295012906352138220585149514059631517741930490590284721003955059673161110578291965689857","-7758703378874425295012906352138220585149514059631517741930490590284721003955059673161110578290891948031","-342"],"imag":["4479489484355608421114884561136888556243290994469299069799978201927583742360321890761754986542677360639","4479489484355608421114884561136888556243290994469299069799978201927583742360321890761754986543751102465","-342"],"recognized":1,"nullRecognized":1,"rp":5,"rq":12}
{"type":"angle","q":12,"p":-7,"scale":1,"op":"exp","phase":0,"ok":1,"poly":["1","0","0","0","-1","0","0","0","1"],"real":["-7856245431816172162290389709064248614441352398402864854822025460265653792242478755","-7856245431816172162290389709064248614441352398402864854822025460265653792029506909","-274"],"imag":["-234559256866150787459725855090776802379876646209155615929250027604659460143536105331","-234559256866150787459725855090776802379876646209155615929250027604659460141831264397","-277"],"recognized":1,"nullRecognized":1,"rp":17,"rq":24}
{"type":"angle","q":12,"p":-7,"scale":1,"op":"exp","phase":1,"ok":1,"poly":["1","0","0","0","-1","0","0","0","1"],"real":["-4637508763550806755267699943783311449087385184433440142669453830584931828904585217251269117119425413121","-4637508763550806755267699943783311449087385184433440142669453830584931828904585217251269117118351671295","-343"],"imag":["-8653709163058766985308234061084729743327048649507626793351847950658825964650651574936180574225199792129","-8653709163058766985308234061084729743327048649507626793351847950658825964650651574936180574224126050303","-342"],"recognized":1,"nullRecognized":1,"rp":17,"rq":24}
{"type":"angle","q":12,"p":-7,"scale":1,"op":"sin","phase":0,"ok":1,"poly":["1","0","-16","0","16"],"real":["-88231386041354913186055833979011159037185865365","-88231386041354913186055833979011159035556940139","-156"],"imag":["0","0","0"]}
{"type":"angle","q":12,"p":-7,"scale":1,"op":"sin","phase":1,"ok":1,"poly":["1","0","-16","0","16"],"real":["-8653709163058766985308234061084729743327048649507626793351847950658825964650651574936180574225199792129","-8653709163058766985308234061084729743327048649507626793351847950658825964650651574936180574224126050303","-342"],"imag":["0","0","0"]}
{"type":"angle","q":12,"p":-7,"scale":1,"op":"cos","phase":0,"ok":1,"poly":["1","0","-16","0","16"],"real":["-446575849754036207871785660987839526935735670940793218893647225485303","-446575849754036207871785660987839526935735670940793218893646932543497","-230"],"imag":["0","0","0"]}
{"type":"angle","q":12,"p":-7,"scale":1,"op":"cos","phase":1,"ok":1,"poly":["1","0","-16","0","16"],"real":["-4637508763550806755267699943783311449087385184433440142669453830584931828904585217251269117119425413121","-4637508763550806755267699943783311449087385184433440142669453830584931828904585217251269117118351671295","-343"],"imag":["0","0","0"]}
{"type":"angle","q":12,"p":-7,"scale":1,"op":"tan","phase":0,"ok":1,"poly":["1","-4","1"],"real":["6439417006793818056314003275403716937481775476186630390598318790068423","6439417006793818056314003275403716937481775476186630390598319941302073","-230"],"imag":["0","0","0"]}
{"type":"angle","q":12,"p":-7,"scale":1,"op":"tan","phase":1,"ok":1,"poly":["1","-4","1"],"real":["8358841173792821068621337737205998848818048024285057940765223497069944244337851727342310275688123334655","8358841173792821068621337737205998848818048024285057940765223497069944244337851727342310275689197076481","-340"],"imag":["0","0","0"]}
{"type":"angle","q":12,"p":-7,"scale":1,"op":"cot","phase":0,"ok":1,"poly":["1","-4","1"],"real":["24475511466223688435205429467758021238266869087","24475511466223688435205429467758021238748531361","-156"],"imag":["0","0","0"]}
{"type":"angle","q":12,"p":-7,"scale":1,"op":"cot","phase":1,"ok":1,"poly":["1","-4","1"],"real":["4801102359347166188867451080542226109348271717228321590677863254281785923062336433449597579177851092991","4801102359347166188867451080542226109348271717228321590677863254281785923062336433449597579178924834817","-343"],"imag":["0","0","0"]}
{"type":"angle","q":12,"p":-7,"scale":1,"op":"sec","phase":0,"ok":1,"poly":["16","0","-16","0","1"],"real":["-44115693020677456593027916989505579518553344535","-44115693020677456593027916989505579517818058217","-153"],"imag":["0","0","0"]}
{"type":"angle","q":12,"p":-7,"scale":1,"op":"sec","phase":1,"ok":1,"poly":["16","0","-16","0","1"],"real":["-8653709163058766985308234061084729743327048649507626793351847950658825964650651574936180574225199792129","-8653709163058766985308234061084729743327048649507626793351847950658825964650651574936180574224126050303","-340"],"imag":["0","0","0"]}
{"type":"angle","q":12,"p":-7,"scale":1,"op":"csc","phase":0,"ok":1,"poly":["16","0","-16","0","1"],"real":["-446575849754036207871785660987839526935735670940793218893647225485303","-446575849754036207871785660987839526935735670940793218893646932543497","-228"],"imag":["0","0","0"]}
{"type":"angle","q":12,"p":-7,"scale":1,"op":"csc","phase":1,"ok":1,"poly":["16","0","-16","0","1"],"real":["-4637508763550806755267699943783311449087385184433440142669453830584931828904585217251269117119425413121","-4637508763550806755267699943783311449087385184433440142669453830584931828904585217251269117118351671295","-341"],"imag":["0","0","0"]}
{"type":"angle","q":12,"p":-7,"scale":3,"op":"root","phase":0,"ok":1,"poly":["1","0","-1","0","1"],"real":["-210300076476156892817421832906076868413144174248499808223378102408488511827176361837","-210300076476156892817421832906076868413144174248499808223378102408488511826958880915","-277"],"imag":["485667223056432267729865476705879726660601709763034880312953102434726071300864378819","485667223056432267729865476705879726660601709763034880312953102434726071301734082621","-279"],"recognized":1,"nullRecognized":1,"rp":5,"rq":12}
{"type":"angle","q":12,"p":-7,"scale":3,"op":"root","phase":1,"ok":1,"poly":["1","0","-1","0","1"],"real":["-7758703378874425295012906352138220585149514059631517741930490590284721003955059673161110578291965689857","-7758703378874425295012906352138220585149514059631517741930490590284721003955059673161110578290891948031","-342"],"imag":["4479489484355608421114884561136888556243290994469299069799978201927583742360321890761754986542677360639","4479489484355608421114884561136888556243290994469299069799978201927583742360321890761754986543751102465","-342"],"recognized":1,"nullRecognized":1,"rp":5,"rq":12}
{"type":"angle","q":12,"p":-7,"scale":3,"op":"exp","phase":0,"ok":1,"poly":["1","0","0","0","-1","0","0","0","1"],"real":["-7856245431816172162290389709064248614441352398402864854822025460265653792242478755","-7856245431816172162290389709064248614441352398402864854822025460265653792029506909","-274"],"imag":["-234559256866150787459725855090776802379876646209155615929250027604659460143536105331","-234559256866150787459725855090776802379876646209155615929250027604659460141831264397","-277"],"recognized":1,"nullRecognized":1,"rp":17,"rq":24}
{"type":"angle","q":12,"p":-7,"scale":3,"op":"exp","phase":1,"ok":1,"poly":["1","0","0","0","-1","0","0","0","1"],"real":["-4637508763550806755267699943783311449087385184433440142669453830584931828904585217251269117119425413121","-4637508763550806755267699943783311449087385184433440142669453830584931828904585217251269117118351671295","-343"],"imag":["-8653709163058766985308234061084729743327048649507626793351847950658825964650651574936180574225199792129","-8653709163058766985308234061084729743327048649507626793351847950658825964650651574936180574224126050303","-342"],"recognized":1,"nullRecognized":1,"rp":17,"rq":24}
{"type":"angle","q":12,"p":-7,"scale":3,"op":"sin","phase":0,"ok":1,"poly":["1","0","-16","0","16"],"real":["-88231386041354913186055833979011159037185865365","-88231386041354913186055833979011159035556940139","-156"],"imag":["0","0","0"]}
{"type":"angle","q":12,"p":-7,"scale":3,"op":"sin","phase":1,"ok":1,"poly":["1","0","-16","0","16"],"real":["-8653709163058766985308234061084729743327048649507626793351847950658825964650651574936180574225199792129","-8653709163058766985308234061084729743327048649507626793351847950658825964650651574936180574224126050303","-342"],"imag":["0","0","0"]}
{"type":"angle","q":12,"p":-7,"scale":3,"op":"cos","phase":0,"ok":1,"poly":["1","0","-16","0","16"],"real":["-446575849754036207871785660987839526935735670940793218893647225485303","-446575849754036207871785660987839526935735670940793218893646932543497","-230"],"imag":["0","0","0"]}
{"type":"angle","q":12,"p":-7,"scale":3,"op":"cos","phase":1,"ok":1,"poly":["1","0","-16","0","16"],"real":["-4637508763550806755267699943783311449087385184433440142669453830584931828904585217251269117119425413121","-4637508763550806755267699943783311449087385184433440142669453830584931828904585217251269117118351671295","-343"],"imag":["0","0","0"]}
{"type":"angle","q":12,"p":-7,"scale":3,"op":"tan","phase":0,"ok":1,"poly":["1","-4","1"],"real":["6439417006793818056314003275403716937481775476186630390598318790068423","6439417006793818056314003275403716937481775476186630390598319941302073","-230"],"imag":["0","0","0"]}
{"type":"angle","q":12,"p":-7,"scale":3,"op":"tan","phase":1,"ok":1,"poly":["1","-4","1"],"real":["8358841173792821068621337737205998848818048024285057940765223497069944244337851727342310275688123334655","8358841173792821068621337737205998848818048024285057940765223497069944244337851727342310275689197076481","-340"],"imag":["0","0","0"]}
{"type":"angle","q":12,"p":-7,"scale":3,"op":"cot","phase":0,"ok":1,"poly":["1","-4","1"],"real":["24475511466223688435205429467758021238266869087","24475511466223688435205429467758021238748531361","-156"],"imag":["0","0","0"]}
{"type":"angle","q":12,"p":-7,"scale":3,"op":"cot","phase":1,"ok":1,"poly":["1","-4","1"],"real":["4801102359347166188867451080542226109348271717228321590677863254281785923062336433449597579177851092991","4801102359347166188867451080542226109348271717228321590677863254281785923062336433449597579178924834817","-343"],"imag":["0","0","0"]}
{"type":"angle","q":12,"p":-7,"scale":3,"op":"sec","phase":0,"ok":1,"poly":["16","0","-16","0","1"],"real":["-44115693020677456593027916989505579518553344535","-44115693020677456593027916989505579517818058217","-153"],"imag":["0","0","0"]}
{"type":"angle","q":12,"p":-7,"scale":3,"op":"sec","phase":1,"ok":1,"poly":["16","0","-16","0","1"],"real":["-8653709163058766985308234061084729743327048649507626793351847950658825964650651574936180574225199792129","-8653709163058766985308234061084729743327048649507626793351847950658825964650651574936180574224126050303","-340"],"imag":["0","0","0"]}
{"type":"angle","q":12,"p":-7,"scale":3,"op":"csc","phase":0,"ok":1,"poly":["16","0","-16","0","1"],"real":["-446575849754036207871785660987839526935735670940793218893647225485303","-446575849754036207871785660987839526935735670940793218893646932543497","-228"],"imag":["0","0","0"]}
{"type":"angle","q":12,"p":-7,"scale":3,"op":"csc","phase":1,"ok":1,"poly":["16","0","-16","0","1"],"real":["-4637508763550806755267699943783311449087385184433440142669453830584931828904585217251269117119425413121","-4637508763550806755267699943783311449087385184433440142669453830584931828904585217251269117118351671295","-341"],"imag":["0","0","0"]}
{"type":"angle","q":12,"p":-6,"scale":1,"op":"root","phase":0,"ok":1,"poly":["1","1"],"real":["-1","-1","0"],"imag":["0","0","0"],"recognized":1,"nullRecognized":1,"rp":1,"rq":2}
{"type":"angle","q":12,"p":-6,"scale":1,"op":"root","phase":1,"ok":1,"poly":["1","1"],"real":["-1","-1","0"],"imag":["0","0","0"],"recognized":1,"nullRecognized":1,"rp":1,"rq":2}
{"type":"angle","q":12,"p":-6,"scale":1,"op":"exp","phase":0,"ok":1,"poly":["1","0","1"],"real":["0","0","0"],"imag":["-1","-1","0"],"recognized":1,"nullRecognized":1,"rp":3,"rq":4}
{"type":"angle","q":12,"p":-6,"scale":1,"op":"exp","phase":1,"ok":1,"poly":["1","0","1"],"real":["0","0","0"],"imag":["-1","-1","0"],"recognized":1,"nullRecognized":1,"rp":3,"rq":4}
{"type":"angle","q":12,"p":-6,"scale":1,"op":"sin","phase":0,"ok":1,"poly":["1","1"],"real":["-1","-1","0"],"imag":["0","0","0"]}
{"type":"angle","q":12,"p":-6,"scale":1,"op":"sin","phase":1,"ok":1,"poly":["1","1"],"real":["-1","-1","0"],"imag":["0","0","0"]}
{"type":"angle","q":12,"p":-6,"scale":1,"op":"cos","phase":0,"ok":1,"poly":["0","1"],"real":["0","0","0"],"imag":["0","0","0"]}
{"type":"angle","q":12,"p":-6,"scale":1,"op":"cos","phase":1,"ok":1,"poly":["0","1"],"real":["0","0","0"],"imag":["0","0","0"]}
{"type":"angle","q":12,"p":-6,"scale":1,"op":"tan","phase":0,"ok":0}
{"type":"angle","q":12,"p":-6,"scale":1,"op":"tan","phase":1,"ok":0}
{"type":"angle","q":12,"p":-6,"scale":1,"op":"cot","phase":0,"ok":1,"poly":["0","1"],"real":["0","0","0"],"imag":["0","0","0"]}
{"type":"angle","q":12,"p":-6,"scale":1,"op":"cot","phase":1,"ok":1,"poly":["0","1"],"real":["0","0","0"],"imag":["0","0","0"]}
{"type":"angle","q":12,"p":-6,"scale":1,"op":"sec","phase":0,"ok":0}
{"type":"angle","q":12,"p":-6,"scale":1,"op":"sec","phase":1,"ok":0}
{"type":"angle","q":12,"p":-6,"scale":1,"op":"csc","phase":0,"ok":1,"poly":["1","1"],"real":["-1","-1","0"],"imag":["0","0","0"]}
{"type":"angle","q":12,"p":-6,"scale":1,"op":"csc","phase":1,"ok":1,"poly":["1","1"],"real":["-1","-1","0"],"imag":["0","0","0"]}
{"type":"angle","q":12,"p":-6,"scale":3,"op":"root","phase":0,"ok":1,"poly":["1","1"],"real":["-1","-1","0"],"imag":["0","0","0"],"recognized":1,"nullRecognized":1,"rp":1,"rq":2}
{"type":"angle","q":12,"p":-6,"scale":3,"op":"root","phase":1,"ok":1,"poly":["1","1"],"real":["-1","-1","0"],"imag":["0","0","0"],"recognized":1,"nullRecognized":1,"rp":1,"rq":2}
{"type":"angle","q":12,"p":-6,"scale":3,"op":"exp","phase":0,"ok":1,"poly":["1","0","1"],"real":["0","0","0"],"imag":["-1","-1","0"],"recognized":1,"nullRecognized":1,"rp":3,"rq":4}
{"type":"angle","q":12,"p":-6,"scale":3,"op":"exp","phase":1,"ok":1,"poly":["1","0","1"],"real":["0","0","0"],"imag":["-1","-1","0"],"recognized":1,"nullRecognized":1,"rp":3,"rq":4}
{"type":"angle","q":12,"p":-6,"scale":3,"op":"sin","phase":0,"ok":1,"poly":["1","1"],"real":["-1","-1","0"],"imag":["0","0","0"]}
{"type":"angle","q":12,"p":-6,"scale":3,"op":"sin","phase":1,"ok":1,"poly":["1","1"],"real":["-1","-1","0"],"imag":["0","0","0"]}
{"type":"angle","q":12,"p":-6,"scale":3,"op":"cos","phase":0,"ok":1,"poly":["0","1"],"real":["0","0","0"],"imag":["0","0","0"]}
{"type":"angle","q":12,"p":-6,"scale":3,"op":"cos","phase":1,"ok":1,"poly":["0","1"],"real":["0","0","0"],"imag":["0","0","0"]}
{"type":"angle","q":12,"p":-6,"scale":3,"op":"tan","phase":0,"ok":0}
{"type":"angle","q":12,"p":-6,"scale":3,"op":"tan","phase":1,"ok":0}
{"type":"angle","q":12,"p":-6,"scale":3,"op":"cot","phase":0,"ok":1,"poly":["0","1"],"real":["0","0","0"],"imag":["0","0","0"]}
{"type":"angle","q":12,"p":-6,"scale":3,"op":"cot","phase":1,"ok":1,"poly":["0","1"],"real":["0","0","0"],"imag":["0","0","0"]}
{"type":"angle","q":12,"p":-6,"scale":3,"op":"sec","phase":0,"ok":0}
{"type":"angle","q":12,"p":-6,"scale":3,"op":"sec","phase":1,"ok":0}
{"type":"angle","q":12,"p":-6,"scale":3,"op":"csc","phase":0,"ok":1,"poly":["1","1"],"real":["-1","-1","0"],"imag":["0","0","0"]}
{"type":"angle","q":12,"p":-6,"scale":3,"op":"csc","phase":1,"ok":1,"poly":["1","1"],"real":["-1","-1","0"],"imag":["0","0","0"]}
{"type":"angle","q":12,"p":-5,"scale":1,"op":"root","phase":0,"ok":1,"poly":["1","0","-1","0","1"],"real":["-210300076476156892817421832906076868413144174248499808223378102408488511827176361837","-210300076476156892817421832906076868413144174248499808223378102408488511826958880915","-277"],"imag":["-485667223056432267729865476705879726660601709763034880312953102434726071301734082621","-485667223056432267729865476705879726660601709763034880312953102434726071300864378819","-279"],"recognized":1,"nullRecognized":1,"rp":7,"rq":12}
{"type":"angle","q":12,"p":-5,"scale":1,"op":"root","phase":1,"ok":1,"poly":["1","0","-1","0","1"],"real":["-7758703378874425295012906352138220585149514059631517741930490590284721003955059673161110578291965689857","-7758703378874425295012906352138220585149514059631517741930490590284721003955059673161110578290891948031","-342"],"imag":["-4479489484355608421114884561136888556243290994469299069799978201927583742360321890761754986543751102465","-4479489484355608421114884561136888556243290994469299069799978201927583742360321890761754986542677360639","-342"],"recognized":1,"nullRecognized":1,"rp":7,"rq":12}
{"type":"angle","q":12,"p":-5,"scale":1,"op":"exp","phase":0,"ok":1,"poly":["1","0","0","0","-1","0","0","0","1"],"real":["7856245431816172162290389709064248614441352398402864854822025460265653792029506909","7856245431816172162290389709064248614441352398402864854822025460265653792242478755","-274"],"imag":["-234559256866150787459725855090776802379876646209155615929250027604659460143536105331","-234559256866150787459725855090776802379876646209155615929250027604659460141831264397","-277"],"recognized":1,"nullRecognized":1,"rp":19,"rq":24}
{"type":"angle","q":12,"p":-5,"scale":1,"op":"exp","phase":1,"ok":1,"poly":["1","0","0","0","-1","0","0","0","1"],"real":["4637508763550806755267699943783311449087385184433440142669453830584931828904585217251269117118351671295","4637508763550806755267699943783311449087385184433440142669453830584931828904585217251269117119425413121","-343"],"imag":["-8653709163058766985308234061084729743327048649507626793351847950658825964650651574936180574225199792129","-8653709163058766985308234061084729743327048649507626793351847950658825964650651574936180574224126050303","-342"],"recognized":1,"nullRecognized":1,"rp":19,"rq":24}
{"type":"angle","q":12,"p":-5,"scale":1,"op":"sin","phase":0,"ok":1,"poly":["1","0","-16","0","16"],"real":["-88231386041354913186055833979011159037185865365","-88231386041354913186055833979011159035556940139","-156"],"imag":["0","0","0"]}
{"type":"angle","q":12,"p":-5,"scale":1,"op":"sin","phase":1,"ok":1,"poly":["1","0","-16","0","16"],"real":["-8653709163058766985308234061084729743327048649507626793351847950658825964650651574936180574225199792129","-8653709163058766985308234061084729743327048649507626793351847950658825964650651574936180574224126050303","-342"],"imag":["0","0","0"]}
{"type":"angle","q":12,"p":-5,"scale":1,"op":"cos","phase":0,"ok":1,"poly":["1","0","-16","0","16"],"real":["446575849754036207871785660987839526935735670940793218893646932543497","446575849754036207871785660987839526935735670940793218893647225485303","-230"],"imag":["0","0","0"]}
{"type":"angle","q":12,"p":-5,"scale":1,"op":"cos","phase":1,"ok":1,"poly":["1","0","-16","0","16"],"real":["4637508763550806755267699943783311449087385184433440142669453830584931828904585217251269117118351671295","4637508763550806755267699943783311449087385184433440142669453830584931828904585217251269117119425413121","-343"],"imag":["0","0","0"]}
{"type":"angle","q":12,"p":-5,"scale":1,"op":"tan","phase":0,"ok":1,"poly":["1","4","1"],"real":["-6439417006793818056314003275403716937481775476186630390598319941302073","-6439417006793818056314003275403716937481775476186630390598318790068423","-230"],"imag":["0","0","0"]}
{"type":"angle","q":12,"p":-5,"scale":1,"op":"tan","phase":1,"ok":1,"poly":["1","4","1"],"real":["-8358841173792821068621337737205998848818048024285057940765223497069944244337851727342310275689197076481","-8358841173792821068621337737205998848818048024285057940765223497069944244337851727342310275688123334655","-340"],"imag":["0","0","0"]}
{"type":"angle","q":12,"p":-5,"scale":1,"op":"cot","phase":0,"ok":1,"poly":["1","4","1"],"real":["-24475511466223688435205429467758021238748531361","-24475511466223688435205429467758021238266869087","-156"],"imag":["0","0","0"]}
{"type":"angle","q":12,"p":-5,"scale":1,"op":"cot","phase":1,"ok":1,"poly":["1","4","1"],"real":["-4801102359347166188867451080542226109348271717228321590677863254281785923062336433449597579178924834817","-4801102359347166188867451080542226109348271717228321590677863254281785923062336433449597579177851092991","-343"],"imag":["0","0","0"]}
{"type":"angle","q":12,"p":-5,"scale":1,"op":"sec","phase":0,"ok":1,"poly":["16","0","-16","0","1"],"real":["44115693020677456593027916989505579517818058217","44115693020677456593027916989505579518553344535","-153"],"imag":["0","0","0"]}
{"type":"angle","q":12,"p":-5,"scale":1,"op":"sec","phase":1,"ok":1,"poly":["16","0","-16","0","1"],"real":["8653709163058766985308234061084729743327048649507626793351847950658825964650651574936180574224126050303","8653709163058766985308234061084729743327048649507626793351847950658825964650651574936180574225199792129","-340"],"imag":["0","0","0"]}
{"type":"angle","q":12,"p":-5,"scale":1,"op":"csc","phase":0,"ok":1,"poly":["16","0","-16","0","1"],"real":["-446575849754036207871785660987839526935735670940793218893647225485303","-446575849754036207871785660987839526935735670940793218893646932543497","-228"],"imag":["0","0","0"]}
{"type":"angle","q":12,"p":-5,"scale":1,"op":"csc","phase":1,"ok":1,"poly":["16","0","-16","0","1"],"real":["-4637508763550806755267699943783311449087385184433440142669453830584931828904585217251269117119425413121","-4637508763550806755267699943783311449087385184433440142669453830584931828904585217251269117118351671295","-341"],"imag":["0","0","0"]}
{"type":"angle","q":12,"p":-5,"scale":3,"op":"root","phase":0,"ok":1,"poly":["1","0","-1","0","1"],"real":["-210300076476156892817421832906076868413144174248499808223378102408488511827176361837","-210300076476156892817421832906076868413144174248499808223378102408488511826958880915","-277"],"imag":["-485667223056432267729865476705879726660601709763034880312953102434726071301734082621","-485667223056432267729865476705879726660601709763034880312953102434726071300864378819","-279"],"recognized":1,"nullRecognized":1,"rp":7,"rq":12}
{"type":"angle","q":12,"p":-5,"scale":3,"op":"root","phase":1,"ok":1,"poly":["1","0","-1","0","1"],"real":["-7758703378874425295012906352138220585149514059631517741930490590284721003955059673161110578291965689857","-7758703378874425295012906352138220585149514059631517741930490590284721003955059673161110578290891948031","-342"],"imag":["-4479489484355608421114884561136888556243290994469299069799978201927583742360321890761754986543751102465","-4479489484355608421114884561136888556243290994469299069799978201927583742360321890761754986542677360639","-342"],"recognized":1,"nullRecognized":1,"rp":7,"rq":12}
{"type":"angle","q":12,"p":-5,"scale":3,"op":"exp","phase":0,"ok":1,"poly":["1","0","0","0","-1","0","0","0","1"],"real":["7856245431816172162290389709064248614441352398402864854822025460265653792029506909","7856245431816172162290389709064248614441352398402864854822025460265653792242478755","-274"],"imag":["-234559256866150787459725855090776802379876646209155615929250027604659460143536105331","-234559256866150787459725855090776802379876646209155615929250027604659460141831264397","-277"],"recognized":1,"nullRecognized":1,"rp":19,"rq":24}
{"type":"angle","q":12,"p":-5,"scale":3,"op":"exp","phase":1,"ok":1,"poly":["1","0","0","0","-1","0","0","0","1"],"real":["4637508763550806755267699943783311449087385184433440142669453830584931828904585217251269117118351671295","4637508763550806755267699943783311449087385184433440142669453830584931828904585217251269117119425413121","-343"],"imag":["-8653709163058766985308234061084729743327048649507626793351847950658825964650651574936180574225199792129","-8653709163058766985308234061084729743327048649507626793351847950658825964650651574936180574224126050303","-342"],"recognized":1,"nullRecognized":1,"rp":19,"rq":24}
{"type":"angle","q":12,"p":-5,"scale":3,"op":"sin","phase":0,"ok":1,"poly":["1","0","-16","0","16"],"real":["-88231386041354913186055833979011159037185865365","-88231386041354913186055833979011159035556940139","-156"],"imag":["0","0","0"]}
{"type":"angle","q":12,"p":-5,"scale":3,"op":"sin","phase":1,"ok":1,"poly":["1","0","-16","0","16"],"real":["-8653709163058766985308234061084729743327048649507626793351847950658825964650651574936180574225199792129","-8653709163058766985308234061084729743327048649507626793351847950658825964650651574936180574224126050303","-342"],"imag":["0","0","0"]}
{"type":"angle","q":12,"p":-5,"scale":3,"op":"cos","phase":0,"ok":1,"poly":["1","0","-16","0","16"],"real":["446575849754036207871785660987839526935735670940793218893646932543497","446575849754036207871785660987839526935735670940793218893647225485303","-230"],"imag":["0","0","0"]}
{"type":"angle","q":12,"p":-5,"scale":3,"op":"cos","phase":1,"ok":1,"poly":["1","0","-16","0","16"],"real":["4637508763550806755267699943783311449087385184433440142669453830584931828904585217251269117118351671295","4637508763550806755267699943783311449087385184433440142669453830584931828904585217251269117119425413121","-343"],"imag":["0","0","0"]}
{"type":"angle","q":12,"p":-5,"scale":3,"op":"tan","phase":0,"ok":1,"poly":["1","4","1"],"real":["-6439417006793818056314003275403716937481775476186630390598319941302073","-6439417006793818056314003275403716937481775476186630390598318790068423","-230"],"imag":["0","0","0"]}
{"type":"angle","q":12,"p":-5,"scale":3,"op":"tan","phase":1,"ok":1,"poly":["1","4","1"],"real":["-8358841173792821068621337737205998848818048024285057940765223497069944244337851727342310275689197076481","-8358841173792821068621337737205998848818048024285057940765223497069944244337851727342310275688123334655","-340"],"imag":["0","0","0"]}
{"type":"angle","q":12,"p":-5,"scale":3,"op":"cot","phase":0,"ok":1,"poly":["1","4","1"],"real":["-24475511466223688435205429467758021238748531361","-24475511466223688435205429467758021238266869087","-156"],"imag":["0","0","0"]}
{"type":"angle","q":12,"p":-5,"scale":3,"op":"cot","phase":1,"ok":1,"poly":["1","4","1"],"real":["-4801102359347166188867451080542226109348271717228321590677863254281785923062336433449597579178924834817","-4801102359347166188867451080542226109348271717228321590677863254281785923062336433449597579177851092991","-343"],"imag":["0","0","0"]}
{"type":"angle","q":12,"p":-5,"scale":3,"op":"sec","phase":0,"ok":1,"poly":["16","0","-16","0","1"],"real":["44115693020677456593027916989505579517818058217","44115693020677456593027916989505579518553344535","-153"],"imag":["0","0","0"]}
{"type":"angle","q":12,"p":-5,"scale":3,"op":"sec","phase":1,"ok":1,"poly":["16","0","-16","0","1"],"real":["8653709163058766985308234061084729743327048649507626793351847950658825964650651574936180574224126050303","8653709163058766985308234061084729743327048649507626793351847950658825964650651574936180574225199792129","-340"],"imag":["0","0","0"]}
{"type":"angle","q":12,"p":-5,"scale":3,"op":"csc","phase":0,"ok":1,"poly":["16","0","-16","0","1"],"real":["-446575849754036207871785660987839526935735670940793218893647225485303","-446575849754036207871785660987839526935735670940793218893646932543497","-228"],"imag":["0","0","0"]}
{"type":"angle","q":12,"p":-5,"scale":3,"op":"csc","phase":1,"ok":1,"poly":["16","0","-16","0","1"],"real":["-4637508763550806755267699943783311449087385184433440142669453830584931828904585217251269117119425413121","-4637508763550806755267699943783311449087385184433440142669453830584931828904585217251269117118351671295","-341"],"imag":["0","0","0"]}
{"type":"angle","q":12,"p":-4,"scale":1,"op":"root","phase":0,"ok":1,"poly":["1","1","1"],"real":["-2923003274661805836407369665432566039312575708607","-2923003274661805836407369665432566039311154463297","-162"],"imag":["-9888262075008698521265948413861084763695613837","-9888262075008698521265948413861084763581315187","-153"],"recognized":1,"nullRecognized":1,"rp":2,"rq":3}
{"type":"angle","q":12,"p":-4,"scale":1,"op":"root","phase":1,"ok":1,"poly":["1","1","1"],"real":["-115172193140305827399949785796761135587064246228529065807379342658863042065190089480167441564259605943037975312218134915154131611020654072038617988630148194794852651","-115172193140305827399949785796761135587064246228529065807379342658863042065190089480167441564259605943037975312218134915154131611020654072038617988630148194588045013","-546"],"imag":["-7758703378874425295012906352138220585149514059631517741930490590284721003955059673161110578291965689857","-7758703378874425295012906352138220585149514059631517741930490590284721003955059673161110578290891948031","-342"],"recognized":1,"nullRecognized":1,"rp":2,"rq":3}
{"type":"angle","q":12,"p":-4,"scale":1,"op":"exp","phase":0,"ok":1,"poly":["1","-1","1"],"real":["2923003274661805836407369665432566039311154463297","2923003274661805836407369665432566039312575708607","-162"],"imag":["-9888262075008698521265948413861084763695613837","-9888262075008698521265948413861084763581315187","-153"],"recognized":1,"nullRecognized":1,"rp":5,"rq":6}
{"type":"angle","q":12,"p":-4,"scale":1,"op":"exp","phase":1,"ok":1,"poly":["1","-1","1"],"real":["115172193140305827399949785796761135587064246228529065807379342658863042065190089480167441564259605943037975312218134915154131611020654072038617988630148194588045013","115172193140305827399949785796761135587064246228529065807379342658863042065190089480167441564259605943037975312218134915154131611020654072038617988630148194794852651","-546"],"imag":["-7758703378874425295012906352138220585149514059631517741930490590284721003955059673161110578291965689857","-7758703378874425295012906352138220585149514059631517741930490590284721003955059673161110578290891948031","-342"],"recognized":1,"nullRecognized":1,"rp":5,"rq":6}
{"type":"angle","q":12,"p":-4,"scale":1,"op":"sin","phase":0,"ok":1,"poly":["-3","0","4"],"real":["-158212193200139176340255174621777356219129827151","-158212193200139176340255174621777356217301037233","-157"],"imag":["0","0","0"]}
{"type":"angle","q":12,"p":-4,"scale":1,"op":"sin","phase":1,"ok":1,"poly":["-3","0","4"],"real":["-7758703378874425295012906352138220585149514059631517741930490590284721003955059673161110578291965689857","-7758703378874425295012906352138220585149514059631517741930490590284721003955059673161110578290891948031","-342"],"imag":["0","0","0"]}
{"type":"angle","q":12,"p":-4,"scale":1,"op":"cos","phase":0,"ok":1,"poly":["-1","2"],"real":["1","1","-1"],"imag":["0","0","0"]}
{"type":"angle","q":12,"p":-4,"scale":1,"op":"cos","phase":1,"ok":1,"poly":["-1","2"],"real":["1","1","-1"],"imag":["0","0","0"]}
{"type":"angle","q":12,"p":-4,"scale":1,"op":"tan","phase":0,"ok":1,"poly":["-3","0","1"],"real":["-294693174213430241384087455685767077317","-294693174213430241384087455685767077315","-127"],"imag":["0","0","0"]}
{"type":"angle","q":12,"p":-4,"scale":1,"op":"tan","phase":1,"ok":1,"poly":["-3","0","1"],"real":["-7758703378874425295012906352138220585149514059631517741930490590284721003955059673161110578291965689857","-7758703378874425295012906352138220585149514059631517741930490590284721003955059673161110578290891948031","-341"],"imag":["0","0","0"]}
{"type":"angle","q":12,"p":-4,"scale":1,"op":"cot","phase":0,"ok":1,"poly":["-1","0","3"],"real":["-52737397733379725446751724873925785406453816567","-52737397733379725446751724873925785405868761865","-156"],"imag":["0","0","0"]}
{"type":"angle","q":12,"p":-4,"scale":1,"op":"cot","phase":1,"ok":1,"poly":["-1","0","3"],"real":["-5172468919249616863341937568092147056766342706421011827953660393523147335970039782107407052194822750209","-5172468919249616863341937568092147056766342706421011827953660393523147335970039782107407052193749008383","-342"],"imag":["0","0","0"]}
{"type":"angle","q":12,"p":-4,"scale":1,"op":"sec","phase":0,"ok":1,"poly":["-2","1"],"real":["1","1","1"],"imag":["0","0","0"]}
{"type":"angle","q":12,"p":-4,"scale":1,"op":"sec","phase":1,"ok":1,"poly":["-2","1"],"real":["1","1","1"],"imag":["0","0","0"]}
{"type":"angle","q":12,"p":-4,"scale":1,"op":"csc","phase":0,"ok":1,"poly":["-4","0","3"],"real":["-52737397733379725446751724873925785406453816567","-52737397733379725446751724873925785405868761865","-155"],"imag":["0","0","0"]}
{"type":"angle","q":12,"p":-4,"scale":1,"op":"csc","phase":1,"ok":1,"poly":["-4","0","3"],"real":["-5172468919249616863341937568092147056766342706421011827953660393523147335970039782107407052194822750209","-5172468919249616863341937568092147056766342706421011827953660393523147335970039782107407052193749008383","-341"],"imag":["0","0","0"]}
{"type":"angle","q":12,"p":-4,"scale":3,"op":"root","phase":0,"ok":1,"poly":["1","1","1"],"real":["-2923003274661805836407369665432566039312575708607","-2923003274661805836407369665432566039311154463297","-162"],"imag":["-9888262075008698521265948413861084763695613837","-9888262075008698521265948413861084763581315187","-153"],"recognized":1,"nullRecognized":1,"rp":2,"rq":3}
{"type":"angle","q":12,"p":-4,"scale":3,"op":"root","phase":1,"ok":1,"poly":["1","1","1"],"real":["-115172193140305827399949785796761135587064246228529065807379342658863042065190089480167441564259605943037975312218134915154131611020654072038617988630148194794852651","-115172193140305827399949785796761135587064246228529065807379342658863042065190089480167441564259605943037975312218134915154131611020654072038617988630148194588045013","-546"],"imag":["-7758703378874425295012906352138220585149514059631517741930490590284721003955059673161110578291965689857","-7758703378874425295012906352138220585149514059631517741930490590284721003955059673161110578290891948031","-342"],"recognized":1,"nullRecognized":1,"rp":2,"rq":3}
{"type":"angle","q":12,"p":-4,"scale":3,"op":"exp","phase":0,"ok":1,"poly":["1","-1","1"],"real":["2923003274661805836407369665432566039311154463297","2923003274661805836407369665432566039312575708607","-162"],"imag":["-9888262075008698521265948413861084763695613837","-9888262075008698521265948413861084763581315187","-153"],"recognized":1,"nullRecognized":1,"rp":5,"rq":6}
{"type":"angle","q":12,"p":-4,"scale":3,"op":"exp","phase":1,"ok":1,"poly":["1","-1","1"],"real":["115172193140305827399949785796761135587064246228529065807379342658863042065190089480167441564259605943037975312218134915154131611020654072038617988630148194588045013","115172193140305827399949785796761135587064246228529065807379342658863042065190089480167441564259605943037975312218134915154131611020654072038617988630148194794852651","-546"],"imag":["-7758703378874425295012906352138220585149514059631517741930490590284721003955059673161110578291965689857","-7758703378874425295012906352138220585149514059631517741930490590284721003955059673161110578290891948031","-342"],"recognized":1,"nullRecognized":1,"rp":5,"rq":6}
{"type":"angle","q":12,"p":-4,"scale":3,"op":"sin","phase":0,"ok":1,"poly":["-3","0","4"],"real":["-158212193200139176340255174621777356219129827151","-158212193200139176340255174621777356217301037233","-157"],"imag":["0","0","0"]}
{"type":"angle","q":12,"p":-4,"scale":3,"op":"sin","phase":1,"ok":1,"poly":["-3","0","4"],"real":["-7758703378874425295012906352138220585149514059631517741930490590284721003955059673161110578291965689857","-7758703378874425295012906352138220585149514059631517741930490590284721003955059673161110578290891948031","-342"],"imag":["0","0","0"]}
{"type":"angle","q":12,"p":-4,"scale":3,"op":"cos","phase":0,"ok":1,"poly":["-1","2"],"real":["1","1","-1"],"imag":["0","0","0"]}
{"type":"angle","q":12,"p":-4,"scale":3,"op":"cos","phase":1,"ok":1,"poly":["-1","2"],"real":["1","1","-1"],"imag":["0","0","0"]}
{"type":"angle","q":12,"p":-4,"scale":3,"op":"tan","phase":0,"ok":1,"poly":["-3","0","1"],"real":["-294693174213430241384087455685767077317","-294693174213430241384087455685767077315","-127"],"imag":["0","0","0"]}
{"type":"angle","q":12,"p":-4,"scale":3,"op":"tan","phase":1,"ok":1,"poly":["-3","0","1"],"real":["-7758703378874425295012906352138220585149514059631517741930490590284721003955059673161110578291965689857","-7758703378874425295012906352138220585149514059631517741930490590284721003955059673161110578290891948031","-341"],"imag":["0","0","0"]}
{"type":"angle","q":12,"p":-4,"scale":3,"op":"cot","phase":0,"ok":1,"poly":["-1","0","3"],"real":["-52737397733379725446751724873925785406453816567","-52737397733379725446751724873925785405868761865","-156"],"imag":["0","0","0"]}
{"type":"angle","q":12,"p":-4,"scale":3,"op":"cot","phase":1,"ok":1,"poly":["-1","0","3"],"real":["-5172468919249616863341937568092147056766342706421011827953660393523147335970039782107407052194822750209","-5172468919249616863341937568092147056766342706421011827953660393523147335970039782107407052193749008383","-342"],"imag":["0","0","0"]}
{"type":"angle","q":12,"p":-4,"scale":3,"op":"sec","phase":0,"ok":1,"poly":["-2","1"],"real":["1","1","1"],"imag":["0","0","0"]}
{"type":"angle","q":12,"p":-4,"scale":3,"op":"sec","phase":1,"ok":1,"poly":["-2","1"],"real":["1","1","1"],"imag":["0","0","0"]}
{"type":"angle","q":12,"p":-4,"scale":3,"op":"csc","phase":0,"ok":1,"poly":["-4","0","3"],"real":["-52737397733379725446751724873925785406453816567","-52737397733379725446751724873925785405868761865","-155"],"imag":["0","0","0"]}
{"type":"angle","q":12,"p":-4,"scale":3,"op":"csc","phase":1,"ok":1,"poly":["-4","0","3"],"real":["-5172468919249616863341937568092147056766342706421011827953660393523147335970039782107407052194822750209","-5172468919249616863341937568092147056766342706421011827953660393523147335970039782107407052193749008383","-341"],"imag":["0","0","0"]}
{"type":"angle","q":12,"p":-3,"scale":1,"op":"root","phase":0,"ok":1,"poly":["1","0","1"],"real":["0","0","0"],"imag":["-1","-1","0"],"recognized":1,"nullRecognized":1,"rp":3,"rq":4}
{"type":"angle","q":12,"p":-3,"scale":1,"op":"root","phase":1,"ok":1,"poly":["1","0","1"],"real":["0","0","0"],"imag":["-1","-1","0"],"recognized":1,"nullRecognized":1,"rp":3,"rq":4}
{"type":"angle","q":12,"p":-3,"scale":1,"op":"exp","phase":0,"ok":1,"poly":["1","0","0","0","1"],"real":["10989394778343770250329775194768820061718132929403692613803124731042190707557378878361","10989394778343770250329775194768820061718132929403692613803124731042190707559249024103","-283"],"imag":["-10989394778343770250329775194768820061718132929403692613803124731042190707559249024103","-10989394778343770250329775194768820061718132929403692613803124731042190707557378878361","-283"],"recognized":1,"nullRecognized":1,"rp":7,"rq":8}
{"type":"angle","q":12,"p":-3,"scale":1,"op":"exp","phase":1,"ok":1,"poly":["1","0","0","0","1"],"real":["6334954781283363607674384089193074018783356057290906722017121035366360050198358966310546015664681779199","6334954781283363607674384089193074018783356057290906722017121035366360050198358966310546015665755521025","-342"],"imag":["-6334954781283363607674384089193074018783356057290906722017121035366360050198358966310546015665755521025","-6334954781283363607674384089193074018783356057290906722017121035366360050198358966310546015664681779199","-342"],"recognized":1,"nullRecognized":1,"rp":7,"rq":8}
{"type":"angle","q":12,"p":-3,"scale":1,"op":"sin","phase":0,"ok":1,"poly":["-1","0","2"],"real":["-64589857404495231666648405250431531953634641679","-64589857404495231666648405250431531952815765745","-156"],"imag":["0","0","0"]}
{"type":"angle","q":12,"p":-3,"scale":1,"op":"sin","phase":1,"ok":1,"poly":["-1","0","2"],"real":["-6334954781283363607674384089193074018783356057290906722017121035366360050198358966310546015665755521025","-6334954781283363607674384089193074018783356057290906722017121035366360050198358966310546015664681779199","-342"],"imag":["0","0","0"]}
{"type":"angle","q":12,"p":-3,"scale":1,"op":"cos","phase":0,"ok":1,"poly":["-1","0","2"],"real":["64589857404495231666648405250431531952815765745","64589857404495231666648405250431531953634641679","-156"],"imag":["0","0","0"]}
{"type":"angle","q":12,"p":-3,"scale":1,"op":"cos","phase":1,"ok":1,"poly":["-1","0","2"],"real":["6334954781283363607674384089193074018783356057290906722017121035366360050198358966310546015664681779199","6334954781283363607674384089193074018783356057290906722017121035366360050198358966310546015665755521025","-342"],"imag":["0","0","0"]}
{"type":"angle","q":12,"p":-3,"scale":1,"op":"tan","phase":0,"ok":1,"poly":["1","1"],"real":["-1","-1","0"],"imag":["0","0","0"]}
{"type":"angle","q":12,"p":-3,"scale":1,"op":"tan","phase":1,"ok":1,"poly":["1","1"],"real":["-1","-1","0"],"imag":["0","0","0"]}
{"type":"angle","q":12,"p":-3,"scale":1,"op":"cot","phase":0,"ok":1,"poly":["1","1"],"real":["-1","-1","0"],"imag":["0","0","0"]}
{"type":"angle","q":12,"p":-3,"scale":1,"op":"cot","phase":1,"ok":1,"poly":["1","1"],"real":["-1","-1","0"],"imag":["0","0","0"]}
{"type":"angle","q":12,"p":-3,"scale":1,"op":"sec","phase":0,"ok":1,"poly":["-2","0","1"],"real":["64589857404495231666648405250431531952815765745","64589857404495231666648405250431531953634641679","-155"],"imag":["0","0","0"]}
{"type":"angle","q":12,"p":-3,"scale":1,"op":"sec","phase":1,"ok":1,"poly":["-2","0","1"],"real":["6334954781283363607674384089193074018783356057290906722017121035366360050198358966310546015664681779199","6334954781283363607674384089193074018783356057290906722017121035366360050198358966310546015665755521025","-341"],"imag":["0","0","0"]}
{"type":"angle","q":12,"p":-3,"scale":1,"op":"csc","phase":0,"ok":1,"poly":["-2","0","1"],"real":["-64589857404495231666648405250431531953634641679","-64589857404495231666648405250431531952815765745","-155"],"imag":["0","0","0"]}
{"type":"angle","q":12,"p":-3,"scale":1,"op":"csc","phase":1,"ok":1,"poly":["-2","0","1"],"real":["-6334954781283363607674384089193074018783356057290906722017121035366360050198358966310546015665755521025","-6334954781283363607674384089193074018783356057290906722017121035366360050198358966310546015664681779199","-341"],"imag":["0","0","0"]}
{"type":"angle","q":12,"p":-3,"scale":3,"op":"root","phase":0,"ok":1,"poly":["1","0","1"],"real":["0","0","0"],"imag":["-1","-1","0"],"recognized":1,"nullRecognized":1,"rp":3,"rq":4}
{"type":"angle","q":12,"p":-3,"scale":3,"op":"root","phase":1,"ok":1,"poly":["1","0","1"],"real":["0","0","0"],"imag":["-1","-1","0"],"recognized":1,"nullRecognized":1,"rp":3,"rq":4}
{"type":"angle","q":12,"p":-3,"scale":3,"op":"exp","phase":0,"ok":1,"poly":["1","0","0","0","1"],"real":["10989394778343770250329775194768820061718132929403692613803124731042190707557378878361","10989394778343770250329775194768820061718132929403692613803124731042190707559249024103","-283"],"imag":["-10989394778343770250329775194768820061718132929403692613803124731042190707559249024103","-10989394778343770250329775194768820061718132929403692613803124731042190707557378878361","-283"],"recognized":1,"nullRecognized":1,"rp":7,"rq":8}
{"type":"angle","q":12,"p":-3,"scale":3,"op":"exp","phase":1,"ok":1,"poly":["1","0","0","0","1"],"real":["6334954781283363607674384089193074018783356057290906722017121035366360050198358966310546015664681779199","6334954781283363607674384089193074018783356057290906722017121035366360050198358966310546015665755521025","-342"],"imag":["-6334954781283363607674384089193074018783356057290906722017121035366360050198358966310546015665755521025","-6334954781283363607674384089193074018783356057290906722017121035366360050198358966310546015664681779199","-342"],"recognized":1,"nullRecognized":1,"rp":7,"rq":8}
{"type":"angle","q":12,"p":-3,"scale":3,"op":"sin","phase":0,"ok":1,"poly":["-1","0","2"],"real":["-64589857404495231666648405250431531953634641679","-64589857404495231666648405250431531952815765745","-156"],"imag":["0","0","0"]}
{"type":"angle","q":12,"p":-3,"scale":3,"op":"sin","phase":1,"ok":1,"poly":["-1","0","2"],"real":["-6334954781283363607674384089193074018783356057290906722017121035366360050198358966310546015665755521025","-6334954781283363607674384089193074018783356057290906722017121035366360050198358966310546015664681779199","-342"],"imag":["0","0","0"]}
{"type":"angle","q":12,"p":-3,"scale":3,"op":"cos","phase":0,"ok":1,"poly":["-1","0","2"],"real":["64589857404495231666648405250431531952815765745","64589857404495231666648405250431531953634641679","-156"],"imag":["0","0","0"]}
{"type":"angle","q":12,"p":-3,"scale":3,"op":"cos","phase":1,"ok":1,"poly":["-1","0","2"],"real":["6334954781283363607674384089193074018783356057290906722017121035366360050198358966310546015664681779199","6334954781283363607674384089193074018783356057290906722017121035366360050198358966310546015665755521025","-342"],"imag":["0","0","0"]}
{"type":"angle","q":12,"p":-3,"scale":3,"op":"tan","phase":0,"ok":1,"poly":["1","1"],"real":["-1","-1","0"],"imag":["0","0","0"]}
{"type":"angle","q":12,"p":-3,"scale":3,"op":"tan","phase":1,"ok":1,"poly":["1","1"],"real":["-1","-1","0"],"imag":["0","0","0"]}
{"type":"angle","q":12,"p":-3,"scale":3,"op":"cot","phase":0,"ok":1,"poly":["1","1"],"real":["-1","-1","0"],"imag":["0","0","0"]}
{"type":"angle","q":12,"p":-3,"scale":3,"op":"cot","phase":1,"ok":1,"poly":["1","1"],"real":["-1","-1","0"],"imag":["0","0","0"]}
{"type":"angle","q":12,"p":-3,"scale":3,"op":"sec","phase":0,"ok":1,"poly":["-2","0","1"],"real":["64589857404495231666648405250431531952815765745","64589857404495231666648405250431531953634641679","-155"],"imag":["0","0","0"]}
{"type":"angle","q":12,"p":-3,"scale":3,"op":"sec","phase":1,"ok":1,"poly":["-2","0","1"],"real":["6334954781283363607674384089193074018783356057290906722017121035366360050198358966310546015664681779199","6334954781283363607674384089193074018783356057290906722017121035366360050198358966310546015665755521025","-341"],"imag":["0","0","0"]}
{"type":"angle","q":12,"p":-3,"scale":3,"op":"csc","phase":0,"ok":1,"poly":["-2","0","1"],"real":["-64589857404495231666648405250431531953634641679","-64589857404495231666648405250431531952815765745","-155"],"imag":["0","0","0"]}
{"type":"angle","q":12,"p":-3,"scale":3,"op":"csc","phase":1,"ok":1,"poly":["-2","0","1"],"real":["-6334954781283363607674384089193074018783356057290906722017121035366360050198358966310546015665755521025","-6334954781283363607674384089193074018783356057290906722017121035366360050198358966310546015664681779199","-341"],"imag":["0","0","0"]}
{"type":"angle","q":12,"p":-2,"scale":1,"op":"root","phase":0,"ok":1,"poly":["1","-1","1"],"real":["2923003274661805836407369665432566039311154463297","2923003274661805836407369665432566039312575708607","-162"],"imag":["-9888262075008698521265948413861084763695613837","-9888262075008698521265948413861084763581315187","-153"],"recognized":1,"nullRecognized":1,"rp":5,"rq":6}
{"type":"angle","q":12,"p":-2,"scale":1,"op":"root","phase":1,"ok":1,"poly":["1","-1","1"],"real":["115172193140305827399949785796761135587064246228529065807379342658863042065190089480167441564259605943037975312218134915154131611020654072038617988630148194588045013","115172193140305827399949785796761135587064246228529065807379342658863042065190089480167441564259605943037975312218134915154131611020654072038617988630148194794852651","-546"],"imag":["-7758703378874425295012906352138220585149514059631517741930490590284721003955059673161110578291965689857","-7758703378874425295012906352138220585149514059631517741930490590284721003955059673161110578290891948031","-342"],"recognized":1,"nullRecognized":1,"rp":5,"rq":6}
{"type":"angle","q":12,"p":-2,"scale":1,"op":"exp","phase":0,"ok":1,"poly":["1","0","-1","0","1"],"real":["210300076476156892817421832906076868413144174248499808223378102408488511826958880915","210300076476156892817421832906076868413144174248499808223378102408488511827176361837","-277"],"imag":["-485667223056432267729865476705879726660601709763034880312953102434726071301734082621","-485667223056432267729865476705879726660601709763034880312953102434726071300864378819","-279"],"recognized":1,"nullRecognized":1,"rp":11,"rq":12}
{"type":"angle","q":12,"p":-2,"scale":1,"op":"exp","phase":1,"ok":1,"poly":["1","0","-1","0","1"],"real":["7758703378874425295012906352138220585149514059631517741930490590284721003955059673161110578290891948031","7758703378874425295012906352138220585149514059631517741930490590284721003955059673161110578291965689857","-342"],"imag":["-4479489484355608421114884561136888556243290994469299069799978201927583742360321890761754986543751102465","-4479489484355608421114884561136888556243290994469299069799978201927583742360321890761754986542677360639","-342"],"recognized":1,"nullRecognized":1,"rp":11,"rq":12}
{"type":"angle","q":12,"p":-2,"scale":1,"op":"sin","phase":0,"ok":1,"poly":["1","2"],"real":["-1","-1","-1"],"imag":["0","0","0"]}
{"type":"angle","q":12,"p":-2,"scale":1,"op":"sin","phase":1,"ok":1,"poly":["1","2"],"real":["-1","-1","-1"],"imag":["0","0","0"]}
{"type":"angle","q":12,"p":-2,"scale":1,"op":"cos","phase":0,"ok":1,"poly":["-3","0","4"],"real":["158212193200139176340255174621777356217301037233","158212193200139176340255174621777356219129827151","-157"],"imag":["0","0","0"]}
{"type":"angle","q":12,"p":-2,"scale":1,"op":"cos","phase":1,"ok":1,"poly":["-3","0","4"],"real":["7758703378874425295012906352138220585149514059631517741930490590284721003955059673161110578290891948031","7758703378874425295012906352138220585149514059631517741930490590284721003955059673161110578291965689857","-342"],"imag":["0","0","0"]}
{"type":"angle","q":12,"p":-2,"scale":1,"op":"tan","phase":0,"ok":1,"poly":["-1","0","3"],"real":["-52737397733379725446751724873925785406453816567","-52737397733379725446751724873925785405868761865","-156"],"imag":["0","0","0"]}
{"type":"angle","q":12,"p":-2,"scale":1,"op":"tan","phase":1,"ok":1,"poly":["-1","0","3"],"real":["-5172468919249616863341937568092147056766342706421011827953660393523147335970039782107407052194822750209","-5172468919249616863341937568092147056766342706421011827953660393523147335970039782107407052193749008383","-342"],"imag":["0","0","0"]}
{"type":"angle","q":12,"p":-2,"scale":1,"op":"cot","phase":0,"ok":1,"poly":["-3","0","1"],"real":["-158212193200139176340255174621777356219129827151","-158212193200139176340255174621777356217301037233","-156"],"imag":["0","0","0"]}
{"type":"angle","q":12,"p":-2,"scale":1,"op":"cot","phase":1,"ok":1,"poly":["-3","0","1"],"real":["-7758703378874425295012906352138220585149514059631517741930490590284721003955059673161110578291965689857","-7758703378874425295012906352138220585149514059631517741930490590284721003955059673161110578290891948031","-341"],"imag":["0","0","0"]}
{"type":"angle","q":12,"p":-2,"scale":1,"op":"sec","phase":0,"ok":1,"poly":["-4","0","3"],"real":["52737397733379725446751724873925785405868761865","52737397733379725446751724873925785406453816567","-155"],"imag":["0","0","0"]}
{"type":"angle","q":12,"p":-2,"scale":1,"op":"sec","phase":1,"ok":1,"poly":["-4","0","3"],"real":["5172468919249616863341937568092147056766342706421011827953660393523147335970039782107407052193749008383","5172468919249616863341937568092147056766342706421011827953660393523147335970039782107407052194822750209","-341"],"imag":["0","0","0"]}
{"type":"angle","q":12,"p":-2,"scale":1,"op":"csc","phase":0,"ok":1,"poly":["2","1"],"real":["-1","-1","1"],"imag":["0","0","0"]}
{"type":"angle","q":12,"p":-2,"scale":1,"op":"csc","phase":1,"ok":1,"poly":["2","1"],"real":["-1","-1","1"],"imag":["0","0","0"]}
{"type":"angle","q":12,"p":-2,"scale":3,"op":"root","phase":0,"ok":1,"poly":["1","-1","1"],"real":["2923003274661805836407369665432566039311154463297","2923003274661805836407369665432566039312575708607","-162"],"imag":["-9888262075008698521265948413861084763695613837","-9888262075008698521265948413861084763581315187","-153"],"recognized":1,"nullRecognized":1,"rp":5,"rq":6}
{"type":"angle","q":12,"p":-2,"scale":3,"op":"root","phase":1,"ok":1,"poly":["1","-1","1"],"real":["115172193140305827399949785796761135587064246228529065807379342658863042065190089480167441564259605943037975312218134915154131611020654072038617988630148194588045013","115172193140305827399949785796761135587064246228529065807379342658863042065190089480167441564259605943037975312218134915154131611020654072038617988630148194794852651","-546"],"imag":["-7758703378874425295012906352138220585149514059631517741930490590284721003955059673161110578291965689857","-7758703378874425295012906352138220585149514059631517741930490590284721003955059673161110578290891948031","-342"],"recognized":1,"nullRecognized":1,"rp":5,"rq":6}
{"type":"angle","q":12,"p":-2,"scale":3,"op":"exp","phase":0,"ok":1,"poly":["1","0","-1","0","1"],"real":["210300076476156892817421832906076868413144174248499808223378102408488511826958880915","210300076476156892817421832906076868413144174248499808223378102408488511827176361837","-277"],"imag":["-485667223056432267729865476705879726660601709763034880312953102434726071301734082621","-485667223056432267729865476705879726660601709763034880312953102434726071300864378819","-279"],"recognized":1,"nullRecognized":1,"rp":11,"rq":12}
{"type":"angle","q":12,"p":-2,"scale":3,"op":"exp","phase":1,"ok":1,"poly":["1","0","-1","0","1"],"real":["7758703378874425295012906352138220585149514059631517741930490590284721003955059673161110578290891948031","7758703378874425295012906352138220585149514059631517741930490590284721003955059673161110578291965689857","-342"],"imag":["-4479489484355608421114884561136888556243290994469299069799978201927583742360321890761754986543751102465","-4479489484355608421114884561136888556243290994469299069799978201927583742360321890761754986542677360639","-342"],"recognized":1,"nullRecognized":1,"rp":11,"rq":12}
{"type":"angle","q":12,"p":-2,"scale":3,"op":"sin","phase":0,"ok":1,"poly":["1","2"],"real":["-1","-1","-1"],"imag":["0","0","0"]}
{"type":"angle","q":12,"p":-2,"scale":3,"op":"sin","phase":1,"ok":1,"poly":["1","2"],"real":["-1","-1","-1"],"imag":["0","0","0"]}
{"type":"angle","q":12,"p":-2,"scale":3,"op":"cos","phase":0,"ok":1,"poly":["-3","0","4"],"real":["158212193200139176340255174621777356217301037233","158212193200139176340255174621777356219129827151","-157"],"imag":["0","0","0"]}
{"type":"angle","q":12,"p":-2,"scale":3,"op":"cos","phase":1,"ok":1,"poly":["-3","0","4"],"real":["7758703378874425295012906352138220585149514059631517741930490590284721003955059673161110578290891948031","7758703378874425295012906352138220585149514059631517741930490590284721003955059673161110578291965689857","-342"],"imag":["0","0","0"]}
{"type":"angle","q":12,"p":-2,"scale":3,"op":"tan","phase":0,"ok":1,"poly":["-1","0","3"],"real":["-52737397733379725446751724873925785406453816567","-52737397733379725446751724873925785405868761865","-156"],"imag":["0","0","0"]}
{"type":"angle","q":12,"p":-2,"scale":3,"op":"tan","phase":1,"ok":1,"poly":["-1","0","3"],"real":["-5172468919249616863341937568092147056766342706421011827953660393523147335970039782107407052194822750209","-5172468919249616863341937568092147056766342706421011827953660393523147335970039782107407052193749008383","-342"],"imag":["0","0","0"]}
{"type":"angle","q":12,"p":-2,"scale":3,"op":"cot","phase":0,"ok":1,"poly":["-3","0","1"],"real":["-158212193200139176340255174621777356219129827151","-158212193200139176340255174621777356217301037233","-156"],"imag":["0","0","0"]}
{"type":"angle","q":12,"p":-2,"scale":3,"op":"cot","phase":1,"ok":1,"poly":["-3","0","1"],"real":["-7758703378874425295012906352138220585149514059631517741930490590284721003955059673161110578291965689857","-7758703378874425295012906352138220585149514059631517741930490590284721003955059673161110578290891948031","-341"],"imag":["0","0","0"]}
{"type":"angle","q":12,"p":-2,"scale":3,"op":"sec","phase":0,"ok":1,"poly":["-4","0","3"],"real":["52737397733379725446751724873925785405868761865","52737397733379725446751724873925785406453816567","-155"],"imag":["0","0","0"]}
{"type":"angle","q":12,"p":-2,"scale":3,"op":"sec","phase":1,"ok":1,"poly":["-4","0","3"],"real":["5172468919249616863341937568092147056766342706421011827953660393523147335970039782107407052193749008383","5172468919249616863341937568092147056766342706421011827953660393523147335970039782107407052194822750209","-341"],"imag":["0","0","0"]}
{"type":"angle","q":12,"p":-2,"scale":3,"op":"csc","phase":0,"ok":1,"poly":["2","1"],"real":["-1","-1","1"],"imag":["0","0","0"]}
{"type":"angle","q":12,"p":-2,"scale":3,"op":"csc","phase":1,"ok":1,"poly":["2","1"],"real":["-1","-1","1"],"imag":["0","0","0"]}
{"type":"angle","q":12,"p":-1,"scale":1,"op":"root","phase":0,"ok":1,"poly":["1","0","-1","0","1"],"real":["210300076476156892817421832906076868413144174248499808223378102408488511826958880915","210300076476156892817421832906076868413144174248499808223378102408488511827176361837","-277"],"imag":["-485667223056432267729865476705879726660601709763034880312953102434726071301734082621","-485667223056432267729865476705879726660601709763034880312953102434726071300864378819","-279"],"recognized":1,"nullRecognized":1,"rp":11,"rq":12}
{"type":"angle","q":12,"p":-1,"scale":1,"op":"root","phase":1,"ok":1,"poly":["1","0","-1","0","1"],"real":["7758703378874425295012906352138220585149514059631517741930490590284721003955059673161110578290891948031","7758703378874425295012906352138220585149514059631517741930490590284721003955059673161110578291965689857","-342"],"imag":["-4479489484355608421114884561136888556243290994469299069799978201927583742360321890761754986543751102465","-4479489484355608421114884561136888556243290994469299069799978201927583742360321890761754986542677360639","-342"],"recognized":1,"nullRecognized":1,"rp":11,"rq":12}
{"type":"angle","q":12,"p":-1,"scale":1,"op":"exp","phase":0,"ok":1,"poly":["1","0","0","0","-1","0","0","0","1"],"real":["234559256866150787459725855090776802379876646209155615929250027604659460141831264397","234559256866150787459725855090776802379876646209155615929250027604659460143536105331","-277"],"imag":["-31424981727264688649161558836256994457765409593611459419288101841062615168969915021","-31424981727264688649161558836256994457765409593611459419288101841062615168118027635","-276"],"recognized":1,"nullRecognized":1,"rp":23,"rq":24}
{"type":"angle","q":12,"p":-1,"scale":1,"op":"exp","phase":1,"ok":1,"poly":["1","0","0","0","-1","0","0","0","1"],"real":["8653709163058766985308234061084729743327048649507626793351847950658825964650651574936180574224126050303","8653709163058766985308234061084729743327048649507626793351847950658825964650651574936180574225199792129","-342"],"imag":["-4637508763550806755267699943783311449087385184433440142669453830584931828904585217251269117119425413121","-4637508763550806755267699943783311449087385184433440142669453830584931828904585217251269117118351671295","-343"],"recognized":1,"nullRecognized":1,"rp":23,"rq":24}
{"type":"angle","q":12,"p":-1,"scale":1,"op":"sin","phase":0,"ok":1,"poly":["1","0","-16","0","16"],"real":["-446575849754036207871785660987839526935735670940793218893647225485303","-446575849754036207871785660987839526935735670940793218893646932543497","-230"],"imag":["0","0","0"]}
{"type":"angle","q":12,"p":-1,"scale":1,"op":"sin","phase":1,"ok":1,"poly":["1","0","-16","0","16"],"real":["-4637508763550806755267699943783311449087385184433440142669453830584931828904585217251269117119425413121","-4637508763550806755267699943783311449087385184433440142669453830584931828904585217251269117118351671295","-343"],"imag":["0","0","0"]}
{"type":"angle","q":12,"p":-1,"scale":1,"op":"cos","phase":0,"ok":1,"poly":["1","0","-16","0","16"],"real":["88231386041354913186055833979011159035556940139","88231386041354913186055833979011159037185865365","-156"],"imag":["0","0","0"]}
{"type":"angle","q":12,"p":-1,"scale":1,"op":"cos","phase":1,"ok":1,"poly":["1","0","-16","0","16"],"real":["8653709163058766985308234061084729743327048649507626793351847950658825964650651574936180574224126050303","8653709163058766985308234061084729743327048649507626793351847950658825964650651574936180574225199792129","-342"],"imag":["0","0","0"]}
{"type":"angle","q":12,"p":-1,"scale":1,"op":"tan","phase":0,"ok":1,"poly":["1","4","1"],"real":["-97902045864894753740821717871032084954186030781","-97902045864894753740821717871032084952801829187","-158"],"imag":["0","0","0"]}
{"type":"angle","q":12,"p":-1,"scale":1,"op":"tan","phase":1,"ok":1,"poly":["1","4","1"],"real":["-4801102359347166188867451080542226109348271717228321590677863254281785923062336433449597579178924834817","-4801102359347166188867451080542226109348271717228321590677863254281785923062336433449597579177851092991","-343"],"imag":["0","0","0"]}
{"type":"angle","q":12,"p":-1,"scale":1,"op":"cot","phase":0,"ok":1,"poly":["1","4","1"],"real":["-85224974466625510278928944677828183419856723205","-85224974466625510278928944677828183418283647739","-154"],"imag":["0","0","0"]}
{"type":"angle","q":12,"p":-1,"scale":1,"op":"cot","phase":1,"ok":1,"poly":["1","4","1"],"real":["-8358841173792821068621337737205998848818048024285057940765223497069944244337851727342310275689197076481","-8358841173792821068621337737205998848818048024285057940765223497069944244337851727342310275688123334655","-340"],"imag":["0","0","0"]}
{"type":"angle","q":12,"p":-1,"scale":1,"op":"sec","phase":0,"ok":1,"poly":["16","0","-16","0","1"],"real":["446575849754036207871785660987839526935735670940793218893646932543497","446575849754036207871785660987839526935735670940793218893647225485303","-228"],"imag":["0","0","0"]}
{"type":"angle","q":12,"p":-1,"scale":1,"op":"sec","phase":1,"ok":1,"poly":["16","0","-16","0","1"],"real":["4637508763550806755267699943783311449087385184433440142669453830584931828904585217251269117118351671295","4637508763550806755267699943783311449087385184433440142669453830584931828904585217251269117119425413121","-341"],"imag":["0","0","0"]}
{"type":"angle","q":12,"p":-1,"scale":1,"op":"csc","phase":0,"ok":1,"poly":["16","0","-16","0","1"],"real":["-44115693020677456593027916989505579518553344535","-44115693020677456593027916989505579517818058217","-153"],"imag":["0","0","0"]}
{"type":"angle","q":12,"p":-1,"scale":1,"op":"csc","phase":1,"ok":1,"poly":["16","0","-16","0","1"],"real":["-8653709163058766985308234061084729743327048649507626793351847950658825964650651574936180574225199792129","-8653709163058766985308234061084729743327048649507626793351847950658825964650651574936180574224126050303","-340"],"imag":["0","0","0"]}
{"type":"angle","q":12,"p":-1,"scale":3,"op":"root","phase":0,"ok":1,"poly":["1","0","-1","0","1"],"real":["210300076476156892817421832906076868413144174248499808223378102408488511826958880915","210300076476156892817421832906076868413144174248499808223378102408488511827176361837","-277"],"imag":["-485667223056432267729865476705879726660601709763034880312953102434726071301734082621","-485667223056432267729865476705879726660601709763034880312953102434726071300864378819","-279"],"recognized":1,"nullRecognized":1,"rp":11,"rq":12}
{"type":"angle","q":12,"p":-1,"scale":3,"op":"root","phase":1,"ok":1,"poly":["1","0","-1","0","1"],"real":["7758703378874425295012906352138220585149514059631517741930490590284721003955059673161110578290891948031","7758703378874425295012906352138220585149514059631517741930490590284721003955059673161110578291965689857","-342"],"imag":["-4479489484355608421114884561136888556243290994469299069799978201927583742360321890761754986543751102465","-4479489484355608421114884561136888556243290994469299069799978201927583742360321890761754986542677360639","-342"],"recognized":1,"nullRecognized":1,"rp":11,"rq":12}
{"type":"angle","q":12,"p":-1,"scale":3,"op":"exp","phase":0,"ok":1,"poly":["1","0","0","0","-1","0","0","0","1"],"real":["234559256866150787459725855090776802379876646209155615929250027604659460141831264397","234559256866150787459725855090776802379876646209155615929250027604659460143536105331","-277"],"imag":["-31424981727264688649161558836256994457765409593611459419288101841062615168969915021","-31424981727264688649161558836256994457765409593611459419288101841062615168118027635","-276"],"recognized":1,"nullRecognized":1,"rp":23,"rq":24}
{"type":"angle","q":12,"p":-1,"scale":3,"op":"exp","phase":1,"ok":1,"poly":["1","0","0","0","-1","0","0","0","1"],"real":["8653709163058766985308234061084729743327048649507626793351847950658825964650651574936180574224126050303","8653709163058766985308234061084729743327048649507626793351847950658825964650651574936180574225199792129","-342"],"imag":["-4637508763550806755267699943783311449087385184433440142669453830584931828904585217251269117119425413121","-4637508763550806755267699943783311449087385184433440142669453830584931828904585217251269117118351671295","-343"],"recognized":1,"nullRecognized":1,"rp":23,"rq":24}
{"type":"angle","q":12,"p":-1,"scale":3,"op":"sin","phase":0,"ok":1,"poly":["1","0","-16","0","16"],"real":["-446575849754036207871785660987839526935735670940793218893647225485303","-446575849754036207871785660987839526935735670940793218893646932543497","-230"],"imag":["0","0","0"]}
{"type":"angle","q":12,"p":-1,"scale":3,"op":"sin","phase":1,"ok":1,"poly":["1","0","-16","0","16"],"real":["-4637508763550806755267699943783311449087385184433440142669453830584931828904585217251269117119425413121","-4637508763550806755267699943783311449087385184433440142669453830584931828904585217251269117118351671295","-343"],"imag":["0","0","0"]}
{"type":"angle","q":12,"p":-1,"scale":3,"op":"cos","phase":0,"ok":1,"poly":["1","0","-16","0","16"],"real":["88231386041354913186055833979011159035556940139","88231386041354913186055833979011159037185865365","-156"],"imag":["0","0","0"]}
{"type":"angle","q":12,"p":-1,"scale":3,"op":"cos","phase":1,"ok":1,"poly":["1","0","-16","0","16"],"real":["8653709163058766985308234061084729743327048649507626793351847950658825964650651574936180574224126050303","8653709163058766985308234061084729743327048649507626793351847950658825964650651574936180574225199792129","-342"],"imag":["0","0","0"]}
{"type":"angle","q":12,"p":-1,"scale":3,"op":"tan","phase":0,"ok":1,"poly":["1","4","1"],"real":["-97902045864894753740821717871032084954186030781","-97902045864894753740821717871032084952801829187","-158"],"imag":["0","0","0"]}
{"type":"angle","q":12,"p":-1,"scale":3,"op":"tan","phase":1,"ok":1,"poly":["1","4","1"],"real":["-4801102359347166188867451080542226109348271717228321590677863254281785923062336433449597579178924834817","-4801102359347166188867451080542226109348271717228321590677863254281785923062336433449597579177851092991","-343"],"imag":["0","0","0"]}
{"type":"angle","q":12,"p":-1,"scale":3,"op":"cot","phase":0,"ok":1,"poly":["1","4","1"],"real":["-85224974466625510278928944677828183419856723205","-85224974466625510278928944677828183418283647739","-154"],"imag":["0","0","0"]}
{"type":"angle","q":12,"p":-1,"scale":3,"op":"cot","phase":1,"ok":1,"poly":["1","4","1"],"real":["-8358841173792821068621337737205998848818048024285057940765223497069944244337851727342310275689197076481","-8358841173792821068621337737205998848818048024285057940765223497069944244337851727342310275688123334655","-340"],"imag":["0","0","0"]}
{"type":"angle","q":12,"p":-1,"scale":3,"op":"sec","phase":0,"ok":1,"poly":["16","0","-16","0","1"],"real":["446575849754036207871785660987839526935735670940793218893646932543497","446575849754036207871785660987839526935735670940793218893647225485303","-228"],"imag":["0","0","0"]}
{"type":"angle","q":12,"p":-1,"scale":3,"op":"sec","phase":1,"ok":1,"poly":["16","0","-16","0","1"],"real":["4637508763550806755267699943783311449087385184433440142669453830584931828904585217251269117118351671295","4637508763550806755267699943783311449087385184433440142669453830584931828904585217251269117119425413121","-341"],"imag":["0","0","0"]}
{"type":"angle","q":12,"p":-1,"scale":3,"op":"csc","phase":0,"ok":1,"poly":["16","0","-16","0","1"],"real":["-44115693020677456593027916989505579518553344535","-44115693020677456593027916989505579517818058217","-153"],"imag":["0","0","0"]}
{"type":"angle","q":12,"p":-1,"scale":3,"op":"csc","phase":1,"ok":1,"poly":["16","0","-16","0","1"],"real":["-8653709163058766985308234061084729743327048649507626793351847950658825964650651574936180574225199792129","-8653709163058766985308234061084729743327048649507626793351847950658825964650651574936180574224126050303","-340"],"imag":["0","0","0"]}
{"type":"angle","q":12,"p":0,"scale":1,"op":"root","phase":0,"ok":1,"poly":["-1","1"],"real":["1","1","0"],"imag":["0","0","0"],"recognized":1,"nullRecognized":1,"rp":0,"rq":1}
{"type":"angle","q":12,"p":0,"scale":1,"op":"root","phase":1,"ok":1,"poly":["-1","1"],"real":["1","1","0"],"imag":["0","0","0"],"recognized":1,"nullRecognized":1,"rp":0,"rq":1}
{"type":"angle","q":12,"p":0,"scale":1,"op":"exp","phase":0,"ok":1,"poly":["-1","1"],"real":["1","1","0"],"imag":["0","0","0"],"recognized":1,"nullRecognized":1,"rp":0,"rq":1}
{"type":"angle","q":12,"p":0,"scale":1,"op":"exp","phase":1,"ok":1,"poly":["-1","1"],"real":["1","1","0"],"imag":["0","0","0"],"recognized":1,"nullRecognized":1,"rp":0,"rq":1}
{"type":"angle","q":12,"p":0,"scale":1,"op":"sin","phase":0,"ok":1,"poly":["0","1"],"real":["0","0","0"],"imag":["0","0","0"]}
{"type":"angle","q":12,"p":0,"scale":1,"op":"sin","phase":1,"ok":1,"poly":["0","1"],"real":["0","0","0"],"imag":["0","0","0"]}
{"type":"angle","q":12,"p":0,"scale":1,"op":"cos","phase":0,"ok":1,"poly":["-1","1"],"real":["1","1","0"],"imag":["0","0","0"]}
{"type":"angle","q":12,"p":0,"scale":1,"op":"cos","phase":1,"ok":1,"poly":["-1","1"],"real":["1","1","0"],"imag":["0","0","0"]}
{"type":"angle","q":12,"p":0,"scale":1,"op":"tan","phase":0,"ok":1,"poly":["0","1"],"real":["0","0","0"],"imag":["0","0","0"]}
{"type":"angle","q":12,"p":0,"scale":1,"op":"tan","phase":1,"ok":1,"poly":["0","1"],"real":["0","0","0"],"imag":["0","0","0"]}
{"type":"angle","q":12,"p":0,"scale":1,"op":"cot","phase":0,"ok":0}
{"type":"angle","q":12,"p":0,"scale":1,"op":"cot","phase":1,"ok":0}
{"type":"angle","q":12,"p":0,"scale":1,"op":"sec","phase":0,"ok":1,"poly":["-1","1"],"real":["1","1","0"],"imag":["0","0","0"]}
{"type":"angle","q":12,"p":0,"scale":1,"op":"sec","phase":1,"ok":1,"poly":["-1","1"],"real":["1","1","0"],"imag":["0","0","0"]}
{"type":"angle","q":12,"p":0,"scale":1,"op":"csc","phase":0,"ok":0}
{"type":"angle","q":12,"p":0,"scale":1,"op":"csc","phase":1,"ok":0}
{"type":"angle","q":12,"p":0,"scale":3,"op":"root","phase":0,"ok":1,"poly":["-1","1"],"real":["1","1","0"],"imag":["0","0","0"],"recognized":1,"nullRecognized":1,"rp":0,"rq":1}
{"type":"angle","q":12,"p":0,"scale":3,"op":"root","phase":1,"ok":1,"poly":["-1","1"],"real":["1","1","0"],"imag":["0","0","0"],"recognized":1,"nullRecognized":1,"rp":0,"rq":1}
{"type":"angle","q":12,"p":0,"scale":3,"op":"exp","phase":0,"ok":1,"poly":["-1","1"],"real":["1","1","0"],"imag":["0","0","0"],"recognized":1,"nullRecognized":1,"rp":0,"rq":1}
{"type":"angle","q":12,"p":0,"scale":3,"op":"exp","phase":1,"ok":1,"poly":["-1","1"],"real":["1","1","0"],"imag":["0","0","0"],"recognized":1,"nullRecognized":1,"rp":0,"rq":1}
{"type":"angle","q":12,"p":0,"scale":3,"op":"sin","phase":0,"ok":1,"poly":["0","1"],"real":["0","0","0"],"imag":["0","0","0"]}
{"type":"angle","q":12,"p":0,"scale":3,"op":"sin","phase":1,"ok":1,"poly":["0","1"],"real":["0","0","0"],"imag":["0","0","0"]}
{"type":"angle","q":12,"p":0,"scale":3,"op":"cos","phase":0,"ok":1,"poly":["-1","1"],"real":["1","1","0"],"imag":["0","0","0"]}
{"type":"angle","q":12,"p":0,"scale":3,"op":"cos","phase":1,"ok":1,"poly":["-1","1"],"real":["1","1","0"],"imag":["0","0","0"]}
{"type":"angle","q":12,"p":0,"scale":3,"op":"tan","phase":0,"ok":1,"poly":["0","1"],"real":["0","0","0"],"imag":["0","0","0"]}
{"type":"angle","q":12,"p":0,"scale":3,"op":"tan","phase":1,"ok":1,"poly":["0","1"],"real":["0","0","0"],"imag":["0","0","0"]}
{"type":"angle","q":12,"p":0,"scale":3,"op":"cot","phase":0,"ok":0}
{"type":"angle","q":12,"p":0,"scale":3,"op":"cot","phase":1,"ok":0}
{"type":"angle","q":12,"p":0,"scale":3,"op":"sec","phase":0,"ok":1,"poly":["-1","1"],"real":["1","1","0"],"imag":["0","0","0"]}
{"type":"angle","q":12,"p":0,"scale":3,"op":"sec","phase":1,"ok":1,"poly":["-1","1"],"real":["1","1","0"],"imag":["0","0","0"]}
{"type":"angle","q":12,"p":0,"scale":3,"op":"csc","phase":0,"ok":0}
{"type":"angle","q":12,"p":0,"scale":3,"op":"csc","phase":1,"ok":0}
{"type":"angle","q":12,"p":1,"scale":1,"op":"root","phase":0,"ok":1,"poly":["1","0","-1","0","1"],"real":["210300076476156892817421832906076868413144174248499808223378102408488511826958880915","210300076476156892817421832906076868413144174248499808223378102408488511827176361837","-277"],"imag":["485667223056432267729865476705879726660601709763034880312953102434726071300864378819","485667223056432267729865476705879726660601709763034880312953102434726071301734082621","-279"],"recognized":1,"nullRecognized":1,"rp":1,"rq":12}
{"type":"angle","q":12,"p":1,"scale":1,"op":"root","phase":1,"ok":1,"poly":["1","0","-1","0","1"],"real":["7758703378874425295012906352138220585149514059631517741930490590284721003955059673161110578290891948031","7758703378874425295012906352138220585149514059631517741930490590284721003955059673161110578291965689857","-342"],"imag":["4479489484355608421114884561136888556243290994469299069799978201927583742360321890761754986542677360639","4479489484355608421114884561136888556243290994469299069799978201927583742360321890761754986543751102465","-342"],"recognized":1,"nullRecognized":1,"rp":1,"rq":12}
{"type":"angle","q":12,"p":1,"scale":1,"op":"exp","phase":0,"ok":1,"poly":["1","0","0","0","-1","0","0","0","1"],"real":["234559256866150787459725855090776802379876646209155615929250027604659460141831264397","234559256866150787459725855090776802379876646209155615929250027604659460143536105331","-277"],"imag":["31424981727264688649161558836256994457765409593611459419288101841062615168118027635","31424981727264688649161558836256994457765409593611459419288101841062615168969915021","-276"],"recognized":1,"nullRecognized":1,"rp":1,"rq":24}
{"type":"angle","q":12,"p":1,"scale":1,"op":"exp","phase":1,"ok":1,"poly":["1","0","0","0","-1","0","0","0","1"],"real":["8653709163058766985308234061084729743327048649507626793351847950658825964650651574936180574224126050303","8653709163058766985308234061084729743327048649507626793351847950658825964650651574936180574225199792129","-342"],"imag":["4637508763550806755267699943783311449087385184433440142669453830584931828904585217251269117118351671295","4637508763550806755267699943783311449087385184433440142669453830584931828904585217251269117119425413121","-343"],"recognized":1,"nullRecognized":1,"rp":1,"rq":24}
{"type":"angle","q":12,"p":1,"scale":1,"op":"sin","phase":0,"ok":1,"poly":["1","0","-16","0","16"],"real":["446575849754036207871785660987839526935735670940793218893646932543497","446575849754036207871785660987839526935735670940793218893647225485303","-230"],"imag":["0","0","0"]}
{"type":"angle","q":12,"p":1,"scale":1,"op":"sin","phase":1,"ok":1,"poly":["1","0","-16","0","16"],"real":["4637508763550806755267699943783311449087385184433440142669453830584931828904585217251269117118351671295","4637508763550806755267699943783311449087385184433440142669453830584931828904585217251269117119425413121","-343"],"imag":["0","0","0"]}
{"type":"angle","q":12,"p":1,"scale":1,"op":"cos","phase":0,"ok":1,"poly":["1","0","-16","0","16"],"real":["88231386041354913186055833979011159035556940139","88231386041354913186055833979011159037185865365","-156"],"imag":["0","0","0"]}
{"type":"angle","q":12,"p":1,"scale":1,"op":"cos","phase":1,"ok":1,"poly":["1","0","-16","0","16"],"real":["8653709163058766985308234061084729743327048649507626793351847950658825964650651574936180574224126050303","8653709163058766985308234061084729743327048649507626793351847950658825964650651574936180574225199792129","-342"],"imag":["0","0","0"]}
{"type":"angle","q":12,"p":1,"scale":1,"op":"tan","phase":0,"ok":1,"poly":["1","-4","1"],"real":["97902045864894753740821717871032084952801829187","97902045864894753740821717871032084954186030781","-158"],"imag":["0","0","0"]}
{"type":"angle","q":12,"p":1,"scale":1,"op":"tan","phase":1,"ok":1,"poly":["1","-4","1"],"real":["4801102359347166188867451080542226109348271717228321590677863254281785923062336433449597579177851092991","4801102359347166188867451080542226109348271717228321590677863254281785923062336433449597579178924834817","-343"],"imag":["0","0","0"]}
{"type":"angle","q":12,"p":1,"scale":1,"op":"cot","phase":0,"ok":1,"poly":["1","-4","1"],"real":["85224974466625510278928944677828183418283647739","85224974466625510278928944677828183419856723205","-154"],"imag":["0","0","0"]}
{"type":"angle","q":12,"p":1,"scale":1,"op":"cot","phase":1,"ok":1,"poly":["1","-4","1"],"real":["8358841173792821068621337737205998848818048024285057940765223497069944244337851727342310275688123334655","8358841173792821068621337737205998848818048024285057940765223497069944244337851727342310275689197076481","-340"],"imag":["0","0","0"]}
{"type":"angle","q":12,"p":1,"scale":1,"op":"sec","phase":0,"ok":1,"poly":["16","0","-16","0","1"],"real":["446575849754036207871785660987839526935735670940793218893646932543497","446575849754036207871785660987839526935735670940793218893647225485303","-228"],"imag":["0","0","0"]}
{"type":"angle","q":12,"p":1,"scale":1,"op":"sec","phase":1,"ok":1,"poly":["16","0","-16","0","1"],"real":["4637508763550806755267699943783311449087385184433440142669453830584931828904585217251269117118351671295","4637508763550806755267699943783311449087385184433440142669453830584931828904585217251269117119425413121","-341"],"imag":["0","0","0"]}
{"type":"angle","q":12,"p":1,"scale":1,"op":"csc","phase":0,"ok":1,"poly":["16","0","-16","0","1"],"real":["44115693020677456593027916989505579517818058217","44115693020677456593027916989505579518553344535","-153"],"imag":["0","0","0"]}
{"type":"angle","q":12,"p":1,"scale":1,"op":"csc","phase":1,"ok":1,"poly":["16","0","-16","0","1"],"real":["8653709163058766985308234061084729743327048649507626793351847950658825964650651574936180574224126050303","8653709163058766985308234061084729743327048649507626793351847950658825964650651574936180574225199792129","-340"],"imag":["0","0","0"]}
{"type":"angle","q":12,"p":1,"scale":3,"op":"root","phase":0,"ok":1,"poly":["1","0","-1","0","1"],"real":["210300076476156892817421832906076868413144174248499808223378102408488511826958880915","210300076476156892817421832906076868413144174248499808223378102408488511827176361837","-277"],"imag":["485667223056432267729865476705879726660601709763034880312953102434726071300864378819","485667223056432267729865476705879726660601709763034880312953102434726071301734082621","-279"],"recognized":1,"nullRecognized":1,"rp":1,"rq":12}
{"type":"angle","q":12,"p":1,"scale":3,"op":"root","phase":1,"ok":1,"poly":["1","0","-1","0","1"],"real":["7758703378874425295012906352138220585149514059631517741930490590284721003955059673161110578290891948031","7758703378874425295012906352138220585149514059631517741930490590284721003955059673161110578291965689857","-342"],"imag":["4479489484355608421114884561136888556243290994469299069799978201927583742360321890761754986542677360639","4479489484355608421114884561136888556243290994469299069799978201927583742360321890761754986543751102465","-342"],"recognized":1,"nullRecognized":1,"rp":1,"rq":12}
{"type":"angle","q":12,"p":1,"scale":3,"op":"exp","phase":0,"ok":1,"poly":["1","0","0","0","-1","0","0","0","1"],"real":["234559256866150787459725855090776802379876646209155615929250027604659460141831264397","234559256866150787459725855090776802379876646209155615929250027604659460143536105331","-277"],"imag":["31424981727264688649161558836256994457765409593611459419288101841062615168118027635","31424981727264688649161558836256994457765409593611459419288101841062615168969915021","-276"],"recognized":1,"nullRecognized":1,"rp":1,"rq":24}
{"type":"angle","q":12,"p":1,"scale":3,"op":"exp","phase":1,"ok":1,"poly":["1","0","0","0","-1","0","0","0","1"],"real":["8653709163058766985308234061084729743327048649507626793351847950658825964650651574936180574224126050303","8653709163058766985308234061084729743327048649507626793351847950658825964650651574936180574225199792129","-342"],"imag":["4637508763550806755267699943783311449087385184433440142669453830584931828904585217251269117118351671295","4637508763550806755267699943783311449087385184433440142669453830584931828904585217251269117119425413121","-343"],"recognized":1,"nullRecognized":1,"rp":1,"rq":24}
{"type":"angle","q":12,"p":1,"scale":3,"op":"sin","phase":0,"ok":1,"poly":["1","0","-16","0","16"],"real":["446575849754036207871785660987839526935735670940793218893646932543497","446575849754036207871785660987839526935735670940793218893647225485303","-230"],"imag":["0","0","0"]}
{"type":"angle","q":12,"p":1,"scale":3,"op":"sin","phase":1,"ok":1,"poly":["1","0","-16","0","16"],"real":["4637508763550806755267699943783311449087385184433440142669453830584931828904585217251269117118351671295","4637508763550806755267699943783311449087385184433440142669453830584931828904585217251269117119425413121","-343"],"imag":["0","0","0"]}
{"type":"angle","q":12,"p":1,"scale":3,"op":"cos","phase":0,"ok":1,"poly":["1","0","-16","0","16"],"real":["88231386041354913186055833979011159035556940139","88231386041354913186055833979011159037185865365","-156"],"imag":["0","0","0"]}
{"type":"angle","q":12,"p":1,"scale":3,"op":"cos","phase":1,"ok":1,"poly":["1","0","-16","0","16"],"real":["8653709163058766985308234061084729743327048649507626793351847950658825964650651574936180574224126050303","8653709163058766985308234061084729743327048649507626793351847950658825964650651574936180574225199792129","-342"],"imag":["0","0","0"]}
{"type":"angle","q":12,"p":1,"scale":3,"op":"tan","phase":0,"ok":1,"poly":["1","-4","1"],"real":["97902045864894753740821717871032084952801829187","97902045864894753740821717871032084954186030781","-158"],"imag":["0","0","0"]}
{"type":"angle","q":12,"p":1,"scale":3,"op":"tan","phase":1,"ok":1,"poly":["1","-4","1"],"real":["4801102359347166188867451080542226109348271717228321590677863254281785923062336433449597579177851092991","4801102359347166188867451080542226109348271717228321590677863254281785923062336433449597579178924834817","-343"],"imag":["0","0","0"]}
{"type":"angle","q":12,"p":1,"scale":3,"op":"cot","phase":0,"ok":1,"poly":["1","-4","1"],"real":["85224974466625510278928944677828183418283647739","85224974466625510278928944677828183419856723205","-154"],"imag":["0","0","0"]}
{"type":"angle","q":12,"p":1,"scale":3,"op":"cot","phase":1,"ok":1,"poly":["1","-4","1"],"real":["8358841173792821068621337737205998848818048024285057940765223497069944244337851727342310275688123334655","8358841173792821068621337737205998848818048024285057940765223497069944244337851727342310275689197076481","-340"],"imag":["0","0","0"]}
{"type":"angle","q":12,"p":1,"scale":3,"op":"sec","phase":0,"ok":1,"poly":["16","0","-16","0","1"],"real":["446575849754036207871785660987839526935735670940793218893646932543497","446575849754036207871785660987839526935735670940793218893647225485303","-228"],"imag":["0","0","0"]}
{"type":"angle","q":12,"p":1,"scale":3,"op":"sec","phase":1,"ok":1,"poly":["16","0","-16","0","1"],"real":["4637508763550806755267699943783311449087385184433440142669453830584931828904585217251269117118351671295","4637508763550806755267699943783311449087385184433440142669453830584931828904585217251269117119425413121","-341"],"imag":["0","0","0"]}
{"type":"angle","q":12,"p":1,"scale":3,"op":"csc","phase":0,"ok":1,"poly":["16","0","-16","0","1"],"real":["44115693020677456593027916989505579517818058217","44115693020677456593027916989505579518553344535","-153"],"imag":["0","0","0"]}
{"type":"angle","q":12,"p":1,"scale":3,"op":"csc","phase":1,"ok":1,"poly":["16","0","-16","0","1"],"real":["8653709163058766985308234061084729743327048649507626793351847950658825964650651574936180574224126050303","8653709163058766985308234061084729743327048649507626793351847950658825964650651574936180574225199792129","-340"],"imag":["0","0","0"]}
{"type":"angle","q":12,"p":2,"scale":1,"op":"root","phase":0,"ok":1,"poly":["1","-1","1"],"real":["2923003274661805836407369665432566039311154463297","2923003274661805836407369665432566039312575708607","-162"],"imag":["9888262075008698521265948413861084763581315187","9888262075008698521265948413861084763695613837","-153"],"recognized":1,"nullRecognized":1,"rp":1,"rq":6}
{"type":"angle","q":12,"p":2,"scale":1,"op":"root","phase":1,"ok":1,"poly":["1","-1","1"],"real":["115172193140305827399949785796761135587064246228529065807379342658863042065190089480167441564259605943037975312218134915154131611020654072038617988630148194588045013","115172193140305827399949785796761135587064246228529065807379342658863042065190089480167441564259605943037975312218134915154131611020654072038617988630148194794852651","-546"],"imag":["7758703378874425295012906352138220585149514059631517741930490590284721003955059673161110578290891948031","7758703378874425295012906352138220585149514059631517741930490590284721003955059673161110578291965689857","-342"],"recognized":1,"nullRecognized":1,"rp":1,"rq":6}
{"type":"angle","q":12,"p":2,"scale":1,"op":"exp","phase":0,"ok":1,"poly":["1","0","-1","0","1"],"real":["210300076476156892817421832906076868413144174248499808223378102408488511826958880915","210300076476156892817421832906076868413144174248499808223378102408488511827176361837","-277"],"imag":["485667223056432267729865476705879726660601709763034880312953102434726071300864378819","485667223056432267729865476705879726660601709763034880312953102434726071301734082621","-279"],"recognized":1,"nullRecognized":1,"rp":1,"rq":12}
{"type":"angle","q":12,"p":2,"scale":1,"op":"exp","phase":1,"ok":1,"poly":["1","0","-1","0","1"],"real":["7758703378874425295012906352138220585149514059631517741930490590284721003955059673161110578290891948031","7758703378874425295012906352138220585149514059631517741930490590284721003955059673161110578291965689857","-342"],"imag":["4479489484355608421114884561136888556243290994469299069799978201927583742360321890761754986542677360639","4479489484355608421114884561136888556243290994469299069799978201927583742360321890761754986543751102465","-342"],"recognized":1,"nullRecognized":1,"rp":1,"rq":12}
{"type":"angle","q":12,"p":2,"scale":1,"op":"sin","phase":0,"ok":1,"poly":["-1","2"],"real":["1","1","-1"],"imag":["0","0","0"]}
{"type":"angle","q":12,"p":2,"scale":1,"op":"sin","phase":1,"ok":1,"poly":["-1","2"],"real":["1","1","-1"],"imag":["0","0","0"]}
{"type":"angle","q":12,"p":2,"scale":1,"op":"cos","phase":0,"ok":1,"poly":["-3","0","4"],"real":["158212193200139176340255174621777356217301037233","158212193200139176340255174621777356219129827151","-157"],"imag":["0","0","0"]}
{"type":"angle","q":12,"p":2,"scale":1,"op":"cos","phase":1,"ok":1,"poly":["-3","0","4"],"real":["7758703378874425295012906352138220585149514059631517741930490590284721003955059673161110578290891948031","7758703378874425295012906352138220585149514059631517741930490590284721003955059673161110578291965689857","-342"],"imag":["0","0","0"]}
{"type":"angle","q":12,"p":2,"scale":1,"op":"tan","phase":0,"ok":1,"poly":["-1","0","3"],"real":["52737397733379725446751724873925785405868761865","52737397733379725446751724873925785406453816567","-156"],"imag":["0","0","0"]}
{"type":"angle","q":12,"p":2,"scale":1,"op":"tan","phase":1,"ok":1,"poly":["-1","0","3"],"real":["5172468919249616863341937568092147056766342706421011827953660393523147335970039782107407052193749008383","5172468919249616863341937568092147056766342706421011827953660393523147335970039782107407052194822750209","-342"],"imag":["0","0","0"]}
{"type":"angle","q":12,"p":2,"scale":1,"op":"cot","phase":0,"ok":1,"poly":["-3","0","1"],"real":["158212193200139176340255174621777356217301037233","158212193200139176340255174621777356219129827151","-156"],"imag":["0","0","0"]}
{"type":"angle","q":12,"p":2,"scale":1,"op":"cot","phase":1,"ok":1,"poly":["-3","0","1"],"real":["7758703378874425295012906352138220585149514059631517741930490590284721003955059673161110578290891948031","7758703378874425295012906352138220585149514059631517741930490590284721003955059673161110578291965689857","-341"],"imag":["0","0","0"]}
{"type":"angle","q":12,"p":2,"scale":1,"op":"sec","phase":0,"ok":1,"poly":["-4","0","3"],"real":["52737397733379725446751724873925785405868761865","52737397733379725446751724873925785406453816567","-155"],"imag":["0","0","0"]}
{"type":"angle","q":12,"p":2,"scale":1,"op":"sec","phase":1,"ok":1,"poly":["-4","0","3"],"real":["5172468919249616863341937568092147056766342706421011827953660393523147335970039782107407052193749008383","5172468919249616863341937568092147056766342706421011827953660393523147335970039782107407052194822750209","-341"],"imag":["0","0","0"]}
{"type":"angle","q":12,"p":2,"scale":1,"op":"csc","phase":0,"ok":1,"poly":["-2","1"],"real":["1","1","1"],"imag":["0","0","0"]}
{"type":"angle","q":12,"p":2,"scale":1,"op":"csc","phase":1,"ok":1,"poly":["-2","1"],"real":["1","1","1"],"imag":["0","0","0"]}
{"type":"angle","q":12,"p":2,"scale":3,"op":"root","phase":0,"ok":1,"poly":["1","-1","1"],"real":["2923003274661805836407369665432566039311154463297","2923003274661805836407369665432566039312575708607","-162"],"imag":["9888262075008698521265948413861084763581315187","9888262075008698521265948413861084763695613837","-153"],"recognized":1,"nullRecognized":1,"rp":1,"rq":6}
{"type":"angle","q":12,"p":2,"scale":3,"op":"root","phase":1,"ok":1,"poly":["1","-1","1"],"real":["115172193140305827399949785796761135587064246228529065807379342658863042065190089480167441564259605943037975312218134915154131611020654072038617988630148194588045013","115172193140305827399949785796761135587064246228529065807379342658863042065190089480167441564259605943037975312218134915154131611020654072038617988630148194794852651","-546"],"imag":["7758703378874425295012906352138220585149514059631517741930490590284721003955059673161110578290891948031","7758703378874425295012906352138220585149514059631517741930490590284721003955059673161110578291965689857","-342"],"recognized":1,"nullRecognized":1,"rp":1,"rq":6}
{"type":"angle","q":12,"p":2,"scale":3,"op":"exp","phase":0,"ok":1,"poly":["1","0","-1","0","1"],"real":["210300076476156892817421832906076868413144174248499808223378102408488511826958880915","210300076476156892817421832906076868413144174248499808223378102408488511827176361837","-277"],"imag":["485667223056432267729865476705879726660601709763034880312953102434726071300864378819","485667223056432267729865476705879726660601709763034880312953102434726071301734082621","-279"],"recognized":1,"nullRecognized":1,"rp":1,"rq":12}
{"type":"angle","q":12,"p":2,"scale":3,"op":"exp","phase":1,"ok":1,"poly":["1","0","-1","0","1"],"real":["7758703378874425295012906352138220585149514059631517741930490590284721003955059673161110578290891948031","7758703378874425295012906352138220585149514059631517741930490590284721003955059673161110578291965689857","-342"],"imag":["4479489484355608421114884561136888556243290994469299069799978201927583742360321890761754986542677360639","4479489484355608421114884561136888556243290994469299069799978201927583742360321890761754986543751102465","-342"],"recognized":1,"nullRecognized":1,"rp":1,"rq":12}
{"type":"angle","q":12,"p":2,"scale":3,"op":"sin","phase":0,"ok":1,"poly":["-1","2"],"real":["1","1","-1"],"imag":["0","0","0"]}
{"type":"angle","q":12,"p":2,"scale":3,"op":"sin","phase":1,"ok":1,"poly":["-1","2"],"real":["1","1","-1"],"imag":["0","0","0"]}
{"type":"angle","q":12,"p":2,"scale":3,"op":"cos","phase":0,"ok":1,"poly":["-3","0","4"],"real":["158212193200139176340255174621777356217301037233","158212193200139176340255174621777356219129827151","-157"],"imag":["0","0","0"]}
{"type":"angle","q":12,"p":2,"scale":3,"op":"cos","phase":1,"ok":1,"poly":["-3","0","4"],"real":["7758703378874425295012906352138220585149514059631517741930490590284721003955059673161110578290891948031","7758703378874425295012906352138220585149514059631517741930490590284721003955059673161110578291965689857","-342"],"imag":["0","0","0"]}
{"type":"angle","q":12,"p":2,"scale":3,"op":"tan","phase":0,"ok":1,"poly":["-1","0","3"],"real":["52737397733379725446751724873925785405868761865","52737397733379725446751724873925785406453816567","-156"],"imag":["0","0","0"]}
{"type":"angle","q":12,"p":2,"scale":3,"op":"tan","phase":1,"ok":1,"poly":["-1","0","3"],"real":["5172468919249616863341937568092147056766342706421011827953660393523147335970039782107407052193749008383","5172468919249616863341937568092147056766342706421011827953660393523147335970039782107407052194822750209","-342"],"imag":["0","0","0"]}
{"type":"angle","q":12,"p":2,"scale":3,"op":"cot","phase":0,"ok":1,"poly":["-3","0","1"],"real":["158212193200139176340255174621777356217301037233","158212193200139176340255174621777356219129827151","-156"],"imag":["0","0","0"]}
{"type":"angle","q":12,"p":2,"scale":3,"op":"cot","phase":1,"ok":1,"poly":["-3","0","1"],"real":["7758703378874425295012906352138220585149514059631517741930490590284721003955059673161110578290891948031","7758703378874425295012906352138220585149514059631517741930490590284721003955059673161110578291965689857","-341"],"imag":["0","0","0"]}
{"type":"angle","q":12,"p":2,"scale":3,"op":"sec","phase":0,"ok":1,"poly":["-4","0","3"],"real":["52737397733379725446751724873925785405868761865","52737397733379725446751724873925785406453816567","-155"],"imag":["0","0","0"]}
{"type":"angle","q":12,"p":2,"scale":3,"op":"sec","phase":1,"ok":1,"poly":["-4","0","3"],"real":["5172468919249616863341937568092147056766342706421011827953660393523147335970039782107407052193749008383","5172468919249616863341937568092147056766342706421011827953660393523147335970039782107407052194822750209","-341"],"imag":["0","0","0"]}
{"type":"angle","q":12,"p":2,"scale":3,"op":"csc","phase":0,"ok":1,"poly":["-2","1"],"real":["1","1","1"],"imag":["0","0","0"]}
{"type":"angle","q":12,"p":2,"scale":3,"op":"csc","phase":1,"ok":1,"poly":["-2","1"],"real":["1","1","1"],"imag":["0","0","0"]}
{"type":"angle","q":12,"p":3,"scale":1,"op":"root","phase":0,"ok":1,"poly":["1","0","1"],"real":["0","0","0"],"imag":["1","1","0"],"recognized":1,"nullRecognized":1,"rp":1,"rq":4}
{"type":"angle","q":12,"p":3,"scale":1,"op":"root","phase":1,"ok":1,"poly":["1","0","1"],"real":["0","0","0"],"imag":["1","1","0"],"recognized":1,"nullRecognized":1,"rp":1,"rq":4}
{"type":"angle","q":12,"p":3,"scale":1,"op":"exp","phase":0,"ok":1,"poly":["1","0","0","0","1"],"real":["10989394778343770250329775194768820061718132929403692613803124731042190707557378878361","10989394778343770250329775194768820061718132929403692613803124731042190707559249024103","-283"],"imag":["10989394778343770250329775194768820061718132929403692613803124731042190707557378878361","10989394778343770250329775194768820061718132929403692613803124731042190707559249024103","-283"],"recognized":1,"nullRecognized":1,"rp":1,"rq":8}
{"type":"angle","q":12,"p":3,"scale":1,"op":"exp","phase":1,"ok":1,"poly":["1","0","0","0","1"],"real":["6334954781283363607674384089193074018783356057290906722017121035366360050198358966310546015664681779199","6334954781283363607674384089193074018783356057290906722017121035366360050198358966310546015665755521025","-342"],"imag":["6334954781283363607674384089193074018783356057290906722017121035366360050198358966310546015664681779199","6334954781283363607674384089193074018783356057290906722017121035366360050198358966310546015665755521025","-342"],"recognized":1,"nullRecognized":1,"rp":1,"rq":8}
{"type":"angle","q":12,"p":3,"scale":1,"op":"sin","phase":0,"ok":1,"poly":["-1","0","2"],"real":["64589857404495231666648405250431531952815765745","64589857404495231666648405250431531953634641679","-156"],"imag":["0","0","0"]}
{"type":"angle","q":12,"p":3,"scale":1,"op":"sin","phase":1,"ok":1,"poly":["-1","0","2"],"real":["6334954781283363607674384089193074018783356057290906722017121035366360050198358966310546015664681779199","6334954781283363607674384089193074018783356057290906722017121035366360050198358966310546015665755521025","-342"],"imag":["0","0","0"]}
{"type":"angle","q":12,"p":3,"scale":1,"op":"cos","phase":0,"ok":1,"poly":["-1","0","2"],"real":["64589857404495231666648405250431531952815765745","64589857404495231666648405250431531953634641679","-156"],"imag":["0","0","0"]}
{"type":"angle","q":12,"p":3,"scale":1,"op":"cos","phase":1,"ok":1,"poly":["-1","0","2"],"real":["6334954781283363607674384089193074018783356057290906722017121035366360050198358966310546015664681779199","6334954781283363607674384089193074018783356057290906722017121035366360050198358966310546015665755521025","-342"],"imag":["0","0","0"]}
{"type":"angle","q":12,"p":3,"scale":1,"op":"tan","phase":0,"ok":1,"poly":["-1","1"],"real":["1","1","0"],"imag":["0","0","0"]}
{"type":"angle","q":12,"p":3,"scale":1,"op":"tan","phase":1,"ok":1,"poly":["-1","1"],"real":["1","1","0"],"imag":["0","0","0"]}
{"type":"angle","q":12,"p":3,"scale":1,"op":"cot","phase":0,"ok":1,"poly":["-1","1"],"real":["1","1","0"],"imag":["0","0","0"]}
{"type":"angle","q":12,"p":3,"scale":1,"op":"cot","phase":1,"ok":1,"poly":["-1","1"],"real":["1","1","0"],"imag":["0","0","0"]}
{"type":"angle","q":12,"p":3,"scale":1,"op":"sec","phase":0,"ok":1,"poly":["-2","0","1"],"real":["64589857404495231666648405250431531952815765745","64589857404495231666648405250431531953634641679","-155"],"imag":["0","0","0"]}
{"type":"angle","q":12,"p":3,"scale":1,"op":"sec","phase":1,"ok":1,"poly":["-2","0","1"],"real":["6334954781283363607674384089193074018783356057290906722017121035366360050198358966310546015664681779199","6334954781283363607674384089193074018783356057290906722017121035366360050198358966310546015665755521025","-341"],"imag":["0","0","0"]}
{"type":"angle","q":12,"p":3,"scale":1,"op":"csc","phase":0,"ok":1,"poly":["-2","0","1"],"real":["64589857404495231666648405250431531952815765745","64589857404495231666648405250431531953634641679","-155"],"imag":["0","0","0"]}
{"type":"angle","q":12,"p":3,"scale":1,"op":"csc","phase":1,"ok":1,"poly":["-2","0","1"],"real":["6334954781283363607674384089193074018783356057290906722017121035366360050198358966310546015664681779199","6334954781283363607674384089193074018783356057290906722017121035366360050198358966310546015665755521025","-341"],"imag":["0","0","0"]}
{"type":"angle","q":12,"p":3,"scale":3,"op":"root","phase":0,"ok":1,"poly":["1","0","1"],"real":["0","0","0"],"imag":["1","1","0"],"recognized":1,"nullRecognized":1,"rp":1,"rq":4}
{"type":"angle","q":12,"p":3,"scale":3,"op":"root","phase":1,"ok":1,"poly":["1","0","1"],"real":["0","0","0"],"imag":["1","1","0"],"recognized":1,"nullRecognized":1,"rp":1,"rq":4}
{"type":"angle","q":12,"p":3,"scale":3,"op":"exp","phase":0,"ok":1,"poly":["1","0","0","0","1"],"real":["10989394778343770250329775194768820061718132929403692613803124731042190707557378878361","10989394778343770250329775194768820061718132929403692613803124731042190707559249024103","-283"],"imag":["10989394778343770250329775194768820061718132929403692613803124731042190707557378878361","10989394778343770250329775194768820061718132929403692613803124731042190707559249024103","-283"],"recognized":1,"nullRecognized":1,"rp":1,"rq":8}
{"type":"angle","q":12,"p":3,"scale":3,"op":"exp","phase":1,"ok":1,"poly":["1","0","0","0","1"],"real":["6334954781283363607674384089193074018783356057290906722017121035366360050198358966310546015664681779199","6334954781283363607674384089193074018783356057290906722017121035366360050198358966310546015665755521025","-342"],"imag":["6334954781283363607674384089193074018783356057290906722017121035366360050198358966310546015664681779199","6334954781283363607674384089193074018783356057290906722017121035366360050198358966310546015665755521025","-342"],"recognized":1,"nullRecognized":1,"rp":1,"rq":8}
{"type":"angle","q":12,"p":3,"scale":3,"op":"sin","phase":0,"ok":1,"poly":["-1","0","2"],"real":["64589857404495231666648405250431531952815765745","64589857404495231666648405250431531953634641679","-156"],"imag":["0","0","0"]}
{"type":"angle","q":12,"p":3,"scale":3,"op":"sin","phase":1,"ok":1,"poly":["-1","0","2"],"real":["6334954781283363607674384089193074018783356057290906722017121035366360050198358966310546015664681779199","6334954781283363607674384089193074018783356057290906722017121035366360050198358966310546015665755521025","-342"],"imag":["0","0","0"]}
{"type":"angle","q":12,"p":3,"scale":3,"op":"cos","phase":0,"ok":1,"poly":["-1","0","2"],"real":["64589857404495231666648405250431531952815765745","64589857404495231666648405250431531953634641679","-156"],"imag":["0","0","0"]}
{"type":"angle","q":12,"p":3,"scale":3,"op":"cos","phase":1,"ok":1,"poly":["-1","0","2"],"real":["6334954781283363607674384089193074018783356057290906722017121035366360050198358966310546015664681779199","6334954781283363607674384089193074018783356057290906722017121035366360050198358966310546015665755521025","-342"],"imag":["0","0","0"]}
{"type":"angle","q":12,"p":3,"scale":3,"op":"tan","phase":0,"ok":1,"poly":["-1","1"],"real":["1","1","0"],"imag":["0","0","0"]}
{"type":"angle","q":12,"p":3,"scale":3,"op":"tan","phase":1,"ok":1,"poly":["-1","1"],"real":["1","1","0"],"imag":["0","0","0"]}
{"type":"angle","q":12,"p":3,"scale":3,"op":"cot","phase":0,"ok":1,"poly":["-1","1"],"real":["1","1","0"],"imag":["0","0","0"]}
{"type":"angle","q":12,"p":3,"scale":3,"op":"cot","phase":1,"ok":1,"poly":["-1","1"],"real":["1","1","0"],"imag":["0","0","0"]}
{"type":"angle","q":12,"p":3,"scale":3,"op":"sec","phase":0,"ok":1,"poly":["-2","0","1"],"real":["64589857404495231666648405250431531952815765745","64589857404495231666648405250431531953634641679","-155"],"imag":["0","0","0"]}
{"type":"angle","q":12,"p":3,"scale":3,"op":"sec","phase":1,"ok":1,"poly":["-2","0","1"],"real":["6334954781283363607674384089193074018783356057290906722017121035366360050198358966310546015664681779199","6334954781283363607674384089193074018783356057290906722017121035366360050198358966310546015665755521025","-341"],"imag":["0","0","0"]}
{"type":"angle","q":12,"p":3,"scale":3,"op":"csc","phase":0,"ok":1,"poly":["-2","0","1"],"real":["64589857404495231666648405250431531952815765745","64589857404495231666648405250431531953634641679","-155"],"imag":["0","0","0"]}
{"type":"angle","q":12,"p":3,"scale":3,"op":"csc","phase":1,"ok":1,"poly":["-2","0","1"],"real":["6334954781283363607674384089193074018783356057290906722017121035366360050198358966310546015664681779199","6334954781283363607674384089193074018783356057290906722017121035366360050198358966310546015665755521025","-341"],"imag":["0","0","0"]}
{"type":"angle","q":12,"p":4,"scale":1,"op":"root","phase":0,"ok":1,"poly":["1","1","1"],"real":["-2923003274661805836407369665432566039312575708607","-2923003274661805836407369665432566039311154463297","-162"],"imag":["9888262075008698521265948413861084763581315187","9888262075008698521265948413861084763695613837","-153"],"recognized":1,"nullRecognized":1,"rp":1,"rq":3}
{"type":"angle","q":12,"p":4,"scale":1,"op":"root","phase":1,"ok":1,"poly":["1","1","1"],"real":["-115172193140305827399949785796761135587064246228529065807379342658863042065190089480167441564259605943037975312218134915154131611020654072038617988630148194794852651","-115172193140305827399949785796761135587064246228529065807379342658863042065190089480167441564259605943037975312218134915154131611020654072038617988630148194588045013","-546"],"imag":["7758703378874425295012906352138220585149514059631517741930490590284721003955059673161110578290891948031","7758703378874425295012906352138220585149514059631517741930490590284721003955059673161110578291965689857","-342"],"recognized":1,"nullRecognized":1,"rp":1,"rq":3}
{"type":"angle","q":12,"p":4,"scale":1,"op":"exp","phase":0,"ok":1,"poly":["1","-1","1"],"real":["2923003274661805836407369665432566039311154463297","2923003274661805836407369665432566039312575708607","-162"],"imag":["9888262075008698521265948413861084763581315187","9888262075008698521265948413861084763695613837","-153"],"recognized":1,"nullRecognized":1,"rp":1,"rq":6}
{"type":"angle","q":12,"p":4,"scale":1,"op":"exp","phase":1,"ok":1,"poly":["1","-1","1"],"real":["115172193140305827399949785796761135587064246228529065807379342658863042065190089480167441564259605943037975312218134915154131611020654072038617988630148194588045013","115172193140305827399949785796761135587064246228529065807379342658863042065190089480167441564259605943037975312218134915154131611020654072038617988630148194794852651","-546"],"imag":["7758703378874425295012906352138220585149514059631517741930490590284721003955059673161110578290891948031","7758703378874425295012906352138220585149514059631517741930490590284721003955059673161110578291965689857","-342"],"recognized":1,"nullRecognized":1,"rp":1,"rq":6}
{"type":"angle","q":12,"p":4,"scale":1,"op":"sin","phase":0,"ok":1,"poly":["-3","0","4"],"real":["158212193200139176340255174621777356217301037233","158212193200139176340255174621777356219129827151","-157"],"imag":["0","0","0"]}
{"type":"angle","q":12,"p":4,"scale":1,"op":"sin","phase":1,"ok":1,"poly":["-3","0","4"],"real":["7758703378874425295012906352138220585149514059631517741930490590284721003955059673161110578290891948031","7758703378874425295012906352138220585149514059631517741930490590284721003955059673161110578291965689857","-342"],"imag":["0","0","0"]}
{"type":"angle","q":12,"p":4,"scale":1,"op":"cos","phase":0,"ok":1,"poly":["-1","2"],"real":["1","1","-1"],"imag":["0","0","0"]}
{"type":"angle","q":12,"p":4,"scale":1,"op":"cos","phase":1,"ok":1,"poly":["-1","2"],"real":["1","1","-1"],"imag":["0","0","0"]}
{"type":"angle","q":12,"p":4,"scale":1,"op":"tan","phase":0,"ok":1,"poly":["-3","0","1"],"real":["294693174213430241384087455685767077315","294693174213430241384087455685767077317","-127"],"imag":["0","0","0"]}
{"type":"angle","q":12,"p":4,"scale":1,"op":"tan","phase":1,"ok":1,"poly":["-3","0","1"],"real":["7758703378874425295012906352138220585149514059631517741930490590284721003955059673161110578290891948031","7758703378874425295012906352138220585149514059631517741930490590284721003955059673161110578291965689857","-341"],"imag":["0","0","0"]}
{"type":"angle","q":12,"p":4,"scale":1,"op":"cot","phase":0,"ok":1,"poly":["-1","0","3"],"real":["52737397733379725446751724873925785405868761865","52737397733379725446751724873925785406453816567","-156"],"imag":["0","0","0"]}
{"type":"angle","q":12,"p":4,"scale":1,"op":"cot","phase":1,"ok":1,"poly":["-1","0","3"],"real":["5172468919249616863341937568092147056766342706421011827953660393523147335970039782107407052193749008383","5172468919249616863341937568092147056766342706421011827953660393523147335970039782107407052194822750209","-342"],"imag":["0","0","0"]}
{"type":"angle","q":12,"p":4,"scale":1,"op":"sec","phase":0,"ok":1,"poly":["-2","1"],"real":["1","1","1"],"imag":["0","0","0"]}
{"type":"angle","q":12,"p":4,"scale":1,"op":"sec","phase":1,"ok":1,"poly":["-2","1"],"real":["1","1","1"],"imag":["0","0","0"]}
{"type":"angle","q":12,"p":4,"scale":1,"op":"csc","phase":0,"ok":1,"poly":["-4","0","3"],"real":["52737397733379725446751724873925785405868761865","52737397733379725446751724873925785406453816567","-155"],"imag":["0","0","0"]}
{"type":"angle","q":12,"p":4,"scale":1,"op":"csc","phase":1,"ok":1,"poly":["-4","0","3"],"real":["5172468919249616863341937568092147056766342706421011827953660393523147335970039782107407052193749008383","5172468919249616863341937568092147056766342706421011827953660393523147335970039782107407052194822750209","-341"],"imag":["0","0","0"]}
{"type":"angle","q":12,"p":4,"scale":3,"op":"root","phase":0,"ok":1,"poly":["1","1","1"],"real":["-2923003274661805836407369665432566039312575708607","-2923003274661805836407369665432566039311154463297","-162"],"imag":["9888262075008698521265948413861084763581315187","9888262075008698521265948413861084763695613837","-153"],"recognized":1,"nullRecognized":1,"rp":1,"rq":3}
{"type":"angle","q":12,"p":4,"scale":3,"op":"root","phase":1,"ok":1,"poly":["1","1","1"],"real":["-115172193140305827399949785796761135587064246228529065807379342658863042065190089480167441564259605943037975312218134915154131611020654072038617988630148194794852651","-115172193140305827399949785796761135587064246228529065807379342658863042065190089480167441564259605943037975312218134915154131611020654072038617988630148194588045013","-546"],"imag":["7758703378874425295012906352138220585149514059631517741930490590284721003955059673161110578290891948031","7758703378874425295012906352138220585149514059631517741930490590284721003955059673161110578291965689857","-342"],"recognized":1,"nullRecognized":1,"rp":1,"rq":3}
{"type":"angle","q":12,"p":4,"scale":3,"op":"exp","phase":0,"ok":1,"poly":["1","-1","1"],"real":["2923003274661805836407369665432566039311154463297","2923003274661805836407369665432566039312575708607","-162"],"imag":["9888262075008698521265948413861084763581315187","9888262075008698521265948413861084763695613837","-153"],"recognized":1,"nullRecognized":1,"rp":1,"rq":6}
{"type":"angle","q":12,"p":4,"scale":3,"op":"exp","phase":1,"ok":1,"poly":["1","-1","1"],"real":["115172193140305827399949785796761135587064246228529065807379342658863042065190089480167441564259605943037975312218134915154131611020654072038617988630148194588045013","115172193140305827399949785796761135587064246228529065807379342658863042065190089480167441564259605943037975312218134915154131611020654072038617988630148194794852651","-546"],"imag":["7758703378874425295012906352138220585149514059631517741930490590284721003955059673161110578290891948031","7758703378874425295012906352138220585149514059631517741930490590284721003955059673161110578291965689857","-342"],"recognized":1,"nullRecognized":1,"rp":1,"rq":6}
{"type":"angle","q":12,"p":4,"scale":3,"op":"sin","phase":0,"ok":1,"poly":["-3","0","4"],"real":["158212193200139176340255174621777356217301037233","158212193200139176340255174621777356219129827151","-157"],"imag":["0","0","0"]}
{"type":"angle","q":12,"p":4,"scale":3,"op":"sin","phase":1,"ok":1,"poly":["-3","0","4"],"real":["7758703378874425295012906352138220585149514059631517741930490590284721003955059673161110578290891948031","7758703378874425295012906352138220585149514059631517741930490590284721003955059673161110578291965689857","-342"],"imag":["0","0","0"]}
{"type":"angle","q":12,"p":4,"scale":3,"op":"cos","phase":0,"ok":1,"poly":["-1","2"],"real":["1","1","-1"],"imag":["0","0","0"]}
{"type":"angle","q":12,"p":4,"scale":3,"op":"cos","phase":1,"ok":1,"poly":["-1","2"],"real":["1","1","-1"],"imag":["0","0","0"]}
{"type":"angle","q":12,"p":4,"scale":3,"op":"tan","phase":0,"ok":1,"poly":["-3","0","1"],"real":["294693174213430241384087455685767077315","294693174213430241384087455685767077317","-127"],"imag":["0","0","0"]}
{"type":"angle","q":12,"p":4,"scale":3,"op":"tan","phase":1,"ok":1,"poly":["-3","0","1"],"real":["7758703378874425295012906352138220585149514059631517741930490590284721003955059673161110578290891948031","7758703378874425295012906352138220585149514059631517741930490590284721003955059673161110578291965689857","-341"],"imag":["0","0","0"]}
{"type":"angle","q":12,"p":4,"scale":3,"op":"cot","phase":0,"ok":1,"poly":["-1","0","3"],"real":["52737397733379725446751724873925785405868761865","52737397733379725446751724873925785406453816567","-156"],"imag":["0","0","0"]}
{"type":"angle","q":12,"p":4,"scale":3,"op":"cot","phase":1,"ok":1,"poly":["-1","0","3"],"real":["5172468919249616863341937568092147056766342706421011827953660393523147335970039782107407052193749008383","5172468919249616863341937568092147056766342706421011827953660393523147335970039782107407052194822750209","-342"],"imag":["0","0","0"]}
{"type":"angle","q":12,"p":4,"scale":3,"op":"sec","phase":0,"ok":1,"poly":["-2","1"],"real":["1","1","1"],"imag":["0","0","0"]}
{"type":"angle","q":12,"p":4,"scale":3,"op":"sec","phase":1,"ok":1,"poly":["-2","1"],"real":["1","1","1"],"imag":["0","0","0"]}
{"type":"angle","q":12,"p":4,"scale":3,"op":"csc","phase":0,"ok":1,"poly":["-4","0","3"],"real":["52737397733379725446751724873925785405868761865","52737397733379725446751724873925785406453816567","-155"],"imag":["0","0","0"]}
{"type":"angle","q":12,"p":4,"scale":3,"op":"csc","phase":1,"ok":1,"poly":["-4","0","3"],"real":["5172468919249616863341937568092147056766342706421011827953660393523147335970039782107407052193749008383","5172468919249616863341937568092147056766342706421011827953660393523147335970039782107407052194822750209","-341"],"imag":["0","0","0"]}
{"type":"angle","q":12,"p":5,"scale":1,"op":"root","phase":0,"ok":1,"poly":["1","0","-1","0","1"],"real":["-210300076476156892817421832906076868413144174248499808223378102408488511827176361837","-210300076476156892817421832906076868413144174248499808223378102408488511826958880915","-277"],"imag":["485667223056432267729865476705879726660601709763034880312953102434726071300864378819","485667223056432267729865476705879726660601709763034880312953102434726071301734082621","-279"],"recognized":1,"nullRecognized":1,"rp":5,"rq":12}
{"type":"angle","q":12,"p":5,"scale":1,"op":"root","phase":1,"ok":1,"poly":["1","0","-1","0","1"],"real":["-7758703378874425295012906352138220585149514059631517741930490590284721003955059673161110578291965689857","-7758703378874425295012906352138220585149514059631517741930490590284721003955059673161110578290891948031","-342"],"imag":["4479489484355608421114884561136888556243290994469299069799978201927583742360321890761754986542677360639","4479489484355608421114884561136888556243290994469299069799978201927583742360321890761754986543751102465","-342"],"recognized":1,"nullRecognized":1,"rp":5,"rq":12}
{"type":"angle","q":12,"p":5,"scale":1,"op":"exp","phase":0,"ok":1,"poly":["1","0","0","0","-1","0","0","0","1"],"real":["7856245431816172162290389709064248614441352398402864854822025460265653792029506909","7856245431816172162290389709064248614441352398402864854822025460265653792242478755","-274"],"imag":["234559256866150787459725855090776802379876646209155615929250027604659460141831264397","234559256866150787459725855090776802379876646209155615929250027604659460143536105331","-277"],"recognized":1,"nullRecognized":1,"rp":5,"rq":24}
{"type":"angle","q":12,"p":5,"scale":1,"op":"exp","phase":1,"ok":1,"poly":["1","0","0","0","-1","0","0","0","1"],"real":["4637508763550806755267699943783311449087385184433440142669453830584931828904585217251269117118351671295","4637508763550806755267699943783311449087385184433440142669453830584931828904585217251269117119425413121","-343"],"imag":["8653709163058766985308234061084729743327048649507626793351847950658825964650651574936180574224126050303","8653709163058766985308234061084729743327048649507626793351847950658825964650651574936180574225199792129","-342"],"recognized":1,"nullRecognized":1,"rp":5,"rq":24}
{"type":"angle","q":12,"p":5,"scale":1,"op":"sin","phase":0,"ok":1,"poly":["1","0","-16","0","16"],"real":["88231386041354913186055833979011159035556940139","88231386041354913186055833979011159037185865365","-156"],"imag":["0","0","0"]}
{"type":"angle","q":12,"p":5,"scale":1,"op":"sin","phase":1,"ok":1,"poly":["1","0","-16","0","16"],"real":["8653709163058766985308234061084729743327048649507626793351847950658825964650651574936180574224126050303","8653709163058766985308234061084729743327048649507626793351847950658825964650651574936180574225199792129","-342"],"imag":["0","0","0"]}
{"type":"angle","q":12,"p":5,"scale":1,"op":"cos","phase":0,"ok":1,"poly":["1","0","-16","0","16"],"real":["446575849754036207871785660987839526935735670940793218893646932543497","446575849754036207871785660987839526935735670940793218893647225485303","-230"],"imag":["0","0","0"]}
{"type":"angle","q":12,"p":5,"scale":1,"op":"cos","phase":1,"ok":1,"poly":["1","0","-16","0","16"],"real":["4637508763550806755267699943783311449087385184433440142669453830584931828904585217251269117118351671295","4637508763550806755267699943783311449087385184433440142669453830584931828904585217251269117119425413121","-343"],"imag":["0","0","0"]}
{"type":"angle","q":12,"p":5,"scale":1,"op":"tan","phase":0,"ok":1,"poly":["1","-4","1"],"real":["6439417006793818056314003275403716937481775476186630390598318790068423","6439417006793818056314003275403716937481775476186630390598319941302073","-230"],"imag":["0","0","0"]}
{"type":"angle","q":12,"p":5,"scale":1,"op":"tan","phase":1,"ok":1,"poly":["1","-4","1"],"real":["8358841173792821068621337737205998848818048024285057940765223497069944244337851727342310275688123334655","8358841173792821068621337737205998848818048024285057940765223497069944244337851727342310275689197076481","-340"],"imag":["0","0","0"]}
{"type":"angle","q":12,"p":5,"scale":1,"op":"cot","phase":0,"ok":1,"poly":["1","-4","1"],"real":["24475511466223688435205429467758021238266869087","24475511466223688435205429467758021238748531361","-156"],"imag":["0","0","0"]}
{"type":"angle","q":12,"p":5,"scale":1,"op":"cot","phase":1,"ok":1,"poly":["1","-4","1"],"real":["4801102359347166188867451080542226109348271717228321590677863254281785923062336433449597579177851092991","4801102359347166188867451080542226109348271717228321590677863254281785923062336433449597579178924834817","-343"],"imag":["0","0","0"]}
{"type":"angle","q":12,"p":5,"scale":1,"op":"sec","phase":0,"ok":1,"poly":["16","0","-16","0","1"],"real":["44115693020677456593027916989505579517818058217","44115693020677456593027916989505579518553344535","-153"],"imag":["0","0","0"]}
{"type":"angle","q":12,"p":5,"scale":1,"op":"sec","phase":1,"ok":1,"poly":["16","0","-16","0","1"],"real":["8653709163058766985308234061084729743327048649507626793351847950658825964650651574936180574224126050303","8653709163058766985308234061084729743327048649507626793351847950658825964650651574936180574225199792129","-340"],"imag":["0","0","0"]}
{"type":"angle","q":12,"p":5,"scale":1,"op":"csc","phase":0,"ok":1,"poly":["16","0","-16","0","1"],"real":["446575849754036207871785660987839526935735670940793218893646932543497","446575849754036207871785660987839526935735670940793218893647225485303","-228"],"imag":["0","0","0"]}
{"type":"angle","q":12,"p":5,"scale":1,"op":"csc","phase":1,"ok":1,"poly":["16","0","-16","0","1"],"real":["4637508763550806755267699943783311449087385184433440142669453830584931828904585217251269117118351671295","4637508763550806755267699943783311449087385184433440142669453830584931828904585217251269117119425413121","-341"],"imag":["0","0","0"]}
{"type":"angle","q":12,"p":5,"scale":3,"op":"root","phase":0,"ok":1,"poly":["1","0","-1","0","1"],"real":["-210300076476156892817421832906076868413144174248499808223378102408488511827176361837","-210300076476156892817421832906076868413144174248499808223378102408488511826958880915","-277"],"imag":["485667223056432267729865476705879726660601709763034880312953102434726071300864378819","485667223056432267729865476705879726660601709763034880312953102434726071301734082621","-279"],"recognized":1,"nullRecognized":1,"rp":5,"rq":12}
{"type":"angle","q":12,"p":5,"scale":3,"op":"root","phase":1,"ok":1,"poly":["1","0","-1","0","1"],"real":["-7758703378874425295012906352138220585149514059631517741930490590284721003955059673161110578291965689857","-7758703378874425295012906352138220585149514059631517741930490590284721003955059673161110578290891948031","-342"],"imag":["4479489484355608421114884561136888556243290994469299069799978201927583742360321890761754986542677360639","4479489484355608421114884561136888556243290994469299069799978201927583742360321890761754986543751102465","-342"],"recognized":1,"nullRecognized":1,"rp":5,"rq":12}
{"type":"angle","q":12,"p":5,"scale":3,"op":"exp","phase":0,"ok":1,"poly":["1","0","0","0","-1","0","0","0","1"],"real":["7856245431816172162290389709064248614441352398402864854822025460265653792029506909","7856245431816172162290389709064248614441352398402864854822025460265653792242478755","-274"],"imag":["234559256866150787459725855090776802379876646209155615929250027604659460141831264397","234559256866150787459725855090776802379876646209155615929250027604659460143536105331","-277"],"recognized":1,"nullRecognized":1,"rp":5,"rq":24}
{"type":"angle","q":12,"p":5,"scale":3,"op":"exp","phase":1,"ok":1,"poly":["1","0","0","0","-1","0","0","0","1"],"real":["4637508763550806755267699943783311449087385184433440142669453830584931828904585217251269117118351671295","4637508763550806755267699943783311449087385184433440142669453830584931828904585217251269117119425413121","-343"],"imag":["8653709163058766985308234061084729743327048649507626793351847950658825964650651574936180574224126050303","8653709163058766985308234061084729743327048649507626793351847950658825964650651574936180574225199792129","-342"],"recognized":1,"nullRecognized":1,"rp":5,"rq":24}
{"type":"angle","q":12,"p":5,"scale":3,"op":"sin","phase":0,"ok":1,"poly":["1","0","-16","0","16"],"real":["88231386041354913186055833979011159035556940139","88231386041354913186055833979011159037185865365","-156"],"imag":["0","0","0"]}
{"type":"angle","q":12,"p":5,"scale":3,"op":"sin","phase":1,"ok":1,"poly":["1","0","-16","0","16"],"real":["8653709163058766985308234061084729743327048649507626793351847950658825964650651574936180574224126050303","8653709163058766985308234061084729743327048649507626793351847950658825964650651574936180574225199792129","-342"],"imag":["0","0","0"]}
{"type":"angle","q":12,"p":5,"scale":3,"op":"cos","phase":0,"ok":1,"poly":["1","0","-16","0","16"],"real":["446575849754036207871785660987839526935735670940793218893646932543497","446575849754036207871785660987839526935735670940793218893647225485303","-230"],"imag":["0","0","0"]}
{"type":"angle","q":12,"p":5,"scale":3,"op":"cos","phase":1,"ok":1,"poly":["1","0","-16","0","16"],"real":["4637508763550806755267699943783311449087385184433440142669453830584931828904585217251269117118351671295","4637508763550806755267699943783311449087385184433440142669453830584931828904585217251269117119425413121","-343"],"imag":["0","0","0"]}
{"type":"angle","q":12,"p":5,"scale":3,"op":"tan","phase":0,"ok":1,"poly":["1","-4","1"],"real":["6439417006793818056314003275403716937481775476186630390598318790068423","6439417006793818056314003275403716937481775476186630390598319941302073","-230"],"imag":["0","0","0"]}
{"type":"angle","q":12,"p":5,"scale":3,"op":"tan","phase":1,"ok":1,"poly":["1","-4","1"],"real":["8358841173792821068621337737205998848818048024285057940765223497069944244337851727342310275688123334655","8358841173792821068621337737205998848818048024285057940765223497069944244337851727342310275689197076481","-340"],"imag":["0","0","0"]}
{"type":"angle","q":12,"p":5,"scale":3,"op":"cot","phase":0,"ok":1,"poly":["1","-4","1"],"real":["24475511466223688435205429467758021238266869087","24475511466223688435205429467758021238748531361","-156"],"imag":["0","0","0"]}
{"type":"angle","q":12,"p":5,"scale":3,"op":"cot","phase":1,"ok":1,"poly":["1","-4","1"],"real":["4801102359347166188867451080542226109348271717228321590677863254281785923062336433449597579177851092991","4801102359347166188867451080542226109348271717228321590677863254281785923062336433449597579178924834817","-343"],"imag":["0","0","0"]}
{"type":"angle","q":12,"p":5,"scale":3,"op":"sec","phase":0,"ok":1,"poly":["16","0","-16","0","1"],"real":["44115693020677456593027916989505579517818058217","44115693020677456593027916989505579518553344535","-153"],"imag":["0","0","0"]}
{"type":"angle","q":12,"p":5,"scale":3,"op":"sec","phase":1,"ok":1,"poly":["16","0","-16","0","1"],"real":["8653709163058766985308234061084729743327048649507626793351847950658825964650651574936180574224126050303","8653709163058766985308234061084729743327048649507626793351847950658825964650651574936180574225199792129","-340"],"imag":["0","0","0"]}
{"type":"angle","q":12,"p":5,"scale":3,"op":"csc","phase":0,"ok":1,"poly":["16","0","-16","0","1"],"real":["446575849754036207871785660987839526935735670940793218893646932543497","446575849754036207871785660987839526935735670940793218893647225485303","-228"],"imag":["0","0","0"]}
{"type":"angle","q":12,"p":5,"scale":3,"op":"csc","phase":1,"ok":1,"poly":["16","0","-16","0","1"],"real":["4637508763550806755267699943783311449087385184433440142669453830584931828904585217251269117118351671295","4637508763550806755267699943783311449087385184433440142669453830584931828904585217251269117119425413121","-341"],"imag":["0","0","0"]}
{"type":"angle","q":12,"p":6,"scale":1,"op":"root","phase":0,"ok":1,"poly":["1","1"],"real":["-1","-1","0"],"imag":["0","0","0"],"recognized":1,"nullRecognized":1,"rp":1,"rq":2}
{"type":"angle","q":12,"p":6,"scale":1,"op":"root","phase":1,"ok":1,"poly":["1","1"],"real":["-1","-1","0"],"imag":["0","0","0"],"recognized":1,"nullRecognized":1,"rp":1,"rq":2}
{"type":"angle","q":12,"p":6,"scale":1,"op":"exp","phase":0,"ok":1,"poly":["1","0","1"],"real":["0","0","0"],"imag":["1","1","0"],"recognized":1,"nullRecognized":1,"rp":1,"rq":4}
{"type":"angle","q":12,"p":6,"scale":1,"op":"exp","phase":1,"ok":1,"poly":["1","0","1"],"real":["0","0","0"],"imag":["1","1","0"],"recognized":1,"nullRecognized":1,"rp":1,"rq":4}
{"type":"angle","q":12,"p":6,"scale":1,"op":"sin","phase":0,"ok":1,"poly":["-1","1"],"real":["1","1","0"],"imag":["0","0","0"]}
{"type":"angle","q":12,"p":6,"scale":1,"op":"sin","phase":1,"ok":1,"poly":["-1","1"],"real":["1","1","0"],"imag":["0","0","0"]}
{"type":"angle","q":12,"p":6,"scale":1,"op":"cos","phase":0,"ok":1,"poly":["0","1"],"real":["0","0","0"],"imag":["0","0","0"]}
{"type":"angle","q":12,"p":6,"scale":1,"op":"cos","phase":1,"ok":1,"poly":["0","1"],"real":["0","0","0"],"imag":["0","0","0"]}
{"type":"angle","q":12,"p":6,"scale":1,"op":"tan","phase":0,"ok":0}
{"type":"angle","q":12,"p":6,"scale":1,"op":"tan","phase":1,"ok":0}
{"type":"angle","q":12,"p":6,"scale":1,"op":"cot","phase":0,"ok":1,"poly":["0","1"],"real":["0","0","0"],"imag":["0","0","0"]}
{"type":"angle","q":12,"p":6,"scale":1,"op":"cot","phase":1,"ok":1,"poly":["0","1"],"real":["0","0","0"],"imag":["0","0","0"]}
{"type":"angle","q":12,"p":6,"scale":1,"op":"sec","phase":0,"ok":0}
{"type":"angle","q":12,"p":6,"scale":1,"op":"sec","phase":1,"ok":0}
{"type":"angle","q":12,"p":6,"scale":1,"op":"csc","phase":0,"ok":1,"poly":["-1","1"],"real":["1","1","0"],"imag":["0","0","0"]}
{"type":"angle","q":12,"p":6,"scale":1,"op":"csc","phase":1,"ok":1,"poly":["-1","1"],"real":["1","1","0"],"imag":["0","0","0"]}
{"type":"angle","q":12,"p":6,"scale":3,"op":"root","phase":0,"ok":1,"poly":["1","1"],"real":["-1","-1","0"],"imag":["0","0","0"],"recognized":1,"nullRecognized":1,"rp":1,"rq":2}
{"type":"angle","q":12,"p":6,"scale":3,"op":"root","phase":1,"ok":1,"poly":["1","1"],"real":["-1","-1","0"],"imag":["0","0","0"],"recognized":1,"nullRecognized":1,"rp":1,"rq":2}
{"type":"angle","q":12,"p":6,"scale":3,"op":"exp","phase":0,"ok":1,"poly":["1","0","1"],"real":["0","0","0"],"imag":["1","1","0"],"recognized":1,"nullRecognized":1,"rp":1,"rq":4}
{"type":"angle","q":12,"p":6,"scale":3,"op":"exp","phase":1,"ok":1,"poly":["1","0","1"],"real":["0","0","0"],"imag":["1","1","0"],"recognized":1,"nullRecognized":1,"rp":1,"rq":4}
{"type":"angle","q":12,"p":6,"scale":3,"op":"sin","phase":0,"ok":1,"poly":["-1","1"],"real":["1","1","0"],"imag":["0","0","0"]}
{"type":"angle","q":12,"p":6,"scale":3,"op":"sin","phase":1,"ok":1,"poly":["-1","1"],"real":["1","1","0"],"imag":["0","0","0"]}
{"type":"angle","q":12,"p":6,"scale":3,"op":"cos","phase":0,"ok":1,"poly":["0","1"],"real":["0","0","0"],"imag":["0","0","0"]}
{"type":"angle","q":12,"p":6,"scale":3,"op":"cos","phase":1,"ok":1,"poly":["0","1"],"real":["0","0","0"],"imag":["0","0","0"]}
{"type":"angle","q":12,"p":6,"scale":3,"op":"tan","phase":0,"ok":0}
{"type":"angle","q":12,"p":6,"scale":3,"op":"tan","phase":1,"ok":0}
{"type":"angle","q":12,"p":6,"scale":3,"op":"cot","phase":0,"ok":1,"poly":["0","1"],"real":["0","0","0"],"imag":["0","0","0"]}
{"type":"angle","q":12,"p":6,"scale":3,"op":"cot","phase":1,"ok":1,"poly":["0","1"],"real":["0","0","0"],"imag":["0","0","0"]}
{"type":"angle","q":12,"p":6,"scale":3,"op":"sec","phase":0,"ok":0}
{"type":"angle","q":12,"p":6,"scale":3,"op":"sec","phase":1,"ok":0}
{"type":"angle","q":12,"p":6,"scale":3,"op":"csc","phase":0,"ok":1,"poly":["-1","1"],"real":["1","1","0"],"imag":["0","0","0"]}
{"type":"angle","q":12,"p":6,"scale":3,"op":"csc","phase":1,"ok":1,"poly":["-1","1"],"real":["1","1","0"],"imag":["0","0","0"]}
{"type":"angle","q":12,"p":7,"scale":1,"op":"root","phase":0,"ok":1,"poly":["1","0","-1","0","1"],"real":["-210300076476156892817421832906076868413144174248499808223378102408488511827176361837","-210300076476156892817421832906076868413144174248499808223378102408488511826958880915","-277"],"imag":["-485667223056432267729865476705879726660601709763034880312953102434726071301734082621","-485667223056432267729865476705879726660601709763034880312953102434726071300864378819","-279"],"recognized":1,"nullRecognized":1,"rp":7,"rq":12}
{"type":"angle","q":12,"p":7,"scale":1,"op":"root","phase":1,"ok":1,"poly":["1","0","-1","0","1"],"real":["-7758703378874425295012906352138220585149514059631517741930490590284721003955059673161110578291965689857","-7758703378874425295012906352138220585149514059631517741930490590284721003955059673161110578290891948031","-342"],"imag":["-4479489484355608421114884561136888556243290994469299069799978201927583742360321890761754986543751102465","-4479489484355608421114884561136888556243290994469299069799978201927583742360321890761754986542677360639","-342"],"recognized":1,"nullRecognized":1,"rp":7,"rq":12}
{"type":"angle","q":12,"p":7,"scale":1,"op":"exp","phase":0,"ok":1,"poly":["1","0","0","0","-1","0","0","0","1"],"real":["-7856245431816172162290389709064248614441352398402864854822025460265653792242478755","-7856245431816172162290389709064248614441352398402864854822025460265653792029506909","-274"],"imag":["234559256866150787459725855090776802379876646209155615929250027604659460141831264397","234559256866150787459725855090776802379876646209155615929250027604659460143536105331","-277"],"recognized":1,"nullRecognized":1,"rp":7,"rq":24}
{"type":"angle","q":12,"p":7,"scale":1,"op":"exp","phase":1,"ok":1,"poly":["1","0","0","0","-1","0","0","0","1"],"real":["-4637508763550806755267699943783311449087385184433440142669453830584931828904585217251269117119425413121","-4637508763550806755267699943783311449087385184433440142669453830584931828904585217251269117118351671295","-343"],"imag":["8653709163058766985308234061084729743327048649507626793351847950658825964650651574936180574224126050303","8653709163058766985308234061084729743327048649507626793351847950658825964650651574936180574225199792129","-342"],"recognized":1,"nullRecognized":1,"rp":7,"rq":24}
{"type":"angle","q":12,"p":7,"scale":1,"op":"sin","phase":0,"ok":1,"poly":["1","0","-16","0","16"],"real":["88231386041354913186055833979011159035556940139","88231386041354913186055833979011159037185865365","-156"],"imag":["0","0","0"]}
{"type":"angle","q":12,"p":7,"scale":1,"op":"sin","phase":1,"ok":1,"poly":["1","0","-16","0","16"],"real":["8653709163058766985308234061084729743327048649507626793351847950658825964650651574936180574224126050303","8653709163058766985308234061084729743327048649507626793351847950658825964650651574936180574225199792129","-342"],"imag":["0","0","0"]}
{"type":"angle","q":12,"p":7,"scale":1,"op":"cos","phase":0,"ok":1,"poly":["1","0","-16","0","16"],"real":["-446575849754036207871785660987839526935735670940793218893647225485303","-446575849754036207871785660987839526935735670940793218893646932543497","-230"],"imag":["0","0","0"]}
{"type":"angle","q":12,"p":7,"scale":1,"op":"cos","phase":1,"ok":1,"poly":["1","0","-16","0","16"],"real":["-4637508763550806755267699943783311449087385184433440142669453830584931828904585217251269117119425413121","-4637508763550806755267699943783311449087385184433440142669453830584931828904585217251269117118351671295","-343"],"imag":["0","0","0"]}
{"type":"angle","q":12,"p":7,"scale":1,"op":"tan","phase":0,"ok":1,"poly":["1","4","1"],"real":["-6439417006793818056314003275403716937481775476186630390598319941302073","-6439417006793818056314003275403716937481775476186630390598318790068423","-230"],"imag":["0","0","0"]}
{"type":"angle","q":12,"p":7,"scale":1,"op":"tan","phase":1,"ok":1,"poly":["1","4","1"],"real":["-8358841173792821068621337737205998848818048024285057940765223497069944244337851727342310275689197076481","-8358841173792821068621337737205998848818048024285057940765223497069944244337851727342310275688123334655","-340"],"imag":["0","0","0"]}
{"type":"angle","q":12,"p":7,"scale":1,"op":"cot","phase":0,"ok":1,"poly":["1","4","1"],"real":["-24475511466223688435205429467758021238748531361","-24475511466223688435205429467758021238266869087","-156"],"imag":["0","0","0"]}
{"type":"angle","q":12,"p":7,"scale":1,"op":"cot","phase":1,"ok":1,"poly":["1","4","1"],"real":["-4801102359347166188867451080542226109348271717228321590677863254281785923062336433449597579178924834817","-4801102359347166188867451080542226109348271717228321590677863254281785923062336433449597579177851092991","-343"],"imag":["0","0","0"]}
{"type":"angle","q":12,"p":7,"scale":1,"op":"sec","phase":0,"ok":1,"poly":["16","0","-16","0","1"],"real":["-44115693020677456593027916989505579518553344535","-44115693020677456593027916989505579517818058217","-153"],"imag":["0","0","0"]}
{"type":"angle","q":12,"p":7,"scale":1,"op":"sec","phase":1,"ok":1,"poly":["16","0","-16","0","1"],"real":["-8653709163058766985308234061084729743327048649507626793351847950658825964650651574936180574225199792129","-8653709163058766985308234061084729743327048649507626793351847950658825964650651574936180574224126050303","-340"],"imag":["0","0","0"]}
{"type":"angle","q":12,"p":7,"scale":1,"op":"csc","phase":0,"ok":1,"poly":["16","0","-16","0","1"],"real":["446575849754036207871785660987839526935735670940793218893646932543497","446575849754036207871785660987839526935735670940793218893647225485303","-228"],"imag":["0","0","0"]}
{"type":"angle","q":12,"p":7,"scale":1,"op":"csc","phase":1,"ok":1,"poly":["16","0","-16","0","1"],"real":["4637508763550806755267699943783311449087385184433440142669453830584931828904585217251269117118351671295","4637508763550806755267699943783311449087385184433440142669453830584931828904585217251269117119425413121","-341"],"imag":["0","0","0"]}
{"type":"angle","q":12,"p":7,"scale":3,"op":"root","phase":0,"ok":1,"poly":["1","0","-1","0","1"],"real":["-210300076476156892817421832906076868413144174248499808223378102408488511827176361837","-210300076476156892817421832906076868413144174248499808223378102408488511826958880915","-277"],"imag":["-485667223056432267729865476705879726660601709763034880312953102434726071301734082621","-485667223056432267729865476705879726660601709763034880312953102434726071300864378819","-279"],"recognized":1,"nullRecognized":1,"rp":7,"rq":12}
{"type":"angle","q":12,"p":7,"scale":3,"op":"root","phase":1,"ok":1,"poly":["1","0","-1","0","1"],"real":["-7758703378874425295012906352138220585149514059631517741930490590284721003955059673161110578291965689857","-7758703378874425295012906352138220585149514059631517741930490590284721003955059673161110578290891948031","-342"],"imag":["-4479489484355608421114884561136888556243290994469299069799978201927583742360321890761754986543751102465","-4479489484355608421114884561136888556243290994469299069799978201927583742360321890761754986542677360639","-342"],"recognized":1,"nullRecognized":1,"rp":7,"rq":12}
{"type":"angle","q":12,"p":7,"scale":3,"op":"exp","phase":0,"ok":1,"poly":["1","0","0","0","-1","0","0","0","1"],"real":["-7856245431816172162290389709064248614441352398402864854822025460265653792242478755","-7856245431816172162290389709064248614441352398402864854822025460265653792029506909","-274"],"imag":["234559256866150787459725855090776802379876646209155615929250027604659460141831264397","234559256866150787459725855090776802379876646209155615929250027604659460143536105331","-277"],"recognized":1,"nullRecognized":1,"rp":7,"rq":24}
{"type":"angle","q":12,"p":7,"scale":3,"op":"exp","phase":1,"ok":1,"poly":["1","0","0","0","-1","0","0","0","1"],"real":["-4637508763550806755267699943783311449087385184433440142669453830584931828904585217251269117119425413121","-4637508763550806755267699943783311449087385184433440142669453830584931828904585217251269117118351671295","-343"],"imag":["8653709163058766985308234061084729743327048649507626793351847950658825964650651574936180574224126050303","8653709163058766985308234061084729743327048649507626793351847950658825964650651574936180574225199792129","-342"],"recognized":1,"nullRecognized":1,"rp":7,"rq":24}
{"type":"angle","q":12,"p":7,"scale":3,"op":"sin","phase":0,"ok":1,"poly":["1","0","-16","0","16"],"real":["88231386041354913186055833979011159035556940139","88231386041354913186055833979011159037185865365","-156"],"imag":["0","0","0"]}
{"type":"angle","q":12,"p":7,"scale":3,"op":"sin","phase":1,"ok":1,"poly":["1","0","-16","0","16"],"real":["8653709163058766985308234061084729743327048649507626793351847950658825964650651574936180574224126050303","8653709163058766985308234061084729743327048649507626793351847950658825964650651574936180574225199792129","-342"],"imag":["0","0","0"]}
{"type":"angle","q":12,"p":7,"scale":3,"op":"cos","phase":0,"ok":1,"poly":["1","0","-16","0","16"],"real":["-446575849754036207871785660987839526935735670940793218893647225485303","-446575849754036207871785660987839526935735670940793218893646932543497","-230"],"imag":["0","0","0"]}
{"type":"angle","q":12,"p":7,"scale":3,"op":"cos","phase":1,"ok":1,"poly":["1","0","-16","0","16"],"real":["-4637508763550806755267699943783311449087385184433440142669453830584931828904585217251269117119425413121","-4637508763550806755267699943783311449087385184433440142669453830584931828904585217251269117118351671295","-343"],"imag":["0","0","0"]}
{"type":"angle","q":12,"p":7,"scale":3,"op":"tan","phase":0,"ok":1,"poly":["1","4","1"],"real":["-6439417006793818056314003275403716937481775476186630390598319941302073","-6439417006793818056314003275403716937481775476186630390598318790068423","-230"],"imag":["0","0","0"]}
{"type":"angle","q":12,"p":7,"scale":3,"op":"tan","phase":1,"ok":1,"poly":["1","4","1"],"real":["-8358841173792821068621337737205998848818048024285057940765223497069944244337851727342310275689197076481","-8358841173792821068621337737205998848818048024285057940765223497069944244337851727342310275688123334655","-340"],"imag":["0","0","0"]}
{"type":"angle","q":12,"p":7,"scale":3,"op":"cot","phase":0,"ok":1,"poly":["1","4","1"],"real":["-24475511466223688435205429467758021238748531361","-24475511466223688435205429467758021238266869087","-156"],"imag":["0","0","0"]}
{"type":"angle","q":12,"p":7,"scale":3,"op":"cot","phase":1,"ok":1,"poly":["1","4","1"],"real":["-4801102359347166188867451080542226109348271717228321590677863254281785923062336433449597579178924834817","-4801102359347166188867451080542226109348271717228321590677863254281785923062336433449597579177851092991","-343"],"imag":["0","0","0"]}
{"type":"angle","q":12,"p":7,"scale":3,"op":"sec","phase":0,"ok":1,"poly":["16","0","-16","0","1"],"real":["-44115693020677456593027916989505579518553344535","-44115693020677456593027916989505579517818058217","-153"],"imag":["0","0","0"]}
{"type":"angle","q":12,"p":7,"scale":3,"op":"sec","phase":1,"ok":1,"poly":["16","0","-16","0","1"],"real":["-8653709163058766985308234061084729743327048649507626793351847950658825964650651574936180574225199792129","-8653709163058766985308234061084729743327048649507626793351847950658825964650651574936180574224126050303","-340"],"imag":["0","0","0"]}
{"type":"angle","q":12,"p":7,"scale":3,"op":"csc","phase":0,"ok":1,"poly":["16","0","-16","0","1"],"real":["446575849754036207871785660987839526935735670940793218893646932543497","446575849754036207871785660987839526935735670940793218893647225485303","-228"],"imag":["0","0","0"]}
{"type":"angle","q":12,"p":7,"scale":3,"op":"csc","phase":1,"ok":1,"poly":["16","0","-16","0","1"],"real":["4637508763550806755267699943783311449087385184433440142669453830584931828904585217251269117118351671295","4637508763550806755267699943783311449087385184433440142669453830584931828904585217251269117119425413121","-341"],"imag":["0","0","0"]}
{"type":"angle","q":12,"p":8,"scale":1,"op":"root","phase":0,"ok":1,"poly":["1","1","1"],"real":["-2923003274661805836407369665432566039312575708607","-2923003274661805836407369665432566039311154463297","-162"],"imag":["-9888262075008698521265948413861084763695613837","-9888262075008698521265948413861084763581315187","-153"],"recognized":1,"nullRecognized":1,"rp":2,"rq":3}
{"type":"angle","q":12,"p":8,"scale":1,"op":"root","phase":1,"ok":1,"poly":["1","1","1"],"real":["-115172193140305827399949785796761135587064246228529065807379342658863042065190089480167441564259605943037975312218134915154131611020654072038617988630148194794852651","-115172193140305827399949785796761135587064246228529065807379342658863042065190089480167441564259605943037975312218134915154131611020654072038617988630148194588045013","-546"],"imag":["-7758703378874425295012906352138220585149514059631517741930490590284721003955059673161110578291965689857","-7758703378874425295012906352138220585149514059631517741930490590284721003955059673161110578290891948031","-342"],"recognized":1,"nullRecognized":1,"rp":2,"rq":3}
{"type":"angle","q":12,"p":8,"scale":1,"op":"exp","phase":0,"ok":1,"poly":["1","1","1"],"real":["-2923003274661805836407369665432566039312575708607","-2923003274661805836407369665432566039311154463297","-162"],"imag":["9888262075008698521265948413861084763581315187","9888262075008698521265948413861084763695613837","-153"],"recognized":1,"nullRecognized":1,"rp":1,"rq":3}
{"type":"angle","q":12,"p":8,"scale":1,"op":"exp","phase":1,"ok":1,"poly":["1","1","1"],"real":["-115172193140305827399949785796761135587064246228529065807379342658863042065190089480167441564259605943037975312218134915154131611020654072038617988630148194794852651","-115172193140305827399949785796761135587064246228529065807379342658863042065190089480167441564259605943037975312218134915154131611020654072038617988630148194588045013","-546"],"imag":["7758703378874425295012906352138220585149514059631517741930490590284721003955059673161110578290891948031","7758703378874425295012906352138220585149514059631517741930490590284721003955059673161110578291965689857","-342"],"recognized":1,"nullRecognized":1,"rp":1,"rq":3}
{"type":"angle","q":12,"p":8,"scale":1,"op":"sin","phase":0,"ok":1,"poly":["-3","0","4"],"real":["158212193200139176340255174621777356217301037233","158212193200139176340255174621777356219129827151","-157"],"imag":["0","0","0"]}
{"type":"angle","q":12,"p":8,"scale":1,"op":"sin","phase":1,"ok":1,"poly":["-3","0","4"],"real":["7758703378874425295012906352138220585149514059631517741930490590284721003955059673161110578290891948031","7758703378874425295012906352138220585149514059631517741930490590284721003955059673161110578291965689857","-342"],"imag":["0","0","0"]}
{"type":"angle","q":12,"p":8,"scale":1,"op":"cos","phase":0,"ok":1,"poly":["1","2"],"real":["-1","-1","-1"],"imag":["0","0","0"]}
{"type":"angle","q":12,"p":8,"scale":1,"op":"cos","phase":1,"ok":1,"poly":["1","2"],"real":["-1","-1","-1"],"imag":["0","0","0"]}
{"type":"angle","q":12,"p":8,"scale":1,"op":"tan","phase":0,"ok":1,"poly":["-3","0","1"],"real":["-294693174213430241384087455685767077317","-294693174213430241384087455685767077315","-127"],"imag":["0","0","0"]}
{"type":"angle","q":12,"p":8,"scale":1,"op":"tan","phase":1,"ok":1,"poly":["-3","0","1"],"real":["-7758703378874425295012906352138220585149514059631517741930490590284721003955059673161110578291965689857","-7758703378874425295012906352138220585149514059631517741930490590284721003955059673161110578290891948031","-341"],"imag":["0","0","0"]}
{"type":"angle","q":12,"p":8,"scale":1,"op":"cot","phase":0,"ok":1,"poly":["-1","0","3"],"real":["-52737397733379725446751724873925785406453816567","-52737397733379725446751724873925785405868761865","-156"],"imag":["0","0","0"]}
{"type":"angle","q":12,"p":8,"scale":1,"op":"cot","phase":1,"ok":1,"poly":["-1","0","3"],"real":["-5172468919249616863341937568092147056766342706421011827953660393523147335970039782107407052194822750209","-5172468919249616863341937568092147056766342706421011827953660393523147335970039782107407052193749008383","-342"],"imag":["0","0","0"]}
{"type":"angle","q":12,"p":8,"scale":1,"op":"sec","phase":0,"ok":1,"poly":["2","1"],"real":["-1","-1","1"],"imag":["0","0","0"]}
{"type":"angle","q":12,"p":8,"scale":1,"op":"sec","phase":1,"ok":1,"poly":["2","1"],"real":["-1","-1","1"],"imag":["0","0","0"]}
{"type":"angle","q":12,"p":8,"scale":1,"op":"csc","phase":0,"ok":1,"poly":["-4","0","3"],"real":["52737397733379725446751724873925785405868761865","52737397733379725446751724873925785406453816567","-155"],"imag":["0","0","0"]}
{"type":"angle","q":12,"p":8,"scale":1,"op":"csc","phase":1,"ok":1,"poly":["-4","0","3"],"real":["5172468919249616863341937568092147056766342706421011827953660393523147335970039782107407052193749008383","5172468919249616863341937568092147056766342706421011827953660393523147335970039782107407052194822750209","-341"],"imag":["0","0","0"]}
{"type":"angle","q":12,"p":8,"scale":3,"op":"root","phase":0,"ok":1,"poly":["1","1","1"],"real":["-2923003274661805836407369665432566039312575708607","-2923003274661805836407369665432566039311154463297","-162"],"imag":["-9888262075008698521265948413861084763695613837","-9888262075008698521265948413861084763581315187","-153"],"recognized":1,"nullRecognized":1,"rp":2,"rq":3}
{"type":"angle","q":12,"p":8,"scale":3,"op":"root","phase":1,"ok":1,"poly":["1","1","1"],"real":["-115172193140305827399949785796761135587064246228529065807379342658863042065190089480167441564259605943037975312218134915154131611020654072038617988630148194794852651","-115172193140305827399949785796761135587064246228529065807379342658863042065190089480167441564259605943037975312218134915154131611020654072038617988630148194588045013","-546"],"imag":["-7758703378874425295012906352138220585149514059631517741930490590284721003955059673161110578291965689857","-7758703378874425295012906352138220585149514059631517741930490590284721003955059673161110578290891948031","-342"],"recognized":1,"nullRecognized":1,"rp":2,"rq":3}
{"type":"angle","q":12,"p":8,"scale":3,"op":"exp","phase":0,"ok":1,"poly":["1","1","1"],"real":["-2923003274661805836407369665432566039312575708607","-2923003274661805836407369665432566039311154463297","-162"],"imag":["9888262075008698521265948413861084763581315187","9888262075008698521265948413861084763695613837","-153"],"recognized":1,"nullRecognized":1,"rp":1,"rq":3}
{"type":"angle","q":12,"p":8,"scale":3,"op":"exp","phase":1,"ok":1,"poly":["1","1","1"],"real":["-115172193140305827399949785796761135587064246228529065807379342658863042065190089480167441564259605943037975312218134915154131611020654072038617988630148194794852651","-115172193140305827399949785796761135587064246228529065807379342658863042065190089480167441564259605943037975312218134915154131611020654072038617988630148194588045013","-546"],"imag":["7758703378874425295012906352138220585149514059631517741930490590284721003955059673161110578290891948031","7758703378874425295012906352138220585149514059631517741930490590284721003955059673161110578291965689857","-342"],"recognized":1,"nullRecognized":1,"rp":1,"rq":3}
{"type":"angle","q":12,"p":8,"scale":3,"op":"sin","phase":0,"ok":1,"poly":["-3","0","4"],"real":["158212193200139176340255174621777356217301037233","158212193200139176340255174621777356219129827151","-157"],"imag":["0","0","0"]}
{"type":"angle","q":12,"p":8,"scale":3,"op":"sin","phase":1,"ok":1,"poly":["-3","0","4"],"real":["7758703378874425295012906352138220585149514059631517741930490590284721003955059673161110578290891948031","7758703378874425295012906352138220585149514059631517741930490590284721003955059673161110578291965689857","-342"],"imag":["0","0","0"]}
{"type":"angle","q":12,"p":8,"scale":3,"op":"cos","phase":0,"ok":1,"poly":["1","2"],"real":["-1","-1","-1"],"imag":["0","0","0"]}
{"type":"angle","q":12,"p":8,"scale":3,"op":"cos","phase":1,"ok":1,"poly":["1","2"],"real":["-1","-1","-1"],"imag":["0","0","0"]}
{"type":"angle","q":12,"p":8,"scale":3,"op":"tan","phase":0,"ok":1,"poly":["-3","0","1"],"real":["-294693174213430241384087455685767077317","-294693174213430241384087455685767077315","-127"],"imag":["0","0","0"]}
{"type":"angle","q":12,"p":8,"scale":3,"op":"tan","phase":1,"ok":1,"poly":["-3","0","1"],"real":["-7758703378874425295012906352138220585149514059631517741930490590284721003955059673161110578291965689857","-7758703378874425295012906352138220585149514059631517741930490590284721003955059673161110578290891948031","-341"],"imag":["0","0","0"]}
{"type":"angle","q":12,"p":8,"scale":3,"op":"cot","phase":0,"ok":1,"poly":["-1","0","3"],"real":["-52737397733379725446751724873925785406453816567","-52737397733379725446751724873925785405868761865","-156"],"imag":["0","0","0"]}
{"type":"angle","q":12,"p":8,"scale":3,"op":"cot","phase":1,"ok":1,"poly":["-1","0","3"],"real":["-5172468919249616863341937568092147056766342706421011827953660393523147335970039782107407052194822750209","-5172468919249616863341937568092147056766342706421011827953660393523147335970039782107407052193749008383","-342"],"imag":["0","0","0"]}
{"type":"angle","q":12,"p":8,"scale":3,"op":"sec","phase":0,"ok":1,"poly":["2","1"],"real":["-1","-1","1"],"imag":["0","0","0"]}
{"type":"angle","q":12,"p":8,"scale":3,"op":"sec","phase":1,"ok":1,"poly":["2","1"],"real":["-1","-1","1"],"imag":["0","0","0"]}
{"type":"angle","q":12,"p":8,"scale":3,"op":"csc","phase":0,"ok":1,"poly":["-4","0","3"],"real":["52737397733379725446751724873925785405868761865","52737397733379725446751724873925785406453816567","-155"],"imag":["0","0","0"]}
{"type":"angle","q":12,"p":8,"scale":3,"op":"csc","phase":1,"ok":1,"poly":["-4","0","3"],"real":["5172468919249616863341937568092147056766342706421011827953660393523147335970039782107407052193749008383","5172468919249616863341937568092147056766342706421011827953660393523147335970039782107407052194822750209","-341"],"imag":["0","0","0"]}
{"type":"angle","q":12,"p":9,"scale":1,"op":"root","phase":0,"ok":1,"poly":["1","0","1"],"real":["0","0","0"],"imag":["-1","-1","0"],"recognized":1,"nullRecognized":1,"rp":3,"rq":4}
{"type":"angle","q":12,"p":9,"scale":1,"op":"root","phase":1,"ok":1,"poly":["1","0","1"],"real":["0","0","0"],"imag":["-1","-1","0"],"recognized":1,"nullRecognized":1,"rp":3,"rq":4}
{"type":"angle","q":12,"p":9,"scale":1,"op":"exp","phase":0,"ok":1,"poly":["1","0","0","0","1"],"real":["-10989394778343770250329775194768820061718132929403692613803124731042190707559249024103","-10989394778343770250329775194768820061718132929403692613803124731042190707557378878361","-283"],"imag":["10989394778343770250329775194768820061718132929403692613803124731042190707557378878361","10989394778343770250329775194768820061718132929403692613803124731042190707559249024103","-283"],"recognized":1,"nullRecognized":1,"rp":3,"rq":8}
{"type":"angle","q":12,"p":9,"scale":1,"op":"exp","phase":1,"ok":1,"poly":["1","0","0","0","1"],"real":["-6334954781283363607674384089193074018783356057290906722017121035366360050198358966310546015665755521025","-6334954781283363607674384089193074018783356057290906722017121035366360050198358966310546015664681779199","-342"],"imag":["6334954781283363607674384089193074018783356057290906722017121035366360050198358966310546015664681779199","6334954781283363607674384089193074018783356057290906722017121035366360050198358966310546015665755521025","-342"],"recognized":1,"nullRecognized":1,"rp":3,"rq":8}
{"type":"angle","q":12,"p":9,"scale":1,"op":"sin","phase":0,"ok":1,"poly":["-1","0","2"],"real":["64589857404495231666648405250431531952815765745","64589857404495231666648405250431531953634641679","-156"],"imag":["0","0","0"]}
{"type":"angle","q":12,"p":9,"scale":1,"op":"sin","phase":1,"ok":1,"poly":["-1","0","2"],"real":["6334954781283363607674384089193074018783356057290906722017121035366360050198358966310546015664681779199","6334954781283363607674384089193074018783356057290906722017121035366360050198358966310546015665755521025","-342"],"imag":["0","0","0"]}
{"type":"angle","q":12,"p":9,"scale":1,"op":"cos","phase":0,"ok":1,"poly":["-1","0","2"],"real":["-64589857404495231666648405250431531953634641679","-64589857404495231666648405250431531952815765745","-156"],"imag":["0","0","0"]}
{"type":"angle","q":12,"p":9,"scale":1,"op":"cos","phase":1,"ok":1,"poly":["-1","0","2"],"real":["-6334954781283363607674384089193074018783356057290906722017121035366360050198358966310546015665755521025","-6334954781283363607674384089193074018783356057290906722017121035366360050198358966310546015664681779199","-342"],"imag":["0","0","0"]}
{"type":"angle","q":12,"p":9,"scale":1,"op":"tan","phase":0,"ok":1,"poly":["1","1"],"real":["-1","-1","0"],"imag":["0","0","0"]}
{"type":"angle","q":12,"p":9,"scale":1,"op":"tan","phase":1,"ok":1,"poly":["1","1"],"real":["-1","-1","0"],"imag":["0","0","0"]}
{"type":"angle","q":12,"p":9,"scale":1,"op":"cot","phase":0,"ok":1,"poly":["1","1"],"real":["-1","-1","0"],"imag":["0","0","0"]}
{"type":"angle","q":12,"p":9,"scale":1,"op":"cot","phase":1,"ok":1,"poly":["1","1"],"real":["-1","-1","0"],"imag":["0","0","0"]}
{"type":"angle","q":12,"p":9,"scale":1,"op":"sec","phase":0,"ok":1,"poly":["-2","0","1"],"real":["-64589857404495231666648405250431531953634641679","-64589857404495231666648405250431531952815765745","-155"],"imag":["0","0","0"]}
{"type":"angle","q":12,"p":9,"scale":1,"op":"sec","phase":1,"ok":1,"poly":["-2","0","1"],"real":["-6334954781283363607674384089193074018783356057290906722017121035366360050198358966310546015665755521025","-6334954781283363607674384089193074018783356057290906722017121035366360050198358966310546015664681779199","-341"],"imag":["0","0","0"]}
{"type":"angle","q":12,"p":9,"scale":1,"op":"csc","phase":0,"ok":1,"poly":["-2","0","1"],"real":["64589857404495231666648405250431531952815765745","64589857404495231666648405250431531953634641679","-155"],"imag":["0","0","0"]}
{"type":"angle","q":12,"p":9,"scale":1,"op":"csc","phase":1,"ok":1,"poly":["-2","0","1"],"real":["6334954781283363607674384089193074018783356057290906722017121035366360050198358966310546015664681779199","6334954781283363607674384089193074018783356057290906722017121035366360050198358966310546015665755521025","-341"],"imag":["0","0","0"]}
{"type":"angle","q":12,"p":9,"scale":3,"op":"root","phase":0,"ok":1,"poly":["1","0","1"],"real":["0","0","0"],"imag":["-1","-1","0"],"recognized":1,"nullRecognized":1,"rp":3,"rq":4}
{"type":"angle","q":12,"p":9,"scale":3,"op":"root","phase":1,"ok":1,"poly":["1","0","1"],"real":["0","0","0"],"imag":["-1","-1","0"],"recognized":1,"nullRecognized":1,"rp":3,"rq":4}
{"type":"angle","q":12,"p":9,"scale":3,"op":"exp","phase":0,"ok":1,"poly":["1","0","0","0","1"],"real":["-10989394778343770250329775194768820061718132929403692613803124731042190707559249024103","-10989394778343770250329775194768820061718132929403692613803124731042190707557378878361","-283"],"imag":["10989394778343770250329775194768820061718132929403692613803124731042190707557378878361","10989394778343770250329775194768820061718132929403692613803124731042190707559249024103","-283"],"recognized":1,"nullRecognized":1,"rp":3,"rq":8}
{"type":"angle","q":12,"p":9,"scale":3,"op":"exp","phase":1,"ok":1,"poly":["1","0","0","0","1"],"real":["-6334954781283363607674384089193074018783356057290906722017121035366360050198358966310546015665755521025","-6334954781283363607674384089193074018783356057290906722017121035366360050198358966310546015664681779199","-342"],"imag":["6334954781283363607674384089193074018783356057290906722017121035366360050198358966310546015664681779199","6334954781283363607674384089193074018783356057290906722017121035366360050198358966310546015665755521025","-342"],"recognized":1,"nullRecognized":1,"rp":3,"rq":8}
{"type":"angle","q":12,"p":9,"scale":3,"op":"sin","phase":0,"ok":1,"poly":["-1","0","2"],"real":["64589857404495231666648405250431531952815765745","64589857404495231666648405250431531953634641679","-156"],"imag":["0","0","0"]}
{"type":"angle","q":12,"p":9,"scale":3,"op":"sin","phase":1,"ok":1,"poly":["-1","0","2"],"real":["6334954781283363607674384089193074018783356057290906722017121035366360050198358966310546015664681779199","6334954781283363607674384089193074018783356057290906722017121035366360050198358966310546015665755521025","-342"],"imag":["0","0","0"]}
{"type":"angle","q":12,"p":9,"scale":3,"op":"cos","phase":0,"ok":1,"poly":["-1","0","2"],"real":["-64589857404495231666648405250431531953634641679","-64589857404495231666648405250431531952815765745","-156"],"imag":["0","0","0"]}
{"type":"angle","q":12,"p":9,"scale":3,"op":"cos","phase":1,"ok":1,"poly":["-1","0","2"],"real":["-6334954781283363607674384089193074018783356057290906722017121035366360050198358966310546015665755521025","-6334954781283363607674384089193074018783356057290906722017121035366360050198358966310546015664681779199","-342"],"imag":["0","0","0"]}
{"type":"angle","q":12,"p":9,"scale":3,"op":"tan","phase":0,"ok":1,"poly":["1","1"],"real":["-1","-1","0"],"imag":["0","0","0"]}
{"type":"angle","q":12,"p":9,"scale":3,"op":"tan","phase":1,"ok":1,"poly":["1","1"],"real":["-1","-1","0"],"imag":["0","0","0"]}
{"type":"angle","q":12,"p":9,"scale":3,"op":"cot","phase":0,"ok":1,"poly":["1","1"],"real":["-1","-1","0"],"imag":["0","0","0"]}
{"type":"angle","q":12,"p":9,"scale":3,"op":"cot","phase":1,"ok":1,"poly":["1","1"],"real":["-1","-1","0"],"imag":["0","0","0"]}
{"type":"angle","q":12,"p":9,"scale":3,"op":"sec","phase":0,"ok":1,"poly":["-2","0","1"],"real":["-64589857404495231666648405250431531953634641679","-64589857404495231666648405250431531952815765745","-155"],"imag":["0","0","0"]}
{"type":"angle","q":12,"p":9,"scale":3,"op":"sec","phase":1,"ok":1,"poly":["-2","0","1"],"real":["-6334954781283363607674384089193074018783356057290906722017121035366360050198358966310546015665755521025","-6334954781283363607674384089193074018783356057290906722017121035366360050198358966310546015664681779199","-341"],"imag":["0","0","0"]}
{"type":"angle","q":12,"p":9,"scale":3,"op":"csc","phase":0,"ok":1,"poly":["-2","0","1"],"real":["64589857404495231666648405250431531952815765745","64589857404495231666648405250431531953634641679","-155"],"imag":["0","0","0"]}
{"type":"angle","q":12,"p":9,"scale":3,"op":"csc","phase":1,"ok":1,"poly":["-2","0","1"],"real":["6334954781283363607674384089193074018783356057290906722017121035366360050198358966310546015664681779199","6334954781283363607674384089193074018783356057290906722017121035366360050198358966310546015665755521025","-341"],"imag":["0","0","0"]}
{"type":"angle","q":12,"p":10,"scale":1,"op":"root","phase":0,"ok":1,"poly":["1","-1","1"],"real":["2923003274661805836407369665432566039311154463297","2923003274661805836407369665432566039312575708607","-162"],"imag":["-9888262075008698521265948413861084763695613837","-9888262075008698521265948413861084763581315187","-153"],"recognized":1,"nullRecognized":1,"rp":5,"rq":6}
{"type":"angle","q":12,"p":10,"scale":1,"op":"root","phase":1,"ok":1,"poly":["1","-1","1"],"real":["115172193140305827399949785796761135587064246228529065807379342658863042065190089480167441564259605943037975312218134915154131611020654072038617988630148194588045013","115172193140305827399949785796761135587064246228529065807379342658863042065190089480167441564259605943037975312218134915154131611020654072038617988630148194794852651","-546"],"imag":["-7758703378874425295012906352138220585149514059631517741930490590284721003955059673161110578291965689857","-7758703378874425295012906352138220585149514059631517741930490590284721003955059673161110578290891948031","-342"],"recognized":1,"nullRecognized":1,"rp":5,"rq":6}
{"type":"angle","q":12,"p":10,"scale":1,"op":"exp","phase":0,"ok":1,"poly":["1","0","-1","0","1"],"real":["-210300076476156892817421832906076868413144174248499808223378102408488511827176361837","-210300076476156892817421832906076868413144174248499808223378102408488511826958880915","-277"],"imag":["485667223056432267729865476705879726660601709763034880312953102434726071300864378819","485667223056432267729865476705879726660601709763034880312953102434726071301734082621","-279"],"recognized":1,"nullRecognized":1,"rp":5,"rq":12}
{"type":"angle","q":12,"p":10,"scale":1,"op":"exp","phase":1,"ok":1,"poly":["1","0","-1","0","1"],"real":["-7758703378874425295012906352138220585149514059631517741930490590284721003955059673161110578291965689857","-7758703378874425295012906352138220585149514059631517741930490590284721003955059673161110578290891948031","-342"],"imag":["4479489484355608421114884561136888556243290994469299069799978201927583742360321890761754986542677360639","4479489484355608421114884561136888556243290994469299069799978201927583742360321890761754986543751102465","-342"],"recognized":1,"nullRecognized":1,"rp":5,"rq":12}
{"type":"angle","q":12,"p":10,"scale":1,"op":"sin","phase":0,"ok":1,"poly":["-1","2"],"real":["1","1","-1"],"imag":["0","0","0"]}
{"type":"angle","q":12,"p":10,"scale":1,"op":"sin","phase":1,"ok":1,"poly":["-1","2"],"real":["1","1","-1"],"imag":["0","0","0"]}
{"type":"angle","q":12,"p":10,"scale":1,"op":"cos","phase":0,"ok":1,"poly":["-3","0","4"],"real":["-158212193200139176340255174621777356219129827151","-158212193200139176340255174621777356217301037233","-157"],"imag":["0","0","0"]}
{"type":"angle","q":12,"p":10,"scale":1,"op":"cos","phase":1,"ok":1,"poly":["-3","0","4"],"real":["-7758703378874425295012906352138220585149514059631517741930490590284721003955059673161110578291965689857","-7758703378874425295012906352138220585149514059631517741930490590284721003955059673161110578290891948031","-342"],"imag":["0","0","0"]}
{"type":"angle","q":12,"p":10,"scale":1,"op":"tan","phase":0,"ok":1,"poly":["-1","0","3"],"real":["-52737397733379725446751724873925785406453816567","-52737397733379725446751724873925785405868761865","-156"],"imag":["0","0","0"]}
{"type":"angle","q":12,"p":10,"scale":1,"op":"tan","phase":1,"ok":1,"poly":["-1","0","3"],"real":["-5172468919249616863341937568092147056766342706421011827953660393523147335970039782107407052194822750209","-5172468919249616863341937568092147056766342706421011827953660393523147335970039782107407052193749008383","-342"],"imag":["0","0","0"]}
{"type":"angle","q":12,"p":10,"scale":1,"op":"cot","phase":0,"ok":1,"poly":["-3","0","1"],"real":["-158212193200139176340255174621777356219129827151","-158212193200139176340255174621777356217301037233","-156"],"imag":["0","0","0"]}
{"type":"angle","q":12,"p":10,"scale":1,"op":"cot","phase":1,"ok":1,"poly":["-3","0","1"],"real":["-7758703378874425295012906352138220585149514059631517741930490590284721003955059673161110578291965689857","-7758703378874425295012906352138220585149514059631517741930490590284721003955059673161110578290891948031","-341"],"imag":["0","0","0"]}
{"type":"angle","q":12,"p":10,"scale":1,"op":"sec","phase":0,"ok":1,"poly":["-4","0","3"],"real":["-52737397733379725446751724873925785406453816567","-52737397733379725446751724873925785405868761865","-155"],"imag":["0","0","0"]}
{"type":"angle","q":12,"p":10,"scale":1,"op":"sec","phase":1,"ok":1,"poly":["-4","0","3"],"real":["-5172468919249616863341937568092147056766342706421011827953660393523147335970039782107407052194822750209","-5172468919249616863341937568092147056766342706421011827953660393523147335970039782107407052193749008383","-341"],"imag":["0","0","0"]}
{"type":"angle","q":12,"p":10,"scale":1,"op":"csc","phase":0,"ok":1,"poly":["-2","1"],"real":["1","1","1"],"imag":["0","0","0"]}
{"type":"angle","q":12,"p":10,"scale":1,"op":"csc","phase":1,"ok":1,"poly":["-2","1"],"real":["1","1","1"],"imag":["0","0","0"]}
{"type":"angle","q":12,"p":10,"scale":3,"op":"root","phase":0,"ok":1,"poly":["1","-1","1"],"real":["2923003274661805836407369665432566039311154463297","2923003274661805836407369665432566039312575708607","-162"],"imag":["-9888262075008698521265948413861084763695613837","-9888262075008698521265948413861084763581315187","-153"],"recognized":1,"nullRecognized":1,"rp":5,"rq":6}
{"type":"angle","q":12,"p":10,"scale":3,"op":"root","phase":1,"ok":1,"poly":["1","-1","1"],"real":["115172193140305827399949785796761135587064246228529065807379342658863042065190089480167441564259605943037975312218134915154131611020654072038617988630148194588045013","115172193140305827399949785796761135587064246228529065807379342658863042065190089480167441564259605943037975312218134915154131611020654072038617988630148194794852651","-546"],"imag":["-7758703378874425295012906352138220585149514059631517741930490590284721003955059673161110578291965689857","-7758703378874425295012906352138220585149514059631517741930490590284721003955059673161110578290891948031","-342"],"recognized":1,"nullRecognized":1,"rp":5,"rq":6}
{"type":"angle","q":12,"p":10,"scale":3,"op":"exp","phase":0,"ok":1,"poly":["1","0","-1","0","1"],"real":["-210300076476156892817421832906076868413144174248499808223378102408488511827176361837","-210300076476156892817421832906076868413144174248499808223378102408488511826958880915","-277"],"imag":["485667223056432267729865476705879726660601709763034880312953102434726071300864378819","485667223056432267729865476705879726660601709763034880312953102434726071301734082621","-279"],"recognized":1,"nullRecognized":1,"rp":5,"rq":12}
{"type":"angle","q":12,"p":10,"scale":3,"op":"exp","phase":1,"ok":1,"poly":["1","0","-1","0","1"],"real":["-7758703378874425295012906352138220585149514059631517741930490590284721003955059673161110578291965689857","-7758703378874425295012906352138220585149514059631517741930490590284721003955059673161110578290891948031","-342"],"imag":["4479489484355608421114884561136888556243290994469299069799978201927583742360321890761754986542677360639","4479489484355608421114884561136888556243290994469299069799978201927583742360321890761754986543751102465","-342"],"recognized":1,"nullRecognized":1,"rp":5,"rq":12}
{"type":"angle","q":12,"p":10,"scale":3,"op":"sin","phase":0,"ok":1,"poly":["-1","2"],"real":["1","1","-1"],"imag":["0","0","0"]}
{"type":"angle","q":12,"p":10,"scale":3,"op":"sin","phase":1,"ok":1,"poly":["-1","2"],"real":["1","1","-1"],"imag":["0","0","0"]}
{"type":"angle","q":12,"p":10,"scale":3,"op":"cos","phase":0,"ok":1,"poly":["-3","0","4"],"real":["-158212193200139176340255174621777356219129827151","-158212193200139176340255174621777356217301037233","-157"],"imag":["0","0","0"]}
{"type":"angle","q":12,"p":10,"scale":3,"op":"cos","phase":1,"ok":1,"poly":["-3","0","4"],"real":["-7758703378874425295012906352138220585149514059631517741930490590284721003955059673161110578291965689857","-7758703378874425295012906352138220585149514059631517741930490590284721003955059673161110578290891948031","-342"],"imag":["0","0","0"]}
{"type":"angle","q":12,"p":10,"scale":3,"op":"tan","phase":0,"ok":1,"poly":["-1","0","3"],"real":["-52737397733379725446751724873925785406453816567","-52737397733379725446751724873925785405868761865","-156"],"imag":["0","0","0"]}
{"type":"angle","q":12,"p":10,"scale":3,"op":"tan","phase":1,"ok":1,"poly":["-1","0","3"],"real":["-5172468919249616863341937568092147056766342706421011827953660393523147335970039782107407052194822750209","-5172468919249616863341937568092147056766342706421011827953660393523147335970039782107407052193749008383","-342"],"imag":["0","0","0"]}
{"type":"angle","q":12,"p":10,"scale":3,"op":"cot","phase":0,"ok":1,"poly":["-3","0","1"],"real":["-158212193200139176340255174621777356219129827151","-158212193200139176340255174621777356217301037233","-156"],"imag":["0","0","0"]}
{"type":"angle","q":12,"p":10,"scale":3,"op":"cot","phase":1,"ok":1,"poly":["-3","0","1"],"real":["-7758703378874425295012906352138220585149514059631517741930490590284721003955059673161110578291965689857","-7758703378874425295012906352138220585149514059631517741930490590284721003955059673161110578290891948031","-341"],"imag":["0","0","0"]}
{"type":"angle","q":12,"p":10,"scale":3,"op":"sec","phase":0,"ok":1,"poly":["-4","0","3"],"real":["-52737397733379725446751724873925785406453816567","-52737397733379725446751724873925785405868761865","-155"],"imag":["0","0","0"]}
{"type":"angle","q":12,"p":10,"scale":3,"op":"sec","phase":1,"ok":1,"poly":["-4","0","3"],"real":["-5172468919249616863341937568092147056766342706421011827953660393523147335970039782107407052194822750209","-5172468919249616863341937568092147056766342706421011827953660393523147335970039782107407052193749008383","-341"],"imag":["0","0","0"]}
{"type":"angle","q":12,"p":10,"scale":3,"op":"csc","phase":0,"ok":1,"poly":["-2","1"],"real":["1","1","1"],"imag":["0","0","0"]}
{"type":"angle","q":12,"p":10,"scale":3,"op":"csc","phase":1,"ok":1,"poly":["-2","1"],"real":["1","1","1"],"imag":["0","0","0"]}
{"type":"angle","q":12,"p":11,"scale":1,"op":"root","phase":0,"ok":1,"poly":["1","0","-1","0","1"],"real":["210300076476156892817421832906076868413144174248499808223378102408488511826958880915","210300076476156892817421832906076868413144174248499808223378102408488511827176361837","-277"],"imag":["-485667223056432267729865476705879726660601709763034880312953102434726071301734082621","-485667223056432267729865476705879726660601709763034880312953102434726071300864378819","-279"],"recognized":1,"nullRecognized":1,"rp":11,"rq":12}
{"type":"angle","q":12,"p":11,"scale":1,"op":"root","phase":1,"ok":1,"poly":["1","0","-1","0","1"],"real":["7758703378874425295012906352138220585149514059631517741930490590284721003955059673161110578290891948031","7758703378874425295012906352138220585149514059631517741930490590284721003955059673161110578291965689857","-342"],"imag":["-4479489484355608421114884561136888556243290994469299069799978201927583742360321890761754986543751102465","-4479489484355608421114884561136888556243290994469299069799978201927583742360321890761754986542677360639","-342"],"recognized":1,"nullRecognized":1,"rp":11,"rq":12}
{"type":"angle","q":12,"p":11,"scale":1,"op":"exp","phase":0,"ok":1,"poly":["1","0","0","0","-1","0","0","0","1"],"real":["-234559256866150787459725855090776802379876646209155615929250027604659460143536105331","-234559256866150787459725855090776802379876646209155615929250027604659460141831264397","-277"],"imag":["31424981727264688649161558836256994457765409593611459419288101841062615168118027635","31424981727264688649161558836256994457765409593611459419288101841062615168969915021","-276"],"recognized":1,"nullRecognized":1,"rp":11,"rq":24}
{"type":"angle","q":12,"p":11,"scale":1,"op":"exp","phase":1,"ok":1,"poly":["1","0","0","0","-1","0","0","0","1"],"real":["-8653709163058766985308234061084729743327048649507626793351847950658825964650651574936180574225199792129","-8653709163058766985308234061084729743327048649507626793351847950658825964650651574936180574224126050303","-342"],"imag":["4637508763550806755267699943783311449087385184433440142669453830584931828904585217251269117118351671295","4637508763550806755267699943783311449087385184433440142669453830584931828904585217251269117119425413121","-343"],"recognized":1,"nullRecognized":1,"rp":11,"rq":24}
{"type":"angle","q":12,"p":11,"scale":1,"op":"sin","phase":0,"ok":1,"poly":["1","0","-16","0","16"],"real":["446575849754036207871785660987839526935735670940793218893646932543497","446575849754036207871785660987839526935735670940793218893647225485303","-230"],"imag":["0","0","0"]}
{"type":"angle","q":12,"p":11,"scale":1,"op":"sin","phase":1,"ok":1,"poly":["1","0","-16","0","16"],"real":["4637508763550806755267699943783311449087385184433440142669453830584931828904585217251269117118351671295","4637508763550806755267699943783311449087385184433440142669453830584931828904585217251269117119425413121","-343"],"imag":["0","0","0"]}
{"type":"angle","q":12,"p":11,"scale":1,"op":"cos","phase":0,"ok":1,"poly":["1","0","-16","0","16"],"real":["-88231386041354913186055833979011159037185865365","-88231386041354913186055833979011159035556940139","-156"],"imag":["0","0","0"]}
{"type":"angle","q":12,"p":11,"scale":1,"op":"cos","phase":1,"ok":1,"poly":["1","0","-16","0","16"],"real":["-8653709163058766985308234061084729743327048649507626793351847950658825964650651574936180574225199792129","-8653709163058766985308234061084729743327048649507626793351847950658825964650651574936180574224126050303","-342"],"imag":["0","0","0"]}
{"type":"angle","q":12,"p":11,"scale":1,"op":"tan","phase":0,"ok":1,"poly":["1","4","1"],"real":["-97902045864894753740821717871032084954186030781","-97902045864894753740821717871032084952801829187","-158"],"imag":["0","0","0"]}
{"type":"angle","q":12,"p":11,"scale":1,"op":"tan","phase":1,"ok":1,"poly":["1","4","1"],"real":["-4801102359347166188867451080542226109348271717228321590677863254281785923062336433449597579178924834817","-4801102359347166188867451080542226109348271717228321590677863254281785923062336433449597579177851092991","-343"],"imag":["0","0","0"]}
{"type":"angle","q":12,"p":11,"scale":1,"op":"cot","phase":0,"ok":1,"poly":["1","4","1"],"real":["-85224974466625510278928944677828183419856723205","-85224974466625510278928944677828183418283647739","-154"],"imag":["0","0","0"]}
{"type":"angle","q":12,"p":11,"scale":1,"op":"cot","phase":1,"ok":1,"poly":["1","4","1"],"real":["-8358841173792821068621337737205998848818048024285057940765223497069944244337851727342310275689197076481","-8358841173792821068621337737205998848818048024285057940765223497069944244337851727342310275688123334655","-340"],"imag":["0","0","0"]}
{"type":"angle","q":12,"p":11,"scale":1,"op":"sec","phase":0,"ok":1,"poly":["16","0","-16","0","1"],"real":["-446575849754036207871785660987839526935735670940793218893647225485303","-446575849754036207871785660987839526935735670940793218893646932543497","-228"],"imag":["0","0","0"]}
{"type":"angle","q":12,"p":11,"scale":1,"op":"sec","phase":1,"ok":1,"poly":["16","0","-16","0","1"],"real":["-4637508763550806755267699943783311449087385184433440142669453830584931828904585217251269117119425413121","-4637508763550806755267699943783311449087385184433440142669453830584931828904585217251269117118351671295","-341"],"imag":["0","0","0"]}
{"type":"angle","q":12,"p":11,"scale":1,"op":"csc","phase":0,"ok":1,"poly":["16","0","-16","0","1"],"real":["44115693020677456593027916989505579517818058217","44115693020677456593027916989505579518553344535","-153"],"imag":["0","0","0"]}
{"type":"angle","q":12,"p":11,"scale":1,"op":"csc","phase":1,"ok":1,"poly":["16","0","-16","0","1"],"real":["8653709163058766985308234061084729743327048649507626793351847950658825964650651574936180574224126050303","8653709163058766985308234061084729743327048649507626793351847950658825964650651574936180574225199792129","-340"],"imag":["0","0","0"]}
{"type":"angle","q":12,"p":11,"scale":3,"op":"root","phase":0,"ok":1,"poly":["1","0","-1","0","1"],"real":["210300076476156892817421832906076868413144174248499808223378102408488511826958880915","210300076476156892817421832906076868413144174248499808223378102408488511827176361837","-277"],"imag":["-485667223056432267729865476705879726660601709763034880312953102434726071301734082621","-485667223056432267729865476705879726660601709763034880312953102434726071300864378819","-279"],"recognized":1,"nullRecognized":1,"rp":11,"rq":12}
{"type":"angle","q":12,"p":11,"scale":3,"op":"root","phase":1,"ok":1,"poly":["1","0","-1","0","1"],"real":["7758703378874425295012906352138220585149514059631517741930490590284721003955059673161110578290891948031","7758703378874425295012906352138220585149514059631517741930490590284721003955059673161110578291965689857","-342"],"imag":["-4479489484355608421114884561136888556243290994469299069799978201927583742360321890761754986543751102465","-4479489484355608421114884561136888556243290994469299069799978201927583742360321890761754986542677360639","-342"],"recognized":1,"nullRecognized":1,"rp":11,"rq":12}
{"type":"angle","q":12,"p":11,"scale":3,"op":"exp","phase":0,"ok":1,"poly":["1","0","0","0","-1","0","0","0","1"],"real":["-234559256866150787459725855090776802379876646209155615929250027604659460143536105331","-234559256866150787459725855090776802379876646209155615929250027604659460141831264397","-277"],"imag":["31424981727264688649161558836256994457765409593611459419288101841062615168118027635","31424981727264688649161558836256994457765409593611459419288101841062615168969915021","-276"],"recognized":1,"nullRecognized":1,"rp":11,"rq":24}
{"type":"angle","q":12,"p":11,"scale":3,"op":"exp","phase":1,"ok":1,"poly":["1","0","0","0","-1","0","0","0","1"],"real":["-8653709163058766985308234061084729743327048649507626793351847950658825964650651574936180574225199792129","-8653709163058766985308234061084729743327048649507626793351847950658825964650651574936180574224126050303","-342"],"imag":["4637508763550806755267699943783311449087385184433440142669453830584931828904585217251269117118351671295","4637508763550806755267699943783311449087385184433440142669453830584931828904585217251269117119425413121","-343"],"recognized":1,"nullRecognized":1,"rp":11,"rq":24}
{"type":"angle","q":12,"p":11,"scale":3,"op":"sin","phase":0,"ok":1,"poly":["1","0","-16","0","16"],"real":["446575849754036207871785660987839526935735670940793218893646932543497","446575849754036207871785660987839526935735670940793218893647225485303","-230"],"imag":["0","0","0"]}
{"type":"angle","q":12,"p":11,"scale":3,"op":"sin","phase":1,"ok":1,"poly":["1","0","-16","0","16"],"real":["4637508763550806755267699943783311449087385184433440142669453830584931828904585217251269117118351671295","4637508763550806755267699943783311449087385184433440142669453830584931828904585217251269117119425413121","-343"],"imag":["0","0","0"]}
{"type":"angle","q":12,"p":11,"scale":3,"op":"cos","phase":0,"ok":1,"poly":["1","0","-16","0","16"],"real":["-88231386041354913186055833979011159037185865365","-88231386041354913186055833979011159035556940139","-156"],"imag":["0","0","0"]}
{"type":"angle","q":12,"p":11,"scale":3,"op":"cos","phase":1,"ok":1,"poly":["1","0","-16","0","16"],"real":["-8653709163058766985308234061084729743327048649507626793351847950658825964650651574936180574225199792129","-8653709163058766985308234061084729743327048649507626793351847950658825964650651574936180574224126050303","-342"],"imag":["0","0","0"]}
{"type":"angle","q":12,"p":11,"scale":3,"op":"tan","phase":0,"ok":1,"poly":["1","4","1"],"real":["-97902045864894753740821717871032084954186030781","-97902045864894753740821717871032084952801829187","-158"],"imag":["0","0","0"]}
{"type":"angle","q":12,"p":11,"scale":3,"op":"tan","phase":1,"ok":1,"poly":["1","4","1"],"real":["-4801102359347166188867451080542226109348271717228321590677863254281785923062336433449597579178924834817","-4801102359347166188867451080542226109348271717228321590677863254281785923062336433449597579177851092991","-343"],"imag":["0","0","0"]}
{"type":"angle","q":12,"p":11,"scale":3,"op":"cot","phase":0,"ok":1,"poly":["1","4","1"],"real":["-85224974466625510278928944677828183419856723205","-85224974466625510278928944677828183418283647739","-154"],"imag":["0","0","0"]}
{"type":"angle","q":12,"p":11,"scale":3,"op":"cot","phase":1,"ok":1,"poly":["1","4","1"],"real":["-8358841173792821068621337737205998848818048024285057940765223497069944244337851727342310275689197076481","-8358841173792821068621337737205998848818048024285057940765223497069944244337851727342310275688123334655","-340"],"imag":["0","0","0"]}
{"type":"angle","q":12,"p":11,"scale":3,"op":"sec","phase":0,"ok":1,"poly":["16","0","-16","0","1"],"real":["-446575849754036207871785660987839526935735670940793218893647225485303","-446575849754036207871785660987839526935735670940793218893646932543497","-228"],"imag":["0","0","0"]}
{"type":"angle","q":12,"p":11,"scale":3,"op":"sec","phase":1,"ok":1,"poly":["16","0","-16","0","1"],"real":["-4637508763550806755267699943783311449087385184433440142669453830584931828904585217251269117119425413121","-4637508763550806755267699943783311449087385184433440142669453830584931828904585217251269117118351671295","-341"],"imag":["0","0","0"]}
{"type":"angle","q":12,"p":11,"scale":3,"op":"csc","phase":0,"ok":1,"poly":["16","0","-16","0","1"],"real":["44115693020677456593027916989505579517818058217","44115693020677456593027916989505579518553344535","-153"],"imag":["0","0","0"]}
{"type":"angle","q":12,"p":11,"scale":3,"op":"csc","phase":1,"ok":1,"poly":["16","0","-16","0","1"],"real":["8653709163058766985308234061084729743327048649507626793351847950658825964650651574936180574224126050303","8653709163058766985308234061084729743327048649507626793351847950658825964650651574936180574225199792129","-340"],"imag":["0","0","0"]}
{"type":"angle","q":12,"p":12,"scale":1,"op":"root","phase":0,"ok":1,"poly":["-1","1"],"real":["1","1","0"],"imag":["0","0","0"],"recognized":1,"nullRecognized":1,"rp":0,"rq":1}
{"type":"angle","q":12,"p":12,"scale":1,"op":"root","phase":1,"ok":1,"poly":["-1","1"],"real":["1","1","0"],"imag":["0","0","0"],"recognized":1,"nullRecognized":1,"rp":0,"rq":1}
{"type":"angle","q":12,"p":12,"scale":1,"op":"exp","phase":0,"ok":1,"poly":["1","1"],"real":["-1","-1","0"],"imag":["0","0","0"],"recognized":1,"nullRecognized":1,"rp":1,"rq":2}
{"type":"angle","q":12,"p":12,"scale":1,"op":"exp","phase":1,"ok":1,"poly":["1","1"],"real":["-1","-1","0"],"imag":["0","0","0"],"recognized":1,"nullRecognized":1,"rp":1,"rq":2}
{"type":"angle","q":12,"p":12,"scale":1,"op":"sin","phase":0,"ok":1,"poly":["0","1"],"real":["0","0","0"],"imag":["0","0","0"]}
{"type":"angle","q":12,"p":12,"scale":1,"op":"sin","phase":1,"ok":1,"poly":["0","1"],"real":["0","0","0"],"imag":["0","0","0"]}
{"type":"angle","q":12,"p":12,"scale":1,"op":"cos","phase":0,"ok":1,"poly":["1","1"],"real":["-1","-1","0"],"imag":["0","0","0"]}
{"type":"angle","q":12,"p":12,"scale":1,"op":"cos","phase":1,"ok":1,"poly":["1","1"],"real":["-1","-1","0"],"imag":["0","0","0"]}
{"type":"angle","q":12,"p":12,"scale":1,"op":"tan","phase":0,"ok":1,"poly":["0","1"],"real":["0","0","0"],"imag":["0","0","0"]}
{"type":"angle","q":12,"p":12,"scale":1,"op":"tan","phase":1,"ok":1,"poly":["0","1"],"real":["0","0","0"],"imag":["0","0","0"]}
{"type":"angle","q":12,"p":12,"scale":1,"op":"cot","phase":0,"ok":0}
{"type":"angle","q":12,"p":12,"scale":1,"op":"cot","phase":1,"ok":0}
{"type":"angle","q":12,"p":12,"scale":1,"op":"sec","phase":0,"ok":1,"poly":["1","1"],"real":["-1","-1","0"],"imag":["0","0","0"]}
{"type":"angle","q":12,"p":12,"scale":1,"op":"sec","phase":1,"ok":1,"poly":["1","1"],"real":["-1","-1","0"],"imag":["0","0","0"]}
{"type":"angle","q":12,"p":12,"scale":1,"op":"csc","phase":0,"ok":0}
{"type":"angle","q":12,"p":12,"scale":1,"op":"csc","phase":1,"ok":0}
{"type":"angle","q":12,"p":12,"scale":3,"op":"root","phase":0,"ok":1,"poly":["-1","1"],"real":["1","1","0"],"imag":["0","0","0"],"recognized":1,"nullRecognized":1,"rp":0,"rq":1}
{"type":"angle","q":12,"p":12,"scale":3,"op":"root","phase":1,"ok":1,"poly":["-1","1"],"real":["1","1","0"],"imag":["0","0","0"],"recognized":1,"nullRecognized":1,"rp":0,"rq":1}
{"type":"angle","q":12,"p":12,"scale":3,"op":"exp","phase":0,"ok":1,"poly":["1","1"],"real":["-1","-1","0"],"imag":["0","0","0"],"recognized":1,"nullRecognized":1,"rp":1,"rq":2}
{"type":"angle","q":12,"p":12,"scale":3,"op":"exp","phase":1,"ok":1,"poly":["1","1"],"real":["-1","-1","0"],"imag":["0","0","0"],"recognized":1,"nullRecognized":1,"rp":1,"rq":2}
{"type":"angle","q":12,"p":12,"scale":3,"op":"sin","phase":0,"ok":1,"poly":["0","1"],"real":["0","0","0"],"imag":["0","0","0"]}
{"type":"angle","q":12,"p":12,"scale":3,"op":"sin","phase":1,"ok":1,"poly":["0","1"],"real":["0","0","0"],"imag":["0","0","0"]}
{"type":"angle","q":12,"p":12,"scale":3,"op":"cos","phase":0,"ok":1,"poly":["1","1"],"real":["-1","-1","0"],"imag":["0","0","0"]}
{"type":"angle","q":12,"p":12,"scale":3,"op":"cos","phase":1,"ok":1,"poly":["1","1"],"real":["-1","-1","0"],"imag":["0","0","0"]}
{"type":"angle","q":12,"p":12,"scale":3,"op":"tan","phase":0,"ok":1,"poly":["0","1"],"real":["0","0","0"],"imag":["0","0","0"]}
{"type":"angle","q":12,"p":12,"scale":3,"op":"tan","phase":1,"ok":1,"poly":["0","1"],"real":["0","0","0"],"imag":["0","0","0"]}
{"type":"angle","q":12,"p":12,"scale":3,"op":"cot","phase":0,"ok":0}
{"type":"angle","q":12,"p":12,"scale":3,"op":"cot","phase":1,"ok":0}
{"type":"angle","q":12,"p":12,"scale":3,"op":"sec","phase":0,"ok":1,"poly":["1","1"],"real":["-1","-1","0"],"imag":["0","0","0"]}
{"type":"angle","q":12,"p":12,"scale":3,"op":"sec","phase":1,"ok":1,"poly":["1","1"],"real":["-1","-1","0"],"imag":["0","0","0"]}
{"type":"angle","q":12,"p":12,"scale":3,"op":"csc","phase":0,"ok":0}
{"type":"angle","q":12,"p":12,"scale":3,"op":"csc","phase":1,"ok":0}
{"type":"angle","q":12,"p":13,"scale":1,"op":"root","phase":0,"ok":1,"poly":["1","0","-1","0","1"],"real":["210300076476156892817421832906076868413144174248499808223378102408488511826958880915","210300076476156892817421832906076868413144174248499808223378102408488511827176361837","-277"],"imag":["485667223056432267729865476705879726660601709763034880312953102434726071300864378819","485667223056432267729865476705879726660601709763034880312953102434726071301734082621","-279"],"recognized":1,"nullRecognized":1,"rp":1,"rq":12}
{"type":"angle","q":12,"p":13,"scale":1,"op":"root","phase":1,"ok":1,"poly":["1","0","-1","0","1"],"real":["7758703378874425295012906352138220585149514059631517741930490590284721003955059673161110578290891948031","7758703378874425295012906352138220585149514059631517741930490590284721003955059673161110578291965689857","-342"],"imag":["4479489484355608421114884561136888556243290994469299069799978201927583742360321890761754986542677360639","4479489484355608421114884561136888556243290994469299069799978201927583742360321890761754986543751102465","-342"],"recognized":1,"nullRecognized":1,"rp":1,"rq":12}
{"type":"angle","q":12,"p":13,"scale":1,"op":"exp","phase":0,"ok":1,"poly":["1","0","0","0","-1","0","0","0","1"],"real":["-234559256866150787459725855090776802379876646209155615929250027604659460143536105331","-234559256866150787459725855090776802379876646209155615929250027604659460141831264397","-277"],"imag":["-31424981727264688649161558836256994457765409593611459419288101841062615168969915021","-31424981727264688649161558836256994457765409593611459419288101841062615168118027635","-276"],"recognized":1,"nullRecognized":1,"rp":13,"rq":24}
{"type":"angle","q":12,"p":13,"scale":1,"op":"exp","phase":1,"ok":1,"poly":["1","0","0","0","-1","0","0","0","1"],"real":["-8653709163058766985308234061084729743327048649507626793351847950658825964650651574936180574225199792129","-8653709163058766985308234061084729743327048649507626793351847950658825964650651574936180574224126050303","-342"],"imag":["-4637508763550806755267699943783311449087385184433440142669453830584931828904585217251269117119425413121","-4637508763550806755267699943783311449087385184433440142669453830584931828904585217251269117118351671295","-343"],"recognized":1,"nullRecognized":1,"rp":13,"rq":24}
{"type":"angle","q":12,"p":13,"scale":1,"op":"sin","phase":0,"ok":1,"poly":["1","0","-16","0","16"],"real":["-446575849754036207871785660987839526935735670940793218893647225485303","-446575849754036207871785660987839526935735670940793218893646932543497","-230"],"imag":["0","0","0"]}
{"type":"angle","q":12,"p":13,"scale":1,"op":"sin","phase":1,"ok":1,"poly":["1","0","-16","0","16"],"real":["-4637508763550806755267699943783311449087385184433440142669453830584931828904585217251269117119425413121","-4637508763550806755267699943783311449087385184433440142669453830584931828904585217251269117118351671295","-343"],"imag":["0","0","0"]}
{"type":"angle","q":12,"p":13,"scale":1,"op":"cos","phase":0,"ok":1,"poly":["1","0","-16","0","16"],"real":["-88231386041354913186055833979011159037185865365","-88231386041354913186055833979011159035556940139","-156"],"imag":["0","0","0"]}
{"type":"angle","q":12,"p":13,"scale":1,"op":"cos","phase":1,"ok":1,"poly":["1","0","-16","0","16"],"real":["-8653709163058766985308234061084729743327048649507626793351847950658825964650651574936180574225199792129","-8653709163058766985308234061084729743327048649507626793351847950658825964650651574936180574224126050303","-342"],"imag":["0","0","0"]}
{"type":"angle","q":12,"p":13,"scale":1,"op":"tan","phase":0,"ok":1,"poly":["1","-4","1"],"real":["97902045864894753740821717871032084952801829187","97902045864894753740821717871032084954186030781","-158"],"imag":["0","0","0"]}
{"type":"angle","q":12,"p":13,"scale":1,"op":"tan","phase":1,"ok":1,"poly":["1","-4","1"],"real":["4801102359347166188867451080542226109348271717228321590677863254281785923062336433449597579177851092991","4801102359347166188867451080542226109348271717228321590677863254281785923062336433449597579178924834817","-343"],"imag":["0","0","0"]}
{"type":"angle","q":12,"p":13,"scale":1,"op":"cot","phase":0,"ok":1,"poly":["1","-4","1"],"real":["85224974466625510278928944677828183418283647739","85224974466625510278928944677828183419856723205","-154"],"imag":["0","0","0"]}
{"type":"angle","q":12,"p":13,"scale":1,"op":"cot","phase":1,"ok":1,"poly":["1","-4","1"],"real":["8358841173792821068621337737205998848818048024285057940765223497069944244337851727342310275688123334655","8358841173792821068621337737205998848818048024285057940765223497069944244337851727342310275689197076481","-340"],"imag":["0","0","0"]}
{"type":"angle","q":12,"p":13,"scale":1,"op":"sec","phase":0,"ok":1,"poly":["16","0","-16","0","1"],"real":["-446575849754036207871785660987839526935735670940793218893647225485303","-446575849754036207871785660987839526935735670940793218893646932543497","-228"],"imag":["0","0","0"]}
{"type":"angle","q":12,"p":13,"scale":1,"op":"sec","phase":1,"ok":1,"poly":["16","0","-16","0","1"],"real":["-4637508763550806755267699943783311449087385184433440142669453830584931828904585217251269117119425413121","-4637508763550806755267699943783311449087385184433440142669453830584931828904585217251269117118351671295","-341"],"imag":["0","0","0"]}
{"type":"angle","q":12,"p":13,"scale":1,"op":"csc","phase":0,"ok":1,"poly":["16","0","-16","0","1"],"real":["-44115693020677456593027916989505579518553344535","-44115693020677456593027916989505579517818058217","-153"],"imag":["0","0","0"]}
{"type":"angle","q":12,"p":13,"scale":1,"op":"csc","phase":1,"ok":1,"poly":["16","0","-16","0","1"],"real":["-8653709163058766985308234061084729743327048649507626793351847950658825964650651574936180574225199792129","-8653709163058766985308234061084729743327048649507626793351847950658825964650651574936180574224126050303","-340"],"imag":["0","0","0"]}
{"type":"angle","q":12,"p":13,"scale":3,"op":"root","phase":0,"ok":1,"poly":["1","0","-1","0","1"],"real":["210300076476156892817421832906076868413144174248499808223378102408488511826958880915","210300076476156892817421832906076868413144174248499808223378102408488511827176361837","-277"],"imag":["485667223056432267729865476705879726660601709763034880312953102434726071300864378819","485667223056432267729865476705879726660601709763034880312953102434726071301734082621","-279"],"recognized":1,"nullRecognized":1,"rp":1,"rq":12}
{"type":"angle","q":12,"p":13,"scale":3,"op":"root","phase":1,"ok":1,"poly":["1","0","-1","0","1"],"real":["7758703378874425295012906352138220585149514059631517741930490590284721003955059673161110578290891948031","7758703378874425295012906352138220585149514059631517741930490590284721003955059673161110578291965689857","-342"],"imag":["4479489484355608421114884561136888556243290994469299069799978201927583742360321890761754986542677360639","4479489484355608421114884561136888556243290994469299069799978201927583742360321890761754986543751102465","-342"],"recognized":1,"nullRecognized":1,"rp":1,"rq":12}
{"type":"angle","q":12,"p":13,"scale":3,"op":"exp","phase":0,"ok":1,"poly":["1","0","0","0","-1","0","0","0","1"],"real":["-234559256866150787459725855090776802379876646209155615929250027604659460143536105331","-234559256866150787459725855090776802379876646209155615929250027604659460141831264397","-277"],"imag":["-31424981727264688649161558836256994457765409593611459419288101841062615168969915021","-31424981727264688649161558836256994457765409593611459419288101841062615168118027635","-276"],"recognized":1,"nullRecognized":1,"rp":13,"rq":24}
{"type":"angle","q":12,"p":13,"scale":3,"op":"exp","phase":1,"ok":1,"poly":["1","0","0","0","-1","0","0","0","1"],"real":["-8653709163058766985308234061084729743327048649507626793351847950658825964650651574936180574225199792129","-8653709163058766985308234061084729743327048649507626793351847950658825964650651574936180574224126050303","-342"],"imag":["-4637508763550806755267699943783311449087385184433440142669453830584931828904585217251269117119425413121","-4637508763550806755267699943783311449087385184433440142669453830584931828904585217251269117118351671295","-343"],"recognized":1,"nullRecognized":1,"rp":13,"rq":24}
{"type":"angle","q":12,"p":13,"scale":3,"op":"sin","phase":0,"ok":1,"poly":["1","0","-16","0","16"],"real":["-446575849754036207871785660987839526935735670940793218893647225485303","-446575849754036207871785660987839526935735670940793218893646932543497","-230"],"imag":["0","0","0"]}
{"type":"angle","q":12,"p":13,"scale":3,"op":"sin","phase":1,"ok":1,"poly":["1","0","-16","0","16"],"real":["-4637508763550806755267699943783311449087385184433440142669453830584931828904585217251269117119425413121","-4637508763550806755267699943783311449087385184433440142669453830584931828904585217251269117118351671295","-343"],"imag":["0","0","0"]}
{"type":"angle","q":12,"p":13,"scale":3,"op":"cos","phase":0,"ok":1,"poly":["1","0","-16","0","16"],"real":["-88231386041354913186055833979011159037185865365","-88231386041354913186055833979011159035556940139","-156"],"imag":["0","0","0"]}
{"type":"angle","q":12,"p":13,"scale":3,"op":"cos","phase":1,"ok":1,"poly":["1","0","-16","0","16"],"real":["-8653709163058766985308234061084729743327048649507626793351847950658825964650651574936180574225199792129","-8653709163058766985308234061084729743327048649507626793351847950658825964650651574936180574224126050303","-342"],"imag":["0","0","0"]}
{"type":"angle","q":12,"p":13,"scale":3,"op":"tan","phase":0,"ok":1,"poly":["1","-4","1"],"real":["97902045864894753740821717871032084952801829187","97902045864894753740821717871032084954186030781","-158"],"imag":["0","0","0"]}
{"type":"angle","q":12,"p":13,"scale":3,"op":"tan","phase":1,"ok":1,"poly":["1","-4","1"],"real":["4801102359347166188867451080542226109348271717228321590677863254281785923062336433449597579177851092991","4801102359347166188867451080542226109348271717228321590677863254281785923062336433449597579178924834817","-343"],"imag":["0","0","0"]}
{"type":"angle","q":12,"p":13,"scale":3,"op":"cot","phase":0,"ok":1,"poly":["1","-4","1"],"real":["85224974466625510278928944677828183418283647739","85224974466625510278928944677828183419856723205","-154"],"imag":["0","0","0"]}
{"type":"angle","q":12,"p":13,"scale":3,"op":"cot","phase":1,"ok":1,"poly":["1","-4","1"],"real":["8358841173792821068621337737205998848818048024285057940765223497069944244337851727342310275688123334655","8358841173792821068621337737205998848818048024285057940765223497069944244337851727342310275689197076481","-340"],"imag":["0","0","0"]}
{"type":"angle","q":12,"p":13,"scale":3,"op":"sec","phase":0,"ok":1,"poly":["16","0","-16","0","1"],"real":["-446575849754036207871785660987839526935735670940793218893647225485303","-446575849754036207871785660987839526935735670940793218893646932543497","-228"],"imag":["0","0","0"]}
{"type":"angle","q":12,"p":13,"scale":3,"op":"sec","phase":1,"ok":1,"poly":["16","0","-16","0","1"],"real":["-4637508763550806755267699943783311449087385184433440142669453830584931828904585217251269117119425413121","-4637508763550806755267699943783311449087385184433440142669453830584931828904585217251269117118351671295","-341"],"imag":["0","0","0"]}
{"type":"angle","q":12,"p":13,"scale":3,"op":"csc","phase":0,"ok":1,"poly":["16","0","-16","0","1"],"real":["-44115693020677456593027916989505579518553344535","-44115693020677456593027916989505579517818058217","-153"],"imag":["0","0","0"]}
{"type":"angle","q":12,"p":13,"scale":3,"op":"csc","phase":1,"ok":1,"poly":["16","0","-16","0","1"],"real":["-8653709163058766985308234061084729743327048649507626793351847950658825964650651574936180574225199792129","-8653709163058766985308234061084729743327048649507626793351847950658825964650651574936180574224126050303","-340"],"imag":["0","0","0"]}
{"type":"angle","q":12,"p":14,"scale":1,"op":"root","phase":0,"ok":1,"poly":["1","-1","1"],"real":["2923003274661805836407369665432566039311154463297","2923003274661805836407369665432566039312575708607","-162"],"imag":["9888262075008698521265948413861084763581315187","9888262075008698521265948413861084763695613837","-153"],"recognized":1,"nullRecognized":1,"rp":1,"rq":6}
{"type":"angle","q":12,"p":14,"scale":1,"op":"root","phase":1,"ok":1,"poly":["1","-1","1"],"real":["115172193140305827399949785796761135587064246228529065807379342658863042065190089480167441564259605943037975312218134915154131611020654072038617988630148194588045013","115172193140305827399949785796761135587064246228529065807379342658863042065190089480167441564259605943037975312218134915154131611020654072038617988630148194794852651","-546"],"imag":["7758703378874425295012906352138220585149514059631517741930490590284721003955059673161110578290891948031","7758703378874425295012906352138220585149514059631517741930490590284721003955059673161110578291965689857","-342"],"recognized":1,"nullRecognized":1,"rp":1,"rq":6}
{"type":"angle","q":12,"p":14,"scale":1,"op":"exp","phase":0,"ok":1,"poly":["1","0","-1","0","1"],"real":["-210300076476156892817421832906076868413144174248499808223378102408488511827176361837","-210300076476156892817421832906076868413144174248499808223378102408488511826958880915","-277"],"imag":["-485667223056432267729865476705879726660601709763034880312953102434726071301734082621","-485667223056432267729865476705879726660601709763034880312953102434726071300864378819","-279"],"recognized":1,"nullRecognized":1,"rp":7,"rq":12}
{"type":"angle","q":12,"p":14,"scale":1,"op":"exp","phase":1,"ok":1,"poly":["1","0","-1","0","1"],"real":["-7758703378874425295012906352138220585149514059631517741930490590284721003955059673161110578291965689857","-7758703378874425295012906352138220585149514059631517741930490590284721003955059673161110578290891948031","-342"],"imag":["-4479489484355608421114884561136888556243290994469299069799978201927583742360321890761754986543751102465","-4479489484355608421114884561136888556243290994469299069799978201927583742360321890761754986542677360639","-342"],"recognized":1,"nullRecognized":1,"rp":7,"rq":12}
{"type":"angle","q":12,"p":14,"scale":1,"op":"sin","phase":0,"ok":1,"poly":["1","2"],"real":["-1","-1","-1"],"imag":["0","0","0"]}
{"type":"angle","q":12,"p":14,"scale":1,"op":"sin","phase":1,"ok":1,"poly":["1","2"],"real":["-1","-1","-1"],"imag":["0","0","0"]}
{"type":"angle","q":12,"p":14,"scale":1,"op":"cos","phase":0,"ok":1,"poly":["-3","0","4"],"real":["-158212193200139176340255174621777356219129827151","-158212193200139176340255174621777356217301037233","-157"],"imag":["0","0","0"]}
{"type":"angle","q":12,"p":14,"scale":1,"op":"cos","phase":1,"ok":1,"poly":["-3","0","4"],"real":["-7758703378874425295012906352138220585149514059631517741930490590284721003955059673161110578291965689857","-7758703378874425295012906352138220585149514059631517741930490590284721003955059673161110578290891948031","-342"],"imag":["0","0","0"]}
{"type":"angle","q":12,"p":14,"scale":1,"op":"tan","phase":0,"ok":1,"poly":["-1","0","3"],"real":["52737397733379725446751724873925785405868761865","52737397733379725446751724873925785406453816567","-156"],"imag":["0","0","0"]}
{"type":"angle","q":12,"p":14,"scale":1,"op":"tan","phase":1,"ok":1,"poly":["-1","0","3"],"real":["5172468919249616863341937568092147056766342706421011827953660393523147335970039782107407052193749008383","5172468919249616863341937568092147056766342706421011827953660393523147335970039782107407052194822750209","-342"],"imag":["0","0","0"]}
{"type":"angle","q":12,"p":14,"scale":1,"op":"cot","phase":0,"ok":1,"poly":["-3","0","1"],"real":["158212193200139176340255174621777356217301037233","158212193200139176340255174621777356219129827151","-156"],"imag":["0","0","0"]}
{"type":"angle","q":12,"p":14,"scale":1,"op":"cot","phase":1,"ok":1,"poly":["-3","0","1"],"real":["7758703378874425295012906352138220585149514059631517741930490590284721003955059673161110578290891948031","7758703378874425295012906352138220585149514059631517741930490590284721003955059673161110578291965689857","-341"],"imag":["0","0","0"]}
{"type":"angle","q":12,"p":14,"scale":1,"op":"sec","phase":0,"ok":1,"poly":["-4","0","3"],"real":["-52737397733379725446751724873925785406453816567","-52737397733379725446751724873925785405868761865","-155"],"imag":["0","0","0"]}
{"type":"angle","q":12,"p":14,"scale":1,"op":"sec","phase":1,"ok":1,"poly":["-4","0","3"],"real":["-5172468919249616863341937568092147056766342706421011827953660393523147335970039782107407052194822750209","-5172468919249616863341937568092147056766342706421011827953660393523147335970039782107407052193749008383","-341"],"imag":["0","0","0"]}
{"type":"angle","q":12,"p":14,"scale":1,"op":"csc","phase":0,"ok":1,"poly":["2","1"],"real":["-1","-1","1"],"imag":["0","0","0"]}
{"type":"angle","q":12,"p":14,"scale":1,"op":"csc","phase":1,"ok":1,"poly":["2","1"],"real":["-1","-1","1"],"imag":["0","0","0"]}
{"type":"angle","q":12,"p":14,"scale":3,"op":"root","phase":0,"ok":1,"poly":["1","-1","1"],"real":["2923003274661805836407369665432566039311154463297","2923003274661805836407369665432566039312575708607","-162"],"imag":["9888262075008698521265948413861084763581315187","9888262075008698521265948413861084763695613837","-153"],"recognized":1,"nullRecognized":1,"rp":1,"rq":6}
{"type":"angle","q":12,"p":14,"scale":3,"op":"root","phase":1,"ok":1,"poly":["1","-1","1"],"real":["115172193140305827399949785796761135587064246228529065807379342658863042065190089480167441564259605943037975312218134915154131611020654072038617988630148194588045013","115172193140305827399949785796761135587064246228529065807379342658863042065190089480167441564259605943037975312218134915154131611020654072038617988630148194794852651","-546"],"imag":["7758703378874425295012906352138220585149514059631517741930490590284721003955059673161110578290891948031","7758703378874425295012906352138220585149514059631517741930490590284721003955059673161110578291965689857","-342"],"recognized":1,"nullRecognized":1,"rp":1,"rq":6}
{"type":"angle","q":12,"p":14,"scale":3,"op":"exp","phase":0,"ok":1,"poly":["1","0","-1","0","1"],"real":["-210300076476156892817421832906076868413144174248499808223378102408488511827176361837","-210300076476156892817421832906076868413144174248499808223378102408488511826958880915","-277"],"imag":["-485667223056432267729865476705879726660601709763034880312953102434726071301734082621","-485667223056432267729865476705879726660601709763034880312953102434726071300864378819","-279"],"recognized":1,"nullRecognized":1,"rp":7,"rq":12}
{"type":"angle","q":12,"p":14,"scale":3,"op":"exp","phase":1,"ok":1,"poly":["1","0","-1","0","1"],"real":["-7758703378874425295012906352138220585149514059631517741930490590284721003955059673161110578291965689857","-7758703378874425295012906352138220585149514059631517741930490590284721003955059673161110578290891948031","-342"],"imag":["-4479489484355608421114884561136888556243290994469299069799978201927583742360321890761754986543751102465","-4479489484355608421114884561136888556243290994469299069799978201927583742360321890761754986542677360639","-342"],"recognized":1,"nullRecognized":1,"rp":7,"rq":12}
{"type":"angle","q":12,"p":14,"scale":3,"op":"sin","phase":0,"ok":1,"poly":["1","2"],"real":["-1","-1","-1"],"imag":["0","0","0"]}
{"type":"angle","q":12,"p":14,"scale":3,"op":"sin","phase":1,"ok":1,"poly":["1","2"],"real":["-1","-1","-1"],"imag":["0","0","0"]}
{"type":"angle","q":12,"p":14,"scale":3,"op":"cos","phase":0,"ok":1,"poly":["-3","0","4"],"real":["-158212193200139176340255174621777356219129827151","-158212193200139176340255174621777356217301037233","-157"],"imag":["0","0","0"]}
{"type":"angle","q":12,"p":14,"scale":3,"op":"cos","phase":1,"ok":1,"poly":["-3","0","4"],"real":["-7758703378874425295012906352138220585149514059631517741930490590284721003955059673161110578291965689857","-7758703378874425295012906352138220585149514059631517741930490590284721003955059673161110578290891948031","-342"],"imag":["0","0","0"]}
{"type":"angle","q":12,"p":14,"scale":3,"op":"tan","phase":0,"ok":1,"poly":["-1","0","3"],"real":["52737397733379725446751724873925785405868761865","52737397733379725446751724873925785406453816567","-156"],"imag":["0","0","0"]}
{"type":"angle","q":12,"p":14,"scale":3,"op":"tan","phase":1,"ok":1,"poly":["-1","0","3"],"real":["5172468919249616863341937568092147056766342706421011827953660393523147335970039782107407052193749008383","5172468919249616863341937568092147056766342706421011827953660393523147335970039782107407052194822750209","-342"],"imag":["0","0","0"]}
{"type":"angle","q":12,"p":14,"scale":3,"op":"cot","phase":0,"ok":1,"poly":["-3","0","1"],"real":["158212193200139176340255174621777356217301037233","158212193200139176340255174621777356219129827151","-156"],"imag":["0","0","0"]}
{"type":"angle","q":12,"p":14,"scale":3,"op":"cot","phase":1,"ok":1,"poly":["-3","0","1"],"real":["7758703378874425295012906352138220585149514059631517741930490590284721003955059673161110578290891948031","7758703378874425295012906352138220585149514059631517741930490590284721003955059673161110578291965689857","-341"],"imag":["0","0","0"]}
{"type":"angle","q":12,"p":14,"scale":3,"op":"sec","phase":0,"ok":1,"poly":["-4","0","3"],"real":["-52737397733379725446751724873925785406453816567","-52737397733379725446751724873925785405868761865","-155"],"imag":["0","0","0"]}
{"type":"angle","q":12,"p":14,"scale":3,"op":"sec","phase":1,"ok":1,"poly":["-4","0","3"],"real":["-5172468919249616863341937568092147056766342706421011827953660393523147335970039782107407052194822750209","-5172468919249616863341937568092147056766342706421011827953660393523147335970039782107407052193749008383","-341"],"imag":["0","0","0"]}
{"type":"angle","q":12,"p":14,"scale":3,"op":"csc","phase":0,"ok":1,"poly":["2","1"],"real":["-1","-1","1"],"imag":["0","0","0"]}
{"type":"angle","q":12,"p":14,"scale":3,"op":"csc","phase":1,"ok":1,"poly":["2","1"],"real":["-1","-1","1"],"imag":["0","0","0"]}
{"type":"angle","q":12,"p":15,"scale":1,"op":"root","phase":0,"ok":1,"poly":["1","0","1"],"real":["0","0","0"],"imag":["1","1","0"],"recognized":1,"nullRecognized":1,"rp":1,"rq":4}
{"type":"angle","q":12,"p":15,"scale":1,"op":"root","phase":1,"ok":1,"poly":["1","0","1"],"real":["0","0","0"],"imag":["1","1","0"],"recognized":1,"nullRecognized":1,"rp":1,"rq":4}
{"type":"angle","q":12,"p":15,"scale":1,"op":"exp","phase":0,"ok":1,"poly":["1","0","0","0","1"],"real":["-10989394778343770250329775194768820061718132929403692613803124731042190707559249024103","-10989394778343770250329775194768820061718132929403692613803124731042190707557378878361","-283"],"imag":["-10989394778343770250329775194768820061718132929403692613803124731042190707559249024103","-10989394778343770250329775194768820061718132929403692613803124731042190707557378878361","-283"],"recognized":1,"nullRecognized":1,"rp":5,"rq":8}
{"type":"angle","q":12,"p":15,"scale":1,"op":"exp","phase":1,"ok":1,"poly":["1","0","0","0","1"],"real":["-6334954781283363607674384089193074018783356057290906722017121035366360050198358966310546015665755521025","-6334954781283363607674384089193074018783356057290906722017121035366360050198358966310546015664681779199","-342"],"imag":["-6334954781283363607674384089193074018783356057290906722017121035366360050198358966310546015665755521025","-6334954781283363607674384089193074018783356057290906722017121035366360050198358966310546015664681779199","-342"],"recognized":1,"nullRecognized":1,"rp":5,"rq":8}
{"type":"angle","q":12,"p":15,"scale":1,"op":"sin","phase":0,"ok":1,"poly":["-1","0","2"],"real":["-64589857404495231666648405250431531953634641679","-64589857404495231666648405250431531952815765745","-156"],"imag":["0","0","0"]}
{"type":"angle","q":12,"p":15,"scale":1,"op":"sin","phase":1,"ok":1,"poly":["-1","0","2"],"real":["-6334954781283363607674384089193074018783356057290906722017121035366360050198358966310546015665755521025","-6334954781283363607674384089193074018783356057290906722017121035366360050198358966310546015664681779199","-342"],"imag":["0","0","0"]}
{"type":"angle","q":12,"p":15,"scale":1,"op":"cos","phase":0,"ok":1,"poly":["-1","0","2"],"real":["-64589857404495231666648405250431531953634641679","-64589857404495231666648405250431531952815765745","-156"],"imag":["0","0","0"]}
{"type":"angle","q":12,"p":15,"scale":1,"op":"cos","phase":1,"ok":1,"poly":["-1","0","2"],"real":["-6334954781283363607674384089193074018783356057290906722017121035366360050198358966310546015665755521025","-6334954781283363607674384089193074018783356057290906722017121035366360050198358966310546015664681779199","-342"],"imag":["0","0","0"]}
{"type":"angle","q":12,"p":15,"scale":1,"op":"tan","phase":0,"ok":1,"poly":["-1","1"],"real":["1","1","0"],"imag":["0","0","0"]}
{"type":"angle","q":12,"p":15,"scale":1,"op":"tan","phase":1,"ok":1,"poly":["-1","1"],"real":["1","1","0"],"imag":["0","0","0"]}
{"type":"angle","q":12,"p":15,"scale":1,"op":"cot","phase":0,"ok":1,"poly":["-1","1"],"real":["1","1","0"],"imag":["0","0","0"]}
{"type":"angle","q":12,"p":15,"scale":1,"op":"cot","phase":1,"ok":1,"poly":["-1","1"],"real":["1","1","0"],"imag":["0","0","0"]}
{"type":"angle","q":12,"p":15,"scale":1,"op":"sec","phase":0,"ok":1,"poly":["-2","0","1"],"real":["-64589857404495231666648405250431531953634641679","-64589857404495231666648405250431531952815765745","-155"],"imag":["0","0","0"]}
{"type":"angle","q":12,"p":15,"scale":1,"op":"sec","phase":1,"ok":1,"poly":["-2","0","1"],"real":["-6334954781283363607674384089193074018783356057290906722017121035366360050198358966310546015665755521025","-6334954781283363607674384089193074018783356057290906722017121035366360050198358966310546015664681779199","-341"],"imag":["0","0","0"]}
{"type":"angle","q":12,"p":15,"scale":1,"op":"csc","phase":0,"ok":1,"poly":["-2","0","1"],"real":["-64589857404495231666648405250431531953634641679","-64589857404495231666648405250431531952815765745","-155"],"imag":["0","0","0"]}
{"type":"angle","q":12,"p":15,"scale":1,"op":"csc","phase":1,"ok":1,"poly":["-2","0","1"],"real":["-6334954781283363607674384089193074018783356057290906722017121035366360050198358966310546015665755521025","-6334954781283363607674384089193074018783356057290906722017121035366360050198358966310546015664681779199","-341"],"imag":["0","0","0"]}
{"type":"angle","q":12,"p":15,"scale":3,"op":"root","phase":0,"ok":1,"poly":["1","0","1"],"real":["0","0","0"],"imag":["1","1","0"],"recognized":1,"nullRecognized":1,"rp":1,"rq":4}
{"type":"angle","q":12,"p":15,"scale":3,"op":"root","phase":1,"ok":1,"poly":["1","0","1"],"real":["0","0","0"],"imag":["1","1","0"],"recognized":1,"nullRecognized":1,"rp":1,"rq":4}
{"type":"angle","q":12,"p":15,"scale":3,"op":"exp","phase":0,"ok":1,"poly":["1","0","0","0","1"],"real":["-10989394778343770250329775194768820061718132929403692613803124731042190707559249024103","-10989394778343770250329775194768820061718132929403692613803124731042190707557378878361","-283"],"imag":["-10989394778343770250329775194768820061718132929403692613803124731042190707559249024103","-10989394778343770250329775194768820061718132929403692613803124731042190707557378878361","-283"],"recognized":1,"nullRecognized":1,"rp":5,"rq":8}
{"type":"angle","q":12,"p":15,"scale":3,"op":"exp","phase":1,"ok":1,"poly":["1","0","0","0","1"],"real":["-6334954781283363607674384089193074018783356057290906722017121035366360050198358966310546015665755521025","-6334954781283363607674384089193074018783356057290906722017121035366360050198358966310546015664681779199","-342"],"imag":["-6334954781283363607674384089193074018783356057290906722017121035366360050198358966310546015665755521025","-6334954781283363607674384089193074018783356057290906722017121035366360050198358966310546015664681779199","-342"],"recognized":1,"nullRecognized":1,"rp":5,"rq":8}
{"type":"angle","q":12,"p":15,"scale":3,"op":"sin","phase":0,"ok":1,"poly":["-1","0","2"],"real":["-64589857404495231666648405250431531953634641679","-64589857404495231666648405250431531952815765745","-156"],"imag":["0","0","0"]}
{"type":"angle","q":12,"p":15,"scale":3,"op":"sin","phase":1,"ok":1,"poly":["-1","0","2"],"real":["-6334954781283363607674384089193074018783356057290906722017121035366360050198358966310546015665755521025","-6334954781283363607674384089193074018783356057290906722017121035366360050198358966310546015664681779199","-342"],"imag":["0","0","0"]}
{"type":"angle","q":12,"p":15,"scale":3,"op":"cos","phase":0,"ok":1,"poly":["-1","0","2"],"real":["-64589857404495231666648405250431531953634641679","-64589857404495231666648405250431531952815765745","-156"],"imag":["0","0","0"]}
{"type":"angle","q":12,"p":15,"scale":3,"op":"cos","phase":1,"ok":1,"poly":["-1","0","2"],"real":["-6334954781283363607674384089193074018783356057290906722017121035366360050198358966310546015665755521025","-6334954781283363607674384089193074018783356057290906722017121035366360050198358966310546015664681779199","-342"],"imag":["0","0","0"]}
{"type":"angle","q":12,"p":15,"scale":3,"op":"tan","phase":0,"ok":1,"poly":["-1","1"],"real":["1","1","0"],"imag":["0","0","0"]}
{"type":"angle","q":12,"p":15,"scale":3,"op":"tan","phase":1,"ok":1,"poly":["-1","1"],"real":["1","1","0"],"imag":["0","0","0"]}
{"type":"angle","q":12,"p":15,"scale":3,"op":"cot","phase":0,"ok":1,"poly":["-1","1"],"real":["1","1","0"],"imag":["0","0","0"]}
{"type":"angle","q":12,"p":15,"scale":3,"op":"cot","phase":1,"ok":1,"poly":["-1","1"],"real":["1","1","0"],"imag":["0","0","0"]}
{"type":"angle","q":12,"p":15,"scale":3,"op":"sec","phase":0,"ok":1,"poly":["-2","0","1"],"real":["-64589857404495231666648405250431531953634641679","-64589857404495231666648405250431531952815765745","-155"],"imag":["0","0","0"]}
{"type":"angle","q":12,"p":15,"scale":3,"op":"sec","phase":1,"ok":1,"poly":["-2","0","1"],"real":["-6334954781283363607674384089193074018783356057290906722017121035366360050198358966310546015665755521025","-6334954781283363607674384089193074018783356057290906722017121035366360050198358966310546015664681779199","-341"],"imag":["0","0","0"]}
{"type":"angle","q":12,"p":15,"scale":3,"op":"csc","phase":0,"ok":1,"poly":["-2","0","1"],"real":["-64589857404495231666648405250431531953634641679","-64589857404495231666648405250431531952815765745","-155"],"imag":["0","0","0"]}
{"type":"angle","q":12,"p":15,"scale":3,"op":"csc","phase":1,"ok":1,"poly":["-2","0","1"],"real":["-6334954781283363607674384089193074018783356057290906722017121035366360050198358966310546015665755521025","-6334954781283363607674384089193074018783356057290906722017121035366360050198358966310546015664681779199","-341"],"imag":["0","0","0"]}
{"type":"angle","q":12,"p":16,"scale":1,"op":"root","phase":0,"ok":1,"poly":["1","1","1"],"real":["-2923003274661805836407369665432566039312575708607","-2923003274661805836407369665432566039311154463297","-162"],"imag":["9888262075008698521265948413861084763581315187","9888262075008698521265948413861084763695613837","-153"],"recognized":1,"nullRecognized":1,"rp":1,"rq":3}
{"type":"angle","q":12,"p":16,"scale":1,"op":"root","phase":1,"ok":1,"poly":["1","1","1"],"real":["-115172193140305827399949785796761135587064246228529065807379342658863042065190089480167441564259605943037975312218134915154131611020654072038617988630148194794852651","-115172193140305827399949785796761135587064246228529065807379342658863042065190089480167441564259605943037975312218134915154131611020654072038617988630148194588045013","-546"],"imag":["7758703378874425295012906352138220585149514059631517741930490590284721003955059673161110578290891948031","7758703378874425295012906352138220585149514059631517741930490590284721003955059673161110578291965689857","-342"],"recognized":1,"nullRecognized":1,"rp":1,"rq":3}
{"type":"angle","q":12,"p":16,"scale":1,"op":"exp","phase":0,"ok":1,"poly":["1","1","1"],"real":["-2923003274661805836407369665432566039312575708607","-2923003274661805836407369665432566039311154463297","-162"],"imag":["-9888262075008698521265948413861084763695613837","-9888262075008698521265948413861084763581315187","-153"],"recognized":1,"nullRecognized":1,"rp":2,"rq":3}
{"type":"angle","q":12,"p":16,"scale":1,"op":"exp","phase":1,"ok":1,"poly":["1","1","1"],"real":["-115172193140305827399949785796761135587064246228529065807379342658863042065190089480167441564259605943037975312218134915154131611020654072038617988630148194794852651","-115172193140305827399949785796761135587064246228529065807379342658863042065190089480167441564259605943037975312218134915154131611020654072038617988630148194588045013","-546"],"imag":["-7758703378874425295012906352138220585149514059631517741930490590284721003955059673161110578291965689857","-7758703378874425295012906352138220585149514059631517741930490590284721003955059673161110578290891948031","-342"],"recognized":1,"nullRecognized":1,"rp":2,"rq":3}
{"type":"angle","q":12,"p":16,"scale":1,"op":"sin","phase":0,"ok":1,"poly":["-3","0","4"],"real":["-158212193200139176340255174621777356219129827151","-158212193200139176340255174621777356217301037233","-157"],"imag":["0","0","0"]}
{"type":"angle","q":12,"p":16,"scale":1,"op":"sin","phase":1,"ok":1,"poly":["-3","0","4"],"real":["-7758703378874425295012906352138220585149514059631517741930490590284721003955059673161110578291965689857","-7758703378874425295012906352138220585149514059631517741930490590284721003955059673161110578290891948031","-342"],"imag":["0","0","0"]}
{"type":"angle","q":12,"p":16,"scale":1,"op":"cos","phase":0,"ok":1,"poly":["1","2"],"real":["-1","-1","-1"],"imag":["0","0","0"]}
{"type":"angle","q":12,"p":16,"scale":1,"op":"cos","phase":1,"ok":1,"poly":["1","2"],"real":["-1","-1","-1"],"imag":["0","0","0"]}
{"type":"angle","q":12,"p":16,"scale":1,"op":"tan","phase":0,"ok":1,"poly":["-3","0","1"],"real":["294693174213430241384087455685767077315","294693174213430241384087455685767077317","-127"],"imag":["0","0","0"]}
{"type":"angle","q":12,"p":16,"scale":1,"op":"tan","phase":1,"ok":1,"poly":["-3","0","1"],"real":["7758703378874425295012906352138220585149514059631517741930490590284721003955059673161110578290891948031","7758703378874425295012906352138220585149514059631517741930490590284721003955059673161110578291965689857","-341"],"imag":["0","0","0"]}
{"type":"angle","q":12,"p":16,"scale":1,"op":"cot","phase":0,"ok":1,"poly":["-1","0","3"],"real":["52737397733379725446751724873925785405868761865","52737397733379725446751724873925785406453816567","-156"],"imag":["0","0","0"]}
{"type":"angle","q":12,"p":16,"scale":1,"op":"cot","phase":1,"ok":1,"poly":["-1","0","3"],"real":["5172468919249616863341937568092147056766342706421011827953660393523147335970039782107407052193749008383","5172468919249616863341937568092147056766342706421011827953660393523147335970039782107407052194822750209","-342"],"imag":["0","0","0"]}
{"type":"angle","q":12,"p":16,"scale":1,"op":"sec","phase":0,"ok":1,"poly":["2","1"],"real":["-1","-1","1"],"imag":["0","0","0"]}
{"type":"angle","q":12,"p":16,"scale":1,"op":"sec","phase":1,"ok":1,"poly":["2","1"],"real":["-1","-1","1"],"imag":["0","0","0"]}
{"type":"angle","q":12,"p":16,"scale":1,"op":"csc","phase":0,"ok":1,"poly":["-4","0","3"],"real":["-52737397733379725446751724873925785406453816567","-52737397733379725446751724873925785405868761865","-155"],"imag":["0","0","0"]}
{"type":"angle","q":12,"p":16,"scale":1,"op":"csc","phase":1,"ok":1,"poly":["-4","0","3"],"real":["-5172468919249616863341937568092147056766342706421011827953660393523147335970039782107407052194822750209","-5172468919249616863341937568092147056766342706421011827953660393523147335970039782107407052193749008383","-341"],"imag":["0","0","0"]}
{"type":"angle","q":12,"p":16,"scale":3,"op":"root","phase":0,"ok":1,"poly":["1","1","1"],"real":["-2923003274661805836407369665432566039312575708607","-2923003274661805836407369665432566039311154463297","-162"],"imag":["9888262075008698521265948413861084763581315187","9888262075008698521265948413861084763695613837","-153"],"recognized":1,"nullRecognized":1,"rp":1,"rq":3}
{"type":"angle","q":12,"p":16,"scale":3,"op":"root","phase":1,"ok":1,"poly":["1","1","1"],"real":["-115172193140305827399949785796761135587064246228529065807379342658863042065190089480167441564259605943037975312218134915154131611020654072038617988630148194794852651","-115172193140305827399949785796761135587064246228529065807379342658863042065190089480167441564259605943037975312218134915154131611020654072038617988630148194588045013","-546"],"imag":["7758703378874425295012906352138220585149514059631517741930490590284721003955059673161110578290891948031","7758703378874425295012906352138220585149514059631517741930490590284721003955059673161110578291965689857","-342"],"recognized":1,"nullRecognized":1,"rp":1,"rq":3}
{"type":"angle","q":12,"p":16,"scale":3,"op":"exp","phase":0,"ok":1,"poly":["1","1","1"],"real":["-2923003274661805836407369665432566039312575708607","-2923003274661805836407369665432566039311154463297","-162"],"imag":["-9888262075008698521265948413861084763695613837","-9888262075008698521265948413861084763581315187","-153"],"recognized":1,"nullRecognized":1,"rp":2,"rq":3}
{"type":"angle","q":12,"p":16,"scale":3,"op":"exp","phase":1,"ok":1,"poly":["1","1","1"],"real":["-115172193140305827399949785796761135587064246228529065807379342658863042065190089480167441564259605943037975312218134915154131611020654072038617988630148194794852651","-115172193140305827399949785796761135587064246228529065807379342658863042065190089480167441564259605943037975312218134915154131611020654072038617988630148194588045013","-546"],"imag":["-7758703378874425295012906352138220585149514059631517741930490590284721003955059673161110578291965689857","-7758703378874425295012906352138220585149514059631517741930490590284721003955059673161110578290891948031","-342"],"recognized":1,"nullRecognized":1,"rp":2,"rq":3}
{"type":"angle","q":12,"p":16,"scale":3,"op":"sin","phase":0,"ok":1,"poly":["-3","0","4"],"real":["-158212193200139176340255174621777356219129827151","-158212193200139176340255174621777356217301037233","-157"],"imag":["0","0","0"]}
{"type":"angle","q":12,"p":16,"scale":3,"op":"sin","phase":1,"ok":1,"poly":["-3","0","4"],"real":["-7758703378874425295012906352138220585149514059631517741930490590284721003955059673161110578291965689857","-7758703378874425295012906352138220585149514059631517741930490590284721003955059673161110578290891948031","-342"],"imag":["0","0","0"]}
{"type":"angle","q":12,"p":16,"scale":3,"op":"cos","phase":0,"ok":1,"poly":["1","2"],"real":["-1","-1","-1"],"imag":["0","0","0"]}
{"type":"angle","q":12,"p":16,"scale":3,"op":"cos","phase":1,"ok":1,"poly":["1","2"],"real":["-1","-1","-1"],"imag":["0","0","0"]}
{"type":"angle","q":12,"p":16,"scale":3,"op":"tan","phase":0,"ok":1,"poly":["-3","0","1"],"real":["294693174213430241384087455685767077315","294693174213430241384087455685767077317","-127"],"imag":["0","0","0"]}
{"type":"angle","q":12,"p":16,"scale":3,"op":"tan","phase":1,"ok":1,"poly":["-3","0","1"],"real":["7758703378874425295012906352138220585149514059631517741930490590284721003955059673161110578290891948031","7758703378874425295012906352138220585149514059631517741930490590284721003955059673161110578291965689857","-341"],"imag":["0","0","0"]}
{"type":"angle","q":12,"p":16,"scale":3,"op":"cot","phase":0,"ok":1,"poly":["-1","0","3"],"real":["52737397733379725446751724873925785405868761865","52737397733379725446751724873925785406453816567","-156"],"imag":["0","0","0"]}
{"type":"angle","q":12,"p":16,"scale":3,"op":"cot","phase":1,"ok":1,"poly":["-1","0","3"],"real":["5172468919249616863341937568092147056766342706421011827953660393523147335970039782107407052193749008383","5172468919249616863341937568092147056766342706421011827953660393523147335970039782107407052194822750209","-342"],"imag":["0","0","0"]}
{"type":"angle","q":12,"p":16,"scale":3,"op":"sec","phase":0,"ok":1,"poly":["2","1"],"real":["-1","-1","1"],"imag":["0","0","0"]}
{"type":"angle","q":12,"p":16,"scale":3,"op":"sec","phase":1,"ok":1,"poly":["2","1"],"real":["-1","-1","1"],"imag":["0","0","0"]}
{"type":"angle","q":12,"p":16,"scale":3,"op":"csc","phase":0,"ok":1,"poly":["-4","0","3"],"real":["-52737397733379725446751724873925785406453816567","-52737397733379725446751724873925785405868761865","-155"],"imag":["0","0","0"]}
{"type":"angle","q":12,"p":16,"scale":3,"op":"csc","phase":1,"ok":1,"poly":["-4","0","3"],"real":["-5172468919249616863341937568092147056766342706421011827953660393523147335970039782107407052194822750209","-5172468919249616863341937568092147056766342706421011827953660393523147335970039782107407052193749008383","-341"],"imag":["0","0","0"]}
{"type":"angle","q":12,"p":17,"scale":1,"op":"root","phase":0,"ok":1,"poly":["1","0","-1","0","1"],"real":["-210300076476156892817421832906076868413144174248499808223378102408488511827176361837","-210300076476156892817421832906076868413144174248499808223378102408488511826958880915","-277"],"imag":["485667223056432267729865476705879726660601709763034880312953102434726071300864378819","485667223056432267729865476705879726660601709763034880312953102434726071301734082621","-279"],"recognized":1,"nullRecognized":1,"rp":5,"rq":12}
{"type":"angle","q":12,"p":17,"scale":1,"op":"root","phase":1,"ok":1,"poly":["1","0","-1","0","1"],"real":["-7758703378874425295012906352138220585149514059631517741930490590284721003955059673161110578291965689857","-7758703378874425295012906352138220585149514059631517741930490590284721003955059673161110578290891948031","-342"],"imag":["4479489484355608421114884561136888556243290994469299069799978201927583742360321890761754986542677360639","4479489484355608421114884561136888556243290994469299069799978201927583742360321890761754986543751102465","-342"],"recognized":1,"nullRecognized":1,"rp":5,"rq":12}
{"type":"angle","q":12,"p":17,"scale":1,"op":"exp","phase":0,"ok":1,"poly":["1","0","0","0","-1","0","0","0","1"],"real":["-7856245431816172162290389709064248614441352398402864854822025460265653792242478755","-7856245431816172162290389709064248614441352398402864854822025460265653792029506909","-274"],"imag":["-234559256866150787459725855090776802379876646209155615929250027604659460143536105331","-234559256866150787459725855090776802379876646209155615929250027604659460141831264397","-277"],"recognized":1,"nullRecognized":1,"rp":17,"rq":24}
{"type":"angle","q":12,"p":17,"scale":1,"op":"exp","phase":1,"ok":1,"poly":["1","0","0","0","-1","0","0","0","1"],"real":["-4637508763550806755267699943783311449087385184433440142669453830584931828904585217251269117119425413121","-4637508763550806755267699943783311449087385184433440142669453830584931828904585217251269117118351671295","-343"],"imag":["-8653709163058766985308234061084729743327048649507626793351847950658825964650651574936180574225199792129","-8653709163058766985308234061084729743327048649507626793351847950658825964650651574936180574224126050303","-342"],"recognized":1,"nullRecognized":1,"rp":17,"rq":24}
{"type":"angle","q":12,"p":17,"scale":1,"op":"sin","phase":0,"ok":1,"poly":["1","0","-16","0","16"],"real":["-88231386041354913186055833979011159037185865365","-88231386041354913186055833979011159035556940139","-156"],"imag":["0","0","0"]}
{"type":"angle","q":12,"p":17,"scale":1,"op":"sin","phase":1,"ok":1,"poly":["1","0","-16","0","16"],"real":["-8653709163058766985308234061084729743327048649507626793351847950658825964650651574936180574225199792129","-8653709163058766985308234061084729743327048649507626793351847950658825964650651574936180574224126050303","-342"],"imag":["0","0","0"]}
{"type":"angle","q":12,"p":17,"scale":1,"op":"cos","phase":0,"ok":1,"poly":["1","0","-16","0","16"],"real":["-446575849754036207871785660987839526935735670940793218893647225485303","-446575849754036207871785660987839526935735670940793218893646932543497","-230"],"imag":["0","0","0"]}
{"type":"angle","q":12,"p":17,"scale":1,"op":"cos","phase":1,"ok":1,"poly":["1","0","-16","0","16"],"real":["-4637508763550806755267699943783311449087385184433440142669453830584931828904585217251269117119425413121","-4637508763550806755267699943783311449087385184433440142669453830584931828904585217251269117118351671295","-343"],"imag":["0","0","0"]}
{"type":"angle","q":12,"p":17,"scale":1,"op":"tan","phase":0,"ok":1,"poly":["1","-4","1"],"real":["6439417006793818056314003275403716937481775476186630390598318790068423","6439417006793818056314003275403716937481775476186630390598319941302073","-230"],"imag":["0","0","0"]}
{"type":"angle","q":12,"p":17,"scale":1,"op":"tan","phase":1,"ok":1,"poly":["1","-4","1"],"real":["8358841173792821068621337737205998848818048024285057940765223497069944244337851727342310275688123334655","8358841173792821068621337737205998848818048024285057940765223497069944244337851727342310275689197076481","-340"],"imag":["0","0","0"]}
{"type":"angle","q":12,"p":17,"scale":1,"op":"cot","phase":0,"ok":1,"poly":["1","-4","1"],"real":["24475511466223688435205429467758021238266869087","24475511466223688435205429467758021238748531361","-156"],"imag":["0","0","0"]}
{"type":"angle","q":12,"p":17,"scale":1,"op":"cot","phase":1,"ok":1,"poly":["1","-4","1"],"real":["4801102359347166188867451080542226109348271717228321590677863254281785923062336433449597579177851092991","4801102359347166188867451080542226109348271717228321590677863254281785923062336433449597579178924834817","-343"],"imag":["0","0","0"]}
{"type":"angle","q":12,"p":17,"scale":1,"op":"sec","phase":0,"ok":1,"poly":["16","0","-16","0","1"],"real":["-44115693020677456593027916989505579518553344535","-44115693020677456593027916989505579517818058217","-153"],"imag":["0","0","0"]}
{"type":"angle","q":12,"p":17,"scale":1,"op":"sec","phase":1,"ok":1,"poly":["16","0","-16","0","1"],"real":["-8653709163058766985308234061084729743327048649507626793351847950658825964650651574936180574225199792129","-8653709163058766985308234061084729743327048649507626793351847950658825964650651574936180574224126050303","-340"],"imag":["0","0","0"]}
{"type":"angle","q":12,"p":17,"scale":1,"op":"csc","phase":0,"ok":1,"poly":["16","0","-16","0","1"],"real":["-446575849754036207871785660987839526935735670940793218893647225485303","-446575849754036207871785660987839526935735670940793218893646932543497","-228"],"imag":["0","0","0"]}
{"type":"angle","q":12,"p":17,"scale":1,"op":"csc","phase":1,"ok":1,"poly":["16","0","-16","0","1"],"real":["-4637508763550806755267699943783311449087385184433440142669453830584931828904585217251269117119425413121","-4637508763550806755267699943783311449087385184433440142669453830584931828904585217251269117118351671295","-341"],"imag":["0","0","0"]}
{"type":"angle","q":12,"p":17,"scale":3,"op":"root","phase":0,"ok":1,"poly":["1","0","-1","0","1"],"real":["-210300076476156892817421832906076868413144174248499808223378102408488511827176361837","-210300076476156892817421832906076868413144174248499808223378102408488511826958880915","-277"],"imag":["485667223056432267729865476705879726660601709763034880312953102434726071300864378819","485667223056432267729865476705879726660601709763034880312953102434726071301734082621","-279"],"recognized":1,"nullRecognized":1,"rp":5,"rq":12}
{"type":"angle","q":12,"p":17,"scale":3,"op":"root","phase":1,"ok":1,"poly":["1","0","-1","0","1"],"real":["-7758703378874425295012906352138220585149514059631517741930490590284721003955059673161110578291965689857","-7758703378874425295012906352138220585149514059631517741930490590284721003955059673161110578290891948031","-342"],"imag":["4479489484355608421114884561136888556243290994469299069799978201927583742360321890761754986542677360639","4479489484355608421114884561136888556243290994469299069799978201927583742360321890761754986543751102465","-342"],"recognized":1,"nullRecognized":1,"rp":5,"rq":12}
{"type":"angle","q":12,"p":17,"scale":3,"op":"exp","phase":0,"ok":1,"poly":["1","0","0","0","-1","0","0","0","1"],"real":["-7856245431816172162290389709064248614441352398402864854822025460265653792242478755","-7856245431816172162290389709064248614441352398402864854822025460265653792029506909","-274"],"imag":["-234559256866150787459725855090776802379876646209155615929250027604659460143536105331","-234559256866150787459725855090776802379876646209155615929250027604659460141831264397","-277"],"recognized":1,"nullRecognized":1,"rp":17,"rq":24}
{"type":"angle","q":12,"p":17,"scale":3,"op":"exp","phase":1,"ok":1,"poly":["1","0","0","0","-1","0","0","0","1"],"real":["-4637508763550806755267699943783311449087385184433440142669453830584931828904585217251269117119425413121","-4637508763550806755267699943783311449087385184433440142669453830584931828904585217251269117118351671295","-343"],"imag":["-8653709163058766985308234061084729743327048649507626793351847950658825964650651574936180574225199792129","-8653709163058766985308234061084729743327048649507626793351847950658825964650651574936180574224126050303","-342"],"recognized":1,"nullRecognized":1,"rp":17,"rq":24}
{"type":"angle","q":12,"p":17,"scale":3,"op":"sin","phase":0,"ok":1,"poly":["1","0","-16","0","16"],"real":["-88231386041354913186055833979011159037185865365","-88231386041354913186055833979011159035556940139","-156"],"imag":["0","0","0"]}
{"type":"angle","q":12,"p":17,"scale":3,"op":"sin","phase":1,"ok":1,"poly":["1","0","-16","0","16"],"real":["-8653709163058766985308234061084729743327048649507626793351847950658825964650651574936180574225199792129","-8653709163058766985308234061084729743327048649507626793351847950658825964650651574936180574224126050303","-342"],"imag":["0","0","0"]}
{"type":"angle","q":12,"p":17,"scale":3,"op":"cos","phase":0,"ok":1,"poly":["1","0","-16","0","16"],"real":["-446575849754036207871785660987839526935735670940793218893647225485303","-446575849754036207871785660987839526935735670940793218893646932543497","-230"],"imag":["0","0","0"]}
{"type":"angle","q":12,"p":17,"scale":3,"op":"cos","phase":1,"ok":1,"poly":["1","0","-16","0","16"],"real":["-4637508763550806755267699943783311449087385184433440142669453830584931828904585217251269117119425413121","-4637508763550806755267699943783311449087385184433440142669453830584931828904585217251269117118351671295","-343"],"imag":["0","0","0"]}
{"type":"angle","q":12,"p":17,"scale":3,"op":"tan","phase":0,"ok":1,"poly":["1","-4","1"],"real":["6439417006793818056314003275403716937481775476186630390598318790068423","6439417006793818056314003275403716937481775476186630390598319941302073","-230"],"imag":["0","0","0"]}
{"type":"angle","q":12,"p":17,"scale":3,"op":"tan","phase":1,"ok":1,"poly":["1","-4","1"],"real":["8358841173792821068621337737205998848818048024285057940765223497069944244337851727342310275688123334655","8358841173792821068621337737205998848818048024285057940765223497069944244337851727342310275689197076481","-340"],"imag":["0","0","0"]}
{"type":"angle","q":12,"p":17,"scale":3,"op":"cot","phase":0,"ok":1,"poly":["1","-4","1"],"real":["24475511466223688435205429467758021238266869087","24475511466223688435205429467758021238748531361","-156"],"imag":["0","0","0"]}
{"type":"angle","q":12,"p":17,"scale":3,"op":"cot","phase":1,"ok":1,"poly":["1","-4","1"],"real":["4801102359347166188867451080542226109348271717228321590677863254281785923062336433449597579177851092991","4801102359347166188867451080542226109348271717228321590677863254281785923062336433449597579178924834817","-343"],"imag":["0","0","0"]}
{"type":"angle","q":12,"p":17,"scale":3,"op":"sec","phase":0,"ok":1,"poly":["16","0","-16","0","1"],"real":["-44115693020677456593027916989505579518553344535","-44115693020677456593027916989505579517818058217","-153"],"imag":["0","0","0"]}
{"type":"angle","q":12,"p":17,"scale":3,"op":"sec","phase":1,"ok":1,"poly":["16","0","-16","0","1"],"real":["-8653709163058766985308234061084729743327048649507626793351847950658825964650651574936180574225199792129","-8653709163058766985308234061084729743327048649507626793351847950658825964650651574936180574224126050303","-340"],"imag":["0","0","0"]}
{"type":"angle","q":12,"p":17,"scale":3,"op":"csc","phase":0,"ok":1,"poly":["16","0","-16","0","1"],"real":["-446575849754036207871785660987839526935735670940793218893647225485303","-446575849754036207871785660987839526935735670940793218893646932543497","-228"],"imag":["0","0","0"]}
{"type":"angle","q":12,"p":17,"scale":3,"op":"csc","phase":1,"ok":1,"poly":["16","0","-16","0","1"],"real":["-4637508763550806755267699943783311449087385184433440142669453830584931828904585217251269117119425413121","-4637508763550806755267699943783311449087385184433440142669453830584931828904585217251269117118351671295","-341"],"imag":["0","0","0"]}
{"type":"angle","q":12,"p":18,"scale":1,"op":"root","phase":0,"ok":1,"poly":["1","1"],"real":["-1","-1","0"],"imag":["0","0","0"],"recognized":1,"nullRecognized":1,"rp":1,"rq":2}
{"type":"angle","q":12,"p":18,"scale":1,"op":"root","phase":1,"ok":1,"poly":["1","1"],"real":["-1","-1","0"],"imag":["0","0","0"],"recognized":1,"nullRecognized":1,"rp":1,"rq":2}
{"type":"angle","q":12,"p":18,"scale":1,"op":"exp","phase":0,"ok":1,"poly":["1","0","1"],"real":["0","0","0"],"imag":["-1","-1","0"],"recognized":1,"nullRecognized":1,"rp":3,"rq":4}
{"type":"angle","q":12,"p":18,"scale":1,"op":"exp","phase":1,"ok":1,"poly":["1","0","1"],"real":["0","0","0"],"imag":["-1","-1","0"],"recognized":1,"nullRecognized":1,"rp":3,"rq":4}
{"type":"angle","q":12,"p":18,"scale":1,"op":"sin","phase":0,"ok":1,"poly":["1","1"],"real":["-1","-1","0"],"imag":["0","0","0"]}
{"type":"angle","q":12,"p":18,"scale":1,"op":"sin","phase":1,"ok":1,"poly":["1","1"],"real":["-1","-1","0"],"imag":["0","0","0"]}
{"type":"angle","q":12,"p":18,"scale":1,"op":"cos","phase":0,"ok":1,"poly":["0","1"],"real":["0","0","0"],"imag":["0","0","0"]}
{"type":"angle","q":12,"p":18,"scale":1,"op":"cos","phase":1,"ok":1,"poly":["0","1"],"real":["0","0","0"],"imag":["0","0","0"]}
{"type":"angle","q":12,"p":18,"scale":1,"op":"tan","phase":0,"ok":0}
{"type":"angle","q":12,"p":18,"scale":1,"op":"tan","phase":1,"ok":0}
{"type":"angle","q":12,"p":18,"scale":1,"op":"cot","phase":0,"ok":1,"poly":["0","1"],"real":["0","0","0"],"imag":["0","0","0"]}
{"type":"angle","q":12,"p":18,"scale":1,"op":"cot","phase":1,"ok":1,"poly":["0","1"],"real":["0","0","0"],"imag":["0","0","0"]}
{"type":"angle","q":12,"p":18,"scale":1,"op":"sec","phase":0,"ok":0}
{"type":"angle","q":12,"p":18,"scale":1,"op":"sec","phase":1,"ok":0}
{"type":"angle","q":12,"p":18,"scale":1,"op":"csc","phase":0,"ok":1,"poly":["1","1"],"real":["-1","-1","0"],"imag":["0","0","0"]}
{"type":"angle","q":12,"p":18,"scale":1,"op":"csc","phase":1,"ok":1,"poly":["1","1"],"real":["-1","-1","0"],"imag":["0","0","0"]}
{"type":"angle","q":12,"p":18,"scale":3,"op":"root","phase":0,"ok":1,"poly":["1","1"],"real":["-1","-1","0"],"imag":["0","0","0"],"recognized":1,"nullRecognized":1,"rp":1,"rq":2}
{"type":"angle","q":12,"p":18,"scale":3,"op":"root","phase":1,"ok":1,"poly":["1","1"],"real":["-1","-1","0"],"imag":["0","0","0"],"recognized":1,"nullRecognized":1,"rp":1,"rq":2}
{"type":"angle","q":12,"p":18,"scale":3,"op":"exp","phase":0,"ok":1,"poly":["1","0","1"],"real":["0","0","0"],"imag":["-1","-1","0"],"recognized":1,"nullRecognized":1,"rp":3,"rq":4}
{"type":"angle","q":12,"p":18,"scale":3,"op":"exp","phase":1,"ok":1,"poly":["1","0","1"],"real":["0","0","0"],"imag":["-1","-1","0"],"recognized":1,"nullRecognized":1,"rp":3,"rq":4}
{"type":"angle","q":12,"p":18,"scale":3,"op":"sin","phase":0,"ok":1,"poly":["1","1"],"real":["-1","-1","0"],"imag":["0","0","0"]}
{"type":"angle","q":12,"p":18,"scale":3,"op":"sin","phase":1,"ok":1,"poly":["1","1"],"real":["-1","-1","0"],"imag":["0","0","0"]}
{"type":"angle","q":12,"p":18,"scale":3,"op":"cos","phase":0,"ok":1,"poly":["0","1"],"real":["0","0","0"],"imag":["0","0","0"]}
{"type":"angle","q":12,"p":18,"scale":3,"op":"cos","phase":1,"ok":1,"poly":["0","1"],"real":["0","0","0"],"imag":["0","0","0"]}
{"type":"angle","q":12,"p":18,"scale":3,"op":"tan","phase":0,"ok":0}
{"type":"angle","q":12,"p":18,"scale":3,"op":"tan","phase":1,"ok":0}
{"type":"angle","q":12,"p":18,"scale":3,"op":"cot","phase":0,"ok":1,"poly":["0","1"],"real":["0","0","0"],"imag":["0","0","0"]}
{"type":"angle","q":12,"p":18,"scale":3,"op":"cot","phase":1,"ok":1,"poly":["0","1"],"real":["0","0","0"],"imag":["0","0","0"]}
{"type":"angle","q":12,"p":18,"scale":3,"op":"sec","phase":0,"ok":0}
{"type":"angle","q":12,"p":18,"scale":3,"op":"sec","phase":1,"ok":0}
{"type":"angle","q":12,"p":18,"scale":3,"op":"csc","phase":0,"ok":1,"poly":["1","1"],"real":["-1","-1","0"],"imag":["0","0","0"]}
{"type":"angle","q":12,"p":18,"scale":3,"op":"csc","phase":1,"ok":1,"poly":["1","1"],"real":["-1","-1","0"],"imag":["0","0","0"]}
{"type":"angle","q":12,"p":19,"scale":1,"op":"root","phase":0,"ok":1,"poly":["1","0","-1","0","1"],"real":["-210300076476156892817421832906076868413144174248499808223378102408488511827176361837","-210300076476156892817421832906076868413144174248499808223378102408488511826958880915","-277"],"imag":["-485667223056432267729865476705879726660601709763034880312953102434726071301734082621","-485667223056432267729865476705879726660601709763034880312953102434726071300864378819","-279"],"recognized":1,"nullRecognized":1,"rp":7,"rq":12}
{"type":"angle","q":12,"p":19,"scale":1,"op":"root","phase":1,"ok":1,"poly":["1","0","-1","0","1"],"real":["-7758703378874425295012906352138220585149514059631517741930490590284721003955059673161110578291965689857","-7758703378874425295012906352138220585149514059631517741930490590284721003955059673161110578290891948031","-342"],"imag":["-4479489484355608421114884561136888556243290994469299069799978201927583742360321890761754986543751102465","-4479489484355608421114884561136888556243290994469299069799978201927583742360321890761754986542677360639","-342"],"recognized":1,"nullRecognized":1,"rp":7,"rq":12}
{"type":"angle","q":12,"p":19,"scale":1,"op":"exp","phase":0,"ok":1,"poly":["1","0","0","0","-1","0","0","0","1"],"real":["7856245431816172162290389709064248614441352398402864854822025460265653792029506909","7856245431816172162290389709064248614441352398402864854822025460265653792242478755","-274"],"imag":["-234559256866150787459725855090776802379876646209155615929250027604659460143536105331","-234559256866150787459725855090776802379876646209155615929250027604659460141831264397","-277"],"recognized":1,"nullRecognized":1,"rp":19,"rq":24}
{"type":"angle","q":12,"p":19,"scale":1,"op":"exp","phase":1,"ok":1,"poly":["1","0","0","0","-1","0","0","0","1"],"real":["4637508763550806755267699943783311449087385184433440142669453830584931828904585217251269117118351671295","4637508763550806755267699943783311449087385184433440142669453830584931828904585217251269117119425413121","-343"],"imag":["-8653709163058766985308234061084729743327048649507626793351847950658825964650651574936180574225199792129","-8653709163058766985308234061084729743327048649507626793351847950658825964650651574936180574224126050303","-342"],"recognized":1,"nullRecognized":1,"rp":19,"rq":24}
{"type":"angle","q":12,"p":19,"scale":1,"op":"sin","phase":0,"ok":1,"poly":["1","0","-16","0","16"],"real":["-88231386041354913186055833979011159037185865365","-88231386041354913186055833979011159035556940139","-156"],"imag":["0","0","0"]}
{"type":"angle","q":12,"p":19,"scale":1,"op":"sin","phase":1,"ok":1,"poly":["1","0","-16","0","16"],"real":["-8653709163058766985308234061084729743327048649507626793351847950658825964650651574936180574225199792129","-8653709163058766985308234061084729743327048649507626793351847950658825964650651574936180574224126050303","-342"],"imag":["0","0","0"]}
{"type":"angle","q":12,"p":19,"scale":1,"op":"cos","phase":0,"ok":1,"poly":["1","0","-16","0","16"],"real":["446575849754036207871785660987839526935735670940793218893646932543497","446575849754036207871785660987839526935735670940793218893647225485303","-230"],"imag":["0","0","0"]}
{"type":"angle","q":12,"p":19,"scale":1,"op":"cos","phase":1,"ok":1,"poly":["1","0","-16","0","16"],"real":["4637508763550806755267699943783311449087385184433440142669453830584931828904585217251269117118351671295","4637508763550806755267699943783311449087385184433440142669453830584931828904585217251269117119425413121","-343"],"imag":["0","0","0"]}
{"type":"angle","q":12,"p":19,"scale":1,"op":"tan","phase":0,"ok":1,"poly":["1","4","1"],"real":["-6439417006793818056314003275403716937481775476186630390598319941302073","-6439417006793818056314003275403716937481775476186630390598318790068423","-230"],"imag":["0","0","0"]}
{"type":"angle","q":12,"p":19,"scale":1,"op":"tan","phase":1,"ok":1,"poly":["1","4","1"],"real":["-8358841173792821068621337737205998848818048024285057940765223497069944244337851727342310275689197076481","-8358841173792821068621337737205998848818048024285057940765223497069944244337851727342310275688123334655","-340"],"imag":["0","0","0"]}
{"type":"angle","q":12,"p":19,"scale":1,"op":"cot","phase":0,"ok":1,"poly":["1","4","1"],"real":["-24475511466223688435205429467758021238748531361","-24475511466223688435205429467758021238266869087","-156"],"imag":["0","0","0"]}
{"type":"angle","q":12,"p":19,"scale":1,"op":"cot","phase":1,"ok":1,"poly":["1","4","1"],"real":["-4801102359347166188867451080542226109348271717228321590677863254281785923062336433449597579178924834817","-4801102359347166188867451080542226109348271717228321590677863254281785923062336433449597579177851092991","-343"],"imag":["0","0","0"]}
{"type":"angle","q":12,"p":19,"scale":1,"op":"sec","phase":0,"ok":1,"poly":["16","0","-16","0","1"],"real":["44115693020677456593027916989505579517818058217","44115693020677456593027916989505579518553344535","-153"],"imag":["0","0","0"]}
{"type":"angle","q":12,"p":19,"scale":1,"op":"sec","phase":1,"ok":1,"poly":["16","0","-16","0","1"],"real":["8653709163058766985308234061084729743327048649507626793351847950658825964650651574936180574224126050303","8653709163058766985308234061084729743327048649507626793351847950658825964650651574936180574225199792129","-340"],"imag":["0","0","0"]}
{"type":"angle","q":12,"p":19,"scale":1,"op":"csc","phase":0,"ok":1,"poly":["16","0","-16","0","1"],"real":["-446575849754036207871785660987839526935735670940793218893647225485303","-446575849754036207871785660987839526935735670940793218893646932543497","-228"],"imag":["0","0","0"]}
{"type":"angle","q":12,"p":19,"scale":1,"op":"csc","phase":1,"ok":1,"poly":["16","0","-16","0","1"],"real":["-4637508763550806755267699943783311449087385184433440142669453830584931828904585217251269117119425413121","-4637508763550806755267699943783311449087385184433440142669453830584931828904585217251269117118351671295","-341"],"imag":["0","0","0"]}
{"type":"angle","q":12,"p":19,"scale":3,"op":"root","phase":0,"ok":1,"poly":["1","0","-1","0","1"],"real":["-210300076476156892817421832906076868413144174248499808223378102408488511827176361837","-210300076476156892817421832906076868413144174248499808223378102408488511826958880915","-277"],"imag":["-485667223056432267729865476705879726660601709763034880312953102434726071301734082621","-485667223056432267729865476705879726660601709763034880312953102434726071300864378819","-279"],"recognized":1,"nullRecognized":1,"rp":7,"rq":12}
{"type":"angle","q":12,"p":19,"scale":3,"op":"root","phase":1,"ok":1,"poly":["1","0","-1","0","1"],"real":["-7758703378874425295012906352138220585149514059631517741930490590284721003955059673161110578291965689857","-7758703378874425295012906352138220585149514059631517741930490590284721003955059673161110578290891948031","-342"],"imag":["-4479489484355608421114884561136888556243290994469299069799978201927583742360321890761754986543751102465","-4479489484355608421114884561136888556243290994469299069799978201927583742360321890761754986542677360639","-342"],"recognized":1,"nullRecognized":1,"rp":7,"rq":12}
{"type":"angle","q":12,"p":19,"scale":3,"op":"exp","phase":0,"ok":1,"poly":["1","0","0","0","-1","0","0","0","1"],"real":["7856245431816172162290389709064248614441352398402864854822025460265653792029506909","7856245431816172162290389709064248614441352398402864854822025460265653792242478755","-274"],"imag":["-234559256866150787459725855090776802379876646209155615929250027604659460143536105331","-234559256866150787459725855090776802379876646209155615929250027604659460141831264397","-277"],"recognized":1,"nullRecognized":1,"rp":19,"rq":24}
{"type":"angle","q":12,"p":19,"scale":3,"op":"exp","phase":1,"ok":1,"poly":["1","0","0","0","-1","0","0","0","1"],"real":["4637508763550806755267699943783311449087385184433440142669453830584931828904585217251269117118351671295","4637508763550806755267699943783311449087385184433440142669453830584931828904585217251269117119425413121","-343"],"imag":["-8653709163058766985308234061084729743327048649507626793351847950658825964650651574936180574225199792129","-8653709163058766985308234061084729743327048649507626793351847950658825964650651574936180574224126050303","-342"],"recognized":1,"nullRecognized":1,"rp":19,"rq":24}
{"type":"angle","q":12,"p":19,"scale":3,"op":"sin","phase":0,"ok":1,"poly":["1","0","-16","0","16"],"real":["-88231386041354913186055833979011159037185865365","-88231386041354913186055833979011159035556940139","-156"],"imag":["0","0","0"]}
{"type":"angle","q":12,"p":19,"scale":3,"op":"sin","phase":1,"ok":1,"poly":["1","0","-16","0","16"],"real":["-8653709163058766985308234061084729743327048649507626793351847950658825964650651574936180574225199792129","-8653709163058766985308234061084729743327048649507626793351847950658825964650651574936180574224126050303","-342"],"imag":["0","0","0"]}
{"type":"angle","q":12,"p":19,"scale":3,"op":"cos","phase":0,"ok":1,"poly":["1","0","-16","0","16"],"real":["446575849754036207871785660987839526935735670940793218893646932543497","446575849754036207871785660987839526935735670940793218893647225485303","-230"],"imag":["0","0","0"]}
{"type":"angle","q":12,"p":19,"scale":3,"op":"cos","phase":1,"ok":1,"poly":["1","0","-16","0","16"],"real":["4637508763550806755267699943783311449087385184433440142669453830584931828904585217251269117118351671295","4637508763550806755267699943783311449087385184433440142669453830584931828904585217251269117119425413121","-343"],"imag":["0","0","0"]}
{"type":"angle","q":12,"p":19,"scale":3,"op":"tan","phase":0,"ok":1,"poly":["1","4","1"],"real":["-6439417006793818056314003275403716937481775476186630390598319941302073","-6439417006793818056314003275403716937481775476186630390598318790068423","-230"],"imag":["0","0","0"]}
{"type":"angle","q":12,"p":19,"scale":3,"op":"tan","phase":1,"ok":1,"poly":["1","4","1"],"real":["-8358841173792821068621337737205998848818048024285057940765223497069944244337851727342310275689197076481","-8358841173792821068621337737205998848818048024285057940765223497069944244337851727342310275688123334655","-340"],"imag":["0","0","0"]}
{"type":"angle","q":12,"p":19,"scale":3,"op":"cot","phase":0,"ok":1,"poly":["1","4","1"],"real":["-24475511466223688435205429467758021238748531361","-24475511466223688435205429467758021238266869087","-156"],"imag":["0","0","0"]}
{"type":"angle","q":12,"p":19,"scale":3,"op":"cot","phase":1,"ok":1,"poly":["1","4","1"],"real":["-4801102359347166188867451080542226109348271717228321590677863254281785923062336433449597579178924834817","-4801102359347166188867451080542226109348271717228321590677863254281785923062336433449597579177851092991","-343"],"imag":["0","0","0"]}
{"type":"angle","q":12,"p":19,"scale":3,"op":"sec","phase":0,"ok":1,"poly":["16","0","-16","0","1"],"real":["44115693020677456593027916989505579517818058217","44115693020677456593027916989505579518553344535","-153"],"imag":["0","0","0"]}
{"type":"angle","q":12,"p":19,"scale":3,"op":"sec","phase":1,"ok":1,"poly":["16","0","-16","0","1"],"real":["8653709163058766985308234061084729743327048649507626793351847950658825964650651574936180574224126050303","8653709163058766985308234061084729743327048649507626793351847950658825964650651574936180574225199792129","-340"],"imag":["0","0","0"]}
{"type":"angle","q":12,"p":19,"scale":3,"op":"csc","phase":0,"ok":1,"poly":["16","0","-16","0","1"],"real":["-446575849754036207871785660987839526935735670940793218893647225485303","-446575849754036207871785660987839526935735670940793218893646932543497","-228"],"imag":["0","0","0"]}
{"type":"angle","q":12,"p":19,"scale":3,"op":"csc","phase":1,"ok":1,"poly":["16","0","-16","0","1"],"real":["-4637508763550806755267699943783311449087385184433440142669453830584931828904585217251269117119425413121","-4637508763550806755267699943783311449087385184433440142669453830584931828904585217251269117118351671295","-341"],"imag":["0","0","0"]}
{"type":"angle","q":12,"p":20,"scale":1,"op":"root","phase":0,"ok":1,"poly":["1","1","1"],"real":["-2923003274661805836407369665432566039312575708607","-2923003274661805836407369665432566039311154463297","-162"],"imag":["-9888262075008698521265948413861084763695613837","-9888262075008698521265948413861084763581315187","-153"],"recognized":1,"nullRecognized":1,"rp":2,"rq":3}
{"type":"angle","q":12,"p":20,"scale":1,"op":"root","phase":1,"ok":1,"poly":["1","1","1"],"real":["-115172193140305827399949785796761135587064246228529065807379342658863042065190089480167441564259605943037975312218134915154131611020654072038617988630148194794852651","-115172193140305827399949785796761135587064246228529065807379342658863042065190089480167441564259605943037975312218134915154131611020654072038617988630148194588045013","-546"],"imag":["-7758703378874425295012906352138220585149514059631517741930490590284721003955059673161110578291965689857","-7758703378874425295012906352138220585149514059631517741930490590284721003955059673161110578290891948031","-342"],"recognized":1,"nullRecognized":1,"rp":2,"rq":3}
{"type":"angle","q":12,"p":20,"scale":1,"op":"exp","phase":0,"ok":1,"poly":["1","-1","1"],"real":["2923003274661805836407369665432566039311154463297","2923003274661805836407369665432566039312575708607","-162"],"imag":["-9888262075008698521265948413861084763695613837","-9888262075008698521265948413861084763581315187","-153"],"recognized":1,"nullRecognized":1,"rp":5,"rq":6}
{"type":"angle","q":12,"p":20,"scale":1,"op":"exp","phase":1,"ok":1,"poly":["1","-1","1"],"real":["115172193140305827399949785796761135587064246228529065807379342658863042065190089480167441564259605943037975312218134915154131611020654072038617988630148194588045013","115172193140305827399949785796761135587064246228529065807379342658863042065190089480167441564259605943037975312218134915154131611020654072038617988630148194794852651","-546"],"imag":["-7758703378874425295012906352138220585149514059631517741930490590284721003955059673161110578291965689857","-7758703378874425295012906352138220585149514059631517741930490590284721003955059673161110578290891948031","-342"],"recognized":1,"nullRecognized":1,"rp":5,"rq":6}
{"type":"angle","q":12,"p":20,"scale":1,"op":"sin","phase":0,"ok":1,"poly":["-3","0","4"],"real":["-158212193200139176340255174621777356219129827151","-158212193200139176340255174621777356217301037233","-157"],"imag":["0","0","0"]}
{"type":"angle","q":12,"p":20,"scale":1,"op":"sin","phase":1,"ok":1,"poly":["-3","0","4"],"real":["-7758703378874425295012906352138220585149514059631517741930490590284721003955059673161110578291965689857","-7758703378874425295012906352138220585149514059631517741930490590284721003955059673161110578290891948031","-342"],"imag":["0","0","0"]}
{"type":"angle","q":12,"p":20,"scale":1,"op":"cos","phase":0,"ok":1,"poly":["-1","2"],"real":["1","1","-1"],"imag":["0","0","0"]}
{"type":"angle","q":12,"p":20,"scale":1,"op":"cos","phase":1,"ok":1,"poly":["-1","2"],"real":["1","1","-1"],"imag":["0","0","0"]}
{"type":"angle","q":12,"p":20,"scale":1,"op":"tan","phase":0,"ok":1,"poly":["-3","0","1"],"real":["-294693174213430241384087455685767077317","-294693174213430241384087455685767077315","-127"],"imag":["0","0","0"]}
{"type":"angle","q":12,"p":20,"scale":1,"op":"tan","phase":1,"ok":1,"poly":["-3","0","1"],"real":["-7758703378874425295012906352138220585149514059631517741930490590284721003955059673161110578291965689857","-7758703378874425295012906352138220585149514059631517741930490590284721003955059673161110578290891948031","-341"],"imag":["0","0","0"]}
{"type":"angle","q":12,"p":20,"scale":1,"op":"cot","phase":0,"ok":1,"poly":["-1","0","3"],"real":["-52737397733379725446751724873925785406453816567","-52737397733379725446751724873925785405868761865","-156"],"imag":["0","0","0"]}
{"type":"angle","q":12,"p":20,"scale":1,"op":"cot","phase":1,"ok":1,"poly":["-1","0","3"],"real":["-5172468919249616863341937568092147056766342706421011827953660393523147335970039782107407052194822750209","-5172468919249616863341937568092147056766342706421011827953660393523147335970039782107407052193749008383","-342"],"imag":["0","0","0"]}
{"type":"angle","q":12,"p":20,"scale":1,"op":"sec","phase":0,"ok":1,"poly":["-2","1"],"real":["1","1","1"],"imag":["0","0","0"]}
{"type":"angle","q":12,"p":20,"scale":1,"op":"sec","phase":1,"ok":1,"poly":["-2","1"],"real":["1","1","1"],"imag":["0","0","0"]}
{"type":"angle","q":12,"p":20,"scale":1,"op":"csc","phase":0,"ok":1,"poly":["-4","0","3"],"real":["-52737397733379725446751724873925785406453816567","-52737397733379725446751724873925785405868761865","-155"],"imag":["0","0","0"]}
{"type":"angle","q":12,"p":20,"scale":1,"op":"csc","phase":1,"ok":1,"poly":["-4","0","3"],"real":["-5172468919249616863341937568092147056766342706421011827953660393523147335970039782107407052194822750209","-5172468919249616863341937568092147056766342706421011827953660393523147335970039782107407052193749008383","-341"],"imag":["0","0","0"]}
{"type":"angle","q":12,"p":20,"scale":3,"op":"root","phase":0,"ok":1,"poly":["1","1","1"],"real":["-2923003274661805836407369665432566039312575708607","-2923003274661805836407369665432566039311154463297","-162"],"imag":["-9888262075008698521265948413861084763695613837","-9888262075008698521265948413861084763581315187","-153"],"recognized":1,"nullRecognized":1,"rp":2,"rq":3}
{"type":"angle","q":12,"p":20,"scale":3,"op":"root","phase":1,"ok":1,"poly":["1","1","1"],"real":["-115172193140305827399949785796761135587064246228529065807379342658863042065190089480167441564259605943037975312218134915154131611020654072038617988630148194794852651","-115172193140305827399949785796761135587064246228529065807379342658863042065190089480167441564259605943037975312218134915154131611020654072038617988630148194588045013","-546"],"imag":["-7758703378874425295012906352138220585149514059631517741930490590284721003955059673161110578291965689857","-7758703378874425295012906352138220585149514059631517741930490590284721003955059673161110578290891948031","-342"],"recognized":1,"nullRecognized":1,"rp":2,"rq":3}
{"type":"angle","q":12,"p":20,"scale":3,"op":"exp","phase":0,"ok":1,"poly":["1","-1","1"],"real":["2923003274661805836407369665432566039311154463297","2923003274661805836407369665432566039312575708607","-162"],"imag":["-9888262075008698521265948413861084763695613837","-9888262075008698521265948413861084763581315187","-153"],"recognized":1,"nullRecognized":1,"rp":5,"rq":6}
{"type":"angle","q":12,"p":20,"scale":3,"op":"exp","phase":1,"ok":1,"poly":["1","-1","1"],"real":["115172193140305827399949785796761135587064246228529065807379342658863042065190089480167441564259605943037975312218134915154131611020654072038617988630148194588045013","115172193140305827399949785796761135587064246228529065807379342658863042065190089480167441564259605943037975312218134915154131611020654072038617988630148194794852651","-546"],"imag":["-7758703378874425295012906352138220585149514059631517741930490590284721003955059673161110578291965689857","-7758703378874425295012906352138220585149514059631517741930490590284721003955059673161110578290891948031","-342"],"recognized":1,"nullRecognized":1,"rp":5,"rq":6}
{"type":"angle","q":12,"p":20,"scale":3,"op":"sin","phase":0,"ok":1,"poly":["-3","0","4"],"real":["-158212193200139176340255174621777356219129827151","-158212193200139176340255174621777356217301037233","-157"],"imag":["0","0","0"]}
{"type":"angle","q":12,"p":20,"scale":3,"op":"sin","phase":1,"ok":1,"poly":["-3","0","4"],"real":["-7758703378874425295012906352138220585149514059631517741930490590284721003955059673161110578291965689857","-7758703378874425295012906352138220585149514059631517741930490590284721003955059673161110578290891948031","-342"],"imag":["0","0","0"]}
{"type":"angle","q":12,"p":20,"scale":3,"op":"cos","phase":0,"ok":1,"poly":["-1","2"],"real":["1","1","-1"],"imag":["0","0","0"]}
{"type":"angle","q":12,"p":20,"scale":3,"op":"cos","phase":1,"ok":1,"poly":["-1","2"],"real":["1","1","-1"],"imag":["0","0","0"]}
{"type":"angle","q":12,"p":20,"scale":3,"op":"tan","phase":0,"ok":1,"poly":["-3","0","1"],"real":["-294693174213430241384087455685767077317","-294693174213430241384087455685767077315","-127"],"imag":["0","0","0"]}
{"type":"angle","q":12,"p":20,"scale":3,"op":"tan","phase":1,"ok":1,"poly":["-3","0","1"],"real":["-7758703378874425295012906352138220585149514059631517741930490590284721003955059673161110578291965689857","-7758703378874425295012906352138220585149514059631517741930490590284721003955059673161110578290891948031","-341"],"imag":["0","0","0"]}
{"type":"angle","q":12,"p":20,"scale":3,"op":"cot","phase":0,"ok":1,"poly":["-1","0","3"],"real":["-52737397733379725446751724873925785406453816567","-52737397733379725446751724873925785405868761865","-156"],"imag":["0","0","0"]}
{"type":"angle","q":12,"p":20,"scale":3,"op":"cot","phase":1,"ok":1,"poly":["-1","0","3"],"real":["-5172468919249616863341937568092147056766342706421011827953660393523147335970039782107407052194822750209","-5172468919249616863341937568092147056766342706421011827953660393523147335970039782107407052193749008383","-342"],"imag":["0","0","0"]}
{"type":"angle","q":12,"p":20,"scale":3,"op":"sec","phase":0,"ok":1,"poly":["-2","1"],"real":["1","1","1"],"imag":["0","0","0"]}
{"type":"angle","q":12,"p":20,"scale":3,"op":"sec","phase":1,"ok":1,"poly":["-2","1"],"real":["1","1","1"],"imag":["0","0","0"]}
{"type":"angle","q":12,"p":20,"scale":3,"op":"csc","phase":0,"ok":1,"poly":["-4","0","3"],"real":["-52737397733379725446751724873925785406453816567","-52737397733379725446751724873925785405868761865","-155"],"imag":["0","0","0"]}
{"type":"angle","q":12,"p":20,"scale":3,"op":"csc","phase":1,"ok":1,"poly":["-4","0","3"],"real":["-5172468919249616863341937568092147056766342706421011827953660393523147335970039782107407052194822750209","-5172468919249616863341937568092147056766342706421011827953660393523147335970039782107407052193749008383","-341"],"imag":["0","0","0"]}
{"type":"angle","q":12,"p":21,"scale":1,"op":"root","phase":0,"ok":1,"poly":["1","0","1"],"real":["0","0","0"],"imag":["-1","-1","0"],"recognized":1,"nullRecognized":1,"rp":3,"rq":4}
{"type":"angle","q":12,"p":21,"scale":1,"op":"root","phase":1,"ok":1,"poly":["1","0","1"],"real":["0","0","0"],"imag":["-1","-1","0"],"recognized":1,"nullRecognized":1,"rp":3,"rq":4}
{"type":"angle","q":12,"p":21,"scale":1,"op":"exp","phase":0,"ok":1,"poly":["1","0","0","0","1"],"real":["10989394778343770250329775194768820061718132929403692613803124731042190707557378878361","10989394778343770250329775194768820061718132929403692613803124731042190707559249024103","-283"],"imag":["-10989394778343770250329775194768820061718132929403692613803124731042190707559249024103","-10989394778343770250329775194768820061718132929403692613803124731042190707557378878361","-283"],"recognized":1,"nullRecognized":1,"rp":7,"rq":8}
{"type":"angle","q":12,"p":21,"scale":1,"op":"exp","phase":1,"ok":1,"poly":["1","0","0","0","1"],"real":["6334954781283363607674384089193074018783356057290906722017121035366360050198358966310546015664681779199","6334954781283363607674384089193074018783356057290906722017121035366360050198358966310546015665755521025","-342"],"imag":["-6334954781283363607674384089193074018783356057290906722017121035366360050198358966310546015665755521025","-6334954781283363607674384089193074018783356057290906722017121035366360050198358966310546015664681779199","-342"],"recognized":1,"nullRecognized":1,"rp":7,"rq":8}
{"type":"angle","q":12,"p":21,"scale":1,"op":"sin","phase":0,"ok":1,"poly":["-1","0","2"],"real":["-64589857404495231666648405250431531953634641679","-64589857404495231666648405250431531952815765745","-156"],"imag":["0","0","0"]}
{"type":"angle","q":12,"p":21,"scale":1,"op":"sin","phase":1,"ok":1,"poly":["-1","0","2"],"real":["-6334954781283363607674384089193074018783356057290906722017121035366360050198358966310546015665755521025","-6334954781283363607674384089193074018783356057290906722017121035366360050198358966310546015664681779199","-342"],"imag":["0","0","0"]}
{"type":"angle","q":12,"p":21,"scale":1,"op":"cos","phase":0,"ok":1,"poly":["-1","0","2"],"real":["64589857404495231666648405250431531952815765745","64589857404495231666648405250431531953634641679","-156"],"imag":["0","0","0"]}
{"type":"angle","q":12,"p":21,"scale":1,"op":"cos","phase":1,"ok":1,"poly":["-1","0","2"],"real":["6334954781283363607674384089193074018783356057290906722017121035366360050198358966310546015664681779199","6334954781283363607674384089193074018783356057290906722017121035366360050198358966310546015665755521025","-342"],"imag":["0","0","0"]}
{"type":"angle","q":12,"p":21,"scale":1,"op":"tan","phase":0,"ok":1,"poly":["1","1"],"real":["-1","-1","0"],"imag":["0","0","0"]}
{"type":"angle","q":12,"p":21,"scale":1,"op":"tan","phase":1,"ok":1,"poly":["1","1"],"real":["-1","-1","0"],"imag":["0","0","0"]}
{"type":"angle","q":12,"p":21,"scale":1,"op":"cot","phase":0,"ok":1,"poly":["1","1"],"real":["-1","-1","0"],"imag":["0","0","0"]}
{"type":"angle","q":12,"p":21,"scale":1,"op":"cot","phase":1,"ok":1,"poly":["1","1"],"real":["-1","-1","0"],"imag":["0","0","0"]}
{"type":"angle","q":12,"p":21,"scale":1,"op":"sec","phase":0,"ok":1,"poly":["-2","0","1"],"real":["64589857404495231666648405250431531952815765745","64589857404495231666648405250431531953634641679","-155"],"imag":["0","0","0"]}
{"type":"angle","q":12,"p":21,"scale":1,"op":"sec","phase":1,"ok":1,"poly":["-2","0","1"],"real":["6334954781283363607674384089193074018783356057290906722017121035366360050198358966310546015664681779199","6334954781283363607674384089193074018783356057290906722017121035366360050198358966310546015665755521025","-341"],"imag":["0","0","0"]}
{"type":"angle","q":12,"p":21,"scale":1,"op":"csc","phase":0,"ok":1,"poly":["-2","0","1"],"real":["-64589857404495231666648405250431531953634641679","-64589857404495231666648405250431531952815765745","-155"],"imag":["0","0","0"]}
{"type":"angle","q":12,"p":21,"scale":1,"op":"csc","phase":1,"ok":1,"poly":["-2","0","1"],"real":["-6334954781283363607674384089193074018783356057290906722017121035366360050198358966310546015665755521025","-6334954781283363607674384089193074018783356057290906722017121035366360050198358966310546015664681779199","-341"],"imag":["0","0","0"]}
{"type":"angle","q":12,"p":21,"scale":3,"op":"root","phase":0,"ok":1,"poly":["1","0","1"],"real":["0","0","0"],"imag":["-1","-1","0"],"recognized":1,"nullRecognized":1,"rp":3,"rq":4}
{"type":"angle","q":12,"p":21,"scale":3,"op":"root","phase":1,"ok":1,"poly":["1","0","1"],"real":["0","0","0"],"imag":["-1","-1","0"],"recognized":1,"nullRecognized":1,"rp":3,"rq":4}
{"type":"angle","q":12,"p":21,"scale":3,"op":"exp","phase":0,"ok":1,"poly":["1","0","0","0","1"],"real":["10989394778343770250329775194768820061718132929403692613803124731042190707557378878361","10989394778343770250329775194768820061718132929403692613803124731042190707559249024103","-283"],"imag":["-10989394778343770250329775194768820061718132929403692613803124731042190707559249024103","-10989394778343770250329775194768820061718132929403692613803124731042190707557378878361","-283"],"recognized":1,"nullRecognized":1,"rp":7,"rq":8}
{"type":"angle","q":12,"p":21,"scale":3,"op":"exp","phase":1,"ok":1,"poly":["1","0","0","0","1"],"real":["6334954781283363607674384089193074018783356057290906722017121035366360050198358966310546015664681779199","6334954781283363607674384089193074018783356057290906722017121035366360050198358966310546015665755521025","-342"],"imag":["-6334954781283363607674384089193074018783356057290906722017121035366360050198358966310546015665755521025","-6334954781283363607674384089193074018783356057290906722017121035366360050198358966310546015664681779199","-342"],"recognized":1,"nullRecognized":1,"rp":7,"rq":8}
{"type":"angle","q":12,"p":21,"scale":3,"op":"sin","phase":0,"ok":1,"poly":["-1","0","2"],"real":["-64589857404495231666648405250431531953634641679","-64589857404495231666648405250431531952815765745","-156"],"imag":["0","0","0"]}
{"type":"angle","q":12,"p":21,"scale":3,"op":"sin","phase":1,"ok":1,"poly":["-1","0","2"],"real":["-6334954781283363607674384089193074018783356057290906722017121035366360050198358966310546015665755521025","-6334954781283363607674384089193074018783356057290906722017121035366360050198358966310546015664681779199","-342"],"imag":["0","0","0"]}
{"type":"angle","q":12,"p":21,"scale":3,"op":"cos","phase":0,"ok":1,"poly":["-1","0","2"],"real":["64589857404495231666648405250431531952815765745","64589857404495231666648405250431531953634641679","-156"],"imag":["0","0","0"]}
{"type":"angle","q":12,"p":21,"scale":3,"op":"cos","phase":1,"ok":1,"poly":["-1","0","2"],"real":["6334954781283363607674384089193074018783356057290906722017121035366360050198358966310546015664681779199","6334954781283363607674384089193074018783356057290906722017121035366360050198358966310546015665755521025","-342"],"imag":["0","0","0"]}
{"type":"angle","q":12,"p":21,"scale":3,"op":"tan","phase":0,"ok":1,"poly":["1","1"],"real":["-1","-1","0"],"imag":["0","0","0"]}
{"type":"angle","q":12,"p":21,"scale":3,"op":"tan","phase":1,"ok":1,"poly":["1","1"],"real":["-1","-1","0"],"imag":["0","0","0"]}
{"type":"angle","q":12,"p":21,"scale":3,"op":"cot","phase":0,"ok":1,"poly":["1","1"],"real":["-1","-1","0"],"imag":["0","0","0"]}
{"type":"angle","q":12,"p":21,"scale":3,"op":"cot","phase":1,"ok":1,"poly":["1","1"],"real":["-1","-1","0"],"imag":["0","0","0"]}
{"type":"angle","q":12,"p":21,"scale":3,"op":"sec","phase":0,"ok":1,"poly":["-2","0","1"],"real":["64589857404495231666648405250431531952815765745","64589857404495231666648405250431531953634641679","-155"],"imag":["0","0","0"]}
{"type":"angle","q":12,"p":21,"scale":3,"op":"sec","phase":1,"ok":1,"poly":["-2","0","1"],"real":["6334954781283363607674384089193074018783356057290906722017121035366360050198358966310546015664681779199","6334954781283363607674384089193074018783356057290906722017121035366360050198358966310546015665755521025","-341"],"imag":["0","0","0"]}
{"type":"angle","q":12,"p":21,"scale":3,"op":"csc","phase":0,"ok":1,"poly":["-2","0","1"],"real":["-64589857404495231666648405250431531953634641679","-64589857404495231666648405250431531952815765745","-155"],"imag":["0","0","0"]}
{"type":"angle","q":12,"p":21,"scale":3,"op":"csc","phase":1,"ok":1,"poly":["-2","0","1"],"real":["-6334954781283363607674384089193074018783356057290906722017121035366360050198358966310546015665755521025","-6334954781283363607674384089193074018783356057290906722017121035366360050198358966310546015664681779199","-341"],"imag":["0","0","0"]}
{"type":"angle","q":12,"p":22,"scale":1,"op":"root","phase":0,"ok":1,"poly":["1","-1","1"],"real":["2923003274661805836407369665432566039311154463297","2923003274661805836407369665432566039312575708607","-162"],"imag":["-9888262075008698521265948413861084763695613837","-9888262075008698521265948413861084763581315187","-153"],"recognized":1,"nullRecognized":1,"rp":5,"rq":6}
{"type":"angle","q":12,"p":22,"scale":1,"op":"root","phase":1,"ok":1,"poly":["1","-1","1"],"real":["115172193140305827399949785796761135587064246228529065807379342658863042065190089480167441564259605943037975312218134915154131611020654072038617988630148194588045013","115172193140305827399949785796761135587064246228529065807379342658863042065190089480167441564259605943037975312218134915154131611020654072038617988630148194794852651","-546"],"imag":["-7758703378874425295012906352138220585149514059631517741930490590284721003955059673161110578291965689857","-7758703378874425295012906352138220585149514059631517741930490590284721003955059673161110578290891948031","-342"],"recognized":1,"nullRecognized":1,"rp":5,"rq":6}
{"type":"angle","q":12,"p":22,"scale":1,"op":"exp","phase":0,"ok":1,"poly":["1","0","-1","0","1"],"real":["210300076476156892817421832906076868413144174248499808223378102408488511826958880915","210300076476156892817421832906076868413144174248499808223378102408488511827176361837","-277"],"imag":["-485667223056432267729865476705879726660601709763034880312953102434726071301734082621","-485667223056432267729865476705879726660601709763034880312953102434726071300864378819","-279"],"recognized":1,"nullRecognized":1,"rp":11,"rq":12}
{"type":"angle","q":12,"p":22,"scale":1,"op":"exp","phase":1,"ok":1,"poly":["1","0","-1","0","1"],"real":["7758703378874425295012906352138220585149514059631517741930490590284721003955059673161110578290891948031","7758703378874425295012906352138220585149514059631517741930490590284721003955059673161110578291965689857","-342"],"imag":["-4479489484355608421114884561136888556243290994469299069799978201927583742360321890761754986543751102465","-4479489484355608421114884561136888556243290994469299069799978201927583742360321890761754986542677360639","-342"],"recognized":1,"nullRecognized":1,"rp":11,"rq":12}
{"type":"angle","q":12,"p":22,"scale":1,"op":"sin","phase":0,"ok":1,"poly":["1","2"],"real":["-1","-1","-1"],"imag":["0","0","0"]}
{"type":"angle","q":12,"p":22,"scale":1,"op":"sin","phase":1,"ok":1,"poly":["1","2"],"real":["-1","-1","-1"],"imag":["0","0","0"]}
{"type":"angle","q":12,"p":22,"scale":1,"op":"cos","phase":0,"ok":1,"poly":["-3","0","4"],"real":["158212193200139176340255174621777356217301037233","158212193200139176340255174621777356219129827151","-157"],"imag":["0","0","0"]}
{"type":"angle","q":12,"p":22,"scale":1,"op":"cos","phase":1,"ok":1,"poly":["-3","0","4"],"real":["7758703378874425295012906352138220585149514059631517741930490590284721003955059673161110578290891948031","7758703378874425295012906352138220585149514059631517741930490590284721003955059673161110578291965689857","-342"],"imag":["0","0","0"]}
{"type":"angle","q":12,"p":22,"scale":1,"op":"tan","phase":0,"ok":1,"poly":["-1","0","3"],"real":["-52737397733379725446751724873925785406453816567","-52737397733379725446751724873925785405868761865","-156"],"imag":["0","0","0"]}
{"type":"angle","q":12,"p":22,"scale":1,"op":"tan","phase":1,"ok":1,"poly":["-1","0","3"],"real":["-5172468919249616863341937568092147056766342706421011827953660393523147335970039782107407052194822750209","-5172468919249616863341937568092147056766342706421011827953660393523147335970039782107407052193749008383","-342"],"imag":["0","0","0"]}
{"type":"angle","q":12,"p":22,"scale":1,"op":"cot","phase":0,"ok":1,"poly":["-3","0","1"],"real":["-158212193200139176340255174621777356219129827151","-158212193200139176340255174621777356217301037233","-156"],"imag":["0","0","0"]}
{"type":"angle","q":12,"p":22,"scale":1,"op":"cot","phase":1,"ok":1,"poly":["-3","0","1"],"real":["-7758703378874425295012906352138220585149514059631517741930490590284721003955059673161110578291965689857","-7758703378874425295012906352138220585149514059631517741930490590284721003955059673161110578290891948031","-341"],"imag":["0","0","0"]}
{"type":"angle","q":12,"p":22,"scale":1,"op":"sec","phase":0,"ok":1,"poly":["-4","0","3"],"real":["52737397733379725446751724873925785405868761865","52737397733379725446751724873925785406453816567","-155"],"imag":["0","0","0"]}
{"type":"angle","q":12,"p":22,"scale":1,"op":"sec","phase":1,"ok":1,"poly":["-4","0","3"],"real":["5172468919249616863341937568092147056766342706421011827953660393523147335970039782107407052193749008383","5172468919249616863341937568092147056766342706421011827953660393523147335970039782107407052194822750209","-341"],"imag":["0","0","0"]}
{"type":"angle","q":12,"p":22,"scale":1,"op":"csc","phase":0,"ok":1,"poly":["2","1"],"real":["-1","-1","1"],"imag":["0","0","0"]}
{"type":"angle","q":12,"p":22,"scale":1,"op":"csc","phase":1,"ok":1,"poly":["2","1"],"real":["-1","-1","1"],"imag":["0","0","0"]}
{"type":"angle","q":12,"p":22,"scale":3,"op":"root","phase":0,"ok":1,"poly":["1","-1","1"],"real":["2923003274661805836407369665432566039311154463297","2923003274661805836407369665432566039312575708607","-162"],"imag":["-9888262075008698521265948413861084763695613837","-9888262075008698521265948413861084763581315187","-153"],"recognized":1,"nullRecognized":1,"rp":5,"rq":6}
{"type":"angle","q":12,"p":22,"scale":3,"op":"root","phase":1,"ok":1,"poly":["1","-1","1"],"real":["115172193140305827399949785796761135587064246228529065807379342658863042065190089480167441564259605943037975312218134915154131611020654072038617988630148194588045013","115172193140305827399949785796761135587064246228529065807379342658863042065190089480167441564259605943037975312218134915154131611020654072038617988630148194794852651","-546"],"imag":["-7758703378874425295012906352138220585149514059631517741930490590284721003955059673161110578291965689857","-7758703378874425295012906352138220585149514059631517741930490590284721003955059673161110578290891948031","-342"],"recognized":1,"nullRecognized":1,"rp":5,"rq":6}
{"type":"angle","q":12,"p":22,"scale":3,"op":"exp","phase":0,"ok":1,"poly":["1","0","-1","0","1"],"real":["210300076476156892817421832906076868413144174248499808223378102408488511826958880915","210300076476156892817421832906076868413144174248499808223378102408488511827176361837","-277"],"imag":["-485667223056432267729865476705879726660601709763034880312953102434726071301734082621","-485667223056432267729865476705879726660601709763034880312953102434726071300864378819","-279"],"recognized":1,"nullRecognized":1,"rp":11,"rq":12}
{"type":"angle","q":12,"p":22,"scale":3,"op":"exp","phase":1,"ok":1,"poly":["1","0","-1","0","1"],"real":["7758703378874425295012906352138220585149514059631517741930490590284721003955059673161110578290891948031","7758703378874425295012906352138220585149514059631517741930490590284721003955059673161110578291965689857","-342"],"imag":["-4479489484355608421114884561136888556243290994469299069799978201927583742360321890761754986543751102465","-4479489484355608421114884561136888556243290994469299069799978201927583742360321890761754986542677360639","-342"],"recognized":1,"nullRecognized":1,"rp":11,"rq":12}
{"type":"angle","q":12,"p":22,"scale":3,"op":"sin","phase":0,"ok":1,"poly":["1","2"],"real":["-1","-1","-1"],"imag":["0","0","0"]}
{"type":"angle","q":12,"p":22,"scale":3,"op":"sin","phase":1,"ok":1,"poly":["1","2"],"real":["-1","-1","-1"],"imag":["0","0","0"]}
{"type":"angle","q":12,"p":22,"scale":3,"op":"cos","phase":0,"ok":1,"poly":["-3","0","4"],"real":["158212193200139176340255174621777356217301037233","158212193200139176340255174621777356219129827151","-157"],"imag":["0","0","0"]}
{"type":"angle","q":12,"p":22,"scale":3,"op":"cos","phase":1,"ok":1,"poly":["-3","0","4"],"real":["7758703378874425295012906352138220585149514059631517741930490590284721003955059673161110578290891948031","7758703378874425295012906352138220585149514059631517741930490590284721003955059673161110578291965689857","-342"],"imag":["0","0","0"]}
{"type":"angle","q":12,"p":22,"scale":3,"op":"tan","phase":0,"ok":1,"poly":["-1","0","3"],"real":["-52737397733379725446751724873925785406453816567","-52737397733379725446751724873925785405868761865","-156"],"imag":["0","0","0"]}
{"type":"angle","q":12,"p":22,"scale":3,"op":"tan","phase":1,"ok":1,"poly":["-1","0","3"],"real":["-5172468919249616863341937568092147056766342706421011827953660393523147335970039782107407052194822750209","-5172468919249616863341937568092147056766342706421011827953660393523147335970039782107407052193749008383","-342"],"imag":["0","0","0"]}
{"type":"angle","q":12,"p":22,"scale":3,"op":"cot","phase":0,"ok":1,"poly":["-3","0","1"],"real":["-158212193200139176340255174621777356219129827151","-158212193200139176340255174621777356217301037233","-156"],"imag":["0","0","0"]}
{"type":"angle","q":12,"p":22,"scale":3,"op":"cot","phase":1,"ok":1,"poly":["-3","0","1"],"real":["-7758703378874425295012906352138220585149514059631517741930490590284721003955059673161110578291965689857","-7758703378874425295012906352138220585149514059631517741930490590284721003955059673161110578290891948031","-341"],"imag":["0","0","0"]}
{"type":"angle","q":12,"p":22,"scale":3,"op":"sec","phase":0,"ok":1,"poly":["-4","0","3"],"real":["52737397733379725446751724873925785405868761865","52737397733379725446751724873925785406453816567","-155"],"imag":["0","0","0"]}
{"type":"angle","q":12,"p":22,"scale":3,"op":"sec","phase":1,"ok":1,"poly":["-4","0","3"],"real":["5172468919249616863341937568092147056766342706421011827953660393523147335970039782107407052193749008383","5172468919249616863341937568092147056766342706421011827953660393523147335970039782107407052194822750209","-341"],"imag":["0","0","0"]}
{"type":"angle","q":12,"p":22,"scale":3,"op":"csc","phase":0,"ok":1,"poly":["2","1"],"real":["-1","-1","1"],"imag":["0","0","0"]}
{"type":"angle","q":12,"p":22,"scale":3,"op":"csc","phase":1,"ok":1,"poly":["2","1"],"real":["-1","-1","1"],"imag":["0","0","0"]}
{"type":"angle","q":12,"p":23,"scale":1,"op":"root","phase":0,"ok":1,"poly":["1","0","-1","0","1"],"real":["210300076476156892817421832906076868413144174248499808223378102408488511826958880915","210300076476156892817421832906076868413144174248499808223378102408488511827176361837","-277"],"imag":["-485667223056432267729865476705879726660601709763034880312953102434726071301734082621","-485667223056432267729865476705879726660601709763034880312953102434726071300864378819","-279"],"recognized":1,"nullRecognized":1,"rp":11,"rq":12}
{"type":"angle","q":12,"p":23,"scale":1,"op":"root","phase":1,"ok":1,"poly":["1","0","-1","0","1"],"real":["7758703378874425295012906352138220585149514059631517741930490590284721003955059673161110578290891948031","7758703378874425295012906352138220585149514059631517741930490590284721003955059673161110578291965689857","-342"],"imag":["-4479489484355608421114884561136888556243290994469299069799978201927583742360321890761754986543751102465","-4479489484355608421114884561136888556243290994469299069799978201927583742360321890761754986542677360639","-342"],"recognized":1,"nullRecognized":1,"rp":11,"rq":12}
{"type":"angle","q":12,"p":23,"scale":1,"op":"exp","phase":0,"ok":1,"poly":["1","0","0","0","-1","0","0","0","1"],"real":["234559256866150787459725855090776802379876646209155615929250027604659460141831264397","234559256866150787459725855090776802379876646209155615929250027604659460143536105331","-277"],"imag":["-31424981727264688649161558836256994457765409593611459419288101841062615168969915021","-31424981727264688649161558836256994457765409593611459419288101841062615168118027635","-276"],"recognized":1,"nullRecognized":1,"rp":23,"rq":24}
{"type":"angle","q":12,"p":23,"scale":1,"op":"exp","phase":1,"ok":1,"poly":["1","0","0","0","-1","0","0","0","1"],"real":["8653709163058766985308234061084729743327048649507626793351847950658825964650651574936180574224126050303","8653709163058766985308234061084729743327048649507626793351847950658825964650651574936180574225199792129","-342"],"imag":["-4637508763550806755267699943783311449087385184433440142669453830584931828904585217251269117119425413121","-4637508763550806755267699943783311449087385184433440142669453830584931828904585217251269117118351671295","-343"],"recognized":1,"nullRecognized":1,"rp":23,"rq":24}
{"type":"angle","q":12,"p":23,"scale":1,"op":"sin","phase":0,"ok":1,"poly":["1","0","-16","0","16"],"real":["-446575849754036207871785660987839526935735670940793218893647225485303","-446575849754036207871785660987839526935735670940793218893646932543497","-230"],"imag":["0","0","0"]}
{"type":"angle","q":12,"p":23,"scale":1,"op":"sin","phase":1,"ok":1,"poly":["1","0","-16","0","16"],"real":["-4637508763550806755267699943783311449087385184433440142669453830584931828904585217251269117119425413121","-4637508763550806755267699943783311449087385184433440142669453830584931828904585217251269117118351671295","-343"],"imag":["0","0","0"]}
{"type":"angle","q":12,"p":23,"scale":1,"op":"cos","phase":0,"ok":1,"poly":["1","0","-16","0","16"],"real":["88231386041354913186055833979011159035556940139","88231386041354913186055833979011159037185865365","-156"],"imag":["0","0","0"]}
{"type":"angle","q":12,"p":23,"scale":1,"op":"cos","phase":1,"ok":1,"poly":["1","0","-16","0","16"],"real":["8653709163058766985308234061084729743327048649507626793351847950658825964650651574936180574224126050303","8653709163058766985308234061084729743327048649507626793351847950658825964650651574936180574225199792129","-342"],"imag":["0","0","0"]}
{"type":"angle","q":12,"p":23,"scale":1,"op":"tan","phase":0,"ok":1,"poly":["1","4","1"],"real":["-97902045864894753740821717871032084954186030781","-97902045864894753740821717871032084952801829187","-158"],"imag":["0","0","0"]}
{"type":"angle","q":12,"p":23,"scale":1,"op":"tan","phase":1,"ok":1,"poly":["1","4","1"],"real":["-4801102359347166188867451080542226109348271717228321590677863254281785923062336433449597579178924834817","-4801102359347166188867451080542226109348271717228321590677863254281785923062336433449597579177851092991","-343"],"imag":["0","0","0"]}
{"type":"angle","q":12,"p":23,"scale":1,"op":"cot","phase":0,"ok":1,"poly":["1","4","1"],"real":["-85224974466625510278928944677828183419856723205","-85224974466625510278928944677828183418283647739","-154"],"imag":["0","0","0"]}
{"type":"angle","q":12,"p":23,"scale":1,"op":"cot","phase":1,"ok":1,"poly":["1","4","1"],"real":["-8358841173792821068621337737205998848818048024285057940765223497069944244337851727342310275689197076481","-8358841173792821068621337737205998848818048024285057940765223497069944244337851727342310275688123334655","-340"],"imag":["0","0","0"]}
{"type":"angle","q":12,"p":23,"scale":1,"op":"sec","phase":0,"ok":1,"poly":["16","0","-16","0","1"],"real":["446575849754036207871785660987839526935735670940793218893646932543497","446575849754036207871785660987839526935735670940793218893647225485303","-228"],"imag":["0","0","0"]}
{"type":"angle","q":12,"p":23,"scale":1,"op":"sec","phase":1,"ok":1,"poly":["16","0","-16","0","1"],"real":["4637508763550806755267699943783311449087385184433440142669453830584931828904585217251269117118351671295","4637508763550806755267699943783311449087385184433440142669453830584931828904585217251269117119425413121","-341"],"imag":["0","0","0"]}
{"type":"angle","q":12,"p":23,"scale":1,"op":"csc","phase":0,"ok":1,"poly":["16","0","-16","0","1"],"real":["-44115693020677456593027916989505579518553344535","-44115693020677456593027916989505579517818058217","-153"],"imag":["0","0","0"]}
{"type":"angle","q":12,"p":23,"scale":1,"op":"csc","phase":1,"ok":1,"poly":["16","0","-16","0","1"],"real":["-8653709163058766985308234061084729743327048649507626793351847950658825964650651574936180574225199792129","-8653709163058766985308234061084729743327048649507626793351847950658825964650651574936180574224126050303","-340"],"imag":["0","0","0"]}
{"type":"angle","q":12,"p":23,"scale":3,"op":"root","phase":0,"ok":1,"poly":["1","0","-1","0","1"],"real":["210300076476156892817421832906076868413144174248499808223378102408488511826958880915","210300076476156892817421832906076868413144174248499808223378102408488511827176361837","-277"],"imag":["-485667223056432267729865476705879726660601709763034880312953102434726071301734082621","-485667223056432267729865476705879726660601709763034880312953102434726071300864378819","-279"],"recognized":1,"nullRecognized":1,"rp":11,"rq":12}
{"type":"angle","q":12,"p":23,"scale":3,"op":"root","phase":1,"ok":1,"poly":["1","0","-1","0","1"],"real":["7758703378874425295012906352138220585149514059631517741930490590284721003955059673161110578290891948031","7758703378874425295012906352138220585149514059631517741930490590284721003955059673161110578291965689857","-342"],"imag":["-4479489484355608421114884561136888556243290994469299069799978201927583742360321890761754986543751102465","-4479489484355608421114884561136888556243290994469299069799978201927583742360321890761754986542677360639","-342"],"recognized":1,"nullRecognized":1,"rp":11,"rq":12}
{"type":"angle","q":12,"p":23,"scale":3,"op":"exp","phase":0,"ok":1,"poly":["1","0","0","0","-1","0","0","0","1"],"real":["234559256866150787459725855090776802379876646209155615929250027604659460141831264397","234559256866150787459725855090776802379876646209155615929250027604659460143536105331","-277"],"imag":["-31424981727264688649161558836256994457765409593611459419288101841062615168969915021","-31424981727264688649161558836256994457765409593611459419288101841062615168118027635","-276"],"recognized":1,"nullRecognized":1,"rp":23,"rq":24}
{"type":"angle","q":12,"p":23,"scale":3,"op":"exp","phase":1,"ok":1,"poly":["1","0","0","0","-1","0","0","0","1"],"real":["8653709163058766985308234061084729743327048649507626793351847950658825964650651574936180574224126050303","8653709163058766985308234061084729743327048649507626793351847950658825964650651574936180574225199792129","-342"],"imag":["-4637508763550806755267699943783311449087385184433440142669453830584931828904585217251269117119425413121","-4637508763550806755267699943783311449087385184433440142669453830584931828904585217251269117118351671295","-343"],"recognized":1,"nullRecognized":1,"rp":23,"rq":24}
{"type":"angle","q":12,"p":23,"scale":3,"op":"sin","phase":0,"ok":1,"poly":["1","0","-16","0","16"],"real":["-446575849754036207871785660987839526935735670940793218893647225485303","-446575849754036207871785660987839526935735670940793218893646932543497","-230"],"imag":["0","0","0"]}
{"type":"angle","q":12,"p":23,"scale":3,"op":"sin","phase":1,"ok":1,"poly":["1","0","-16","0","16"],"real":["-4637508763550806755267699943783311449087385184433440142669453830584931828904585217251269117119425413121","-4637508763550806755267699943783311449087385184433440142669453830584931828904585217251269117118351671295","-343"],"imag":["0","0","0"]}
{"type":"angle","q":12,"p":23,"scale":3,"op":"cos","phase":0,"ok":1,"poly":["1","0","-16","0","16"],"real":["88231386041354913186055833979011159035556940139","88231386041354913186055833979011159037185865365","-156"],"imag":["0","0","0"]}
{"type":"angle","q":12,"p":23,"scale":3,"op":"cos","phase":1,"ok":1,"poly":["1","0","-16","0","16"],"real":["8653709163058766985308234061084729743327048649507626793351847950658825964650651574936180574224126050303","8653709163058766985308234061084729743327048649507626793351847950658825964650651574936180574225199792129","-342"],"imag":["0","0","0"]}
{"type":"angle","q":12,"p":23,"scale":3,"op":"tan","phase":0,"ok":1,"poly":["1","4","1"],"real":["-97902045864894753740821717871032084954186030781","-97902045864894753740821717871032084952801829187","-158"],"imag":["0","0","0"]}
{"type":"angle","q":12,"p":23,"scale":3,"op":"tan","phase":1,"ok":1,"poly":["1","4","1"],"real":["-4801102359347166188867451080542226109348271717228321590677863254281785923062336433449597579178924834817","-4801102359347166188867451080542226109348271717228321590677863254281785923062336433449597579177851092991","-343"],"imag":["0","0","0"]}
{"type":"angle","q":12,"p":23,"scale":3,"op":"cot","phase":0,"ok":1,"poly":["1","4","1"],"real":["-85224974466625510278928944677828183419856723205","-85224974466625510278928944677828183418283647739","-154"],"imag":["0","0","0"]}
{"type":"angle","q":12,"p":23,"scale":3,"op":"cot","phase":1,"ok":1,"poly":["1","4","1"],"real":["-8358841173792821068621337737205998848818048024285057940765223497069944244337851727342310275689197076481","-8358841173792821068621337737205998848818048024285057940765223497069944244337851727342310275688123334655","-340"],"imag":["0","0","0"]}
{"type":"angle","q":12,"p":23,"scale":3,"op":"sec","phase":0,"ok":1,"poly":["16","0","-16","0","1"],"real":["446575849754036207871785660987839526935735670940793218893646932543497","446575849754036207871785660987839526935735670940793218893647225485303","-228"],"imag":["0","0","0"]}
{"type":"angle","q":12,"p":23,"scale":3,"op":"sec","phase":1,"ok":1,"poly":["16","0","-16","0","1"],"real":["4637508763550806755267699943783311449087385184433440142669453830584931828904585217251269117118351671295","4637508763550806755267699943783311449087385184433440142669453830584931828904585217251269117119425413121","-341"],"imag":["0","0","0"]}
{"type":"angle","q":12,"p":23,"scale":3,"op":"csc","phase":0,"ok":1,"poly":["16","0","-16","0","1"],"real":["-44115693020677456593027916989505579518553344535","-44115693020677456593027916989505579517818058217","-153"],"imag":["0","0","0"]}
{"type":"angle","q":12,"p":23,"scale":3,"op":"csc","phase":1,"ok":1,"poly":["16","0","-16","0","1"],"real":["-8653709163058766985308234061084729743327048649507626793351847950658825964650651574936180574225199792129","-8653709163058766985308234061084729743327048649507626793351847950658825964650651574936180574224126050303","-340"],"imag":["0","0","0"]}
{"type":"angle","q":12,"p":24,"scale":1,"op":"root","phase":0,"ok":1,"poly":["-1","1"],"real":["1","1","0"],"imag":["0","0","0"],"recognized":1,"nullRecognized":1,"rp":0,"rq":1}
{"type":"angle","q":12,"p":24,"scale":1,"op":"root","phase":1,"ok":1,"poly":["-1","1"],"real":["1","1","0"],"imag":["0","0","0"],"recognized":1,"nullRecognized":1,"rp":0,"rq":1}
{"type":"angle","q":12,"p":24,"scale":1,"op":"exp","phase":0,"ok":1,"poly":["-1","1"],"real":["1","1","0"],"imag":["0","0","0"],"recognized":1,"nullRecognized":1,"rp":0,"rq":1}
{"type":"angle","q":12,"p":24,"scale":1,"op":"exp","phase":1,"ok":1,"poly":["-1","1"],"real":["1","1","0"],"imag":["0","0","0"],"recognized":1,"nullRecognized":1,"rp":0,"rq":1}
{"type":"angle","q":12,"p":24,"scale":1,"op":"sin","phase":0,"ok":1,"poly":["0","1"],"real":["0","0","0"],"imag":["0","0","0"]}
{"type":"angle","q":12,"p":24,"scale":1,"op":"sin","phase":1,"ok":1,"poly":["0","1"],"real":["0","0","0"],"imag":["0","0","0"]}
{"type":"angle","q":12,"p":24,"scale":1,"op":"cos","phase":0,"ok":1,"poly":["-1","1"],"real":["1","1","0"],"imag":["0","0","0"]}
{"type":"angle","q":12,"p":24,"scale":1,"op":"cos","phase":1,"ok":1,"poly":["-1","1"],"real":["1","1","0"],"imag":["0","0","0"]}
{"type":"angle","q":12,"p":24,"scale":1,"op":"tan","phase":0,"ok":1,"poly":["0","1"],"real":["0","0","0"],"imag":["0","0","0"]}
{"type":"angle","q":12,"p":24,"scale":1,"op":"tan","phase":1,"ok":1,"poly":["0","1"],"real":["0","0","0"],"imag":["0","0","0"]}
{"type":"angle","q":12,"p":24,"scale":1,"op":"cot","phase":0,"ok":0}
{"type":"angle","q":12,"p":24,"scale":1,"op":"cot","phase":1,"ok":0}
{"type":"angle","q":12,"p":24,"scale":1,"op":"sec","phase":0,"ok":1,"poly":["-1","1"],"real":["1","1","0"],"imag":["0","0","0"]}
{"type":"angle","q":12,"p":24,"scale":1,"op":"sec","phase":1,"ok":1,"poly":["-1","1"],"real":["1","1","0"],"imag":["0","0","0"]}
{"type":"angle","q":12,"p":24,"scale":1,"op":"csc","phase":0,"ok":0}
{"type":"angle","q":12,"p":24,"scale":1,"op":"csc","phase":1,"ok":0}
{"type":"angle","q":12,"p":24,"scale":3,"op":"root","phase":0,"ok":1,"poly":["-1","1"],"real":["1","1","0"],"imag":["0","0","0"],"recognized":1,"nullRecognized":1,"rp":0,"rq":1}
{"type":"angle","q":12,"p":24,"scale":3,"op":"root","phase":1,"ok":1,"poly":["-1","1"],"real":["1","1","0"],"imag":["0","0","0"],"recognized":1,"nullRecognized":1,"rp":0,"rq":1}
{"type":"angle","q":12,"p":24,"scale":3,"op":"exp","phase":0,"ok":1,"poly":["-1","1"],"real":["1","1","0"],"imag":["0","0","0"],"recognized":1,"nullRecognized":1,"rp":0,"rq":1}
{"type":"angle","q":12,"p":24,"scale":3,"op":"exp","phase":1,"ok":1,"poly":["-1","1"],"real":["1","1","0"],"imag":["0","0","0"],"recognized":1,"nullRecognized":1,"rp":0,"rq":1}
{"type":"angle","q":12,"p":24,"scale":3,"op":"sin","phase":0,"ok":1,"poly":["0","1"],"real":["0","0","0"],"imag":["0","0","0"]}
{"type":"angle","q":12,"p":24,"scale":3,"op":"sin","phase":1,"ok":1,"poly":["0","1"],"real":["0","0","0"],"imag":["0","0","0"]}
{"type":"angle","q":12,"p":24,"scale":3,"op":"cos","phase":0,"ok":1,"poly":["-1","1"],"real":["1","1","0"],"imag":["0","0","0"]}
{"type":"angle","q":12,"p":24,"scale":3,"op":"cos","phase":1,"ok":1,"poly":["-1","1"],"real":["1","1","0"],"imag":["0","0","0"]}
{"type":"angle","q":12,"p":24,"scale":3,"op":"tan","phase":0,"ok":1,"poly":["0","1"],"real":["0","0","0"],"imag":["0","0","0"]}
{"type":"angle","q":12,"p":24,"scale":3,"op":"tan","phase":1,"ok":1,"poly":["0","1"],"real":["0","0","0"],"imag":["0","0","0"]}
{"type":"angle","q":12,"p":24,"scale":3,"op":"cot","phase":0,"ok":0}
{"type":"angle","q":12,"p":24,"scale":3,"op":"cot","phase":1,"ok":0}
{"type":"angle","q":12,"p":24,"scale":3,"op":"sec","phase":0,"ok":1,"poly":["-1","1"],"real":["1","1","0"],"imag":["0","0","0"]}
{"type":"angle","q":12,"p":24,"scale":3,"op":"sec","phase":1,"ok":1,"poly":["-1","1"],"real":["1","1","0"],"imag":["0","0","0"]}
{"type":"angle","q":12,"p":24,"scale":3,"op":"csc","phase":0,"ok":0}
{"type":"angle","q":12,"p":24,"scale":3,"op":"csc","phase":1,"ok":0}
{"type":"nonroot","control":0,"phase":0,"recognized":0,"nullRecognized":0}
{"type":"nonroot","control":0,"phase":1,"recognized":0,"nullRecognized":0}
{"type":"nonroot","control":1,"phase":0,"recognized":0,"nullRecognized":0}
{"type":"nonroot","control":1,"phase":1,"recognized":0,"nullRecognized":0}
{"type":"nonroot","control":2,"phase":0,"recognized":0,"nullRecognized":0}
{"type":"nonroot","control":2,"phase":1,"recognized":0,"nullRecognized":0}
{"type":"nonroot","control":3,"phase":0,"recognized":0,"nullRecognized":0}
{"type":"nonroot","control":3,"phase":1,"recognized":0,"nullRecognized":0}
{"type":"nonroot","control":4,"phase":0,"recognized":0,"nullRecognized":0}
{"type":"nonroot","control":4,"phase":1,"recognized":0,"nullRecognized":0}
{"type":"terminal","rowsBeforeTerminal":3786}
