{"certificate":"Equal { certificate: StructuralEquality }","control":"identity","family":"angle","k":0,"op":"asin","outcome":"Equal","p":0,"precision":-64,"q":12,"representation":"stored"}
{"certificate":"NotEqual { certificate: ExactRationalComparison }","control":"perturbed","family":"angle","k":0,"op":"asin","outcome":"NotEqual","p":0,"precision":-64,"q":12,"representation":"stored"}
{"certificate":"Equal { certificate: StructuralEquality }","control":"identity","family":"angle","k":0,"op":"asin","outcome":"Equal","p":0,"precision":-256,"q":12,"representation":"stored"}
{"certificate":"NotEqual { certificate: ExactRationalComparison }","control":"perturbed","family":"angle","k":0,"op":"asin","outcome":"NotEqual","p":0,"precision":-256,"q":12,"representation":"stored"}
{"certificate":"Equal { certificate: StructuralEquality }","control":"identity","family":"angle","k":0,"op":"asin","outcome":"Equal","p":0,"precision":-64,"q":12,"representation":"radical"}
{"certificate":"NotEqual { certificate: ExactRationalComparison }","control":"perturbed","family":"angle","k":0,"op":"asin","outcome":"NotEqual","p":0,"precision":-64,"q":12,"representation":"radical"}
{"certificate":"Equal { certificate: StructuralEquality }","control":"identity","family":"angle","k":0,"op":"asin","outcome":"Equal","p":0,"precision":-256,"q":12,"representation":"radical"}
{"certificate":"NotEqual { certificate: ExactRationalComparison }","control":"perturbed","family":"angle","k":0,"op":"asin","outcome":"NotEqual","p":0,"precision":-256,"q":12,"representation":"radical"}
{"certificate":"Equal { certificate: StructuralEquality }","control":"identity","family":"angle","k":0,"op":"asin","outcome":"Equal","p":0,"precision":-64,"q":12,"representation":"huge-period"}
{"certificate":"NotEqual { certificate: ExactRationalComparison }","control":"perturbed","family":"angle","k":0,"op":"asin","outcome":"NotEqual","p":0,"precision":-64,"q":12,"representation":"huge-period"}
{"certificate":"Equal { certificate: StructuralEquality }","control":"identity","family":"angle","k":0,"op":"asin","outcome":"Equal","p":0,"precision":-256,"q":12,"representation":"huge-period"}
{"certificate":"NotEqual { certificate: ExactRationalComparison }","control":"perturbed","family":"angle","k":0,"op":"asin","outcome":"NotEqual","p":0,"precision":-256,"q":12,"representation":"huge-period"}
{"certificate":"Equal { certificate: StructuralEquality }","control":"identity","family":"angle","k":1,"op":"asin","outcome":"Equal","p":1,"precision":-64,"q":12,"representation":"stored"}
{"certificate":"NotEqual { certificate: DifferenceStructuralFacts }","control":"perturbed","family":"angle","k":1,"op":"asin","outcome":"NotEqual","p":1,"precision":-64,"q":12,"representation":"stored"}
{"certificate":"Equal { certificate: StructuralEquality }","control":"identity","family":"angle","k":1,"op":"asin","outcome":"Equal","p":1,"precision":-256,"q":12,"representation":"stored"}
{"certificate":"NotEqual { certificate: DifferenceStructuralFacts }","control":"perturbed","family":"angle","k":1,"op":"asin","outcome":"NotEqual","p":1,"precision":-256,"q":12,"representation":"stored"}
{"certificate":"Unknown { min_precision: -64 }","control":"identity","family":"angle","k":1,"op":"asin","outcome":"Unknown","p":1,"precision":-64,"q":12,"representation":"radical"}
{"certificate":"NotEqual { certificate: BoundedRefinement { min_precision: -64 } }","control":"perturbed","family":"angle","k":1,"op":"asin","outcome":"NotEqual","p":1,"precision":-64,"q":12,"representation":"radical"}
{"certificate":"Unknown { min_precision: -256 }","control":"identity","family":"angle","k":1,"op":"asin","outcome":"Unknown","p":1,"precision":-256,"q":12,"representation":"radical"}
{"certificate":"NotEqual { certificate: BoundedRefinement { min_precision: -256 } }","control":"perturbed","family":"angle","k":1,"op":"asin","outcome":"NotEqual","p":1,"precision":-256,"q":12,"representation":"radical"}
{"certificate":"Equal { certificate: StructuralEquality }","control":"identity","family":"angle","k":1,"op":"asin","outcome":"Equal","p":1,"precision":-64,"q":12,"representation":"huge-period"}
{"certificate":"NotEqual { certificate: DifferenceStructuralFacts }","control":"perturbed","family":"angle","k":1,"op":"asin","outcome":"NotEqual","p":1,"precision":-64,"q":12,"representation":"huge-period"}
{"certificate":"Equal { certificate: StructuralEquality }","control":"identity","family":"angle","k":1,"op":"asin","outcome":"Equal","p":1,"precision":-256,"q":12,"representation":"huge-period"}
{"certificate":"NotEqual { certificate: DifferenceStructuralFacts }","control":"perturbed","family":"angle","k":1,"op":"asin","outcome":"NotEqual","p":1,"precision":-256,"q":12,"representation":"huge-period"}
{"certificate":"Equal { certificate: StructuralEquality }","control":"identity","family":"angle","k":2,"op":"asin","outcome":"Equal","p":2,"precision":-64,"q":12,"representation":"stored"}
{"certificate":"NotEqual { certificate: DifferenceStructuralFacts }","control":"perturbed","family":"angle","k":2,"op":"asin","outcome":"NotEqual","p":2,"precision":-64,"q":12,"representation":"stored"}
{"certificate":"Equal { certificate: StructuralEquality }","control":"identity","family":"angle","k":2,"op":"asin","outcome":"Equal","p":2,"precision":-256,"q":12,"representation":"stored"}
{"certificate":"NotEqual { certificate: DifferenceStructuralFacts }","control":"perturbed","family":"angle","k":2,"op":"asin","outcome":"NotEqual","p":2,"precision":-256,"q":12,"representation":"stored"}
{"certificate":"Equal { certificate: StructuralEquality }","control":"identity","family":"angle","k":2,"op":"asin","outcome":"Equal","p":2,"precision":-64,"q":12,"representation":"radical"}
{"certificate":"NotEqual { certificate: DifferenceStructuralFacts }","control":"perturbed","family":"angle","k":2,"op":"asin","outcome":"NotEqual","p":2,"precision":-64,"q":12,"representation":"radical"}
{"certificate":"Equal { certificate: StructuralEquality }","control":"identity","family":"angle","k":2,"op":"asin","outcome":"Equal","p":2,"precision":-256,"q":12,"representation":"radical"}
{"certificate":"NotEqual { certificate: DifferenceStructuralFacts }","control":"perturbed","family":"angle","k":2,"op":"asin","outcome":"NotEqual","p":2,"precision":-256,"q":12,"representation":"radical"}
{"certificate":"Equal { certificate: StructuralEquality }","control":"identity","family":"angle","k":2,"op":"asin","outcome":"Equal","p":2,"precision":-64,"q":12,"representation":"huge-period"}
{"certificate":"NotEqual { certificate: DifferenceStructuralFacts }","control":"perturbed","family":"angle","k":2,"op":"asin","outcome":"NotEqual","p":2,"precision":-64,"q":12,"representation":"huge-period"}
{"certificate":"Equal { certificate: StructuralEquality }","control":"identity","family":"angle","k":2,"op":"asin","outcome":"Equal","p":2,"precision":-256,"q":12,"representation":"huge-period"}
{"certificate":"NotEqual { certificate: DifferenceStructuralFacts }","control":"perturbed","family":"angle","k":2,"op":"asin","outcome":"NotEqual","p":2,"precision":-256,"q":12,"representation":"huge-period"}
{"certificate":"Equal { certificate: StructuralEquality }","control":"identity","family":"angle","k":3,"op":"asin","outcome":"Equal","p":3,"precision":-64,"q":12,"representation":"stored"}
{"certificate":"NotEqual { certificate: DifferenceStructuralFacts }","control":"perturbed","family":"angle","k":3,"op":"asin","outcome":"NotEqual","p":3,"precision":-64,"q":12,"representation":"stored"}
{"certificate":"Equal { certificate: StructuralEquality }","control":"identity","family":"angle","k":3,"op":"asin","outcome":"Equal","p":3,"precision":-256,"q":12,"representation":"stored"}
{"certificate":"NotEqual { certificate: DifferenceStructuralFacts }","control":"perturbed","family":"angle","k":3,"op":"asin","outcome":"NotEqual","p":3,"precision":-256,"q":12,"representation":"stored"}
{"certificate":"Equal { certificate: StructuralEquality }","control":"identity","family":"angle","k":3,"op":"asin","outcome":"Equal","p":3,"precision":-64,"q":12,"representation":"radical"}
{"certificate":"NotEqual { certificate: DifferenceStructuralFacts }","control":"perturbed","family":"angle","k":3,"op":"asin","outcome":"NotEqual","p":3,"precision":-64,"q":12,"representation":"radical"}
{"certificate":"Equal { certificate: StructuralEquality }","control":"identity","family":"angle","k":3,"op":"asin","outcome":"Equal","p":3,"precision":-256,"q":12,"representation":"radical"}
{"certificate":"NotEqual { certificate: DifferenceStructuralFacts }","control":"perturbed","family":"angle","k":3,"op":"asin","outcome":"NotEqual","p":3,"precision":-256,"q":12,"representation":"radical"}
{"certificate":"Equal { certificate: StructuralEquality }","control":"identity","family":"angle","k":3,"op":"asin","outcome":"Equal","p":3,"precision":-64,"q":12,"representation":"huge-period"}
{"certificate":"NotEqual { certificate: DifferenceStructuralFacts }","control":"perturbed","family":"angle","k":3,"op":"asin","outcome":"NotEqual","p":3,"precision":-64,"q":12,"representation":"huge-period"}
{"certificate":"Equal { certificate: StructuralEquality }","control":"identity","family":"angle","k":3,"op":"asin","outcome":"Equal","p":3,"precision":-256,"q":12,"representation":"huge-period"}
{"certificate":"NotEqual { certificate: DifferenceStructuralFacts }","control":"perturbed","family":"angle","k":3,"op":"asin","outcome":"NotEqual","p":3,"precision":-256,"q":12,"representation":"huge-period"}
{"certificate":"Equal { certificate: StructuralEquality }","control":"identity","family":"angle","k":4,"op":"asin","outcome":"Equal","p":4,"precision":-64,"q":12,"representation":"stored"}
{"certificate":"NotEqual { certificate: DifferenceStructuralFacts }","control":"perturbed","family":"angle","k":4,"op":"asin","outcome":"NotEqual","p":4,"precision":-64,"q":12,"representation":"stored"}
{"certificate":"Equal { certificate: StructuralEquality }","control":"identity","family":"angle","k":4,"op":"asin","outcome":"Equal","p":4,"precision":-256,"q":12,"representation":"stored"}
{"certificate":"NotEqual { certificate: DifferenceStructuralFacts }","control":"perturbed","family":"angle","k":4,"op":"asin","outcome":"NotEqual","p":4,"precision":-256,"q":12,"representation":"stored"}
{"certificate":"Equal { certificate: StructuralEquality }","control":"identity","family":"angle","k":4,"op":"asin","outcome":"Equal","p":4,"precision":-64,"q":12,"representation":"radical"}
{"certificate":"NotEqual { certificate: DifferenceStructuralFacts }","control":"perturbed","family":"angle","k":4,"op":"asin","outcome":"NotEqual","p":4,"precision":-64,"q":12,"representation":"radical"}
{"certificate":"Equal { certificate: StructuralEquality }","control":"identity","family":"angle","k":4,"op":"asin","outcome":"Equal","p":4,"precision":-256,"q":12,"representation":"radical"}
{"certificate":"NotEqual { certificate: DifferenceStructuralFacts }","control":"perturbed","family":"angle","k":4,"op":"asin","outcome":"NotEqual","p":4,"precision":-256,"q":12,"representation":"radical"}
{"certificate":"Equal { certificate: StructuralEquality }","control":"identity","family":"angle","k":4,"op":"asin","outcome":"Equal","p":4,"precision":-64,"q":12,"representation":"huge-period"}
{"certificate":"NotEqual { certificate: DifferenceStructuralFacts }","control":"perturbed","family":"angle","k":4,"op":"asin","outcome":"NotEqual","p":4,"precision":-64,"q":12,"representation":"huge-period"}
{"certificate":"Equal { certificate: StructuralEquality }","control":"identity","family":"angle","k":4,"op":"asin","outcome":"Equal","p":4,"precision":-256,"q":12,"representation":"huge-period"}
{"certificate":"NotEqual { certificate: DifferenceStructuralFacts }","control":"perturbed","family":"angle","k":4,"op":"asin","outcome":"NotEqual","p":4,"precision":-256,"q":12,"representation":"huge-period"}
{"certificate":"Equal { certificate: StructuralEquality }","control":"identity","family":"angle","k":5,"op":"asin","outcome":"Equal","p":5,"precision":-64,"q":12,"representation":"stored"}
{"certificate":"NotEqual { certificate: DifferenceStructuralFacts }","control":"perturbed","family":"angle","k":5,"op":"asin","outcome":"NotEqual","p":5,"precision":-64,"q":12,"representation":"stored"}
{"certificate":"Equal { certificate: StructuralEquality }","control":"identity","family":"angle","k":5,"op":"asin","outcome":"Equal","p":5,"precision":-256,"q":12,"representation":"stored"}
{"certificate":"NotEqual { certificate: DifferenceStructuralFacts }","control":"perturbed","family":"angle","k":5,"op":"asin","outcome":"NotEqual","p":5,"precision":-256,"q":12,"representation":"stored"}
{"certificate":"Unknown { min_precision: -64 }","control":"identity","family":"angle","k":5,"op":"asin","outcome":"Unknown","p":5,"precision":-64,"q":12,"representation":"radical"}
{"certificate":"NotEqual { certificate: BoundedRefinement { min_precision: -64 } }","control":"perturbed","family":"angle","k":5,"op":"asin","outcome":"NotEqual","p":5,"precision":-64,"q":12,"representation":"radical"}
{"certificate":"Unknown { min_precision: -256 }","control":"identity","family":"angle","k":5,"op":"asin","outcome":"Unknown","p":5,"precision":-256,"q":12,"representation":"radical"}
{"certificate":"NotEqual { certificate: BoundedRefinement { min_precision: -256 } }","control":"perturbed","family":"angle","k":5,"op":"asin","outcome":"NotEqual","p":5,"precision":-256,"q":12,"representation":"radical"}
{"certificate":"Equal { certificate: StructuralEquality }","control":"identity","family":"angle","k":5,"op":"asin","outcome":"Equal","p":5,"precision":-64,"q":12,"representation":"huge-period"}
{"certificate":"NotEqual { certificate: DifferenceStructuralFacts }","control":"perturbed","family":"angle","k":5,"op":"asin","outcome":"NotEqual","p":5,"precision":-64,"q":12,"representation":"huge-period"}
{"certificate":"Equal { certificate: StructuralEquality }","control":"identity","family":"angle","k":5,"op":"asin","outcome":"Equal","p":5,"precision":-256,"q":12,"representation":"huge-period"}
{"certificate":"NotEqual { certificate: DifferenceStructuralFacts }","control":"perturbed","family":"angle","k":5,"op":"asin","outcome":"NotEqual","p":5,"precision":-256,"q":12,"representation":"huge-period"}
{"certificate":"Equal { certificate: StructuralEquality }","control":"identity","family":"angle","k":6,"op":"asin","outcome":"Equal","p":6,"precision":-64,"q":12,"representation":"stored"}
{"certificate":"NotEqual { certificate: DifferenceStructuralFacts }","control":"perturbed","family":"angle","k":6,"op":"asin","outcome":"NotEqual","p":6,"precision":-64,"q":12,"representation":"stored"}
{"certificate":"Equal { certificate: StructuralEquality }","control":"identity","family":"angle","k":6,"op":"asin","outcome":"Equal","p":6,"precision":-256,"q":12,"representation":"stored"}
{"certificate":"NotEqual { certificate: DifferenceStructuralFacts }","control":"perturbed","family":"angle","k":6,"op":"asin","outcome":"NotEqual","p":6,"precision":-256,"q":12,"representation":"stored"}
{"certificate":"Equal { certificate: StructuralEquality }","control":"identity","family":"angle","k":6,"op":"asin","outcome":"Equal","p":6,"precision":-64,"q":12,"representation":"radical"}
{"certificate":"NotEqual { certificate: DifferenceStructuralFacts }","control":"perturbed","family":"angle","k":6,"op":"asin","outcome":"NotEqual","p":6,"precision":-64,"q":12,"representation":"radical"}
{"certificate":"Equal { certificate: StructuralEquality }","control":"identity","family":"angle","k":6,"op":"asin","outcome":"Equal","p":6,"precision":-256,"q":12,"representation":"radical"}
{"certificate":"NotEqual { certificate: DifferenceStructuralFacts }","control":"perturbed","family":"angle","k":6,"op":"asin","outcome":"NotEqual","p":6,"precision":-256,"q":12,"representation":"radical"}
{"certificate":"Equal { certificate: StructuralEquality }","control":"identity","family":"angle","k":6,"op":"asin","outcome":"Equal","p":6,"precision":-64,"q":12,"representation":"huge-period"}
{"certificate":"NotEqual { certificate: DifferenceStructuralFacts }","control":"perturbed","family":"angle","k":6,"op":"asin","outcome":"NotEqual","p":6,"precision":-64,"q":12,"representation":"huge-period"}
{"certificate":"Equal { certificate: StructuralEquality }","control":"identity","family":"angle","k":6,"op":"asin","outcome":"Equal","p":6,"precision":-256,"q":12,"representation":"huge-period"}
{"certificate":"NotEqual { certificate: DifferenceStructuralFacts }","control":"perturbed","family":"angle","k":6,"op":"asin","outcome":"NotEqual","p":6,"precision":-256,"q":12,"representation":"huge-period"}
{"certificate":"Equal { certificate: StructuralEquality }","control":"identity","family":"angle","k":7,"op":"asin","outcome":"Equal","p":5,"precision":-64,"q":12,"representation":"stored"}
{"certificate":"NotEqual { certificate: DifferenceStructuralFacts }","control":"perturbed","family":"angle","k":7,"op":"asin","outcome":"NotEqual","p":5,"precision":-64,"q":12,"representation":"stored"}
{"certificate":"Equal { certificate: StructuralEquality }","control":"identity","family":"angle","k":7,"op":"asin","outcome":"Equal","p":5,"precision":-256,"q":12,"representation":"stored"}
{"certificate":"NotEqual { certificate: DifferenceStructuralFacts }","control":"perturbed","family":"angle","k":7,"op":"asin","outcome":"NotEqual","p":5,"precision":-256,"q":12,"representation":"stored"}
{"certificate":"Unknown { min_precision: -64 }","control":"identity","family":"angle","k":7,"op":"asin","outcome":"Unknown","p":5,"precision":-64,"q":12,"representation":"radical"}
{"certificate":"NotEqual { certificate: BoundedRefinement { min_precision: -64 } }","control":"perturbed","family":"angle","k":7,"op":"asin","outcome":"NotEqual","p":5,"precision":-64,"q":12,"representation":"radical"}
{"certificate":"Unknown { min_precision: -256 }","control":"identity","family":"angle","k":7,"op":"asin","outcome":"Unknown","p":5,"precision":-256,"q":12,"representation":"radical"}
{"certificate":"NotEqual { certificate: BoundedRefinement { min_precision: -256 } }","control":"perturbed","family":"angle","k":7,"op":"asin","outcome":"NotEqual","p":5,"precision":-256,"q":12,"representation":"radical"}
{"certificate":"Equal { certificate: StructuralEquality }","control":"identity","family":"angle","k":7,"op":"asin","outcome":"Equal","p":5,"precision":-64,"q":12,"representation":"huge-period"}
{"certificate":"NotEqual { certificate: DifferenceStructuralFacts }","control":"perturbed","family":"angle","k":7,"op":"asin","outcome":"NotEqual","p":5,"precision":-64,"q":12,"representation":"huge-period"}
{"certificate":"Equal { certificate: StructuralEquality }","control":"identity","family":"angle","k":7,"op":"asin","outcome":"Equal","p":5,"precision":-256,"q":12,"representation":"huge-period"}
{"certificate":"NotEqual { certificate: DifferenceStructuralFacts }","control":"perturbed","family":"angle","k":7,"op":"asin","outcome":"NotEqual","p":5,"precision":-256,"q":12,"representation":"huge-period"}
{"certificate":"Equal { certificate: StructuralEquality }","control":"identity","family":"angle","k":8,"op":"asin","outcome":"Equal","p":4,"precision":-64,"q":12,"representation":"stored"}
{"certificate":"NotEqual { certificate: DifferenceStructuralFacts }","control":"perturbed","family":"angle","k":8,"op":"asin","outcome":"NotEqual","p":4,"precision":-64,"q":12,"representation":"stored"}
{"certificate":"Equal { certificate: StructuralEquality }","control":"identity","family":"angle","k":8,"op":"asin","outcome":"Equal","p":4,"precision":-256,"q":12,"representation":"stored"}
{"certificate":"NotEqual { certificate: DifferenceStructuralFacts }","control":"perturbed","family":"angle","k":8,"op":"asin","outcome":"NotEqual","p":4,"precision":-256,"q":12,"representation":"stored"}
{"certificate":"Equal { certificate: StructuralEquality }","control":"identity","family":"angle","k":8,"op":"asin","outcome":"Equal","p":4,"precision":-64,"q":12,"representation":"radical"}
{"certificate":"NotEqual { certificate: DifferenceStructuralFacts }","control":"perturbed","family":"angle","k":8,"op":"asin","outcome":"NotEqual","p":4,"precision":-64,"q":12,"representation":"radical"}
{"certificate":"Equal { certificate: StructuralEquality }","control":"identity","family":"angle","k":8,"op":"asin","outcome":"Equal","p":4,"precision":-256,"q":12,"representation":"radical"}
{"certificate":"NotEqual { certificate: DifferenceStructuralFacts }","control":"perturbed","family":"angle","k":8,"op":"asin","outcome":"NotEqual","p":4,"precision":-256,"q":12,"representation":"radical"}
{"certificate":"Equal { certificate: StructuralEquality }","control":"identity","family":"angle","k":8,"op":"asin","outcome":"Equal","p":4,"precision":-64,"q":12,"representation":"huge-period"}
{"certificate":"NotEqual { certificate: DifferenceStructuralFacts }","control":"perturbed","family":"angle","k":8,"op":"asin","outcome":"NotEqual","p":4,"precision":-64,"q":12,"representation":"huge-period"}
{"certificate":"Equal { certificate: StructuralEquality }","control":"identity","family":"angle","k":8,"op":"asin","outcome":"Equal","p":4,"precision":-256,"q":12,"representation":"huge-period"}
{"certificate":"NotEqual { certificate: DifferenceStructuralFacts }","control":"perturbed","family":"angle","k":8,"op":"asin","outcome":"NotEqual","p":4,"precision":-256,"q":12,"representation":"huge-period"}
{"certificate":"Equal { certificate: StructuralEquality }","control":"identity","family":"angle","k":9,"op":"asin","outcome":"Equal","p":3,"precision":-64,"q":12,"representation":"stored"}
{"certificate":"NotEqual { certificate: DifferenceStructuralFacts }","control":"perturbed","family":"angle","k":9,"op":"asin","outcome":"NotEqual","p":3,"precision":-64,"q":12,"representation":"stored"}
{"certificate":"Equal { certificate: StructuralEquality }","control":"identity","family":"angle","k":9,"op":"asin","outcome":"Equal","p":3,"precision":-256,"q":12,"representation":"stored"}
{"certificate":"NotEqual { certificate: DifferenceStructuralFacts }","control":"perturbed","family":"angle","k":9,"op":"asin","outcome":"NotEqual","p":3,"precision":-256,"q":12,"representation":"stored"}
{"certificate":"Equal { certificate: StructuralEquality }","control":"identity","family":"angle","k":9,"op":"asin","outcome":"Equal","p":3,"precision":-64,"q":12,"representation":"radical"}
{"certificate":"NotEqual { certificate: DifferenceStructuralFacts }","control":"perturbed","family":"angle","k":9,"op":"asin","outcome":"NotEqual","p":3,"precision":-64,"q":12,"representation":"radical"}
{"certificate":"Equal { certificate: StructuralEquality }","control":"identity","family":"angle","k":9,"op":"asin","outcome":"Equal","p":3,"precision":-256,"q":12,"representation":"radical"}
{"certificate":"NotEqual { certificate: DifferenceStructuralFacts }","control":"perturbed","family":"angle","k":9,"op":"asin","outcome":"NotEqual","p":3,"precision":-256,"q":12,"representation":"radical"}
{"certificate":"Equal { certificate: StructuralEquality }","control":"identity","family":"angle","k":9,"op":"asin","outcome":"Equal","p":3,"precision":-64,"q":12,"representation":"huge-period"}
{"certificate":"NotEqual { certificate: DifferenceStructuralFacts }","control":"perturbed","family":"angle","k":9,"op":"asin","outcome":"NotEqual","p":3,"precision":-64,"q":12,"representation":"huge-period"}
{"certificate":"Equal { certificate: StructuralEquality }","control":"identity","family":"angle","k":9,"op":"asin","outcome":"Equal","p":3,"precision":-256,"q":12,"representation":"huge-period"}
{"certificate":"NotEqual { certificate: DifferenceStructuralFacts }","control":"perturbed","family":"angle","k":9,"op":"asin","outcome":"NotEqual","p":3,"precision":-256,"q":12,"representation":"huge-period"}
{"certificate":"Equal { certificate: StructuralEquality }","control":"identity","family":"angle","k":10,"op":"asin","outcome":"Equal","p":2,"precision":-64,"q":12,"representation":"stored"}
{"certificate":"NotEqual { certificate: DifferenceStructuralFacts }","control":"perturbed","family":"angle","k":10,"op":"asin","outcome":"NotEqual","p":2,"precision":-64,"q":12,"representation":"stored"}
{"certificate":"Equal { certificate: StructuralEquality }","control":"identity","family":"angle","k":10,"op":"asin","outcome":"Equal","p":2,"precision":-256,"q":12,"representation":"stored"}
{"certificate":"NotEqual { certificate: DifferenceStructuralFacts }","control":"perturbed","family":"angle","k":10,"op":"asin","outcome":"NotEqual","p":2,"precision":-256,"q":12,"representation":"stored"}
{"certificate":"Equal { certificate: StructuralEquality }","control":"identity","family":"angle","k":10,"op":"asin","outcome":"Equal","p":2,"precision":-64,"q":12,"representation":"radical"}
{"certificate":"NotEqual { certificate: DifferenceStructuralFacts }","control":"perturbed","family":"angle","k":10,"op":"asin","outcome":"NotEqual","p":2,"precision":-64,"q":12,"representation":"radical"}
{"certificate":"Equal { certificate: StructuralEquality }","control":"identity","family":"angle","k":10,"op":"asin","outcome":"Equal","p":2,"precision":-256,"q":12,"representation":"radical"}
{"certificate":"NotEqual { certificate: DifferenceStructuralFacts }","control":"perturbed","family":"angle","k":10,"op":"asin","outcome":"NotEqual","p":2,"precision":-256,"q":12,"representation":"radical"}
{"certificate":"Equal { certificate: StructuralEquality }","control":"identity","family":"angle","k":10,"op":"asin","outcome":"Equal","p":2,"precision":-64,"q":12,"representation":"huge-period"}
{"certificate":"NotEqual { certificate: DifferenceStructuralFacts }","control":"perturbed","family":"angle","k":10,"op":"asin","outcome":"NotEqual","p":2,"precision":-64,"q":12,"representation":"huge-period"}
{"certificate":"Equal { certificate: StructuralEquality }","control":"identity","family":"angle","k":10,"op":"asin","outcome":"Equal","p":2,"precision":-256,"q":12,"representation":"huge-period"}
{"certificate":"NotEqual { certificate: DifferenceStructuralFacts }","control":"perturbed","family":"angle","k":10,"op":"asin","outcome":"NotEqual","p":2,"precision":-256,"q":12,"representation":"huge-period"}
{"certificate":"Equal { certificate: StructuralEquality }","control":"identity","family":"angle","k":11,"op":"asin","outcome":"Equal","p":1,"precision":-64,"q":12,"representation":"stored"}
{"certificate":"NotEqual { certificate: DifferenceStructuralFacts }","control":"perturbed","family":"angle","k":11,"op":"asin","outcome":"NotEqual","p":1,"precision":-64,"q":12,"representation":"stored"}
{"certificate":"Equal { certificate: StructuralEquality }","control":"identity","family":"angle","k":11,"op":"asin","outcome":"Equal","p":1,"precision":-256,"q":12,"representation":"stored"}
{"certificate":"NotEqual { certificate: DifferenceStructuralFacts }","control":"perturbed","family":"angle","k":11,"op":"asin","outcome":"NotEqual","p":1,"precision":-256,"q":12,"representation":"stored"}
{"certificate":"Unknown { min_precision: -64 }","control":"identity","family":"angle","k":11,"op":"asin","outcome":"Unknown","p":1,"precision":-64,"q":12,"representation":"radical"}
{"certificate":"NotEqual { certificate: BoundedRefinement { min_precision: -64 } }","control":"perturbed","family":"angle","k":11,"op":"asin","outcome":"NotEqual","p":1,"precision":-64,"q":12,"representation":"radical"}
{"certificate":"Unknown { min_precision: -256 }","control":"identity","family":"angle","k":11,"op":"asin","outcome":"Unknown","p":1,"precision":-256,"q":12,"representation":"radical"}
{"certificate":"NotEqual { certificate: BoundedRefinement { min_precision: -256 } }","control":"perturbed","family":"angle","k":11,"op":"asin","outcome":"NotEqual","p":1,"precision":-256,"q":12,"representation":"radical"}
{"certificate":"Equal { certificate: StructuralEquality }","control":"identity","family":"angle","k":11,"op":"asin","outcome":"Equal","p":1,"precision":-64,"q":12,"representation":"huge-period"}
{"certificate":"NotEqual { certificate: DifferenceStructuralFacts }","control":"perturbed","family":"angle","k":11,"op":"asin","outcome":"NotEqual","p":1,"precision":-64,"q":12,"representation":"huge-period"}
{"certificate":"Equal { certificate: StructuralEquality }","control":"identity","family":"angle","k":11,"op":"asin","outcome":"Equal","p":1,"precision":-256,"q":12,"representation":"huge-period"}
{"certificate":"NotEqual { certificate: DifferenceStructuralFacts }","control":"perturbed","family":"angle","k":11,"op":"asin","outcome":"NotEqual","p":1,"precision":-256,"q":12,"representation":"huge-period"}
{"certificate":"Equal { certificate: StructuralEquality }","control":"identity","family":"angle","k":12,"op":"asin","outcome":"Equal","p":0,"precision":-64,"q":12,"representation":"stored"}
{"certificate":"NotEqual { certificate: ExactRationalComparison }","control":"perturbed","family":"angle","k":12,"op":"asin","outcome":"NotEqual","p":0,"precision":-64,"q":12,"representation":"stored"}
{"certificate":"Equal { certificate: StructuralEquality }","control":"identity","family":"angle","k":12,"op":"asin","outcome":"Equal","p":0,"precision":-256,"q":12,"representation":"stored"}
{"certificate":"NotEqual { certificate: ExactRationalComparison }","control":"perturbed","family":"angle","k":12,"op":"asin","outcome":"NotEqual","p":0,"precision":-256,"q":12,"representation":"stored"}
{"certificate":"Equal { certificate: StructuralEquality }","control":"identity","family":"angle","k":12,"op":"asin","outcome":"Equal","p":0,"precision":-64,"q":12,"representation":"radical"}
{"certificate":"NotEqual { certificate: ExactRationalComparison }","control":"perturbed","family":"angle","k":12,"op":"asin","outcome":"NotEqual","p":0,"precision":-64,"q":12,"representation":"radical"}
{"certificate":"Equal { certificate: StructuralEquality }","control":"identity","family":"angle","k":12,"op":"asin","outcome":"Equal","p":0,"precision":-256,"q":12,"representation":"radical"}
{"certificate":"NotEqual { certificate: ExactRationalComparison }","control":"perturbed","family":"angle","k":12,"op":"asin","outcome":"NotEqual","p":0,"precision":-256,"q":12,"representation":"radical"}
{"certificate":"Equal { certificate: StructuralEquality }","control":"identity","family":"angle","k":12,"op":"asin","outcome":"Equal","p":0,"precision":-64,"q":12,"representation":"huge-period"}
{"certificate":"NotEqual { certificate: ExactRationalComparison }","control":"perturbed","family":"angle","k":12,"op":"asin","outcome":"NotEqual","p":0,"precision":-64,"q":12,"representation":"huge-period"}
{"certificate":"Equal { certificate: StructuralEquality }","control":"identity","family":"angle","k":12,"op":"asin","outcome":"Equal","p":0,"precision":-256,"q":12,"representation":"huge-period"}
{"certificate":"NotEqual { certificate: ExactRationalComparison }","control":"perturbed","family":"angle","k":12,"op":"asin","outcome":"NotEqual","p":0,"precision":-256,"q":12,"representation":"huge-period"}
{"certificate":"Equal { certificate: StructuralEquality }","control":"identity","family":"angle","k":13,"op":"asin","outcome":"Equal","p":-1,"precision":-64,"q":12,"representation":"stored"}
{"certificate":"NotEqual { certificate: DifferenceStructuralFacts }","control":"perturbed","family":"angle","k":13,"op":"asin","outcome":"NotEqual","p":-1,"precision":-64,"q":12,"representation":"stored"}
{"certificate":"Equal { certificate: StructuralEquality }","control":"identity","family":"angle","k":13,"op":"asin","outcome":"Equal","p":-1,"precision":-256,"q":12,"representation":"stored"}
{"certificate":"NotEqual { certificate: DifferenceStructuralFacts }","control":"perturbed","family":"angle","k":13,"op":"asin","outcome":"NotEqual","p":-1,"precision":-256,"q":12,"representation":"stored"}
{"certificate":"Unknown { min_precision: -64 }","control":"identity","family":"angle","k":13,"op":"asin","outcome":"Unknown","p":-1,"precision":-64,"q":12,"representation":"radical"}
{"certificate":"NotEqual { certificate: BoundedRefinement { min_precision: -64 } }","control":"perturbed","family":"angle","k":13,"op":"asin","outcome":"NotEqual","p":-1,"precision":-64,"q":12,"representation":"radical"}
{"certificate":"Unknown { min_precision: -256 }","control":"identity","family":"angle","k":13,"op":"asin","outcome":"Unknown","p":-1,"precision":-256,"q":12,"representation":"radical"}
{"certificate":"NotEqual { certificate: BoundedRefinement { min_precision: -256 } }","control":"perturbed","family":"angle","k":13,"op":"asin","outcome":"NotEqual","p":-1,"precision":-256,"q":12,"representation":"radical"}
{"certificate":"Equal { certificate: StructuralEquality }","control":"identity","family":"angle","k":13,"op":"asin","outcome":"Equal","p":-1,"precision":-64,"q":12,"representation":"huge-period"}
{"certificate":"NotEqual { certificate: DifferenceStructuralFacts }","control":"perturbed","family":"angle","k":13,"op":"asin","outcome":"NotEqual","p":-1,"precision":-64,"q":12,"representation":"huge-period"}
{"certificate":"Equal { certificate: StructuralEquality }","control":"identity","family":"angle","k":13,"op":"asin","outcome":"Equal","p":-1,"precision":-256,"q":12,"representation":"huge-period"}
{"certificate":"NotEqual { certificate: DifferenceStructuralFacts }","control":"perturbed","family":"angle","k":13,"op":"asin","outcome":"NotEqual","p":-1,"precision":-256,"q":12,"representation":"huge-period"}
{"certificate":"Equal { certificate: StructuralEquality }","control":"identity","family":"angle","k":14,"op":"asin","outcome":"Equal","p":-2,"precision":-64,"q":12,"representation":"stored"}
{"certificate":"NotEqual { certificate: DifferenceStructuralFacts }","control":"perturbed","family":"angle","k":14,"op":"asin","outcome":"NotEqual","p":-2,"precision":-64,"q":12,"representation":"stored"}
{"certificate":"Equal { certificate: StructuralEquality }","control":"identity","family":"angle","k":14,"op":"asin","outcome":"Equal","p":-2,"precision":-256,"q":12,"representation":"stored"}
{"certificate":"NotEqual { certificate: DifferenceStructuralFacts }","control":"perturbed","family":"angle","k":14,"op":"asin","outcome":"NotEqual","p":-2,"precision":-256,"q":12,"representation":"stored"}
{"certificate":"Equal { certificate: StructuralEquality }","control":"identity","family":"angle","k":14,"op":"asin","outcome":"Equal","p":-2,"precision":-64,"q":12,"representation":"radical"}
{"certificate":"NotEqual { certificate: DifferenceStructuralFacts }","control":"perturbed","family":"angle","k":14,"op":"asin","outcome":"NotEqual","p":-2,"precision":-64,"q":12,"representation":"radical"}
{"certificate":"Equal { certificate: StructuralEquality }","control":"identity","family":"angle","k":14,"op":"asin","outcome":"Equal","p":-2,"precision":-256,"q":12,"representation":"radical"}
{"certificate":"NotEqual { certificate: DifferenceStructuralFacts }","control":"perturbed","family":"angle","k":14,"op":"asin","outcome":"NotEqual","p":-2,"precision":-256,"q":12,"representation":"radical"}
{"certificate":"Equal { certificate: StructuralEquality }","control":"identity","family":"angle","k":14,"op":"asin","outcome":"Equal","p":-2,"precision":-64,"q":12,"representation":"huge-period"}
{"certificate":"NotEqual { certificate: DifferenceStructuralFacts }","control":"perturbed","family":"angle","k":14,"op":"asin","outcome":"NotEqual","p":-2,"precision":-64,"q":12,"representation":"huge-period"}
{"certificate":"Equal { certificate: StructuralEquality }","control":"identity","family":"angle","k":14,"op":"asin","outcome":"Equal","p":-2,"precision":-256,"q":12,"representation":"huge-period"}
{"certificate":"NotEqual { certificate: DifferenceStructuralFacts }","control":"perturbed","family":"angle","k":14,"op":"asin","outcome":"NotEqual","p":-2,"precision":-256,"q":12,"representation":"huge-period"}
{"certificate":"Equal { certificate: StructuralEquality }","control":"identity","family":"angle","k":15,"op":"asin","outcome":"Equal","p":-3,"precision":-64,"q":12,"representation":"stored"}
{"certificate":"NotEqual { certificate: DifferenceStructuralFacts }","control":"perturbed","family":"angle","k":15,"op":"asin","outcome":"NotEqual","p":-3,"precision":-64,"q":12,"representation":"stored"}
{"certificate":"Equal { certificate: StructuralEquality }","control":"identity","family":"angle","k":15,"op":"asin","outcome":"Equal","p":-3,"precision":-256,"q":12,"representation":"stored"}
{"certificate":"NotEqual { certificate: DifferenceStructuralFacts }","control":"perturbed","family":"angle","k":15,"op":"asin","outcome":"NotEqual","p":-3,"precision":-256,"q":12,"representation":"stored"}
{"certificate":"Equal { certificate: StructuralEquality }","control":"identity","family":"angle","k":15,"op":"asin","outcome":"Equal","p":-3,"precision":-64,"q":12,"representation":"radical"}
{"certificate":"NotEqual { certificate: DifferenceStructuralFacts }","control":"perturbed","family":"angle","k":15,"op":"asin","outcome":"NotEqual","p":-3,"precision":-64,"q":12,"representation":"radical"}
{"certificate":"Equal { certificate: StructuralEquality }","control":"identity","family":"angle","k":15,"op":"asin","outcome":"Equal","p":-3,"precision":-256,"q":12,"representation":"radical"}
{"certificate":"NotEqual { certificate: DifferenceStructuralFacts }","control":"perturbed","family":"angle","k":15,"op":"asin","outcome":"NotEqual","p":-3,"precision":-256,"q":12,"representation":"radical"}
{"certificate":"Equal { certificate: StructuralEquality }","control":"identity","family":"angle","k":15,"op":"asin","outcome":"Equal","p":-3,"precision":-64,"q":12,"representation":"huge-period"}
{"certificate":"NotEqual { certificate: DifferenceStructuralFacts }","control":"perturbed","family":"angle","k":15,"op":"asin","outcome":"NotEqual","p":-3,"precision":-64,"q":12,"representation":"huge-period"}
{"certificate":"Equal { certificate: StructuralEquality }","control":"identity","family":"angle","k":15,"op":"asin","outcome":"Equal","p":-3,"precision":-256,"q":12,"representation":"huge-period"}
{"certificate":"NotEqual { certificate: DifferenceStructuralFacts }","control":"perturbed","family":"angle","k":15,"op":"asin","outcome":"NotEqual","p":-3,"precision":-256,"q":12,"representation":"huge-period"}
{"certificate":"Equal { certificate: StructuralEquality }","control":"identity","family":"angle","k":16,"op":"asin","outcome":"Equal","p":-4,"precision":-64,"q":12,"representation":"stored"}
{"certificate":"NotEqual { certificate: DifferenceStructuralFacts }","control":"perturbed","family":"angle","k":16,"op":"asin","outcome":"NotEqual","p":-4,"precision":-64,"q":12,"representation":"stored"}
{"certificate":"Equal { certificate: StructuralEquality }","control":"identity","family":"angle","k":16,"op":"asin","outcome":"Equal","p":-4,"precision":-256,"q":12,"representation":"stored"}
{"certificate":"NotEqual { certificate: DifferenceStructuralFacts }","control":"perturbed","family":"angle","k":16,"op":"asin","outcome":"NotEqual","p":-4,"precision":-256,"q":12,"representation":"stored"}
{"certificate":"Equal { certificate: StructuralEquality }","control":"identity","family":"angle","k":16,"op":"asin","outcome":"Equal","p":-4,"precision":-64,"q":12,"representation":"radical"}
{"certificate":"NotEqual { certificate: DifferenceStructuralFacts }","control":"perturbed","family":"angle","k":16,"op":"asin","outcome":"NotEqual","p":-4,"precision":-64,"q":12,"representation":"radical"}
{"certificate":"Equal { certificate: StructuralEquality }","control":"identity","family":"angle","k":16,"op":"asin","outcome":"Equal","p":-4,"precision":-256,"q":12,"representation":"radical"}
{"certificate":"NotEqual { certificate: DifferenceStructuralFacts }","control":"perturbed","family":"angle","k":16,"op":"asin","outcome":"NotEqual","p":-4,"precision":-256,"q":12,"representation":"radical"}
{"certificate":"Equal { certificate: StructuralEquality }","control":"identity","family":"angle","k":16,"op":"asin","outcome":"Equal","p":-4,"precision":-64,"q":12,"representation":"huge-period"}
{"certificate":"NotEqual { certificate: DifferenceStructuralFacts }","control":"perturbed","family":"angle","k":16,"op":"asin","outcome":"NotEqual","p":-4,"precision":-64,"q":12,"representation":"huge-period"}
{"certificate":"Equal { certificate: StructuralEquality }","control":"identity","family":"angle","k":16,"op":"asin","outcome":"Equal","p":-4,"precision":-256,"q":12,"representation":"huge-period"}
{"certificate":"NotEqual { certificate: DifferenceStructuralFacts }","control":"perturbed","family":"angle","k":16,"op":"asin","outcome":"NotEqual","p":-4,"precision":-256,"q":12,"representation":"huge-period"}
{"certificate":"Equal { certificate: StructuralEquality }","control":"identity","family":"angle","k":17,"op":"asin","outcome":"Equal","p":-5,"precision":-64,"q":12,"representation":"stored"}
{"certificate":"NotEqual { certificate: DifferenceStructuralFacts }","control":"perturbed","family":"angle","k":17,"op":"asin","outcome":"NotEqual","p":-5,"precision":-64,"q":12,"representation":"stored"}
{"certificate":"Equal { certificate: StructuralEquality }","control":"identity","family":"angle","k":17,"op":"asin","outcome":"Equal","p":-5,"precision":-256,"q":12,"representation":"stored"}
{"certificate":"NotEqual { certificate: DifferenceStructuralFacts }","control":"perturbed","family":"angle","k":17,"op":"asin","outcome":"NotEqual","p":-5,"precision":-256,"q":12,"representation":"stored"}
{"certificate":"Unknown { min_precision: -64 }","control":"identity","family":"angle","k":17,"op":"asin","outcome":"Unknown","p":-5,"precision":-64,"q":12,"representation":"radical"}
{"certificate":"NotEqual { certificate: BoundedRefinement { min_precision: -64 } }","control":"perturbed","family":"angle","k":17,"op":"asin","outcome":"NotEqual","p":-5,"precision":-64,"q":12,"representation":"radical"}
{"certificate":"Unknown { min_precision: -256 }","control":"identity","family":"angle","k":17,"op":"asin","outcome":"Unknown","p":-5,"precision":-256,"q":12,"representation":"radical"}
{"certificate":"NotEqual { certificate: BoundedRefinement { min_precision: -256 } }","control":"perturbed","family":"angle","k":17,"op":"asin","outcome":"NotEqual","p":-5,"precision":-256,"q":12,"representation":"radical"}
{"certificate":"Equal { certificate: StructuralEquality }","control":"identity","family":"angle","k":17,"op":"asin","outcome":"Equal","p":-5,"precision":-64,"q":12,"representation":"huge-period"}
{"certificate":"NotEqual { certificate: DifferenceStructuralFacts }","control":"perturbed","family":"angle","k":17,"op":"asin","outcome":"NotEqual","p":-5,"precision":-64,"q":12,"representation":"huge-period"}
{"certificate":"Equal { certificate: StructuralEquality }","control":"identity","family":"angle","k":17,"op":"asin","outcome":"Equal","p":-5,"precision":-256,"q":12,"representation":"huge-period"}
{"certificate":"NotEqual { certificate: DifferenceStructuralFacts }","control":"perturbed","family":"angle","k":17,"op":"asin","outcome":"NotEqual","p":-5,"precision":-256,"q":12,"representation":"huge-period"}
{"certificate":"Equal { certificate: StructuralEquality }","control":"identity","family":"angle","k":18,"op":"asin","outcome":"Equal","p":-6,"precision":-64,"q":12,"representation":"stored"}
{"certificate":"NotEqual { certificate: DifferenceStructuralFacts }","control":"perturbed","family":"angle","k":18,"op":"asin","outcome":"NotEqual","p":-6,"precision":-64,"q":12,"representation":"stored"}
{"certificate":"Equal { certificate: StructuralEquality }","control":"identity","family":"angle","k":18,"op":"asin","outcome":"Equal","p":-6,"precision":-256,"q":12,"representation":"stored"}
{"certificate":"NotEqual { certificate: DifferenceStructuralFacts }","control":"perturbed","family":"angle","k":18,"op":"asin","outcome":"NotEqual","p":-6,"precision":-256,"q":12,"representation":"stored"}
{"certificate":"Equal { certificate: StructuralEquality }","control":"identity","family":"angle","k":18,"op":"asin","outcome":"Equal","p":-6,"precision":-64,"q":12,"representation":"radical"}
{"certificate":"NotEqual { certificate: DifferenceStructuralFacts }","control":"perturbed","family":"angle","k":18,"op":"asin","outcome":"NotEqual","p":-6,"precision":-64,"q":12,"representation":"radical"}
{"certificate":"Equal { certificate: StructuralEquality }","control":"identity","family":"angle","k":18,"op":"asin","outcome":"Equal","p":-6,"precision":-256,"q":12,"representation":"radical"}
{"certificate":"NotEqual { certificate: DifferenceStructuralFacts }","control":"perturbed","family":"angle","k":18,"op":"asin","outcome":"NotEqual","p":-6,"precision":-256,"q":12,"representation":"radical"}
{"certificate":"Equal { certificate: StructuralEquality }","control":"identity","family":"angle","k":18,"op":"asin","outcome":"Equal","p":-6,"precision":-64,"q":12,"representation":"huge-period"}
{"certificate":"NotEqual { certificate: DifferenceStructuralFacts }","control":"perturbed","family":"angle","k":18,"op":"asin","outcome":"NotEqual","p":-6,"precision":-64,"q":12,"representation":"huge-period"}
{"certificate":"Equal { certificate: StructuralEquality }","control":"identity","family":"angle","k":18,"op":"asin","outcome":"Equal","p":-6,"precision":-256,"q":12,"representation":"huge-period"}
{"certificate":"NotEqual { certificate: DifferenceStructuralFacts }","control":"perturbed","family":"angle","k":18,"op":"asin","outcome":"NotEqual","p":-6,"precision":-256,"q":12,"representation":"huge-period"}
{"certificate":"Equal { certificate: StructuralEquality }","control":"identity","family":"angle","k":19,"op":"asin","outcome":"Equal","p":-5,"precision":-64,"q":12,"representation":"stored"}
{"certificate":"NotEqual { certificate: DifferenceStructuralFacts }","control":"perturbed","family":"angle","k":19,"op":"asin","outcome":"NotEqual","p":-5,"precision":-64,"q":12,"representation":"stored"}
{"certificate":"Equal { certificate: StructuralEquality }","control":"identity","family":"angle","k":19,"op":"asin","outcome":"Equal","p":-5,"precision":-256,"q":12,"representation":"stored"}
{"certificate":"NotEqual { certificate: DifferenceStructuralFacts }","control":"perturbed","family":"angle","k":19,"op":"asin","outcome":"NotEqual","p":-5,"precision":-256,"q":12,"representation":"stored"}
{"certificate":"Unknown { min_precision: -64 }","control":"identity","family":"angle","k":19,"op":"asin","outcome":"Unknown","p":-5,"precision":-64,"q":12,"representation":"radical"}
{"certificate":"NotEqual { certificate: BoundedRefinement { min_precision: -64 } }","control":"perturbed","family":"angle","k":19,"op":"asin","outcome":"NotEqual","p":-5,"precision":-64,"q":12,"representation":"radical"}
{"certificate":"Unknown { min_precision: -256 }","control":"identity","family":"angle","k":19,"op":"asin","outcome":"Unknown","p":-5,"precision":-256,"q":12,"representation":"radical"}
{"certificate":"NotEqual { certificate: BoundedRefinement { min_precision: -256 } }","control":"perturbed","family":"angle","k":19,"op":"asin","outcome":"NotEqual","p":-5,"precision":-256,"q":12,"representation":"radical"}
{"certificate":"Equal { certificate: StructuralEquality }","control":"identity","family":"angle","k":19,"op":"asin","outcome":"Equal","p":-5,"precision":-64,"q":12,"representation":"huge-period"}
{"certificate":"NotEqual { certificate: DifferenceStructuralFacts }","control":"perturbed","family":"angle","k":19,"op":"asin","outcome":"NotEqual","p":-5,"precision":-64,"q":12,"representation":"huge-period"}
{"certificate":"Equal { certificate: StructuralEquality }","control":"identity","family":"angle","k":19,"op":"asin","outcome":"Equal","p":-5,"precision":-256,"q":12,"representation":"huge-period"}
{"certificate":"NotEqual { certificate: DifferenceStructuralFacts }","control":"perturbed","family":"angle","k":19,"op":"asin","outcome":"NotEqual","p":-5,"precision":-256,"q":12,"representation":"huge-period"}
{"certificate":"Equal { certificate: StructuralEquality }","control":"identity","family":"angle","k":20,"op":"asin","outcome":"Equal","p":-4,"precision":-64,"q":12,"representation":"stored"}
{"certificate":"NotEqual { certificate: DifferenceStructuralFacts }","control":"perturbed","family":"angle","k":20,"op":"asin","outcome":"NotEqual","p":-4,"precision":-64,"q":12,"representation":"stored"}
{"certificate":"Equal { certificate: StructuralEquality }","control":"identity","family":"angle","k":20,"op":"asin","outcome":"Equal","p":-4,"precision":-256,"q":12,"representation":"stored"}
{"certificate":"NotEqual { certificate: DifferenceStructuralFacts }","control":"perturbed","family":"angle","k":20,"op":"asin","outcome":"NotEqual","p":-4,"precision":-256,"q":12,"representation":"stored"}
{"certificate":"Equal { certificate: StructuralEquality }","control":"identity","family":"angle","k":20,"op":"asin","outcome":"Equal","p":-4,"precision":-64,"q":12,"representation":"radical"}
{"certificate":"NotEqual { certificate: DifferenceStructuralFacts }","control":"perturbed","family":"angle","k":20,"op":"asin","outcome":"NotEqual","p":-4,"precision":-64,"q":12,"representation":"radical"}
{"certificate":"Equal { certificate: StructuralEquality }","control":"identity","family":"angle","k":20,"op":"asin","outcome":"Equal","p":-4,"precision":-256,"q":12,"representation":"radical"}
{"certificate":"NotEqual { certificate: DifferenceStructuralFacts }","control":"perturbed","family":"angle","k":20,"op":"asin","outcome":"NotEqual","p":-4,"precision":-256,"q":12,"representation":"radical"}
{"certificate":"Equal { certificate: StructuralEquality }","control":"identity","family":"angle","k":20,"op":"asin","outcome":"Equal","p":-4,"precision":-64,"q":12,"representation":"huge-period"}
{"certificate":"NotEqual { certificate: DifferenceStructuralFacts }","control":"perturbed","family":"angle","k":20,"op":"asin","outcome":"NotEqual","p":-4,"precision":-64,"q":12,"representation":"huge-period"}
{"certificate":"Equal { certificate: StructuralEquality }","control":"identity","family":"angle","k":20,"op":"asin","outcome":"Equal","p":-4,"precision":-256,"q":12,"representation":"huge-period"}
{"certificate":"NotEqual { certificate: DifferenceStructuralFacts }","control":"perturbed","family":"angle","k":20,"op":"asin","outcome":"NotEqual","p":-4,"precision":-256,"q":12,"representation":"huge-period"}
{"certificate":"Equal { certificate: StructuralEquality }","control":"identity","family":"angle","k":21,"op":"asin","outcome":"Equal","p":-3,"precision":-64,"q":12,"representation":"stored"}
{"certificate":"NotEqual { certificate: DifferenceStructuralFacts }","control":"perturbed","family":"angle","k":21,"op":"asin","outcome":"NotEqual","p":-3,"precision":-64,"q":12,"representation":"stored"}
{"certificate":"Equal { certificate: StructuralEquality }","control":"identity","family":"angle","k":21,"op":"asin","outcome":"Equal","p":-3,"precision":-256,"q":12,"representation":"stored"}
{"certificate":"NotEqual { certificate: DifferenceStructuralFacts }","control":"perturbed","family":"angle","k":21,"op":"asin","outcome":"NotEqual","p":-3,"precision":-256,"q":12,"representation":"stored"}
{"certificate":"Equal { certificate: StructuralEquality }","control":"identity","family":"angle","k":21,"op":"asin","outcome":"Equal","p":-3,"precision":-64,"q":12,"representation":"radical"}
{"certificate":"NotEqual { certificate: DifferenceStructuralFacts }","control":"perturbed","family":"angle","k":21,"op":"asin","outcome":"NotEqual","p":-3,"precision":-64,"q":12,"representation":"radical"}
{"certificate":"Equal { certificate: StructuralEquality }","control":"identity","family":"angle","k":21,"op":"asin","outcome":"Equal","p":-3,"precision":-256,"q":12,"representation":"radical"}
{"certificate":"NotEqual { certificate: DifferenceStructuralFacts }","control":"perturbed","family":"angle","k":21,"op":"asin","outcome":"NotEqual","p":-3,"precision":-256,"q":12,"representation":"radical"}
{"certificate":"Equal { certificate: StructuralEquality }","control":"identity","family":"angle","k":21,"op":"asin","outcome":"Equal","p":-3,"precision":-64,"q":12,"representation":"huge-period"}
{"certificate":"NotEqual { certificate: DifferenceStructuralFacts }","control":"perturbed","family":"angle","k":21,"op":"asin","outcome":"NotEqual","p":-3,"precision":-64,"q":12,"representation":"huge-period"}
{"certificate":"Equal { certificate: StructuralEquality }","control":"identity","family":"angle","k":21,"op":"asin","outcome":"Equal","p":-3,"precision":-256,"q":12,"representation":"huge-period"}
{"certificate":"NotEqual { certificate: DifferenceStructuralFacts }","control":"perturbed","family":"angle","k":21,"op":"asin","outcome":"NotEqual","p":-3,"precision":-256,"q":12,"representation":"huge-period"}
{"certificate":"Equal { certificate: StructuralEquality }","control":"identity","family":"angle","k":22,"op":"asin","outcome":"Equal","p":-2,"precision":-64,"q":12,"representation":"stored"}
{"certificate":"NotEqual { certificate: DifferenceStructuralFacts }","control":"perturbed","family":"angle","k":22,"op":"asin","outcome":"NotEqual","p":-2,"precision":-64,"q":12,"representation":"stored"}
{"certificate":"Equal { certificate: StructuralEquality }","control":"identity","family":"angle","k":22,"op":"asin","outcome":"Equal","p":-2,"precision":-256,"q":12,"representation":"stored"}
{"certificate":"NotEqual { certificate: DifferenceStructuralFacts }","control":"perturbed","family":"angle","k":22,"op":"asin","outcome":"NotEqual","p":-2,"precision":-256,"q":12,"representation":"stored"}
{"certificate":"Equal { certificate: StructuralEquality }","control":"identity","family":"angle","k":22,"op":"asin","outcome":"Equal","p":-2,"precision":-64,"q":12,"representation":"radical"}
{"certificate":"NotEqual { certificate: DifferenceStructuralFacts }","control":"perturbed","family":"angle","k":22,"op":"asin","outcome":"NotEqual","p":-2,"precision":-64,"q":12,"representation":"radical"}
{"certificate":"Equal { certificate: StructuralEquality }","control":"identity","family":"angle","k":22,"op":"asin","outcome":"Equal","p":-2,"precision":-256,"q":12,"representation":"radical"}
{"certificate":"NotEqual { certificate: DifferenceStructuralFacts }","control":"perturbed","family":"angle","k":22,"op":"asin","outcome":"NotEqual","p":-2,"precision":-256,"q":12,"representation":"radical"}
{"certificate":"Equal { certificate: StructuralEquality }","control":"identity","family":"angle","k":22,"op":"asin","outcome":"Equal","p":-2,"precision":-64,"q":12,"representation":"huge-period"}
{"certificate":"NotEqual { certificate: DifferenceStructuralFacts }","control":"perturbed","family":"angle","k":22,"op":"asin","outcome":"NotEqual","p":-2,"precision":-64,"q":12,"representation":"huge-period"}
{"certificate":"Equal { certificate: StructuralEquality }","control":"identity","family":"angle","k":22,"op":"asin","outcome":"Equal","p":-2,"precision":-256,"q":12,"representation":"huge-period"}
{"certificate":"NotEqual { certificate: DifferenceStructuralFacts }","control":"perturbed","family":"angle","k":22,"op":"asin","outcome":"NotEqual","p":-2,"precision":-256,"q":12,"representation":"huge-period"}
{"certificate":"Equal { certificate: StructuralEquality }","control":"identity","family":"angle","k":23,"op":"asin","outcome":"Equal","p":-1,"precision":-64,"q":12,"representation":"stored"}
{"certificate":"NotEqual { certificate: DifferenceStructuralFacts }","control":"perturbed","family":"angle","k":23,"op":"asin","outcome":"NotEqual","p":-1,"precision":-64,"q":12,"representation":"stored"}
{"certificate":"Equal { certificate: StructuralEquality }","control":"identity","family":"angle","k":23,"op":"asin","outcome":"Equal","p":-1,"precision":-256,"q":12,"representation":"stored"}
{"certificate":"NotEqual { certificate: DifferenceStructuralFacts }","control":"perturbed","family":"angle","k":23,"op":"asin","outcome":"NotEqual","p":-1,"precision":-256,"q":12,"representation":"stored"}
{"certificate":"Unknown { min_precision: -64 }","control":"identity","family":"angle","k":23,"op":"asin","outcome":"Unknown","p":-1,"precision":-64,"q":12,"representation":"radical"}
{"certificate":"NotEqual { certificate: BoundedRefinement { min_precision: -64 } }","control":"perturbed","family":"angle","k":23,"op":"asin","outcome":"NotEqual","p":-1,"precision":-64,"q":12,"representation":"radical"}
{"certificate":"Unknown { min_precision: -256 }","control":"identity","family":"angle","k":23,"op":"asin","outcome":"Unknown","p":-1,"precision":-256,"q":12,"representation":"radical"}
{"certificate":"NotEqual { certificate: BoundedRefinement { min_precision: -256 } }","control":"perturbed","family":"angle","k":23,"op":"asin","outcome":"NotEqual","p":-1,"precision":-256,"q":12,"representation":"radical"}
{"certificate":"Equal { certificate: StructuralEquality }","control":"identity","family":"angle","k":23,"op":"asin","outcome":"Equal","p":-1,"precision":-64,"q":12,"representation":"huge-period"}
{"certificate":"NotEqual { certificate: DifferenceStructuralFacts }","control":"perturbed","family":"angle","k":23,"op":"asin","outcome":"NotEqual","p":-1,"precision":-64,"q":12,"representation":"huge-period"}
{"certificate":"Equal { certificate: StructuralEquality }","control":"identity","family":"angle","k":23,"op":"asin","outcome":"Equal","p":-1,"precision":-256,"q":12,"representation":"huge-period"}
{"certificate":"NotEqual { certificate: DifferenceStructuralFacts }","control":"perturbed","family":"angle","k":23,"op":"asin","outcome":"NotEqual","p":-1,"precision":-256,"q":12,"representation":"huge-period"}
{"certificate":"Equal { certificate: StructuralEquality }","control":"identity","family":"angle","k":0,"op":"acos","outcome":"Equal","p":0,"precision":-64,"q":12,"representation":"stored"}
{"certificate":"NotEqual { certificate: ExactRationalComparison }","control":"perturbed","family":"angle","k":0,"op":"acos","outcome":"NotEqual","p":0,"precision":-64,"q":12,"representation":"stored"}
{"certificate":"Equal { certificate: StructuralEquality }","control":"identity","family":"angle","k":0,"op":"acos","outcome":"Equal","p":0,"precision":-256,"q":12,"representation":"stored"}
{"certificate":"NotEqual { certificate: ExactRationalComparison }","control":"perturbed","family":"angle","k":0,"op":"acos","outcome":"NotEqual","p":0,"precision":-256,"q":12,"representation":"stored"}
{"certificate":"Equal { certificate: StructuralEquality }","control":"identity","family":"angle","k":0,"op":"acos","outcome":"Equal","p":0,"precision":-64,"q":12,"representation":"radical"}
{"certificate":"NotEqual { certificate: ExactRationalComparison }","control":"perturbed","family":"angle","k":0,"op":"acos","outcome":"NotEqual","p":0,"precision":-64,"q":12,"representation":"radical"}
{"certificate":"Equal { certificate: StructuralEquality }","control":"identity","family":"angle","k":0,"op":"acos","outcome":"Equal","p":0,"precision":-256,"q":12,"representation":"radical"}
{"certificate":"NotEqual { certificate: ExactRationalComparison }","control":"perturbed","family":"angle","k":0,"op":"acos","outcome":"NotEqual","p":0,"precision":-256,"q":12,"representation":"radical"}
{"certificate":"Equal { certificate: StructuralEquality }","control":"identity","family":"angle","k":0,"op":"acos","outcome":"Equal","p":0,"precision":-64,"q":12,"representation":"huge-period"}
{"certificate":"NotEqual { certificate: ExactRationalComparison }","control":"perturbed","family":"angle","k":0,"op":"acos","outcome":"NotEqual","p":0,"precision":-64,"q":12,"representation":"huge-period"}
{"certificate":"Equal { certificate: StructuralEquality }","control":"identity","family":"angle","k":0,"op":"acos","outcome":"Equal","p":0,"precision":-256,"q":12,"representation":"huge-period"}
{"certificate":"NotEqual { certificate: ExactRationalComparison }","control":"perturbed","family":"angle","k":0,"op":"acos","outcome":"NotEqual","p":0,"precision":-256,"q":12,"representation":"huge-period"}
{"certificate":"Equal { certificate: StructuralEquality }","control":"identity","family":"angle","k":1,"op":"acos","outcome":"Equal","p":1,"precision":-64,"q":12,"representation":"stored"}
{"certificate":"NotEqual { certificate: DifferenceStructuralFacts }","control":"perturbed","family":"angle","k":1,"op":"acos","outcome":"NotEqual","p":1,"precision":-64,"q":12,"representation":"stored"}
{"certificate":"Equal { certificate: StructuralEquality }","control":"identity","family":"angle","k":1,"op":"acos","outcome":"Equal","p":1,"precision":-256,"q":12,"representation":"stored"}
{"certificate":"NotEqual { certificate: DifferenceStructuralFacts }","control":"perturbed","family":"angle","k":1,"op":"acos","outcome":"NotEqual","p":1,"precision":-256,"q":12,"representation":"stored"}
{"certificate":"Unknown { min_precision: -64 }","control":"identity","family":"angle","k":1,"op":"acos","outcome":"Unknown","p":1,"precision":-64,"q":12,"representation":"radical"}
{"certificate":"NotEqual { certificate: BoundedRefinement { min_precision: -64 } }","control":"perturbed","family":"angle","k":1,"op":"acos","outcome":"NotEqual","p":1,"precision":-64,"q":12,"representation":"radical"}
{"certificate":"Unknown { min_precision: -256 }","control":"identity","family":"angle","k":1,"op":"acos","outcome":"Unknown","p":1,"precision":-256,"q":12,"representation":"radical"}
{"certificate":"NotEqual { certificate: BoundedRefinement { min_precision: -256 } }","control":"perturbed","family":"angle","k":1,"op":"acos","outcome":"NotEqual","p":1,"precision":-256,"q":12,"representation":"radical"}
{"certificate":"Equal { certificate: StructuralEquality }","control":"identity","family":"angle","k":1,"op":"acos","outcome":"Equal","p":1,"precision":-64,"q":12,"representation":"huge-period"}
{"certificate":"NotEqual { certificate: DifferenceStructuralFacts }","control":"perturbed","family":"angle","k":1,"op":"acos","outcome":"NotEqual","p":1,"precision":-64,"q":12,"representation":"huge-period"}
{"certificate":"Equal { certificate: StructuralEquality }","control":"identity","family":"angle","k":1,"op":"acos","outcome":"Equal","p":1,"precision":-256,"q":12,"representation":"huge-period"}
{"certificate":"NotEqual { certificate: DifferenceStructuralFacts }","control":"perturbed","family":"angle","k":1,"op":"acos","outcome":"NotEqual","p":1,"precision":-256,"q":12,"representation":"huge-period"}
{"certificate":"Equal { certificate: StructuralEquality }","control":"identity","family":"angle","k":2,"op":"acos","outcome":"Equal","p":2,"precision":-64,"q":12,"representation":"stored"}
{"certificate":"NotEqual { certificate: DifferenceStructuralFacts }","control":"perturbed","family":"angle","k":2,"op":"acos","outcome":"NotEqual","p":2,"precision":-64,"q":12,"representation":"stored"}
{"certificate":"Equal { certificate: StructuralEquality }","control":"identity","family":"angle","k":2,"op":"acos","outcome":"Equal","p":2,"precision":-256,"q":12,"representation":"stored"}
{"certificate":"NotEqual { certificate: DifferenceStructuralFacts }","control":"perturbed","family":"angle","k":2,"op":"acos","outcome":"NotEqual","p":2,"precision":-256,"q":12,"representation":"stored"}
{"certificate":"Equal { certificate: StructuralEquality }","control":"identity","family":"angle","k":2,"op":"acos","outcome":"Equal","p":2,"precision":-64,"q":12,"representation":"radical"}
{"certificate":"NotEqual { certificate: DifferenceStructuralFacts }","control":"perturbed","family":"angle","k":2,"op":"acos","outcome":"NotEqual","p":2,"precision":-64,"q":12,"representation":"radical"}
{"certificate":"Equal { certificate: StructuralEquality }","control":"identity","family":"angle","k":2,"op":"acos","outcome":"Equal","p":2,"precision":-256,"q":12,"representation":"radical"}
{"certificate":"NotEqual { certificate: DifferenceStructuralFacts }","control":"perturbed","family":"angle","k":2,"op":"acos","outcome":"NotEqual","p":2,"precision":-256,"q":12,"representation":"radical"}
{"certificate":"Equal { certificate: StructuralEquality }","control":"identity","family":"angle","k":2,"op":"acos","outcome":"Equal","p":2,"precision":-64,"q":12,"representation":"huge-period"}
{"certificate":"NotEqual { certificate: DifferenceStructuralFacts }","control":"perturbed","family":"angle","k":2,"op":"acos","outcome":"NotEqual","p":2,"precision":-64,"q":12,"representation":"huge-period"}
{"certificate":"Equal { certificate: StructuralEquality }","control":"identity","family":"angle","k":2,"op":"acos","outcome":"Equal","p":2,"precision":-256,"q":12,"representation":"huge-period"}
{"certificate":"NotEqual { certificate: DifferenceStructuralFacts }","control":"perturbed","family":"angle","k":2,"op":"acos","outcome":"NotEqual","p":2,"precision":-256,"q":12,"representation":"huge-period"}
{"certificate":"Equal { certificate: StructuralEquality }","control":"identity","family":"angle","k":3,"op":"acos","outcome":"Equal","p":3,"precision":-64,"q":12,"representation":"stored"}
{"certificate":"NotEqual { certificate: DifferenceStructuralFacts }","control":"perturbed","family":"angle","k":3,"op":"acos","outcome":"NotEqual","p":3,"precision":-64,"q":12,"representation":"stored"}
{"certificate":"Equal { certificate: StructuralEquality }","control":"identity","family":"angle","k":3,"op":"acos","outcome":"Equal","p":3,"precision":-256,"q":12,"representation":"stored"}
{"certificate":"NotEqual { certificate: DifferenceStructuralFacts }","control":"perturbed","family":"angle","k":3,"op":"acos","outcome":"NotEqual","p":3,"precision":-256,"q":12,"representation":"stored"}
{"certificate":"Equal { certificate: StructuralEquality }","control":"identity","family":"angle","k":3,"op":"acos","outcome":"Equal","p":3,"precision":-64,"q":12,"representation":"radical"}
{"certificate":"NotEqual { certificate: DifferenceStructuralFacts }","control":"perturbed","family":"angle","k":3,"op":"acos","outcome":"NotEqual","p":3,"precision":-64,"q":12,"representation":"radical"}
{"certificate":"Equal { certificate: StructuralEquality }","control":"identity","family":"angle","k":3,"op":"acos","outcome":"Equal","p":3,"precision":-256,"q":12,"representation":"radical"}
{"certificate":"NotEqual { certificate: DifferenceStructuralFacts }","control":"perturbed","family":"angle","k":3,"op":"acos","outcome":"NotEqual","p":3,"precision":-256,"q":12,"representation":"radical"}
{"certificate":"Equal { certificate: StructuralEquality }","control":"identity","family":"angle","k":3,"op":"acos","outcome":"Equal","p":3,"precision":-64,"q":12,"representation":"huge-period"}
{"certificate":"NotEqual { certificate: DifferenceStructuralFacts }","control":"perturbed","family":"angle","k":3,"op":"acos","outcome":"NotEqual","p":3,"precision":-64,"q":12,"representation":"huge-period"}
{"certificate":"Equal { certificate: StructuralEquality }","control":"identity","family":"angle","k":3,"op":"acos","outcome":"Equal","p":3,"precision":-256,"q":12,"representation":"huge-period"}
{"certificate":"NotEqual { certificate: DifferenceStructuralFacts }","control":"perturbed","family":"angle","k":3,"op":"acos","outcome":"NotEqual","p":3,"precision":-256,"q":12,"representation":"huge-period"}
{"certificate":"Equal { certificate: StructuralEquality }","control":"identity","family":"angle","k":4,"op":"acos","outcome":"Equal","p":4,"precision":-64,"q":12,"representation":"stored"}
{"certificate":"NotEqual { certificate: DifferenceStructuralFacts }","control":"perturbed","family":"angle","k":4,"op":"acos","outcome":"NotEqual","p":4,"precision":-64,"q":12,"representation":"stored"}
{"certificate":"Equal { certificate: StructuralEquality }","control":"identity","family":"angle","k":4,"op":"acos","outcome":"Equal","p":4,"precision":-256,"q":12,"representation":"stored"}
{"certificate":"NotEqual { certificate: DifferenceStructuralFacts }","control":"perturbed","family":"angle","k":4,"op":"acos","outcome":"NotEqual","p":4,"precision":-256,"q":12,"representation":"stored"}
{"certificate":"Equal { certificate: StructuralEquality }","control":"identity","family":"angle","k":4,"op":"acos","outcome":"Equal","p":4,"precision":-64,"q":12,"representation":"radical"}
{"certificate":"NotEqual { certificate: DifferenceStructuralFacts }","control":"perturbed","family":"angle","k":4,"op":"acos","outcome":"NotEqual","p":4,"precision":-64,"q":12,"representation":"radical"}
{"certificate":"Equal { certificate: StructuralEquality }","control":"identity","family":"angle","k":4,"op":"acos","outcome":"Equal","p":4,"precision":-256,"q":12,"representation":"radical"}
{"certificate":"NotEqual { certificate: DifferenceStructuralFacts }","control":"perturbed","family":"angle","k":4,"op":"acos","outcome":"NotEqual","p":4,"precision":-256,"q":12,"representation":"radical"}
{"certificate":"Equal { certificate: StructuralEquality }","control":"identity","family":"angle","k":4,"op":"acos","outcome":"Equal","p":4,"precision":-64,"q":12,"representation":"huge-period"}
{"certificate":"NotEqual { certificate: DifferenceStructuralFacts }","control":"perturbed","family":"angle","k":4,"op":"acos","outcome":"NotEqual","p":4,"precision":-64,"q":12,"representation":"huge-period"}
{"certificate":"Equal { certificate: StructuralEquality }","control":"identity","family":"angle","k":4,"op":"acos","outcome":"Equal","p":4,"precision":-256,"q":12,"representation":"huge-period"}
{"certificate":"NotEqual { certificate: DifferenceStructuralFacts }","control":"perturbed","family":"angle","k":4,"op":"acos","outcome":"NotEqual","p":4,"precision":-256,"q":12,"representation":"huge-period"}
{"certificate":"Equal { certificate: StructuralEquality }","control":"identity","family":"angle","k":5,"op":"acos","outcome":"Equal","p":5,"precision":-64,"q":12,"representation":"stored"}
{"certificate":"NotEqual { certificate: DifferenceStructuralFacts }","control":"perturbed","family":"angle","k":5,"op":"acos","outcome":"NotEqual","p":5,"precision":-64,"q":12,"representation":"stored"}
{"certificate":"Equal { certificate: StructuralEquality }","control":"identity","family":"angle","k":5,"op":"acos","outcome":"Equal","p":5,"precision":-256,"q":12,"representation":"stored"}
{"certificate":"NotEqual { certificate: DifferenceStructuralFacts }","control":"perturbed","family":"angle","k":5,"op":"acos","outcome":"NotEqual","p":5,"precision":-256,"q":12,"representation":"stored"}
{"certificate":"Unknown { min_precision: -64 }","control":"identity","family":"angle","k":5,"op":"acos","outcome":"Unknown","p":5,"precision":-64,"q":12,"representation":"radical"}
{"certificate":"NotEqual { certificate: BoundedRefinement { min_precision: -64 } }","control":"perturbed","family":"angle","k":5,"op":"acos","outcome":"NotEqual","p":5,"precision":-64,"q":12,"representation":"radical"}
{"certificate":"Unknown { min_precision: -256 }","control":"identity","family":"angle","k":5,"op":"acos","outcome":"Unknown","p":5,"precision":-256,"q":12,"representation":"radical"}
{"certificate":"NotEqual { certificate: BoundedRefinement { min_precision: -256 } }","control":"perturbed","family":"angle","k":5,"op":"acos","outcome":"NotEqual","p":5,"precision":-256,"q":12,"representation":"radical"}
{"certificate":"Equal { certificate: StructuralEquality }","control":"identity","family":"angle","k":5,"op":"acos","outcome":"Equal","p":5,"precision":-64,"q":12,"representation":"huge-period"}
{"certificate":"NotEqual { certificate: DifferenceStructuralFacts }","control":"perturbed","family":"angle","k":5,"op":"acos","outcome":"NotEqual","p":5,"precision":-64,"q":12,"representation":"huge-period"}
{"certificate":"Equal { certificate: StructuralEquality }","control":"identity","family":"angle","k":5,"op":"acos","outcome":"Equal","p":5,"precision":-256,"q":12,"representation":"huge-period"}
{"certificate":"NotEqual { certificate: DifferenceStructuralFacts }","control":"perturbed","family":"angle","k":5,"op":"acos","outcome":"NotEqual","p":5,"precision":-256,"q":12,"representation":"huge-period"}
{"certificate":"Equal { certificate: StructuralEquality }","control":"identity","family":"angle","k":6,"op":"acos","outcome":"Equal","p":6,"precision":-64,"q":12,"representation":"stored"}
{"certificate":"NotEqual { certificate: DifferenceStructuralFacts }","control":"perturbed","family":"angle","k":6,"op":"acos","outcome":"NotEqual","p":6,"precision":-64,"q":12,"representation":"stored"}
{"certificate":"Equal { certificate: StructuralEquality }","control":"identity","family":"angle","k":6,"op":"acos","outcome":"Equal","p":6,"precision":-256,"q":12,"representation":"stored"}
{"certificate":"NotEqual { certificate: DifferenceStructuralFacts }","control":"perturbed","family":"angle","k":6,"op":"acos","outcome":"NotEqual","p":6,"precision":-256,"q":12,"representation":"stored"}
{"certificate":"Equal { certificate: StructuralEquality }","control":"identity","family":"angle","k":6,"op":"acos","outcome":"Equal","p":6,"precision":-64,"q":12,"representation":"radical"}
{"certificate":"NotEqual { certificate: DifferenceStructuralFacts }","control":"perturbed","family":"angle","k":6,"op":"acos","outcome":"NotEqual","p":6,"precision":-64,"q":12,"representation":"radical"}
{"certificate":"Equal { certificate: StructuralEquality }","control":"identity","family":"angle","k":6,"op":"acos","outcome":"Equal","p":6,"precision":-256,"q":12,"representation":"radical"}
{"certificate":"NotEqual { certificate: DifferenceStructuralFacts }","control":"perturbed","family":"angle","k":6,"op":"acos","outcome":"NotEqual","p":6,"precision":-256,"q":12,"representation":"radical"}
{"certificate":"Equal { certificate: StructuralEquality }","control":"identity","family":"angle","k":6,"op":"acos","outcome":"Equal","p":6,"precision":-64,"q":12,"representation":"huge-period"}
{"certificate":"NotEqual { certificate: DifferenceStructuralFacts }","control":"perturbed","family":"angle","k":6,"op":"acos","outcome":"NotEqual","p":6,"precision":-64,"q":12,"representation":"huge-period"}
{"certificate":"Equal { certificate: StructuralEquality }","control":"identity","family":"angle","k":6,"op":"acos","outcome":"Equal","p":6,"precision":-256,"q":12,"representation":"huge-period"}
{"certificate":"NotEqual { certificate: DifferenceStructuralFacts }","control":"perturbed","family":"angle","k":6,"op":"acos","outcome":"NotEqual","p":6,"precision":-256,"q":12,"representation":"huge-period"}
{"certificate":"Equal { certificate: StructuralEquality }","control":"identity","family":"angle","k":7,"op":"acos","outcome":"Equal","p":7,"precision":-64,"q":12,"representation":"stored"}
{"certificate":"NotEqual { certificate: DifferenceStructuralFacts }","control":"perturbed","family":"angle","k":7,"op":"acos","outcome":"NotEqual","p":7,"precision":-64,"q":12,"representation":"stored"}
{"certificate":"Equal { certificate: StructuralEquality }","control":"identity","family":"angle","k":7,"op":"acos","outcome":"Equal","p":7,"precision":-256,"q":12,"representation":"stored"}
{"certificate":"NotEqual { certificate: DifferenceStructuralFacts }","control":"perturbed","family":"angle","k":7,"op":"acos","outcome":"NotEqual","p":7,"precision":-256,"q":12,"representation":"stored"}
{"certificate":"Unknown { min_precision: -64 }","control":"identity","family":"angle","k":7,"op":"acos","outcome":"Unknown","p":7,"precision":-64,"q":12,"representation":"radical"}
{"certificate":"NotEqual { certificate: BoundedRefinement { min_precision: -64 } }","control":"perturbed","family":"angle","k":7,"op":"acos","outcome":"NotEqual","p":7,"precision":-64,"q":12,"representation":"radical"}
{"certificate":"Unknown { min_precision: -256 }","control":"identity","family":"angle","k":7,"op":"acos","outcome":"Unknown","p":7,"precision":-256,"q":12,"representation":"radical"}
{"certificate":"NotEqual { certificate: BoundedRefinement { min_precision: -256 } }","control":"perturbed","family":"angle","k":7,"op":"acos","outcome":"NotEqual","p":7,"precision":-256,"q":12,"representation":"radical"}
{"certificate":"Equal { certificate: StructuralEquality }","control":"identity","family":"angle","k":7,"op":"acos","outcome":"Equal","p":7,"precision":-64,"q":12,"representation":"huge-period"}
{"certificate":"NotEqual { certificate: DifferenceStructuralFacts }","control":"perturbed","family":"angle","k":7,"op":"acos","outcome":"NotEqual","p":7,"precision":-64,"q":12,"representation":"huge-period"}
{"certificate":"Equal { certificate: StructuralEquality }","control":"identity","family":"angle","k":7,"op":"acos","outcome":"Equal","p":7,"precision":-256,"q":12,"representation":"huge-period"}
{"certificate":"NotEqual { certificate: DifferenceStructuralFacts }","control":"perturbed","family":"angle","k":7,"op":"acos","outcome":"NotEqual","p":7,"precision":-256,"q":12,"representation":"huge-period"}
{"certificate":"Equal { certificate: StructuralEquality }","control":"identity","family":"angle","k":8,"op":"acos","outcome":"Equal","p":8,"precision":-64,"q":12,"representation":"stored"}
{"certificate":"NotEqual { certificate: DifferenceStructuralFacts }","control":"perturbed","family":"angle","k":8,"op":"acos","outcome":"NotEqual","p":8,"precision":-64,"q":12,"representation":"stored"}
{"certificate":"Equal { certificate: StructuralEquality }","control":"identity","family":"angle","k":8,"op":"acos","outcome":"Equal","p":8,"precision":-256,"q":12,"representation":"stored"}
{"certificate":"NotEqual { certificate: DifferenceStructuralFacts }","control":"perturbed","family":"angle","k":8,"op":"acos","outcome":"NotEqual","p":8,"precision":-256,"q":12,"representation":"stored"}
{"certificate":"Equal { certificate: StructuralEquality }","control":"identity","family":"angle","k":8,"op":"acos","outcome":"Equal","p":8,"precision":-64,"q":12,"representation":"radical"}
{"certificate":"NotEqual { certificate: DifferenceStructuralFacts }","control":"perturbed","family":"angle","k":8,"op":"acos","outcome":"NotEqual","p":8,"precision":-64,"q":12,"representation":"radical"}
{"certificate":"Equal { certificate: StructuralEquality }","control":"identity","family":"angle","k":8,"op":"acos","outcome":"Equal","p":8,"precision":-256,"q":12,"representation":"radical"}
{"certificate":"NotEqual { certificate: DifferenceStructuralFacts }","control":"perturbed","family":"angle","k":8,"op":"acos","outcome":"NotEqual","p":8,"precision":-256,"q":12,"representation":"radical"}
{"certificate":"Equal { certificate: StructuralEquality }","control":"identity","family":"angle","k":8,"op":"acos","outcome":"Equal","p":8,"precision":-64,"q":12,"representation":"huge-period"}
{"certificate":"NotEqual { certificate: DifferenceStructuralFacts }","control":"perturbed","family":"angle","k":8,"op":"acos","outcome":"NotEqual","p":8,"precision":-64,"q":12,"representation":"huge-period"}
{"certificate":"Equal { certificate: StructuralEquality }","control":"identity","family":"angle","k":8,"op":"acos","outcome":"Equal","p":8,"precision":-256,"q":12,"representation":"huge-period"}
{"certificate":"NotEqual { certificate: DifferenceStructuralFacts }","control":"perturbed","family":"angle","k":8,"op":"acos","outcome":"NotEqual","p":8,"precision":-256,"q":12,"representation":"huge-period"}
{"certificate":"Equal { certificate: StructuralEquality }","control":"identity","family":"angle","k":9,"op":"acos","outcome":"Equal","p":9,"precision":-64,"q":12,"representation":"stored"}
{"certificate":"NotEqual { certificate: DifferenceStructuralFacts }","control":"perturbed","family":"angle","k":9,"op":"acos","outcome":"NotEqual","p":9,"precision":-64,"q":12,"representation":"stored"}
{"certificate":"Equal { certificate: StructuralEquality }","control":"identity","family":"angle","k":9,"op":"acos","outcome":"Equal","p":9,"precision":-256,"q":12,"representation":"stored"}
{"certificate":"NotEqual { certificate: DifferenceStructuralFacts }","control":"perturbed","family":"angle","k":9,"op":"acos","outcome":"NotEqual","p":9,"precision":-256,"q":12,"representation":"stored"}
{"certificate":"Equal { certificate: StructuralEquality }","control":"identity","family":"angle","k":9,"op":"acos","outcome":"Equal","p":9,"precision":-64,"q":12,"representation":"radical"}
{"certificate":"NotEqual { certificate: DifferenceStructuralFacts }","control":"perturbed","family":"angle","k":9,"op":"acos","outcome":"NotEqual","p":9,"precision":-64,"q":12,"representation":"radical"}
{"certificate":"Equal { certificate: StructuralEquality }","control":"identity","family":"angle","k":9,"op":"acos","outcome":"Equal","p":9,"precision":-256,"q":12,"representation":"radical"}
{"certificate":"NotEqual { certificate: DifferenceStructuralFacts }","control":"perturbed","family":"angle","k":9,"op":"acos","outcome":"NotEqual","p":9,"precision":-256,"q":12,"representation":"radical"}
{"certificate":"Equal { certificate: StructuralEquality }","control":"identity","family":"angle","k":9,"op":"acos","outcome":"Equal","p":9,"precision":-64,"q":12,"representation":"huge-period"}
{"certificate":"NotEqual { certificate: DifferenceStructuralFacts }","control":"perturbed","family":"angle","k":9,"op":"acos","outcome":"NotEqual","p":9,"precision":-64,"q":12,"representation":"huge-period"}
{"certificate":"Equal { certificate: StructuralEquality }","control":"identity","family":"angle","k":9,"op":"acos","outcome":"Equal","p":9,"precision":-256,"q":12,"representation":"huge-period"}
{"certificate":"NotEqual { certificate: DifferenceStructuralFacts }","control":"perturbed","family":"angle","k":9,"op":"acos","outcome":"NotEqual","p":9,"precision":-256,"q":12,"representation":"huge-period"}
{"certificate":"Equal { certificate: StructuralEquality }","control":"identity","family":"angle","k":10,"op":"acos","outcome":"Equal","p":10,"precision":-64,"q":12,"representation":"stored"}
{"certificate":"NotEqual { certificate: DifferenceStructuralFacts }","control":"perturbed","family":"angle","k":10,"op":"acos","outcome":"NotEqual","p":10,"precision":-64,"q":12,"representation":"stored"}
{"certificate":"Equal { certificate: StructuralEquality }","control":"identity","family":"angle","k":10,"op":"acos","outcome":"Equal","p":10,"precision":-256,"q":12,"representation":"stored"}
{"certificate":"NotEqual { certificate: DifferenceStructuralFacts }","control":"perturbed","family":"angle","k":10,"op":"acos","outcome":"NotEqual","p":10,"precision":-256,"q":12,"representation":"stored"}
{"certificate":"Equal { certificate: StructuralEquality }","control":"identity","family":"angle","k":10,"op":"acos","outcome":"Equal","p":10,"precision":-64,"q":12,"representation":"radical"}
{"certificate":"NotEqual { certificate: DifferenceStructuralFacts }","control":"perturbed","family":"angle","k":10,"op":"acos","outcome":"NotEqual","p":10,"precision":-64,"q":12,"representation":"radical"}
{"certificate":"Equal { certificate: StructuralEquality }","control":"identity","family":"angle","k":10,"op":"acos","outcome":"Equal","p":10,"precision":-256,"q":12,"representation":"radical"}
{"certificate":"NotEqual { certificate: DifferenceStructuralFacts }","control":"perturbed","family":"angle","k":10,"op":"acos","outcome":"NotEqual","p":10,"precision":-256,"q":12,"representation":"radical"}
{"certificate":"Equal { certificate: StructuralEquality }","control":"identity","family":"angle","k":10,"op":"acos","outcome":"Equal","p":10,"precision":-64,"q":12,"representation":"huge-period"}
{"certificate":"NotEqual { certificate: DifferenceStructuralFacts }","control":"perturbed","family":"angle","k":10,"op":"acos","outcome":"NotEqual","p":10,"precision":-64,"q":12,"representation":"huge-period"}
{"certificate":"Equal { certificate: StructuralEquality }","control":"identity","family":"angle","k":10,"op":"acos","outcome":"Equal","p":10,"precision":-256,"q":12,"representation":"huge-period"}
{"certificate":"NotEqual { certificate: DifferenceStructuralFacts }","control":"perturbed","family":"angle","k":10,"op":"acos","outcome":"NotEqual","p":10,"precision":-256,"q":12,"representation":"huge-period"}
{"certificate":"Equal { certificate: StructuralEquality }","control":"identity","family":"angle","k":11,"op":"acos","outcome":"Equal","p":11,"precision":-64,"q":12,"representation":"stored"}
{"certificate":"NotEqual { certificate: DifferenceStructuralFacts }","control":"perturbed","family":"angle","k":11,"op":"acos","outcome":"NotEqual","p":11,"precision":-64,"q":12,"representation":"stored"}
{"certificate":"Equal { certificate: StructuralEquality }","control":"identity","family":"angle","k":11,"op":"acos","outcome":"Equal","p":11,"precision":-256,"q":12,"representation":"stored"}
{"certificate":"NotEqual { certificate: DifferenceStructuralFacts }","control":"perturbed","family":"angle","k":11,"op":"acos","outcome":"NotEqual","p":11,"precision":-256,"q":12,"representation":"stored"}
{"certificate":"Unknown { min_precision: -64 }","control":"identity","family":"angle","k":11,"op":"acos","outcome":"Unknown","p":11,"precision":-64,"q":12,"representation":"radical"}
{"certificate":"NotEqual { certificate: BoundedRefinement { min_precision: -64 } }","control":"perturbed","family":"angle","k":11,"op":"acos","outcome":"NotEqual","p":11,"precision":-64,"q":12,"representation":"radical"}
{"certificate":"Unknown { min_precision: -256 }","control":"identity","family":"angle","k":11,"op":"acos","outcome":"Unknown","p":11,"precision":-256,"q":12,"representation":"radical"}
{"certificate":"NotEqual { certificate: BoundedRefinement { min_precision: -256 } }","control":"perturbed","family":"angle","k":11,"op":"acos","outcome":"NotEqual","p":11,"precision":-256,"q":12,"representation":"radical"}
{"certificate":"Equal { certificate: StructuralEquality }","control":"identity","family":"angle","k":11,"op":"acos","outcome":"Equal","p":11,"precision":-64,"q":12,"representation":"huge-period"}
{"certificate":"NotEqual { certificate: DifferenceStructuralFacts }","control":"perturbed","family":"angle","k":11,"op":"acos","outcome":"NotEqual","p":11,"precision":-64,"q":12,"representation":"huge-period"}
{"certificate":"Equal { certificate: StructuralEquality }","control":"identity","family":"angle","k":11,"op":"acos","outcome":"Equal","p":11,"precision":-256,"q":12,"representation":"huge-period"}
{"certificate":"NotEqual { certificate: DifferenceStructuralFacts }","control":"perturbed","family":"angle","k":11,"op":"acos","outcome":"NotEqual","p":11,"precision":-256,"q":12,"representation":"huge-period"}
{"certificate":"Equal { certificate: StructuralEquality }","control":"identity","family":"angle","k":12,"op":"acos","outcome":"Equal","p":12,"precision":-64,"q":12,"representation":"stored"}
{"certificate":"NotEqual { certificate: DifferenceStructuralFacts }","control":"perturbed","family":"angle","k":12,"op":"acos","outcome":"NotEqual","p":12,"precision":-64,"q":12,"representation":"stored"}
{"certificate":"Equal { certificate: StructuralEquality }","control":"identity","family":"angle","k":12,"op":"acos","outcome":"Equal","p":12,"precision":-256,"q":12,"representation":"stored"}
{"certificate":"NotEqual { certificate: DifferenceStructuralFacts }","control":"perturbed","family":"angle","k":12,"op":"acos","outcome":"NotEqual","p":12,"precision":-256,"q":12,"representation":"stored"}
{"certificate":"Equal { certificate: StructuralEquality }","control":"identity","family":"angle","k":12,"op":"acos","outcome":"Equal","p":12,"precision":-64,"q":12,"representation":"radical"}
{"certificate":"NotEqual { certificate: DifferenceStructuralFacts }","control":"perturbed","family":"angle","k":12,"op":"acos","outcome":"NotEqual","p":12,"precision":-64,"q":12,"representation":"radical"}
{"certificate":"Equal { certificate: StructuralEquality }","control":"identity","family":"angle","k":12,"op":"acos","outcome":"Equal","p":12,"precision":-256,"q":12,"representation":"radical"}
{"certificate":"NotEqual { certificate: DifferenceStructuralFacts }","control":"perturbed","family":"angle","k":12,"op":"acos","outcome":"NotEqual","p":12,"precision":-256,"q":12,"representation":"radical"}
{"certificate":"Equal { certificate: StructuralEquality }","control":"identity","family":"angle","k":12,"op":"acos","outcome":"Equal","p":12,"precision":-64,"q":12,"representation":"huge-period"}
{"certificate":"NotEqual { certificate: DifferenceStructuralFacts }","control":"perturbed","family":"angle","k":12,"op":"acos","outcome":"NotEqual","p":12,"precision":-64,"q":12,"representation":"huge-period"}
{"certificate":"Equal { certificate: StructuralEquality }","control":"identity","family":"angle","k":12,"op":"acos","outcome":"Equal","p":12,"precision":-256,"q":12,"representation":"huge-period"}
{"certificate":"NotEqual { certificate: DifferenceStructuralFacts }","control":"perturbed","family":"angle","k":12,"op":"acos","outcome":"NotEqual","p":12,"precision":-256,"q":12,"representation":"huge-period"}
{"certificate":"Equal { certificate: StructuralEquality }","control":"identity","family":"angle","k":13,"op":"acos","outcome":"Equal","p":11,"precision":-64,"q":12,"representation":"stored"}
{"certificate":"NotEqual { certificate: DifferenceStructuralFacts }","control":"perturbed","family":"angle","k":13,"op":"acos","outcome":"NotEqual","p":11,"precision":-64,"q":12,"representation":"stored"}
{"certificate":"Equal { certificate: StructuralEquality }","control":"identity","family":"angle","k":13,"op":"acos","outcome":"Equal","p":11,"precision":-256,"q":12,"representation":"stored"}
{"certificate":"NotEqual { certificate: DifferenceStructuralFacts }","control":"perturbed","family":"angle","k":13,"op":"acos","outcome":"NotEqual","p":11,"precision":-256,"q":12,"representation":"stored"}
{"certificate":"Unknown { min_precision: -64 }","control":"identity","family":"angle","k":13,"op":"acos","outcome":"Unknown","p":11,"precision":-64,"q":12,"representation":"radical"}
{"certificate":"NotEqual { certificate: BoundedRefinement { min_precision: -64 } }","control":"perturbed","family":"angle","k":13,"op":"acos","outcome":"NotEqual","p":11,"precision":-64,"q":12,"representation":"radical"}
{"certificate":"Unknown { min_precision: -256 }","control":"identity","family":"angle","k":13,"op":"acos","outcome":"Unknown","p":11,"precision":-256,"q":12,"representation":"radical"}
{"certificate":"NotEqual { certificate: BoundedRefinement { min_precision: -256 } }","control":"perturbed","family":"angle","k":13,"op":"acos","outcome":"NotEqual","p":11,"precision":-256,"q":12,"representation":"radical"}
{"certificate":"Equal { certificate: StructuralEquality }","control":"identity","family":"angle","k":13,"op":"acos","outcome":"Equal","p":11,"precision":-64,"q":12,"representation":"huge-period"}
{"certificate":"NotEqual { certificate: DifferenceStructuralFacts }","control":"perturbed","family":"angle","k":13,"op":"acos","outcome":"NotEqual","p":11,"precision":-64,"q":12,"representation":"huge-period"}
{"certificate":"Equal { certificate: StructuralEquality }","control":"identity","family":"angle","k":13,"op":"acos","outcome":"Equal","p":11,"precision":-256,"q":12,"representation":"huge-period"}
{"certificate":"NotEqual { certificate: DifferenceStructuralFacts }","control":"perturbed","family":"angle","k":13,"op":"acos","outcome":"NotEqual","p":11,"precision":-256,"q":12,"representation":"huge-period"}
{"certificate":"Equal { certificate: StructuralEquality }","control":"identity","family":"angle","k":14,"op":"acos","outcome":"Equal","p":10,"precision":-64,"q":12,"representation":"stored"}
{"certificate":"NotEqual { certificate: DifferenceStructuralFacts }","control":"perturbed","family":"angle","k":14,"op":"acos","outcome":"NotEqual","p":10,"precision":-64,"q":12,"representation":"stored"}
{"certificate":"Equal { certificate: StructuralEquality }","control":"identity","family":"angle","k":14,"op":"acos","outcome":"Equal","p":10,"precision":-256,"q":12,"representation":"stored"}
{"certificate":"NotEqual { certificate: DifferenceStructuralFacts }","control":"perturbed","family":"angle","k":14,"op":"acos","outcome":"NotEqual","p":10,"precision":-256,"q":12,"representation":"stored"}
{"certificate":"Equal { certificate: StructuralEquality }","control":"identity","family":"angle","k":14,"op":"acos","outcome":"Equal","p":10,"precision":-64,"q":12,"representation":"radical"}
{"certificate":"NotEqual { certificate: DifferenceStructuralFacts }","control":"perturbed","family":"angle","k":14,"op":"acos","outcome":"NotEqual","p":10,"precision":-64,"q":12,"representation":"radical"}
{"certificate":"Equal { certificate: StructuralEquality }","control":"identity","family":"angle","k":14,"op":"acos","outcome":"Equal","p":10,"precision":-256,"q":12,"representation":"radical"}
{"certificate":"NotEqual { certificate: DifferenceStructuralFacts }","control":"perturbed","family":"angle","k":14,"op":"acos","outcome":"NotEqual","p":10,"precision":-256,"q":12,"representation":"radical"}
{"certificate":"Equal { certificate: StructuralEquality }","control":"identity","family":"angle","k":14,"op":"acos","outcome":"Equal","p":10,"precision":-64,"q":12,"representation":"huge-period"}
{"certificate":"NotEqual { certificate: DifferenceStructuralFacts }","control":"perturbed","family":"angle","k":14,"op":"acos","outcome":"NotEqual","p":10,"precision":-64,"q":12,"representation":"huge-period"}
{"certificate":"Equal { certificate: StructuralEquality }","control":"identity","family":"angle","k":14,"op":"acos","outcome":"Equal","p":10,"precision":-256,"q":12,"representation":"huge-period"}
{"certificate":"NotEqual { certificate: DifferenceStructuralFacts }","control":"perturbed","family":"angle","k":14,"op":"acos","outcome":"NotEqual","p":10,"precision":-256,"q":12,"representation":"huge-period"}
{"certificate":"Equal { certificate: StructuralEquality }","control":"identity","family":"angle","k":15,"op":"acos","outcome":"Equal","p":9,"precision":-64,"q":12,"representation":"stored"}
{"certificate":"NotEqual { certificate: DifferenceStructuralFacts }","control":"perturbed","family":"angle","k":15,"op":"acos","outcome":"NotEqual","p":9,"precision":-64,"q":12,"representation":"stored"}
{"certificate":"Equal { certificate: StructuralEquality }","control":"identity","family":"angle","k":15,"op":"acos","outcome":"Equal","p":9,"precision":-256,"q":12,"representation":"stored"}
{"certificate":"NotEqual { certificate: DifferenceStructuralFacts }","control":"perturbed","family":"angle","k":15,"op":"acos","outcome":"NotEqual","p":9,"precision":-256,"q":12,"representation":"stored"}
{"certificate":"Equal { certificate: StructuralEquality }","control":"identity","family":"angle","k":15,"op":"acos","outcome":"Equal","p":9,"precision":-64,"q":12,"representation":"radical"}
{"certificate":"NotEqual { certificate: DifferenceStructuralFacts }","control":"perturbed","family":"angle","k":15,"op":"acos","outcome":"NotEqual","p":9,"precision":-64,"q":12,"representation":"radical"}
{"certificate":"Equal { certificate: StructuralEquality }","control":"identity","family":"angle","k":15,"op":"acos","outcome":"Equal","p":9,"precision":-256,"q":12,"representation":"radical"}
{"certificate":"NotEqual { certificate: DifferenceStructuralFacts }","control":"perturbed","family":"angle","k":15,"op":"acos","outcome":"NotEqual","p":9,"precision":-256,"q":12,"representation":"radical"}
{"certificate":"Equal { certificate: StructuralEquality }","control":"identity","family":"angle","k":15,"op":"acos","outcome":"Equal","p":9,"precision":-64,"q":12,"representation":"huge-period"}
{"certificate":"NotEqual { certificate: DifferenceStructuralFacts }","control":"perturbed","family":"angle","k":15,"op":"acos","outcome":"NotEqual","p":9,"precision":-64,"q":12,"representation":"huge-period"}
{"certificate":"Equal { certificate: StructuralEquality }","control":"identity","family":"angle","k":15,"op":"acos","outcome":"Equal","p":9,"precision":-256,"q":12,"representation":"huge-period"}
{"certificate":"NotEqual { certificate: DifferenceStructuralFacts }","control":"perturbed","family":"angle","k":15,"op":"acos","outcome":"NotEqual","p":9,"precision":-256,"q":12,"representation":"huge-period"}
{"certificate":"Equal { certificate: StructuralEquality }","control":"identity","family":"angle","k":16,"op":"acos","outcome":"Equal","p":8,"precision":-64,"q":12,"representation":"stored"}
{"certificate":"NotEqual { certificate: DifferenceStructuralFacts }","control":"perturbed","family":"angle","k":16,"op":"acos","outcome":"NotEqual","p":8,"precision":-64,"q":12,"representation":"stored"}
{"certificate":"Equal { certificate: StructuralEquality }","control":"identity","family":"angle","k":16,"op":"acos","outcome":"Equal","p":8,"precision":-256,"q":12,"representation":"stored"}
{"certificate":"NotEqual { certificate: DifferenceStructuralFacts }","control":"perturbed","family":"angle","k":16,"op":"acos","outcome":"NotEqual","p":8,"precision":-256,"q":12,"representation":"stored"}
{"certificate":"Equal { certificate: StructuralEquality }","control":"identity","family":"angle","k":16,"op":"acos","outcome":"Equal","p":8,"precision":-64,"q":12,"representation":"radical"}
{"certificate":"NotEqual { certificate: DifferenceStructuralFacts }","control":"perturbed","family":"angle","k":16,"op":"acos","outcome":"NotEqual","p":8,"precision":-64,"q":12,"representation":"radical"}
{"certificate":"Equal { certificate: StructuralEquality }","control":"identity","family":"angle","k":16,"op":"acos","outcome":"Equal","p":8,"precision":-256,"q":12,"representation":"radical"}
{"certificate":"NotEqual { certificate: DifferenceStructuralFacts }","control":"perturbed","family":"angle","k":16,"op":"acos","outcome":"NotEqual","p":8,"precision":-256,"q":12,"representation":"radical"}
{"certificate":"Equal { certificate: StructuralEquality }","control":"identity","family":"angle","k":16,"op":"acos","outcome":"Equal","p":8,"precision":-64,"q":12,"representation":"huge-period"}
{"certificate":"NotEqual { certificate: DifferenceStructuralFacts }","control":"perturbed","family":"angle","k":16,"op":"acos","outcome":"NotEqual","p":8,"precision":-64,"q":12,"representation":"huge-period"}
{"certificate":"Equal { certificate: StructuralEquality }","control":"identity","family":"angle","k":16,"op":"acos","outcome":"Equal","p":8,"precision":-256,"q":12,"representation":"huge-period"}
{"certificate":"NotEqual { certificate: DifferenceStructuralFacts }","control":"perturbed","family":"angle","k":16,"op":"acos","outcome":"NotEqual","p":8,"precision":-256,"q":12,"representation":"huge-period"}
{"certificate":"Equal { certificate: StructuralEquality }","control":"identity","family":"angle","k":17,"op":"acos","outcome":"Equal","p":7,"precision":-64,"q":12,"representation":"stored"}
{"certificate":"NotEqual { certificate: DifferenceStructuralFacts }","control":"perturbed","family":"angle","k":17,"op":"acos","outcome":"NotEqual","p":7,"precision":-64,"q":12,"representation":"stored"}
{"certificate":"Equal { certificate: StructuralEquality }","control":"identity","family":"angle","k":17,"op":"acos","outcome":"Equal","p":7,"precision":-256,"q":12,"representation":"stored"}
{"certificate":"NotEqual { certificate: DifferenceStructuralFacts }","control":"perturbed","family":"angle","k":17,"op":"acos","outcome":"NotEqual","p":7,"precision":-256,"q":12,"representation":"stored"}
{"certificate":"Unknown { min_precision: -64 }","control":"identity","family":"angle","k":17,"op":"acos","outcome":"Unknown","p":7,"precision":-64,"q":12,"representation":"radical"}
{"certificate":"NotEqual { certificate: BoundedRefinement { min_precision: -64 } }","control":"perturbed","family":"angle","k":17,"op":"acos","outcome":"NotEqual","p":7,"precision":-64,"q":12,"representation":"radical"}
{"certificate":"Unknown { min_precision: -256 }","control":"identity","family":"angle","k":17,"op":"acos","outcome":"Unknown","p":7,"precision":-256,"q":12,"representation":"radical"}
{"certificate":"NotEqual { certificate: BoundedRefinement { min_precision: -256 } }","control":"perturbed","family":"angle","k":17,"op":"acos","outcome":"NotEqual","p":7,"precision":-256,"q":12,"representation":"radical"}
{"certificate":"Equal { certificate: StructuralEquality }","control":"identity","family":"angle","k":17,"op":"acos","outcome":"Equal","p":7,"precision":-64,"q":12,"representation":"huge-period"}
{"certificate":"NotEqual { certificate: DifferenceStructuralFacts }","control":"perturbed","family":"angle","k":17,"op":"acos","outcome":"NotEqual","p":7,"precision":-64,"q":12,"representation":"huge-period"}
{"certificate":"Equal { certificate: StructuralEquality }","control":"identity","family":"angle","k":17,"op":"acos","outcome":"Equal","p":7,"precision":-256,"q":12,"representation":"huge-period"}
{"certificate":"NotEqual { certificate: DifferenceStructuralFacts }","control":"perturbed","family":"angle","k":17,"op":"acos","outcome":"NotEqual","p":7,"precision":-256,"q":12,"representation":"huge-period"}
{"certificate":"Equal { certificate: StructuralEquality }","control":"identity","family":"angle","k":18,"op":"acos","outcome":"Equal","p":6,"precision":-64,"q":12,"representation":"stored"}
{"certificate":"NotEqual { certificate: DifferenceStructuralFacts }","control":"perturbed","family":"angle","k":18,"op":"acos","outcome":"NotEqual","p":6,"precision":-64,"q":12,"representation":"stored"}
{"certificate":"Equal { certificate: StructuralEquality }","control":"identity","family":"angle","k":18,"op":"acos","outcome":"Equal","p":6,"precision":-256,"q":12,"representation":"stored"}
{"certificate":"NotEqual { certificate: DifferenceStructuralFacts }","control":"perturbed","family":"angle","k":18,"op":"acos","outcome":"NotEqual","p":6,"precision":-256,"q":12,"representation":"stored"}
{"certificate":"Equal { certificate: StructuralEquality }","control":"identity","family":"angle","k":18,"op":"acos","outcome":"Equal","p":6,"precision":-64,"q":12,"representation":"radical"}
{"certificate":"NotEqual { certificate: DifferenceStructuralFacts }","control":"perturbed","family":"angle","k":18,"op":"acos","outcome":"NotEqual","p":6,"precision":-64,"q":12,"representation":"radical"}
{"certificate":"Equal { certificate: StructuralEquality }","control":"identity","family":"angle","k":18,"op":"acos","outcome":"Equal","p":6,"precision":-256,"q":12,"representation":"radical"}
{"certificate":"NotEqual { certificate: DifferenceStructuralFacts }","control":"perturbed","family":"angle","k":18,"op":"acos","outcome":"NotEqual","p":6,"precision":-256,"q":12,"representation":"radical"}
{"certificate":"Equal { certificate: StructuralEquality }","control":"identity","family":"angle","k":18,"op":"acos","outcome":"Equal","p":6,"precision":-64,"q":12,"representation":"huge-period"}
{"certificate":"NotEqual { certificate: DifferenceStructuralFacts }","control":"perturbed","family":"angle","k":18,"op":"acos","outcome":"NotEqual","p":6,"precision":-64,"q":12,"representation":"huge-period"}
{"certificate":"Equal { certificate: StructuralEquality }","control":"identity","family":"angle","k":18,"op":"acos","outcome":"Equal","p":6,"precision":-256,"q":12,"representation":"huge-period"}
{"certificate":"NotEqual { certificate: DifferenceStructuralFacts }","control":"perturbed","family":"angle","k":18,"op":"acos","outcome":"NotEqual","p":6,"precision":-256,"q":12,"representation":"huge-period"}
{"certificate":"Equal { certificate: StructuralEquality }","control":"identity","family":"angle","k":19,"op":"acos","outcome":"Equal","p":5,"precision":-64,"q":12,"representation":"stored"}
{"certificate":"NotEqual { certificate: DifferenceStructuralFacts }","control":"perturbed","family":"angle","k":19,"op":"acos","outcome":"NotEqual","p":5,"precision":-64,"q":12,"representation":"stored"}
{"certificate":"Equal { certificate: StructuralEquality }","control":"identity","family":"angle","k":19,"op":"acos","outcome":"Equal","p":5,"precision":-256,"q":12,"representation":"stored"}
{"certificate":"NotEqual { certificate: DifferenceStructuralFacts }","control":"perturbed","family":"angle","k":19,"op":"acos","outcome":"NotEqual","p":5,"precision":-256,"q":12,"representation":"stored"}
{"certificate":"Unknown { min_precision: -64 }","control":"identity","family":"angle","k":19,"op":"acos","outcome":"Unknown","p":5,"precision":-64,"q":12,"representation":"radical"}
{"certificate":"NotEqual { certificate: BoundedRefinement { min_precision: -64 } }","control":"perturbed","family":"angle","k":19,"op":"acos","outcome":"NotEqual","p":5,"precision":-64,"q":12,"representation":"radical"}
{"certificate":"Unknown { min_precision: -256 }","control":"identity","family":"angle","k":19,"op":"acos","outcome":"Unknown","p":5,"precision":-256,"q":12,"representation":"radical"}
{"certificate":"NotEqual { certificate: BoundedRefinement { min_precision: -256 } }","control":"perturbed","family":"angle","k":19,"op":"acos","outcome":"NotEqual","p":5,"precision":-256,"q":12,"representation":"radical"}
{"certificate":"Equal { certificate: StructuralEquality }","control":"identity","family":"angle","k":19,"op":"acos","outcome":"Equal","p":5,"precision":-64,"q":12,"representation":"huge-period"}
{"certificate":"NotEqual { certificate: DifferenceStructuralFacts }","control":"perturbed","family":"angle","k":19,"op":"acos","outcome":"NotEqual","p":5,"precision":-64,"q":12,"representation":"huge-period"}
{"certificate":"Equal { certificate: StructuralEquality }","control":"identity","family":"angle","k":19,"op":"acos","outcome":"Equal","p":5,"precision":-256,"q":12,"representation":"huge-period"}
{"certificate":"NotEqual { certificate: DifferenceStructuralFacts }","control":"perturbed","family":"angle","k":19,"op":"acos","outcome":"NotEqual","p":5,"precision":-256,"q":12,"representation":"huge-period"}
{"certificate":"Equal { certificate: StructuralEquality }","control":"identity","family":"angle","k":20,"op":"acos","outcome":"Equal","p":4,"precision":-64,"q":12,"representation":"stored"}
{"certificate":"NotEqual { certificate: DifferenceStructuralFacts }","control":"perturbed","family":"angle","k":20,"op":"acos","outcome":"NotEqual","p":4,"precision":-64,"q":12,"representation":"stored"}
{"certificate":"Equal { certificate: StructuralEquality }","control":"identity","family":"angle","k":20,"op":"acos","outcome":"Equal","p":4,"precision":-256,"q":12,"representation":"stored"}
{"certificate":"NotEqual { certificate: DifferenceStructuralFacts }","control":"perturbed","family":"angle","k":20,"op":"acos","outcome":"NotEqual","p":4,"precision":-256,"q":12,"representation":"stored"}
{"certificate":"Equal { certificate: StructuralEquality }","control":"identity","family":"angle","k":20,"op":"acos","outcome":"Equal","p":4,"precision":-64,"q":12,"representation":"radical"}
{"certificate":"NotEqual { certificate: DifferenceStructuralFacts }","control":"perturbed","family":"angle","k":20,"op":"acos","outcome":"NotEqual","p":4,"precision":-64,"q":12,"representation":"radical"}
{"certificate":"Equal { certificate: StructuralEquality }","control":"identity","family":"angle","k":20,"op":"acos","outcome":"Equal","p":4,"precision":-256,"q":12,"representation":"radical"}
{"certificate":"NotEqual { certificate: DifferenceStructuralFacts }","control":"perturbed","family":"angle","k":20,"op":"acos","outcome":"NotEqual","p":4,"precision":-256,"q":12,"representation":"radical"}
{"certificate":"Equal { certificate: StructuralEquality }","control":"identity","family":"angle","k":20,"op":"acos","outcome":"Equal","p":4,"precision":-64,"q":12,"representation":"huge-period"}
{"certificate":"NotEqual { certificate: DifferenceStructuralFacts }","control":"perturbed","family":"angle","k":20,"op":"acos","outcome":"NotEqual","p":4,"precision":-64,"q":12,"representation":"huge-period"}
{"certificate":"Equal { certificate: StructuralEquality }","control":"identity","family":"angle","k":20,"op":"acos","outcome":"Equal","p":4,"precision":-256,"q":12,"representation":"huge-period"}
{"certificate":"NotEqual { certificate: DifferenceStructuralFacts }","control":"perturbed","family":"angle","k":20,"op":"acos","outcome":"NotEqual","p":4,"precision":-256,"q":12,"representation":"huge-period"}
{"certificate":"Equal { certificate: StructuralEquality }","control":"identity","family":"angle","k":21,"op":"acos","outcome":"Equal","p":3,"precision":-64,"q":12,"representation":"stored"}
{"certificate":"NotEqual { certificate: DifferenceStructuralFacts }","control":"perturbed","family":"angle","k":21,"op":"acos","outcome":"NotEqual","p":3,"precision":-64,"q":12,"representation":"stored"}
{"certificate":"Equal { certificate: StructuralEquality }","control":"identity","family":"angle","k":21,"op":"acos","outcome":"Equal","p":3,"precision":-256,"q":12,"representation":"stored"}
{"certificate":"NotEqual { certificate: DifferenceStructuralFacts }","control":"perturbed","family":"angle","k":21,"op":"acos","outcome":"NotEqual","p":3,"precision":-256,"q":12,"representation":"stored"}
{"certificate":"Equal { certificate: StructuralEquality }","control":"identity","family":"angle","k":21,"op":"acos","outcome":"Equal","p":3,"precision":-64,"q":12,"representation":"radical"}
{"certificate":"NotEqual { certificate: DifferenceStructuralFacts }","control":"perturbed","family":"angle","k":21,"op":"acos","outcome":"NotEqual","p":3,"precision":-64,"q":12,"representation":"radical"}
{"certificate":"Equal { certificate: StructuralEquality }","control":"identity","family":"angle","k":21,"op":"acos","outcome":"Equal","p":3,"precision":-256,"q":12,"representation":"radical"}
{"certificate":"NotEqual { certificate: DifferenceStructuralFacts }","control":"perturbed","family":"angle","k":21,"op":"acos","outcome":"NotEqual","p":3,"precision":-256,"q":12,"representation":"radical"}
{"certificate":"Equal { certificate: StructuralEquality }","control":"identity","family":"angle","k":21,"op":"acos","outcome":"Equal","p":3,"precision":-64,"q":12,"representation":"huge-period"}
{"certificate":"NotEqual { certificate: DifferenceStructuralFacts }","control":"perturbed","family":"angle","k":21,"op":"acos","outcome":"NotEqual","p":3,"precision":-64,"q":12,"representation":"huge-period"}
{"certificate":"Equal { certificate: StructuralEquality }","control":"identity","family":"angle","k":21,"op":"acos","outcome":"Equal","p":3,"precision":-256,"q":12,"representation":"huge-period"}
{"certificate":"NotEqual { certificate: DifferenceStructuralFacts }","control":"perturbed","family":"angle","k":21,"op":"acos","outcome":"NotEqual","p":3,"precision":-256,"q":12,"representation":"huge-period"}
{"certificate":"Equal { certificate: StructuralEquality }","control":"identity","family":"angle","k":22,"op":"acos","outcome":"Equal","p":2,"precision":-64,"q":12,"representation":"stored"}
{"certificate":"NotEqual { certificate: DifferenceStructuralFacts }","control":"perturbed","family":"angle","k":22,"op":"acos","outcome":"NotEqual","p":2,"precision":-64,"q":12,"representation":"stored"}
{"certificate":"Equal { certificate: StructuralEquality }","control":"identity","family":"angle","k":22,"op":"acos","outcome":"Equal","p":2,"precision":-256,"q":12,"representation":"stored"}
{"certificate":"NotEqual { certificate: DifferenceStructuralFacts }","control":"perturbed","family":"angle","k":22,"op":"acos","outcome":"NotEqual","p":2,"precision":-256,"q":12,"representation":"stored"}
{"certificate":"Equal { certificate: StructuralEquality }","control":"identity","family":"angle","k":22,"op":"acos","outcome":"Equal","p":2,"precision":-64,"q":12,"representation":"radical"}
{"certificate":"NotEqual { certificate: DifferenceStructuralFacts }","control":"perturbed","family":"angle","k":22,"op":"acos","outcome":"NotEqual","p":2,"precision":-64,"q":12,"representation":"radical"}
{"certificate":"Equal { certificate: StructuralEquality }","control":"identity","family":"angle","k":22,"op":"acos","outcome":"Equal","p":2,"precision":-256,"q":12,"representation":"radical"}
{"certificate":"NotEqual { certificate: DifferenceStructuralFacts }","control":"perturbed","family":"angle","k":22,"op":"acos","outcome":"NotEqual","p":2,"precision":-256,"q":12,"representation":"radical"}
{"certificate":"Equal { certificate: StructuralEquality }","control":"identity","family":"angle","k":22,"op":"acos","outcome":"Equal","p":2,"precision":-64,"q":12,"representation":"huge-period"}
{"certificate":"NotEqual { certificate: DifferenceStructuralFacts }","control":"perturbed","family":"angle","k":22,"op":"acos","outcome":"NotEqual","p":2,"precision":-64,"q":12,"representation":"huge-period"}
{"certificate":"Equal { certificate: StructuralEquality }","control":"identity","family":"angle","k":22,"op":"acos","outcome":"Equal","p":2,"precision":-256,"q":12,"representation":"huge-period"}
{"certificate":"NotEqual { certificate: DifferenceStructuralFacts }","control":"perturbed","family":"angle","k":22,"op":"acos","outcome":"NotEqual","p":2,"precision":-256,"q":12,"representation":"huge-period"}
{"certificate":"Equal { certificate: StructuralEquality }","control":"identity","family":"angle","k":23,"op":"acos","outcome":"Equal","p":1,"precision":-64,"q":12,"representation":"stored"}
{"certificate":"NotEqual { certificate: DifferenceStructuralFacts }","control":"perturbed","family":"angle","k":23,"op":"acos","outcome":"NotEqual","p":1,"precision":-64,"q":12,"representation":"stored"}
{"certificate":"Equal { certificate: StructuralEquality }","control":"identity","family":"angle","k":23,"op":"acos","outcome":"Equal","p":1,"precision":-256,"q":12,"representation":"stored"}
{"certificate":"NotEqual { certificate: DifferenceStructuralFacts }","control":"perturbed","family":"angle","k":23,"op":"acos","outcome":"NotEqual","p":1,"precision":-256,"q":12,"representation":"stored"}
{"certificate":"Unknown { min_precision: -64 }","control":"identity","family":"angle","k":23,"op":"acos","outcome":"Unknown","p":1,"precision":-64,"q":12,"representation":"radical"}
{"certificate":"NotEqual { certificate: BoundedRefinement { min_precision: -64 } }","control":"perturbed","family":"angle","k":23,"op":"acos","outcome":"NotEqual","p":1,"precision":-64,"q":12,"representation":"radical"}
{"certificate":"Unknown { min_precision: -256 }","control":"identity","family":"angle","k":23,"op":"acos","outcome":"Unknown","p":1,"precision":-256,"q":12,"representation":"radical"}
{"certificate":"NotEqual { certificate: BoundedRefinement { min_precision: -256 } }","control":"perturbed","family":"angle","k":23,"op":"acos","outcome":"NotEqual","p":1,"precision":-256,"q":12,"representation":"radical"}
{"certificate":"Equal { certificate: StructuralEquality }","control":"identity","family":"angle","k":23,"op":"acos","outcome":"Equal","p":1,"precision":-64,"q":12,"representation":"huge-period"}
{"certificate":"NotEqual { certificate: DifferenceStructuralFacts }","control":"perturbed","family":"angle","k":23,"op":"acos","outcome":"NotEqual","p":1,"precision":-64,"q":12,"representation":"huge-period"}
{"certificate":"Equal { certificate: StructuralEquality }","control":"identity","family":"angle","k":23,"op":"acos","outcome":"Equal","p":1,"precision":-256,"q":12,"representation":"huge-period"}
{"certificate":"NotEqual { certificate: DifferenceStructuralFacts }","control":"perturbed","family":"angle","k":23,"op":"acos","outcome":"NotEqual","p":1,"precision":-256,"q":12,"representation":"huge-period"}
{"certificate":"Equal { certificate: StructuralEquality }","control":"identity","family":"angle","k":0,"op":"atan","outcome":"Equal","p":0,"precision":-64,"q":24,"representation":"stored"}
{"certificate":"NotEqual { certificate: ExactRationalComparison }","control":"perturbed","family":"angle","k":0,"op":"atan","outcome":"NotEqual","p":0,"precision":-64,"q":24,"representation":"stored"}
{"certificate":"Equal { certificate: StructuralEquality }","control":"identity","family":"angle","k":0,"op":"atan","outcome":"Equal","p":0,"precision":-256,"q":24,"representation":"stored"}
{"certificate":"NotEqual { certificate: ExactRationalComparison }","control":"perturbed","family":"angle","k":0,"op":"atan","outcome":"NotEqual","p":0,"precision":-256,"q":24,"representation":"stored"}
{"certificate":"Equal { certificate: StructuralEquality }","control":"identity","family":"angle","k":0,"op":"atan","outcome":"Equal","p":0,"precision":-64,"q":24,"representation":"radical"}
{"certificate":"NotEqual { certificate: ExactRationalComparison }","control":"perturbed","family":"angle","k":0,"op":"atan","outcome":"NotEqual","p":0,"precision":-64,"q":24,"representation":"radical"}
{"certificate":"Equal { certificate: StructuralEquality }","control":"identity","family":"angle","k":0,"op":"atan","outcome":"Equal","p":0,"precision":-256,"q":24,"representation":"radical"}
{"certificate":"NotEqual { certificate: ExactRationalComparison }","control":"perturbed","family":"angle","k":0,"op":"atan","outcome":"NotEqual","p":0,"precision":-256,"q":24,"representation":"radical"}
{"certificate":"Equal { certificate: StructuralEquality }","control":"identity","family":"angle","k":0,"op":"atan","outcome":"Equal","p":0,"precision":-64,"q":24,"representation":"huge-period"}
{"certificate":"NotEqual { certificate: ExactRationalComparison }","control":"perturbed","family":"angle","k":0,"op":"atan","outcome":"NotEqual","p":0,"precision":-64,"q":24,"representation":"huge-period"}
{"certificate":"Equal { certificate: StructuralEquality }","control":"identity","family":"angle","k":0,"op":"atan","outcome":"Equal","p":0,"precision":-256,"q":24,"representation":"huge-period"}
{"certificate":"NotEqual { certificate: ExactRationalComparison }","control":"perturbed","family":"angle","k":0,"op":"atan","outcome":"NotEqual","p":0,"precision":-256,"q":24,"representation":"huge-period"}
{"certificate":"Equal { certificate: StructuralEquality }","control":"identity","family":"angle","k":1,"op":"atan","outcome":"Equal","p":1,"precision":-64,"q":24,"representation":"stored"}
{"certificate":"NotEqual { certificate: DifferenceStructuralFacts }","control":"perturbed","family":"angle","k":1,"op":"atan","outcome":"NotEqual","p":1,"precision":-64,"q":24,"representation":"stored"}
{"certificate":"Equal { certificate: StructuralEquality }","control":"identity","family":"angle","k":1,"op":"atan","outcome":"Equal","p":1,"precision":-256,"q":24,"representation":"stored"}
{"certificate":"NotEqual { certificate: DifferenceStructuralFacts }","control":"perturbed","family":"angle","k":1,"op":"atan","outcome":"NotEqual","p":1,"precision":-256,"q":24,"representation":"stored"}
{"certificate":"Unknown { min_precision: -64 }","control":"identity","family":"angle","k":1,"op":"atan","outcome":"Unknown","p":1,"precision":-64,"q":24,"representation":"radical"}
{"certificate":"NotEqual { certificate: BoundedRefinement { min_precision: -64 } }","control":"perturbed","family":"angle","k":1,"op":"atan","outcome":"NotEqual","p":1,"precision":-64,"q":24,"representation":"radical"}
{"certificate":"Unknown { min_precision: -256 }","control":"identity","family":"angle","k":1,"op":"atan","outcome":"Unknown","p":1,"precision":-256,"q":24,"representation":"radical"}
{"certificate":"NotEqual { certificate: BoundedRefinement { min_precision: -256 } }","control":"perturbed","family":"angle","k":1,"op":"atan","outcome":"NotEqual","p":1,"precision":-256,"q":24,"representation":"radical"}
{"certificate":"Equal { certificate: StructuralEquality }","control":"identity","family":"angle","k":1,"op":"atan","outcome":"Equal","p":1,"precision":-64,"q":24,"representation":"huge-period"}
{"certificate":"NotEqual { certificate: DifferenceStructuralFacts }","control":"perturbed","family":"angle","k":1,"op":"atan","outcome":"NotEqual","p":1,"precision":-64,"q":24,"representation":"huge-period"}
{"certificate":"Equal { certificate: StructuralEquality }","control":"identity","family":"angle","k":1,"op":"atan","outcome":"Equal","p":1,"precision":-256,"q":24,"representation":"huge-period"}
{"certificate":"NotEqual { certificate: DifferenceStructuralFacts }","control":"perturbed","family":"angle","k":1,"op":"atan","outcome":"NotEqual","p":1,"precision":-256,"q":24,"representation":"huge-period"}
{"certificate":"Equal { certificate: StructuralEquality }","control":"identity","family":"angle","k":2,"op":"atan","outcome":"Equal","p":2,"precision":-64,"q":24,"representation":"stored"}
{"certificate":"NotEqual { certificate: DifferenceStructuralFacts }","control":"perturbed","family":"angle","k":2,"op":"atan","outcome":"NotEqual","p":2,"precision":-64,"q":24,"representation":"stored"}
{"certificate":"Equal { certificate: StructuralEquality }","control":"identity","family":"angle","k":2,"op":"atan","outcome":"Equal","p":2,"precision":-256,"q":24,"representation":"stored"}
{"certificate":"NotEqual { certificate: DifferenceStructuralFacts }","control":"perturbed","family":"angle","k":2,"op":"atan","outcome":"NotEqual","p":2,"precision":-256,"q":24,"representation":"stored"}
{"certificate":"Unknown { min_precision: -64 }","control":"identity","family":"angle","k":2,"op":"atan","outcome":"Unknown","p":2,"precision":-64,"q":24,"representation":"radical"}
{"certificate":"NotEqual { certificate: BoundedRefinement { min_precision: -64 } }","control":"perturbed","family":"angle","k":2,"op":"atan","outcome":"NotEqual","p":2,"precision":-64,"q":24,"representation":"radical"}
{"certificate":"Unknown { min_precision: -256 }","control":"identity","family":"angle","k":2,"op":"atan","outcome":"Unknown","p":2,"precision":-256,"q":24,"representation":"radical"}
{"certificate":"NotEqual { certificate: BoundedRefinement { min_precision: -256 } }","control":"perturbed","family":"angle","k":2,"op":"atan","outcome":"NotEqual","p":2,"precision":-256,"q":24,"representation":"radical"}
{"certificate":"Equal { certificate: StructuralEquality }","control":"identity","family":"angle","k":2,"op":"atan","outcome":"Equal","p":2,"precision":-64,"q":24,"representation":"huge-period"}
{"certificate":"NotEqual { certificate: DifferenceStructuralFacts }","control":"perturbed","family":"angle","k":2,"op":"atan","outcome":"NotEqual","p":2,"precision":-64,"q":24,"representation":"huge-period"}
{"certificate":"Equal { certificate: StructuralEquality }","control":"identity","family":"angle","k":2,"op":"atan","outcome":"Equal","p":2,"precision":-256,"q":24,"representation":"huge-period"}
{"certificate":"NotEqual { certificate: DifferenceStructuralFacts }","control":"perturbed","family":"angle","k":2,"op":"atan","outcome":"NotEqual","p":2,"precision":-256,"q":24,"representation":"huge-period"}
{"certificate":"Equal { certificate: StructuralEquality }","control":"identity","family":"angle","k":3,"op":"atan","outcome":"Equal","p":3,"precision":-64,"q":24,"representation":"stored"}
{"certificate":"NotEqual { certificate: DifferenceStructuralFacts }","control":"perturbed","family":"angle","k":3,"op":"atan","outcome":"NotEqual","p":3,"precision":-64,"q":24,"representation":"stored"}
{"certificate":"Equal { certificate: StructuralEquality }","control":"identity","family":"angle","k":3,"op":"atan","outcome":"Equal","p":3,"precision":-256,"q":24,"representation":"stored"}
{"certificate":"NotEqual { certificate: DifferenceStructuralFacts }","control":"perturbed","family":"angle","k":3,"op":"atan","outcome":"NotEqual","p":3,"precision":-256,"q":24,"representation":"stored"}
{"certificate":"Unknown { min_precision: -64 }","control":"identity","family":"angle","k":3,"op":"atan","outcome":"Unknown","p":3,"precision":-64,"q":24,"representation":"radical"}
{"certificate":"NotEqual { certificate: BoundedRefinement { min_precision: -64 } }","control":"perturbed","family":"angle","k":3,"op":"atan","outcome":"NotEqual","p":3,"precision":-64,"q":24,"representation":"radical"}
{"certificate":"Unknown { min_precision: -256 }","control":"identity","family":"angle","k":3,"op":"atan","outcome":"Unknown","p":3,"precision":-256,"q":24,"representation":"radical"}
{"certificate":"NotEqual { certificate: BoundedRefinement { min_precision: -256 } }","control":"perturbed","family":"angle","k":3,"op":"atan","outcome":"NotEqual","p":3,"precision":-256,"q":24,"representation":"radical"}
{"certificate":"Equal { certificate: StructuralEquality }","control":"identity","family":"angle","k":3,"op":"atan","outcome":"Equal","p":3,"precision":-64,"q":24,"representation":"huge-period"}
{"certificate":"NotEqual { certificate: DifferenceStructuralFacts }","control":"perturbed","family":"angle","k":3,"op":"atan","outcome":"NotEqual","p":3,"precision":-64,"q":24,"representation":"huge-period"}
{"certificate":"Equal { certificate: StructuralEquality }","control":"identity","family":"angle","k":3,"op":"atan","outcome":"Equal","p":3,"precision":-256,"q":24,"representation":"huge-period"}
{"certificate":"NotEqual { certificate: DifferenceStructuralFacts }","control":"perturbed","family":"angle","k":3,"op":"atan","outcome":"NotEqual","p":3,"precision":-256,"q":24,"representation":"huge-period"}
{"certificate":"Equal { certificate: StructuralEquality }","control":"identity","family":"angle","k":4,"op":"atan","outcome":"Equal","p":4,"precision":-64,"q":24,"representation":"stored"}
{"certificate":"NotEqual { certificate: DifferenceStructuralFacts }","control":"perturbed","family":"angle","k":4,"op":"atan","outcome":"NotEqual","p":4,"precision":-64,"q":24,"representation":"stored"}
{"certificate":"Equal { certificate: StructuralEquality }","control":"identity","family":"angle","k":4,"op":"atan","outcome":"Equal","p":4,"precision":-256,"q":24,"representation":"stored"}
{"certificate":"NotEqual { certificate: DifferenceStructuralFacts }","control":"perturbed","family":"angle","k":4,"op":"atan","outcome":"NotEqual","p":4,"precision":-256,"q":24,"representation":"stored"}
{"certificate":"Equal { certificate: StructuralEquality }","control":"identity","family":"angle","k":4,"op":"atan","outcome":"Equal","p":4,"precision":-64,"q":24,"representation":"radical"}
{"certificate":"NotEqual { certificate: DifferenceStructuralFacts }","control":"perturbed","family":"angle","k":4,"op":"atan","outcome":"NotEqual","p":4,"precision":-64,"q":24,"representation":"radical"}
{"certificate":"Equal { certificate: StructuralEquality }","control":"identity","family":"angle","k":4,"op":"atan","outcome":"Equal","p":4,"precision":-256,"q":24,"representation":"radical"}
{"certificate":"NotEqual { certificate: DifferenceStructuralFacts }","control":"perturbed","family":"angle","k":4,"op":"atan","outcome":"NotEqual","p":4,"precision":-256,"q":24,"representation":"radical"}
{"certificate":"Equal { certificate: StructuralEquality }","control":"identity","family":"angle","k":4,"op":"atan","outcome":"Equal","p":4,"precision":-64,"q":24,"representation":"huge-period"}
{"certificate":"NotEqual { certificate: DifferenceStructuralFacts }","control":"perturbed","family":"angle","k":4,"op":"atan","outcome":"NotEqual","p":4,"precision":-64,"q":24,"representation":"huge-period"}
{"certificate":"Equal { certificate: StructuralEquality }","control":"identity","family":"angle","k":4,"op":"atan","outcome":"Equal","p":4,"precision":-256,"q":24,"representation":"huge-period"}
{"certificate":"NotEqual { certificate: DifferenceStructuralFacts }","control":"perturbed","family":"angle","k":4,"op":"atan","outcome":"NotEqual","p":4,"precision":-256,"q":24,"representation":"huge-period"}
{"certificate":"Equal { certificate: StructuralEquality }","control":"identity","family":"angle","k":5,"op":"atan","outcome":"Equal","p":5,"precision":-64,"q":24,"representation":"stored"}
{"certificate":"NotEqual { certificate: DifferenceStructuralFacts }","control":"perturbed","family":"angle","k":5,"op":"atan","outcome":"NotEqual","p":5,"precision":-64,"q":24,"representation":"stored"}
{"certificate":"Equal { certificate: StructuralEquality }","control":"identity","family":"angle","k":5,"op":"atan","outcome":"Equal","p":5,"precision":-256,"q":24,"representation":"stored"}
{"certificate":"NotEqual { certificate: DifferenceStructuralFacts }","control":"perturbed","family":"angle","k":5,"op":"atan","outcome":"NotEqual","p":5,"precision":-256,"q":24,"representation":"stored"}
{"certificate":"Unknown { min_precision: -64 }","control":"identity","family":"angle","k":5,"op":"atan","outcome":"Unknown","p":5,"precision":-64,"q":24,"representation":"radical"}
{"certificate":"NotEqual { certificate: BoundedRefinement { min_precision: -64 } }","control":"perturbed","family":"angle","k":5,"op":"atan","outcome":"NotEqual","p":5,"precision":-64,"q":24,"representation":"radical"}
{"certificate":"Unknown { min_precision: -256 }","control":"identity","family":"angle","k":5,"op":"atan","outcome":"Unknown","p":5,"precision":-256,"q":24,"representation":"radical"}
{"certificate":"NotEqual { certificate: BoundedRefinement { min_precision: -256 } }","control":"perturbed","family":"angle","k":5,"op":"atan","outcome":"NotEqual","p":5,"precision":-256,"q":24,"representation":"radical"}
{"certificate":"Equal { certificate: StructuralEquality }","control":"identity","family":"angle","k":5,"op":"atan","outcome":"Equal","p":5,"precision":-64,"q":24,"representation":"huge-period"}
{"certificate":"NotEqual { certificate: DifferenceStructuralFacts }","control":"perturbed","family":"angle","k":5,"op":"atan","outcome":"NotEqual","p":5,"precision":-64,"q":24,"representation":"huge-period"}
{"certificate":"Equal { certificate: StructuralEquality }","control":"identity","family":"angle","k":5,"op":"atan","outcome":"Equal","p":5,"precision":-256,"q":24,"representation":"huge-period"}
{"certificate":"NotEqual { certificate: DifferenceStructuralFacts }","control":"perturbed","family":"angle","k":5,"op":"atan","outcome":"NotEqual","p":5,"precision":-256,"q":24,"representation":"huge-period"}
{"certificate":"Equal { certificate: StructuralEquality }","control":"identity","family":"angle","k":6,"op":"atan","outcome":"Equal","p":6,"precision":-64,"q":24,"representation":"stored"}
{"certificate":"NotEqual { certificate: DifferenceStructuralFacts }","control":"perturbed","family":"angle","k":6,"op":"atan","outcome":"NotEqual","p":6,"precision":-64,"q":24,"representation":"stored"}
{"certificate":"Equal { certificate: StructuralEquality }","control":"identity","family":"angle","k":6,"op":"atan","outcome":"Equal","p":6,"precision":-256,"q":24,"representation":"stored"}
{"certificate":"NotEqual { certificate: DifferenceStructuralFacts }","control":"perturbed","family":"angle","k":6,"op":"atan","outcome":"NotEqual","p":6,"precision":-256,"q":24,"representation":"stored"}
{"certificate":"Equal { certificate: StructuralEquality }","control":"identity","family":"angle","k":6,"op":"atan","outcome":"Equal","p":6,"precision":-64,"q":24,"representation":"radical"}
{"certificate":"NotEqual { certificate: DifferenceStructuralFacts }","control":"perturbed","family":"angle","k":6,"op":"atan","outcome":"NotEqual","p":6,"precision":-64,"q":24,"representation":"radical"}
{"certificate":"Equal { certificate: StructuralEquality }","control":"identity","family":"angle","k":6,"op":"atan","outcome":"Equal","p":6,"precision":-256,"q":24,"representation":"radical"}
{"certificate":"NotEqual { certificate: DifferenceStructuralFacts }","control":"perturbed","family":"angle","k":6,"op":"atan","outcome":"NotEqual","p":6,"precision":-256,"q":24,"representation":"radical"}
{"certificate":"Equal { certificate: StructuralEquality }","control":"identity","family":"angle","k":6,"op":"atan","outcome":"Equal","p":6,"precision":-64,"q":24,"representation":"huge-period"}
{"certificate":"NotEqual { certificate: DifferenceStructuralFacts }","control":"perturbed","family":"angle","k":6,"op":"atan","outcome":"NotEqual","p":6,"precision":-64,"q":24,"representation":"huge-period"}
{"certificate":"Equal { certificate: StructuralEquality }","control":"identity","family":"angle","k":6,"op":"atan","outcome":"Equal","p":6,"precision":-256,"q":24,"representation":"huge-period"}
{"certificate":"NotEqual { certificate: DifferenceStructuralFacts }","control":"perturbed","family":"angle","k":6,"op":"atan","outcome":"NotEqual","p":6,"precision":-256,"q":24,"representation":"huge-period"}
{"certificate":"Equal { certificate: StructuralEquality }","control":"identity","family":"angle","k":7,"op":"atan","outcome":"Equal","p":7,"precision":-64,"q":24,"representation":"stored"}
{"certificate":"NotEqual { certificate: DifferenceStructuralFacts }","control":"perturbed","family":"angle","k":7,"op":"atan","outcome":"NotEqual","p":7,"precision":-64,"q":24,"representation":"stored"}
{"certificate":"Equal { certificate: StructuralEquality }","control":"identity","family":"angle","k":7,"op":"atan","outcome":"Equal","p":7,"precision":-256,"q":24,"representation":"stored"}
{"certificate":"NotEqual { certificate: DifferenceStructuralFacts }","control":"perturbed","family":"angle","k":7,"op":"atan","outcome":"NotEqual","p":7,"precision":-256,"q":24,"representation":"stored"}
{"certificate":"Unknown { min_precision: -64 }","control":"identity","family":"angle","k":7,"op":"atan","outcome":"Unknown","p":7,"precision":-64,"q":24,"representation":"radical"}
{"certificate":"NotEqual { certificate: BoundedRefinement { min_precision: -64 } }","control":"perturbed","family":"angle","k":7,"op":"atan","outcome":"NotEqual","p":7,"precision":-64,"q":24,"representation":"radical"}
{"certificate":"Unknown { min_precision: -256 }","control":"identity","family":"angle","k":7,"op":"atan","outcome":"Unknown","p":7,"precision":-256,"q":24,"representation":"radical"}
{"certificate":"NotEqual { certificate: BoundedRefinement { min_precision: -256 } }","control":"perturbed","family":"angle","k":7,"op":"atan","outcome":"NotEqual","p":7,"precision":-256,"q":24,"representation":"radical"}
{"certificate":"Equal { certificate: StructuralEquality }","control":"identity","family":"angle","k":7,"op":"atan","outcome":"Equal","p":7,"precision":-64,"q":24,"representation":"huge-period"}
{"certificate":"NotEqual { certificate: DifferenceStructuralFacts }","control":"perturbed","family":"angle","k":7,"op":"atan","outcome":"NotEqual","p":7,"precision":-64,"q":24,"representation":"huge-period"}
{"certificate":"Equal { certificate: StructuralEquality }","control":"identity","family":"angle","k":7,"op":"atan","outcome":"Equal","p":7,"precision":-256,"q":24,"representation":"huge-period"}
{"certificate":"NotEqual { certificate: DifferenceStructuralFacts }","control":"perturbed","family":"angle","k":7,"op":"atan","outcome":"NotEqual","p":7,"precision":-256,"q":24,"representation":"huge-period"}
{"certificate":"Equal { certificate: StructuralEquality }","control":"identity","family":"angle","k":8,"op":"atan","outcome":"Equal","p":8,"precision":-64,"q":24,"representation":"stored"}
{"certificate":"NotEqual { certificate: DifferenceStructuralFacts }","control":"perturbed","family":"angle","k":8,"op":"atan","outcome":"NotEqual","p":8,"precision":-64,"q":24,"representation":"stored"}
{"certificate":"Equal { certificate: StructuralEquality }","control":"identity","family":"angle","k":8,"op":"atan","outcome":"Equal","p":8,"precision":-256,"q":24,"representation":"stored"}
{"certificate":"NotEqual { certificate: DifferenceStructuralFacts }","control":"perturbed","family":"angle","k":8,"op":"atan","outcome":"NotEqual","p":8,"precision":-256,"q":24,"representation":"stored"}
{"certificate":"Equal { certificate: StructuralEquality }","control":"identity","family":"angle","k":8,"op":"atan","outcome":"Equal","p":8,"precision":-64,"q":24,"representation":"radical"}
{"certificate":"NotEqual { certificate: DifferenceStructuralFacts }","control":"perturbed","family":"angle","k":8,"op":"atan","outcome":"NotEqual","p":8,"precision":-64,"q":24,"representation":"radical"}
{"certificate":"Equal { certificate: StructuralEquality }","control":"identity","family":"angle","k":8,"op":"atan","outcome":"Equal","p":8,"precision":-256,"q":24,"representation":"radical"}
{"certificate":"NotEqual { certificate: DifferenceStructuralFacts }","control":"perturbed","family":"angle","k":8,"op":"atan","outcome":"NotEqual","p":8,"precision":-256,"q":24,"representation":"radical"}
{"certificate":"Equal { certificate: StructuralEquality }","control":"identity","family":"angle","k":8,"op":"atan","outcome":"Equal","p":8,"precision":-64,"q":24,"representation":"huge-period"}
{"certificate":"NotEqual { certificate: DifferenceStructuralFacts }","control":"perturbed","family":"angle","k":8,"op":"atan","outcome":"NotEqual","p":8,"precision":-64,"q":24,"representation":"huge-period"}
{"certificate":"Equal { certificate: StructuralEquality }","control":"identity","family":"angle","k":8,"op":"atan","outcome":"Equal","p":8,"precision":-256,"q":24,"representation":"huge-period"}
{"certificate":"NotEqual { certificate: DifferenceStructuralFacts }","control":"perturbed","family":"angle","k":8,"op":"atan","outcome":"NotEqual","p":8,"precision":-256,"q":24,"representation":"huge-period"}
{"certificate":"Equal { certificate: StructuralEquality }","control":"identity","family":"angle","k":9,"op":"atan","outcome":"Equal","p":9,"precision":-64,"q":24,"representation":"stored"}
{"certificate":"NotEqual { certificate: DifferenceStructuralFacts }","control":"perturbed","family":"angle","k":9,"op":"atan","outcome":"NotEqual","p":9,"precision":-64,"q":24,"representation":"stored"}
{"certificate":"Equal { certificate: StructuralEquality }","control":"identity","family":"angle","k":9,"op":"atan","outcome":"Equal","p":9,"precision":-256,"q":24,"representation":"stored"}
{"certificate":"NotEqual { certificate: DifferenceStructuralFacts }","control":"perturbed","family":"angle","k":9,"op":"atan","outcome":"NotEqual","p":9,"precision":-256,"q":24,"representation":"stored"}
{"certificate":"Unknown { min_precision: -64 }","control":"identity","family":"angle","k":9,"op":"atan","outcome":"Unknown","p":9,"precision":-64,"q":24,"representation":"radical"}
{"certificate":"NotEqual { certificate: BoundedRefinement { min_precision: -64 } }","control":"perturbed","family":"angle","k":9,"op":"atan","outcome":"NotEqual","p":9,"precision":-64,"q":24,"representation":"radical"}
{"certificate":"Unknown { min_precision: -256 }","control":"identity","family":"angle","k":9,"op":"atan","outcome":"Unknown","p":9,"precision":-256,"q":24,"representation":"radical"}
{"certificate":"NotEqual { certificate: BoundedRefinement { min_precision: -256 } }","control":"perturbed","family":"angle","k":9,"op":"atan","outcome":"NotEqual","p":9,"precision":-256,"q":24,"representation":"radical"}
{"certificate":"Equal { certificate: StructuralEquality }","control":"identity","family":"angle","k":9,"op":"atan","outcome":"Equal","p":9,"precision":-64,"q":24,"representation":"huge-period"}
{"certificate":"NotEqual { certificate: DifferenceStructuralFacts }","control":"perturbed","family":"angle","k":9,"op":"atan","outcome":"NotEqual","p":9,"precision":-64,"q":24,"representation":"huge-period"}
{"certificate":"Equal { certificate: StructuralEquality }","control":"identity","family":"angle","k":9,"op":"atan","outcome":"Equal","p":9,"precision":-256,"q":24,"representation":"huge-period"}
{"certificate":"NotEqual { certificate: DifferenceStructuralFacts }","control":"perturbed","family":"angle","k":9,"op":"atan","outcome":"NotEqual","p":9,"precision":-256,"q":24,"representation":"huge-period"}
{"certificate":"Equal { certificate: StructuralEquality }","control":"identity","family":"angle","k":10,"op":"atan","outcome":"Equal","p":10,"precision":-64,"q":24,"representation":"stored"}
{"certificate":"NotEqual { certificate: DifferenceStructuralFacts }","control":"perturbed","family":"angle","k":10,"op":"atan","outcome":"NotEqual","p":10,"precision":-64,"q":24,"representation":"stored"}
{"certificate":"Equal { certificate: StructuralEquality }","control":"identity","family":"angle","k":10,"op":"atan","outcome":"Equal","p":10,"precision":-256,"q":24,"representation":"stored"}
{"certificate":"NotEqual { certificate: DifferenceStructuralFacts }","control":"perturbed","family":"angle","k":10,"op":"atan","outcome":"NotEqual","p":10,"precision":-256,"q":24,"representation":"stored"}
{"certificate":"Unknown { min_precision: -64 }","control":"identity","family":"angle","k":10,"op":"atan","outcome":"Unknown","p":10,"precision":-64,"q":24,"representation":"radical"}
{"certificate":"NotEqual { certificate: BoundedRefinement { min_precision: -64 } }","control":"perturbed","family":"angle","k":10,"op":"atan","outcome":"NotEqual","p":10,"precision":-64,"q":24,"representation":"radical"}
{"certificate":"Unknown { min_precision: -256 }","control":"identity","family":"angle","k":10,"op":"atan","outcome":"Unknown","p":10,"precision":-256,"q":24,"representation":"radical"}
{"certificate":"NotEqual { certificate: BoundedRefinement { min_precision: -256 } }","control":"perturbed","family":"angle","k":10,"op":"atan","outcome":"NotEqual","p":10,"precision":-256,"q":24,"representation":"radical"}
{"certificate":"Equal { certificate: StructuralEquality }","control":"identity","family":"angle","k":10,"op":"atan","outcome":"Equal","p":10,"precision":-64,"q":24,"representation":"huge-period"}
{"certificate":"NotEqual { certificate: DifferenceStructuralFacts }","control":"perturbed","family":"angle","k":10,"op":"atan","outcome":"NotEqual","p":10,"precision":-64,"q":24,"representation":"huge-period"}
{"certificate":"Equal { certificate: StructuralEquality }","control":"identity","family":"angle","k":10,"op":"atan","outcome":"Equal","p":10,"precision":-256,"q":24,"representation":"huge-period"}
{"certificate":"NotEqual { certificate: DifferenceStructuralFacts }","control":"perturbed","family":"angle","k":10,"op":"atan","outcome":"NotEqual","p":10,"precision":-256,"q":24,"representation":"huge-period"}
{"certificate":"Equal { certificate: StructuralEquality }","control":"identity","family":"angle","k":11,"op":"atan","outcome":"Equal","p":11,"precision":-64,"q":24,"representation":"stored"}
{"certificate":"NotEqual { certificate: DifferenceStructuralFacts }","control":"perturbed","family":"angle","k":11,"op":"atan","outcome":"NotEqual","p":11,"precision":-64,"q":24,"representation":"stored"}
{"certificate":"Equal { certificate: StructuralEquality }","control":"identity","family":"angle","k":11,"op":"atan","outcome":"Equal","p":11,"precision":-256,"q":24,"representation":"stored"}
{"certificate":"NotEqual { certificate: DifferenceStructuralFacts }","control":"perturbed","family":"angle","k":11,"op":"atan","outcome":"NotEqual","p":11,"precision":-256,"q":24,"representation":"stored"}
{"certificate":"Unknown { min_precision: -64 }","control":"identity","family":"angle","k":11,"op":"atan","outcome":"Unknown","p":11,"precision":-64,"q":24,"representation":"radical"}
{"certificate":"NotEqual { certificate: BoundedRefinement { min_precision: -64 } }","control":"perturbed","family":"angle","k":11,"op":"atan","outcome":"NotEqual","p":11,"precision":-64,"q":24,"representation":"radical"}
{"certificate":"Unknown { min_precision: -256 }","control":"identity","family":"angle","k":11,"op":"atan","outcome":"Unknown","p":11,"precision":-256,"q":24,"representation":"radical"}
{"certificate":"NotEqual { certificate: BoundedRefinement { min_precision: -256 } }","control":"perturbed","family":"angle","k":11,"op":"atan","outcome":"NotEqual","p":11,"precision":-256,"q":24,"representation":"radical"}
{"certificate":"Equal { certificate: StructuralEquality }","control":"identity","family":"angle","k":11,"op":"atan","outcome":"Equal","p":11,"precision":-64,"q":24,"representation":"huge-period"}
{"certificate":"NotEqual { certificate: DifferenceStructuralFacts }","control":"perturbed","family":"angle","k":11,"op":"atan","outcome":"NotEqual","p":11,"precision":-64,"q":24,"representation":"huge-period"}
{"certificate":"Equal { certificate: StructuralEquality }","control":"identity","family":"angle","k":11,"op":"atan","outcome":"Equal","p":11,"precision":-256,"q":24,"representation":"huge-period"}
{"certificate":"NotEqual { certificate: DifferenceStructuralFacts }","control":"perturbed","family":"angle","k":11,"op":"atan","outcome":"NotEqual","p":11,"precision":-256,"q":24,"representation":"huge-period"}
{"control":"identity","family":"angle","k":12,"op":"atan","outcome":"Pole","precision":-64,"representation":"stored"}
{"control":"perturbed","family":"angle","k":12,"op":"atan","outcome":"Pole","precision":-64,"representation":"stored"}
{"control":"identity","family":"angle","k":12,"op":"atan","outcome":"Pole","precision":-256,"representation":"stored"}
{"control":"perturbed","family":"angle","k":12,"op":"atan","outcome":"Pole","precision":-256,"representation":"stored"}
{"control":"identity","family":"angle","k":12,"op":"atan","outcome":"Pole","precision":-64,"representation":"radical"}
{"control":"perturbed","family":"angle","k":12,"op":"atan","outcome":"Pole","precision":-64,"representation":"radical"}
{"control":"identity","family":"angle","k":12,"op":"atan","outcome":"Pole","precision":-256,"representation":"radical"}
{"control":"perturbed","family":"angle","k":12,"op":"atan","outcome":"Pole","precision":-256,"representation":"radical"}
{"control":"identity","family":"angle","k":12,"op":"atan","outcome":"Pole","precision":-64,"representation":"huge-period"}
{"control":"perturbed","family":"angle","k":12,"op":"atan","outcome":"Pole","precision":-64,"representation":"huge-period"}
{"control":"identity","family":"angle","k":12,"op":"atan","outcome":"Pole","precision":-256,"representation":"huge-period"}
{"control":"perturbed","family":"angle","k":12,"op":"atan","outcome":"Pole","precision":-256,"representation":"huge-period"}
{"certificate":"Equal { certificate: StructuralEquality }","control":"identity","family":"angle","k":13,"op":"atan","outcome":"Equal","p":-11,"precision":-64,"q":24,"representation":"stored"}
{"certificate":"NotEqual { certificate: DifferenceStructuralFacts }","control":"perturbed","family":"angle","k":13,"op":"atan","outcome":"NotEqual","p":-11,"precision":-64,"q":24,"representation":"stored"}
{"certificate":"Equal { certificate: StructuralEquality }","control":"identity","family":"angle","k":13,"op":"atan","outcome":"Equal","p":-11,"precision":-256,"q":24,"representation":"stored"}
{"certificate":"NotEqual { certificate: DifferenceStructuralFacts }","control":"perturbed","family":"angle","k":13,"op":"atan","outcome":"NotEqual","p":-11,"precision":-256,"q":24,"representation":"stored"}
{"certificate":"Unknown { min_precision: -64 }","control":"identity","family":"angle","k":13,"op":"atan","outcome":"Unknown","p":-11,"precision":-64,"q":24,"representation":"radical"}
{"certificate":"NotEqual { certificate: BoundedRefinement { min_precision: -64 } }","control":"perturbed","family":"angle","k":13,"op":"atan","outcome":"NotEqual","p":-11,"precision":-64,"q":24,"representation":"radical"}
{"certificate":"Unknown { min_precision: -256 }","control":"identity","family":"angle","k":13,"op":"atan","outcome":"Unknown","p":-11,"precision":-256,"q":24,"representation":"radical"}
{"certificate":"NotEqual { certificate: BoundedRefinement { min_precision: -256 } }","control":"perturbed","family":"angle","k":13,"op":"atan","outcome":"NotEqual","p":-11,"precision":-256,"q":24,"representation":"radical"}
{"certificate":"Equal { certificate: StructuralEquality }","control":"identity","family":"angle","k":13,"op":"atan","outcome":"Equal","p":-11,"precision":-64,"q":24,"representation":"huge-period"}
{"certificate":"NotEqual { certificate: DifferenceStructuralFacts }","control":"perturbed","family":"angle","k":13,"op":"atan","outcome":"NotEqual","p":-11,"precision":-64,"q":24,"representation":"huge-period"}
{"certificate":"Equal { certificate: StructuralEquality }","control":"identity","family":"angle","k":13,"op":"atan","outcome":"Equal","p":-11,"precision":-256,"q":24,"representation":"huge-period"}
{"certificate":"NotEqual { certificate: DifferenceStructuralFacts }","control":"perturbed","family":"angle","k":13,"op":"atan","outcome":"NotEqual","p":-11,"precision":-256,"q":24,"representation":"huge-period"}
{"certificate":"Equal { certificate: StructuralEquality }","control":"identity","family":"angle","k":14,"op":"atan","outcome":"Equal","p":-10,"precision":-64,"q":24,"representation":"stored"}
{"certificate":"NotEqual { certificate: DifferenceStructuralFacts }","control":"perturbed","family":"angle","k":14,"op":"atan","outcome":"NotEqual","p":-10,"precision":-64,"q":24,"representation":"stored"}
{"certificate":"Equal { certificate: StructuralEquality }","control":"identity","family":"angle","k":14,"op":"atan","outcome":"Equal","p":-10,"precision":-256,"q":24,"representation":"stored"}
{"certificate":"NotEqual { certificate: DifferenceStructuralFacts }","control":"perturbed","family":"angle","k":14,"op":"atan","outcome":"NotEqual","p":-10,"precision":-256,"q":24,"representation":"stored"}
{"certificate":"Unknown { min_precision: -64 }","control":"identity","family":"angle","k":14,"op":"atan","outcome":"Unknown","p":-10,"precision":-64,"q":24,"representation":"radical"}
{"certificate":"NotEqual { certificate: BoundedRefinement { min_precision: -64 } }","control":"perturbed","family":"angle","k":14,"op":"atan","outcome":"NotEqual","p":-10,"precision":-64,"q":24,"representation":"radical"}
{"certificate":"Unknown { min_precision: -256 }","control":"identity","family":"angle","k":14,"op":"atan","outcome":"Unknown","p":-10,"precision":-256,"q":24,"representation":"radical"}
{"certificate":"NotEqual { certificate: BoundedRefinement { min_precision: -256 } }","control":"perturbed","family":"angle","k":14,"op":"atan","outcome":"NotEqual","p":-10,"precision":-256,"q":24,"representation":"radical"}
{"certificate":"Equal { certificate: StructuralEquality }","control":"identity","family":"angle","k":14,"op":"atan","outcome":"Equal","p":-10,"precision":-64,"q":24,"representation":"huge-period"}
{"certificate":"NotEqual { certificate: DifferenceStructuralFacts }","control":"perturbed","family":"angle","k":14,"op":"atan","outcome":"NotEqual","p":-10,"precision":-64,"q":24,"representation":"huge-period"}
{"certificate":"Equal { certificate: StructuralEquality }","control":"identity","family":"angle","k":14,"op":"atan","outcome":"Equal","p":-10,"precision":-256,"q":24,"representation":"huge-period"}
{"certificate":"NotEqual { certificate: DifferenceStructuralFacts }","control":"perturbed","family":"angle","k":14,"op":"atan","outcome":"NotEqual","p":-10,"precision":-256,"q":24,"representation":"huge-period"}
{"certificate":"Equal { certificate: StructuralEquality }","control":"identity","family":"angle","k":15,"op":"atan","outcome":"Equal","p":-9,"precision":-64,"q":24,"representation":"stored"}
{"certificate":"NotEqual { certificate: DifferenceStructuralFacts }","control":"perturbed","family":"angle","k":15,"op":"atan","outcome":"NotEqual","p":-9,"precision":-64,"q":24,"representation":"stored"}
{"certificate":"Equal { certificate: StructuralEquality }","control":"identity","family":"angle","k":15,"op":"atan","outcome":"Equal","p":-9,"precision":-256,"q":24,"representation":"stored"}
{"certificate":"NotEqual { certificate: DifferenceStructuralFacts }","control":"perturbed","family":"angle","k":15,"op":"atan","outcome":"NotEqual","p":-9,"precision":-256,"q":24,"representation":"stored"}
{"certificate":"Unknown { min_precision: -64 }","control":"identity","family":"angle","k":15,"op":"atan","outcome":"Unknown","p":-9,"precision":-64,"q":24,"representation":"radical"}
{"certificate":"NotEqual { certificate: BoundedRefinement { min_precision: -64 } }","control":"perturbed","family":"angle","k":15,"op":"atan","outcome":"NotEqual","p":-9,"precision":-64,"q":24,"representation":"radical"}
{"certificate":"Unknown { min_precision: -256 }","control":"identity","family":"angle","k":15,"op":"atan","outcome":"Unknown","p":-9,"precision":-256,"q":24,"representation":"radical"}
{"certificate":"NotEqual { certificate: BoundedRefinement { min_precision: -256 } }","control":"perturbed","family":"angle","k":15,"op":"atan","outcome":"NotEqual","p":-9,"precision":-256,"q":24,"representation":"radical"}
{"certificate":"Equal { certificate: StructuralEquality }","control":"identity","family":"angle","k":15,"op":"atan","outcome":"Equal","p":-9,"precision":-64,"q":24,"representation":"huge-period"}
{"certificate":"NotEqual { certificate: DifferenceStructuralFacts }","control":"perturbed","family":"angle","k":15,"op":"atan","outcome":"NotEqual","p":-9,"precision":-64,"q":24,"representation":"huge-period"}
{"certificate":"Equal { certificate: StructuralEquality }","control":"identity","family":"angle","k":15,"op":"atan","outcome":"Equal","p":-9,"precision":-256,"q":24,"representation":"huge-period"}
{"certificate":"NotEqual { certificate: DifferenceStructuralFacts }","control":"perturbed","family":"angle","k":15,"op":"atan","outcome":"NotEqual","p":-9,"precision":-256,"q":24,"representation":"huge-period"}
{"certificate":"Equal { certificate: StructuralEquality }","control":"identity","family":"angle","k":16,"op":"atan","outcome":"Equal","p":-8,"precision":-64,"q":24,"representation":"stored"}
{"certificate":"NotEqual { certificate: DifferenceStructuralFacts }","control":"perturbed","family":"angle","k":16,"op":"atan","outcome":"NotEqual","p":-8,"precision":-64,"q":24,"representation":"stored"}
{"certificate":"Equal { certificate: StructuralEquality }","control":"identity","family":"angle","k":16,"op":"atan","outcome":"Equal","p":-8,"precision":-256,"q":24,"representation":"stored"}
{"certificate":"NotEqual { certificate: DifferenceStructuralFacts }","control":"perturbed","family":"angle","k":16,"op":"atan","outcome":"NotEqual","p":-8,"precision":-256,"q":24,"representation":"stored"}
{"certificate":"Equal { certificate: StructuralEquality }","control":"identity","family":"angle","k":16,"op":"atan","outcome":"Equal","p":-8,"precision":-64,"q":24,"representation":"radical"}
{"certificate":"NotEqual { certificate: DifferenceStructuralFacts }","control":"perturbed","family":"angle","k":16,"op":"atan","outcome":"NotEqual","p":-8,"precision":-64,"q":24,"representation":"radical"}
{"certificate":"Equal { certificate: StructuralEquality }","control":"identity","family":"angle","k":16,"op":"atan","outcome":"Equal","p":-8,"precision":-256,"q":24,"representation":"radical"}
{"certificate":"NotEqual { certificate: DifferenceStructuralFacts }","control":"perturbed","family":"angle","k":16,"op":"atan","outcome":"NotEqual","p":-8,"precision":-256,"q":24,"representation":"radical"}
{"certificate":"Equal { certificate: StructuralEquality }","control":"identity","family":"angle","k":16,"op":"atan","outcome":"Equal","p":-8,"precision":-64,"q":24,"representation":"huge-period"}
{"certificate":"NotEqual { certificate: DifferenceStructuralFacts }","control":"perturbed","family":"angle","k":16,"op":"atan","outcome":"NotEqual","p":-8,"precision":-64,"q":24,"representation":"huge-period"}
{"certificate":"Equal { certificate: StructuralEquality }","control":"identity","family":"angle","k":16,"op":"atan","outcome":"Equal","p":-8,"precision":-256,"q":24,"representation":"huge-period"}
{"certificate":"NotEqual { certificate: DifferenceStructuralFacts }","control":"perturbed","family":"angle","k":16,"op":"atan","outcome":"NotEqual","p":-8,"precision":-256,"q":24,"representation":"huge-period"}
{"certificate":"Equal { certificate: StructuralEquality }","control":"identity","family":"angle","k":17,"op":"atan","outcome":"Equal","p":-7,"precision":-64,"q":24,"representation":"stored"}
{"certificate":"NotEqual { certificate: DifferenceStructuralFacts }","control":"perturbed","family":"angle","k":17,"op":"atan","outcome":"NotEqual","p":-7,"precision":-64,"q":24,"representation":"stored"}
{"certificate":"Equal { certificate: StructuralEquality }","control":"identity","family":"angle","k":17,"op":"atan","outcome":"Equal","p":-7,"precision":-256,"q":24,"representation":"stored"}
{"certificate":"NotEqual { certificate: DifferenceStructuralFacts }","control":"perturbed","family":"angle","k":17,"op":"atan","outcome":"NotEqual","p":-7,"precision":-256,"q":24,"representation":"stored"}
{"certificate":"Unknown { min_precision: -64 }","control":"identity","family":"angle","k":17,"op":"atan","outcome":"Unknown","p":-7,"precision":-64,"q":24,"representation":"radical"}
{"certificate":"NotEqual { certificate: BoundedRefinement { min_precision: -64 } }","control":"perturbed","family":"angle","k":17,"op":"atan","outcome":"NotEqual","p":-7,"precision":-64,"q":24,"representation":"radical"}
{"certificate":"Unknown { min_precision: -256 }","control":"identity","family":"angle","k":17,"op":"atan","outcome":"Unknown","p":-7,"precision":-256,"q":24,"representation":"radical"}
{"certificate":"NotEqual { certificate: BoundedRefinement { min_precision: -256 } }","control":"perturbed","family":"angle","k":17,"op":"atan","outcome":"NotEqual","p":-7,"precision":-256,"q":24,"representation":"radical"}
{"certificate":"Equal { certificate: StructuralEquality }","control":"identity","family":"angle","k":17,"op":"atan","outcome":"Equal","p":-7,"precision":-64,"q":24,"representation":"huge-period"}
{"certificate":"NotEqual { certificate: DifferenceStructuralFacts }","control":"perturbed","family":"angle","k":17,"op":"atan","outcome":"NotEqual","p":-7,"precision":-64,"q":24,"representation":"huge-period"}
{"certificate":"Equal { certificate: StructuralEquality }","control":"identity","family":"angle","k":17,"op":"atan","outcome":"Equal","p":-7,"precision":-256,"q":24,"representation":"huge-period"}
{"certificate":"NotEqual { certificate: DifferenceStructuralFacts }","control":"perturbed","family":"angle","k":17,"op":"atan","outcome":"NotEqual","p":-7,"precision":-256,"q":24,"representation":"huge-period"}
{"certificate":"Equal { certificate: StructuralEquality }","control":"identity","family":"angle","k":18,"op":"atan","outcome":"Equal","p":-6,"precision":-64,"q":24,"representation":"stored"}
{"certificate":"NotEqual { certificate: DifferenceStructuralFacts }","control":"perturbed","family":"angle","k":18,"op":"atan","outcome":"NotEqual","p":-6,"precision":-64,"q":24,"representation":"stored"}
{"certificate":"Equal { certificate: StructuralEquality }","control":"identity","family":"angle","k":18,"op":"atan","outcome":"Equal","p":-6,"precision":-256,"q":24,"representation":"stored"}
{"certificate":"NotEqual { certificate: DifferenceStructuralFacts }","control":"perturbed","family":"angle","k":18,"op":"atan","outcome":"NotEqual","p":-6,"precision":-256,"q":24,"representation":"stored"}
{"certificate":"Equal { certificate: StructuralEquality }","control":"identity","family":"angle","k":18,"op":"atan","outcome":"Equal","p":-6,"precision":-64,"q":24,"representation":"radical"}
{"certificate":"NotEqual { certificate: DifferenceStructuralFacts }","control":"perturbed","family":"angle","k":18,"op":"atan","outcome":"NotEqual","p":-6,"precision":-64,"q":24,"representation":"radical"}
{"certificate":"Equal { certificate: StructuralEquality }","control":"identity","family":"angle","k":18,"op":"atan","outcome":"Equal","p":-6,"precision":-256,"q":24,"representation":"radical"}
{"certificate":"NotEqual { certificate: DifferenceStructuralFacts }","control":"perturbed","family":"angle","k":18,"op":"atan","outcome":"NotEqual","p":-6,"precision":-256,"q":24,"representation":"radical"}
{"certificate":"Equal { certificate: StructuralEquality }","control":"identity","family":"angle","k":18,"op":"atan","outcome":"Equal","p":-6,"precision":-64,"q":24,"representation":"huge-period"}
{"certificate":"NotEqual { certificate: DifferenceStructuralFacts }","control":"perturbed","family":"angle","k":18,"op":"atan","outcome":"NotEqual","p":-6,"precision":-64,"q":24,"representation":"huge-period"}
{"certificate":"Equal { certificate: StructuralEquality }","control":"identity","family":"angle","k":18,"op":"atan","outcome":"Equal","p":-6,"precision":-256,"q":24,"representation":"huge-period"}
{"certificate":"NotEqual { certificate: DifferenceStructuralFacts }","control":"perturbed","family":"angle","k":18,"op":"atan","outcome":"NotEqual","p":-6,"precision":-256,"q":24,"representation":"huge-period"}
{"certificate":"Equal { certificate: StructuralEquality }","control":"identity","family":"angle","k":19,"op":"atan","outcome":"Equal","p":-5,"precision":-64,"q":24,"representation":"stored"}
{"certificate":"NotEqual { certificate: DifferenceStructuralFacts }","control":"perturbed","family":"angle","k":19,"op":"atan","outcome":"NotEqual","p":-5,"precision":-64,"q":24,"representation":"stored"}
{"certificate":"Equal { certificate: StructuralEquality }","control":"identity","family":"angle","k":19,"op":"atan","outcome":"Equal","p":-5,"precision":-256,"q":24,"representation":"stored"}
{"certificate":"NotEqual { certificate: DifferenceStructuralFacts }","control":"perturbed","family":"angle","k":19,"op":"atan","outcome":"NotEqual","p":-5,"precision":-256,"q":24,"representation":"stored"}
{"certificate":"Unknown { min_precision: -64 }","control":"identity","family":"angle","k":19,"op":"atan","outcome":"Unknown","p":-5,"precision":-64,"q":24,"representation":"radical"}
{"certificate":"NotEqual { certificate: BoundedRefinement { min_precision: -64 } }","control":"perturbed","family":"angle","k":19,"op":"atan","outcome":"NotEqual","p":-5,"precision":-64,"q":24,"representation":"radical"}
{"certificate":"Unknown { min_precision: -256 }","control":"identity","family":"angle","k":19,"op":"atan","outcome":"Unknown","p":-5,"precision":-256,"q":24,"representation":"radical"}
{"certificate":"NotEqual { certificate: BoundedRefinement { min_precision: -256 } }","control":"perturbed","family":"angle","k":19,"op":"atan","outcome":"NotEqual","p":-5,"precision":-256,"q":24,"representation":"radical"}
{"certificate":"Equal { certificate: StructuralEquality }","control":"identity","family":"angle","k":19,"op":"atan","outcome":"Equal","p":-5,"precision":-64,"q":24,"representation":"huge-period"}
{"certificate":"NotEqual { certificate: DifferenceStructuralFacts }","control":"perturbed","family":"angle","k":19,"op":"atan","outcome":"NotEqual","p":-5,"precision":-64,"q":24,"representation":"huge-period"}
{"certificate":"Equal { certificate: StructuralEquality }","control":"identity","family":"angle","k":19,"op":"atan","outcome":"Equal","p":-5,"precision":-256,"q":24,"representation":"huge-period"}
{"certificate":"NotEqual { certificate: DifferenceStructuralFacts }","control":"perturbed","family":"angle","k":19,"op":"atan","outcome":"NotEqual","p":-5,"precision":-256,"q":24,"representation":"huge-period"}
{"certificate":"Equal { certificate: StructuralEquality }","control":"identity","family":"angle","k":20,"op":"atan","outcome":"Equal","p":-4,"precision":-64,"q":24,"representation":"stored"}
{"certificate":"NotEqual { certificate: DifferenceStructuralFacts }","control":"perturbed","family":"angle","k":20,"op":"atan","outcome":"NotEqual","p":-4,"precision":-64,"q":24,"representation":"stored"}
{"certificate":"Equal { certificate: StructuralEquality }","control":"identity","family":"angle","k":20,"op":"atan","outcome":"Equal","p":-4,"precision":-256,"q":24,"representation":"stored"}
{"certificate":"NotEqual { certificate: DifferenceStructuralFacts }","control":"perturbed","family":"angle","k":20,"op":"atan","outcome":"NotEqual","p":-4,"precision":-256,"q":24,"representation":"stored"}
{"certificate":"Equal { certificate: StructuralEquality }","control":"identity","family":"angle","k":20,"op":"atan","outcome":"Equal","p":-4,"precision":-64,"q":24,"representation":"radical"}
{"certificate":"NotEqual { certificate: DifferenceStructuralFacts }","control":"perturbed","family":"angle","k":20,"op":"atan","outcome":"NotEqual","p":-4,"precision":-64,"q":24,"representation":"radical"}
{"certificate":"Equal { certificate: StructuralEquality }","control":"identity","family":"angle","k":20,"op":"atan","outcome":"Equal","p":-4,"precision":-256,"q":24,"representation":"radical"}
{"certificate":"NotEqual { certificate: DifferenceStructuralFacts }","control":"perturbed","family":"angle","k":20,"op":"atan","outcome":"NotEqual","p":-4,"precision":-256,"q":24,"representation":"radical"}
{"certificate":"Equal { certificate: StructuralEquality }","control":"identity","family":"angle","k":20,"op":"atan","outcome":"Equal","p":-4,"precision":-64,"q":24,"representation":"huge-period"}
{"certificate":"NotEqual { certificate: DifferenceStructuralFacts }","control":"perturbed","family":"angle","k":20,"op":"atan","outcome":"NotEqual","p":-4,"precision":-64,"q":24,"representation":"huge-period"}
{"certificate":"Equal { certificate: StructuralEquality }","control":"identity","family":"angle","k":20,"op":"atan","outcome":"Equal","p":-4,"precision":-256,"q":24,"representation":"huge-period"}
{"certificate":"NotEqual { certificate: DifferenceStructuralFacts }","control":"perturbed","family":"angle","k":20,"op":"atan","outcome":"NotEqual","p":-4,"precision":-256,"q":24,"representation":"huge-period"}
{"certificate":"Equal { certificate: StructuralEquality }","control":"identity","family":"angle","k":21,"op":"atan","outcome":"Equal","p":-3,"precision":-64,"q":24,"representation":"stored"}
{"certificate":"NotEqual { certificate: DifferenceStructuralFacts }","control":"perturbed","family":"angle","k":21,"op":"atan","outcome":"NotEqual","p":-3,"precision":-64,"q":24,"representation":"stored"}
{"certificate":"Equal { certificate: StructuralEquality }","control":"identity","family":"angle","k":21,"op":"atan","outcome":"Equal","p":-3,"precision":-256,"q":24,"representation":"stored"}
{"certificate":"NotEqual { certificate: DifferenceStructuralFacts }","control":"perturbed","family":"angle","k":21,"op":"atan","outcome":"NotEqual","p":-3,"precision":-256,"q":24,"representation":"stored"}
{"certificate":"Unknown { min_precision: -64 }","control":"identity","family":"angle","k":21,"op":"atan","outcome":"Unknown","p":-3,"precision":-64,"q":24,"representation":"radical"}
{"certificate":"NotEqual { certificate: BoundedRefinement { min_precision: -64 } }","control":"perturbed","family":"angle","k":21,"op":"atan","outcome":"NotEqual","p":-3,"precision":-64,"q":24,"representation":"radical"}
{"certificate":"Unknown { min_precision: -256 }","control":"identity","family":"angle","k":21,"op":"atan","outcome":"Unknown","p":-3,"precision":-256,"q":24,"representation":"radical"}
{"certificate":"NotEqual { certificate: BoundedRefinement { min_precision: -256 } }","control":"perturbed","family":"angle","k":21,"op":"atan","outcome":"NotEqual","p":-3,"precision":-256,"q":24,"representation":"radical"}
{"certificate":"Equal { certificate: StructuralEquality }","control":"identity","family":"angle","k":21,"op":"atan","outcome":"Equal","p":-3,"precision":-64,"q":24,"representation":"huge-period"}
{"certificate":"NotEqual { certificate: DifferenceStructuralFacts }","control":"perturbed","family":"angle","k":21,"op":"atan","outcome":"NotEqual","p":-3,"precision":-64,"q":24,"representation":"huge-period"}
{"certificate":"Equal { certificate: StructuralEquality }","control":"identity","family":"angle","k":21,"op":"atan","outcome":"Equal","p":-3,"precision":-256,"q":24,"representation":"huge-period"}
{"certificate":"NotEqual { certificate: DifferenceStructuralFacts }","control":"perturbed","family":"angle","k":21,"op":"atan","outcome":"NotEqual","p":-3,"precision":-256,"q":24,"representation":"huge-period"}
{"certificate":"Equal { certificate: StructuralEquality }","control":"identity","family":"angle","k":22,"op":"atan","outcome":"Equal","p":-2,"precision":-64,"q":24,"representation":"stored"}
{"certificate":"NotEqual { certificate: DifferenceStructuralFacts }","control":"perturbed","family":"angle","k":22,"op":"atan","outcome":"NotEqual","p":-2,"precision":-64,"q":24,"representation":"stored"}
{"certificate":"Equal { certificate: StructuralEquality }","control":"identity","family":"angle","k":22,"op":"atan","outcome":"Equal","p":-2,"precision":-256,"q":24,"representation":"stored"}
{"certificate":"NotEqual { certificate: DifferenceStructuralFacts }","control":"perturbed","family":"angle","k":22,"op":"atan","outcome":"NotEqual","p":-2,"precision":-256,"q":24,"representation":"stored"}
{"certificate":"Unknown { min_precision: -64 }","control":"identity","family":"angle","k":22,"op":"atan","outcome":"Unknown","p":-2,"precision":-64,"q":24,"representation":"radical"}
{"certificate":"NotEqual { certificate: BoundedRefinement { min_precision: -64 } }","control":"perturbed","family":"angle","k":22,"op":"atan","outcome":"NotEqual","p":-2,"precision":-64,"q":24,"representation":"radical"}
{"certificate":"Unknown { min_precision: -256 }","control":"identity","family":"angle","k":22,"op":"atan","outcome":"Unknown","p":-2,"precision":-256,"q":24,"representation":"radical"}
{"certificate":"NotEqual { certificate: BoundedRefinement { min_precision: -256 } }","control":"perturbed","family":"angle","k":22,"op":"atan","outcome":"NotEqual","p":-2,"precision":-256,"q":24,"representation":"radical"}
{"certificate":"Equal { certificate: StructuralEquality }","control":"identity","family":"angle","k":22,"op":"atan","outcome":"Equal","p":-2,"precision":-64,"q":24,"representation":"huge-period"}
{"certificate":"NotEqual { certificate: DifferenceStructuralFacts }","control":"perturbed","family":"angle","k":22,"op":"atan","outcome":"NotEqual","p":-2,"precision":-64,"q":24,"representation":"huge-period"}
{"certificate":"Equal { certificate: StructuralEquality }","control":"identity","family":"angle","k":22,"op":"atan","outcome":"Equal","p":-2,"precision":-256,"q":24,"representation":"huge-period"}
{"certificate":"NotEqual { certificate: DifferenceStructuralFacts }","control":"perturbed","family":"angle","k":22,"op":"atan","outcome":"NotEqual","p":-2,"precision":-256,"q":24,"representation":"huge-period"}
{"certificate":"Equal { certificate: StructuralEquality }","control":"identity","family":"angle","k":23,"op":"atan","outcome":"Equal","p":-1,"precision":-64,"q":24,"representation":"stored"}
{"certificate":"NotEqual { certificate: DifferenceStructuralFacts }","control":"perturbed","family":"angle","k":23,"op":"atan","outcome":"NotEqual","p":-1,"precision":-64,"q":24,"representation":"stored"}
{"certificate":"Equal { certificate: StructuralEquality }","control":"identity","family":"angle","k":23,"op":"atan","outcome":"Equal","p":-1,"precision":-256,"q":24,"representation":"stored"}
{"certificate":"NotEqual { certificate: DifferenceStructuralFacts }","control":"perturbed","family":"angle","k":23,"op":"atan","outcome":"NotEqual","p":-1,"precision":-256,"q":24,"representation":"stored"}
{"certificate":"Unknown { min_precision: -64 }","control":"identity","family":"angle","k":23,"op":"atan","outcome":"Unknown","p":-1,"precision":-64,"q":24,"representation":"radical"}
{"certificate":"NotEqual { certificate: BoundedRefinement { min_precision: -64 } }","control":"perturbed","family":"angle","k":23,"op":"atan","outcome":"NotEqual","p":-1,"precision":-64,"q":24,"representation":"radical"}
{"certificate":"Unknown { min_precision: -256 }","control":"identity","family":"angle","k":23,"op":"atan","outcome":"Unknown","p":-1,"precision":-256,"q":24,"representation":"radical"}
{"certificate":"NotEqual { certificate: BoundedRefinement { min_precision: -256 } }","control":"perturbed","family":"angle","k":23,"op":"atan","outcome":"NotEqual","p":-1,"precision":-256,"q":24,"representation":"radical"}
{"certificate":"Equal { certificate: StructuralEquality }","control":"identity","family":"angle","k":23,"op":"atan","outcome":"Equal","p":-1,"precision":-64,"q":24,"representation":"huge-period"}
{"certificate":"NotEqual { certificate: DifferenceStructuralFacts }","control":"perturbed","family":"angle","k":23,"op":"atan","outcome":"NotEqual","p":-1,"precision":-64,"q":24,"representation":"huge-period"}
{"certificate":"Equal { certificate: StructuralEquality }","control":"identity","family":"angle","k":23,"op":"atan","outcome":"Equal","p":-1,"precision":-256,"q":24,"representation":"huge-period"}
{"certificate":"NotEqual { certificate: DifferenceStructuralFacts }","control":"perturbed","family":"angle","k":23,"op":"atan","outcome":"NotEqual","p":-1,"precision":-256,"q":24,"representation":"huge-period"}
{"certificate":"Equal { certificate: StructuralEquality }","control":"identity","family":"angle","k":24,"op":"atan","outcome":"Equal","p":0,"precision":-64,"q":24,"representation":"stored"}
{"certificate":"NotEqual { certificate: ExactRationalComparison }","control":"perturbed","family":"angle","k":24,"op":"atan","outcome":"NotEqual","p":0,"precision":-64,"q":24,"representation":"stored"}
{"certificate":"Equal { certificate: StructuralEquality }","control":"identity","family":"angle","k":24,"op":"atan","outcome":"Equal","p":0,"precision":-256,"q":24,"representation":"stored"}
{"certificate":"NotEqual { certificate: ExactRationalComparison }","control":"perturbed","family":"angle","k":24,"op":"atan","outcome":"NotEqual","p":0,"precision":-256,"q":24,"representation":"stored"}
{"certificate":"Equal { certificate: StructuralEquality }","control":"identity","family":"angle","k":24,"op":"atan","outcome":"Equal","p":0,"precision":-64,"q":24,"representation":"radical"}
{"certificate":"NotEqual { certificate: ExactRationalComparison }","control":"perturbed","family":"angle","k":24,"op":"atan","outcome":"NotEqual","p":0,"precision":-64,"q":24,"representation":"radical"}
{"certificate":"Equal { certificate: StructuralEquality }","control":"identity","family":"angle","k":24,"op":"atan","outcome":"Equal","p":0,"precision":-256,"q":24,"representation":"radical"}
{"certificate":"NotEqual { certificate: ExactRationalComparison }","control":"perturbed","family":"angle","k":24,"op":"atan","outcome":"NotEqual","p":0,"precision":-256,"q":24,"representation":"radical"}
{"certificate":"Equal { certificate: StructuralEquality }","control":"identity","family":"angle","k":24,"op":"atan","outcome":"Equal","p":0,"precision":-64,"q":24,"representation":"huge-period"}
{"certificate":"NotEqual { certificate: ExactRationalComparison }","control":"perturbed","family":"angle","k":24,"op":"atan","outcome":"NotEqual","p":0,"precision":-64,"q":24,"representation":"huge-period"}
{"certificate":"Equal { certificate: StructuralEquality }","control":"identity","family":"angle","k":24,"op":"atan","outcome":"Equal","p":0,"precision":-256,"q":24,"representation":"huge-period"}
{"certificate":"NotEqual { certificate: ExactRationalComparison }","control":"perturbed","family":"angle","k":24,"op":"atan","outcome":"NotEqual","p":0,"precision":-256,"q":24,"representation":"huge-period"}
{"certificate":"Equal { certificate: StructuralEquality }","control":"identity","family":"angle","k":25,"op":"atan","outcome":"Equal","p":1,"precision":-64,"q":24,"representation":"stored"}
{"certificate":"NotEqual { certificate: DifferenceStructuralFacts }","control":"perturbed","family":"angle","k":25,"op":"atan","outcome":"NotEqual","p":1,"precision":-64,"q":24,"representation":"stored"}
{"certificate":"Equal { certificate: StructuralEquality }","control":"identity","family":"angle","k":25,"op":"atan","outcome":"Equal","p":1,"precision":-256,"q":24,"representation":"stored"}
{"certificate":"NotEqual { certificate: DifferenceStructuralFacts }","control":"perturbed","family":"angle","k":25,"op":"atan","outcome":"NotEqual","p":1,"precision":-256,"q":24,"representation":"stored"}
{"certificate":"Unknown { min_precision: -64 }","control":"identity","family":"angle","k":25,"op":"atan","outcome":"Unknown","p":1,"precision":-64,"q":24,"representation":"radical"}
{"certificate":"NotEqual { certificate: BoundedRefinement { min_precision: -64 } }","control":"perturbed","family":"angle","k":25,"op":"atan","outcome":"NotEqual","p":1,"precision":-64,"q":24,"representation":"radical"}
{"certificate":"Unknown { min_precision: -256 }","control":"identity","family":"angle","k":25,"op":"atan","outcome":"Unknown","p":1,"precision":-256,"q":24,"representation":"radical"}
{"certificate":"NotEqual { certificate: BoundedRefinement { min_precision: -256 } }","control":"perturbed","family":"angle","k":25,"op":"atan","outcome":"NotEqual","p":1,"precision":-256,"q":24,"representation":"radical"}
{"certificate":"Equal { certificate: StructuralEquality }","control":"identity","family":"angle","k":25,"op":"atan","outcome":"Equal","p":1,"precision":-64,"q":24,"representation":"huge-period"}
{"certificate":"NotEqual { certificate: DifferenceStructuralFacts }","control":"perturbed","family":"angle","k":25,"op":"atan","outcome":"NotEqual","p":1,"precision":-64,"q":24,"representation":"huge-period"}
{"certificate":"Equal { certificate: StructuralEquality }","control":"identity","family":"angle","k":25,"op":"atan","outcome":"Equal","p":1,"precision":-256,"q":24,"representation":"huge-period"}
{"certificate":"NotEqual { certificate: DifferenceStructuralFacts }","control":"perturbed","family":"angle","k":25,"op":"atan","outcome":"NotEqual","p":1,"precision":-256,"q":24,"representation":"huge-period"}
{"certificate":"Equal { certificate: StructuralEquality }","control":"identity","family":"angle","k":26,"op":"atan","outcome":"Equal","p":2,"precision":-64,"q":24,"representation":"stored"}
{"certificate":"NotEqual { certificate: DifferenceStructuralFacts }","control":"perturbed","family":"angle","k":26,"op":"atan","outcome":"NotEqual","p":2,"precision":-64,"q":24,"representation":"stored"}
{"certificate":"Equal { certificate: StructuralEquality }","control":"identity","family":"angle","k":26,"op":"atan","outcome":"Equal","p":2,"precision":-256,"q":24,"representation":"stored"}
{"certificate":"NotEqual { certificate: DifferenceStructuralFacts }","control":"perturbed","family":"angle","k":26,"op":"atan","outcome":"NotEqual","p":2,"precision":-256,"q":24,"representation":"stored"}
{"certificate":"Unknown { min_precision: -64 }","control":"identity","family":"angle","k":26,"op":"atan","outcome":"Unknown","p":2,"precision":-64,"q":24,"representation":"radical"}
{"certificate":"NotEqual { certificate: BoundedRefinement { min_precision: -64 } }","control":"perturbed","family":"angle","k":26,"op":"atan","outcome":"NotEqual","p":2,"precision":-64,"q":24,"representation":"radical"}
{"certificate":"Unknown { min_precision: -256 }","control":"identity","family":"angle","k":26,"op":"atan","outcome":"Unknown","p":2,"precision":-256,"q":24,"representation":"radical"}
{"certificate":"NotEqual { certificate: BoundedRefinement { min_precision: -256 } }","control":"perturbed","family":"angle","k":26,"op":"atan","outcome":"NotEqual","p":2,"precision":-256,"q":24,"representation":"radical"}
{"certificate":"Equal { certificate: StructuralEquality }","control":"identity","family":"angle","k":26,"op":"atan","outcome":"Equal","p":2,"precision":-64,"q":24,"representation":"huge-period"}
{"certificate":"NotEqual { certificate: DifferenceStructuralFacts }","control":"perturbed","family":"angle","k":26,"op":"atan","outcome":"NotEqual","p":2,"precision":-64,"q":24,"representation":"huge-period"}
{"certificate":"Equal { certificate: StructuralEquality }","control":"identity","family":"angle","k":26,"op":"atan","outcome":"Equal","p":2,"precision":-256,"q":24,"representation":"huge-period"}
{"certificate":"NotEqual { certificate: DifferenceStructuralFacts }","control":"perturbed","family":"angle","k":26,"op":"atan","outcome":"NotEqual","p":2,"precision":-256,"q":24,"representation":"huge-period"}
{"certificate":"Equal { certificate: StructuralEquality }","control":"identity","family":"angle","k":27,"op":"atan","outcome":"Equal","p":3,"precision":-64,"q":24,"representation":"stored"}
{"certificate":"NotEqual { certificate: DifferenceStructuralFacts }","control":"perturbed","family":"angle","k":27,"op":"atan","outcome":"NotEqual","p":3,"precision":-64,"q":24,"representation":"stored"}
{"certificate":"Equal { certificate: StructuralEquality }","control":"identity","family":"angle","k":27,"op":"atan","outcome":"Equal","p":3,"precision":-256,"q":24,"representation":"stored"}
{"certificate":"NotEqual { certificate: DifferenceStructuralFacts }","control":"perturbed","family":"angle","k":27,"op":"atan","outcome":"NotEqual","p":3,"precision":-256,"q":24,"representation":"stored"}
{"certificate":"Unknown { min_precision: -64 }","control":"identity","family":"angle","k":27,"op":"atan","outcome":"Unknown","p":3,"precision":-64,"q":24,"representation":"radical"}
{"certificate":"NotEqual { certificate: BoundedRefinement { min_precision: -64 } }","control":"perturbed","family":"angle","k":27,"op":"atan","outcome":"NotEqual","p":3,"precision":-64,"q":24,"representation":"radical"}
{"certificate":"Unknown { min_precision: -256 }","control":"identity","family":"angle","k":27,"op":"atan","outcome":"Unknown","p":3,"precision":-256,"q":24,"representation":"radical"}
{"certificate":"NotEqual { certificate: BoundedRefinement { min_precision: -256 } }","control":"perturbed","family":"angle","k":27,"op":"atan","outcome":"NotEqual","p":3,"precision":-256,"q":24,"representation":"radical"}
{"certificate":"Equal { certificate: StructuralEquality }","control":"identity","family":"angle","k":27,"op":"atan","outcome":"Equal","p":3,"precision":-64,"q":24,"representation":"huge-period"}
{"certificate":"NotEqual { certificate: DifferenceStructuralFacts }","control":"perturbed","family":"angle","k":27,"op":"atan","outcome":"NotEqual","p":3,"precision":-64,"q":24,"representation":"huge-period"}
{"certificate":"Equal { certificate: StructuralEquality }","control":"identity","family":"angle","k":27,"op":"atan","outcome":"Equal","p":3,"precision":-256,"q":24,"representation":"huge-period"}
{"certificate":"NotEqual { certificate: DifferenceStructuralFacts }","control":"perturbed","family":"angle","k":27,"op":"atan","outcome":"NotEqual","p":3,"precision":-256,"q":24,"representation":"huge-period"}
{"certificate":"Equal { certificate: StructuralEquality }","control":"identity","family":"angle","k":28,"op":"atan","outcome":"Equal","p":4,"precision":-64,"q":24,"representation":"stored"}
{"certificate":"NotEqual { certificate: DifferenceStructuralFacts }","control":"perturbed","family":"angle","k":28,"op":"atan","outcome":"NotEqual","p":4,"precision":-64,"q":24,"representation":"stored"}
{"certificate":"Equal { certificate: StructuralEquality }","control":"identity","family":"angle","k":28,"op":"atan","outcome":"Equal","p":4,"precision":-256,"q":24,"representation":"stored"}
{"certificate":"NotEqual { certificate: DifferenceStructuralFacts }","control":"perturbed","family":"angle","k":28,"op":"atan","outcome":"NotEqual","p":4,"precision":-256,"q":24,"representation":"stored"}
{"certificate":"Equal { certificate: StructuralEquality }","control":"identity","family":"angle","k":28,"op":"atan","outcome":"Equal","p":4,"precision":-64,"q":24,"representation":"radical"}
{"certificate":"NotEqual { certificate: DifferenceStructuralFacts }","control":"perturbed","family":"angle","k":28,"op":"atan","outcome":"NotEqual","p":4,"precision":-64,"q":24,"representation":"radical"}
{"certificate":"Equal { certificate: StructuralEquality }","control":"identity","family":"angle","k":28,"op":"atan","outcome":"Equal","p":4,"precision":-256,"q":24,"representation":"radical"}
{"certificate":"NotEqual { certificate: DifferenceStructuralFacts }","control":"perturbed","family":"angle","k":28,"op":"atan","outcome":"NotEqual","p":4,"precision":-256,"q":24,"representation":"radical"}
{"certificate":"Equal { certificate: StructuralEquality }","control":"identity","family":"angle","k":28,"op":"atan","outcome":"Equal","p":4,"precision":-64,"q":24,"representation":"huge-period"}
{"certificate":"NotEqual { certificate: DifferenceStructuralFacts }","control":"perturbed","family":"angle","k":28,"op":"atan","outcome":"NotEqual","p":4,"precision":-64,"q":24,"representation":"huge-period"}
{"certificate":"Equal { certificate: StructuralEquality }","control":"identity","family":"angle","k":28,"op":"atan","outcome":"Equal","p":4,"precision":-256,"q":24,"representation":"huge-period"}
{"certificate":"NotEqual { certificate: DifferenceStructuralFacts }","control":"perturbed","family":"angle","k":28,"op":"atan","outcome":"NotEqual","p":4,"precision":-256,"q":24,"representation":"huge-period"}
{"certificate":"Equal { certificate: StructuralEquality }","control":"identity","family":"angle","k":29,"op":"atan","outcome":"Equal","p":5,"precision":-64,"q":24,"representation":"stored"}
{"certificate":"NotEqual { certificate: DifferenceStructuralFacts }","control":"perturbed","family":"angle","k":29,"op":"atan","outcome":"NotEqual","p":5,"precision":-64,"q":24,"representation":"stored"}
{"certificate":"Equal { certificate: StructuralEquality }","control":"identity","family":"angle","k":29,"op":"atan","outcome":"Equal","p":5,"precision":-256,"q":24,"representation":"stored"}
{"certificate":"NotEqual { certificate: DifferenceStructuralFacts }","control":"perturbed","family":"angle","k":29,"op":"atan","outcome":"NotEqual","p":5,"precision":-256,"q":24,"representation":"stored"}
{"certificate":"Unknown { min_precision: -64 }","control":"identity","family":"angle","k":29,"op":"atan","outcome":"Unknown","p":5,"precision":-64,"q":24,"representation":"radical"}
{"certificate":"NotEqual { certificate: BoundedRefinement { min_precision: -64 } }","control":"perturbed","family":"angle","k":29,"op":"atan","outcome":"NotEqual","p":5,"precision":-64,"q":24,"representation":"radical"}
{"certificate":"Unknown { min_precision: -256 }","control":"identity","family":"angle","k":29,"op":"atan","outcome":"Unknown","p":5,"precision":-256,"q":24,"representation":"radical"}
{"certificate":"NotEqual { certificate: BoundedRefinement { min_precision: -256 } }","control":"perturbed","family":"angle","k":29,"op":"atan","outcome":"NotEqual","p":5,"precision":-256,"q":24,"representation":"radical"}
{"certificate":"Equal { certificate: StructuralEquality }","control":"identity","family":"angle","k":29,"op":"atan","outcome":"Equal","p":5,"precision":-64,"q":24,"representation":"huge-period"}
{"certificate":"NotEqual { certificate: DifferenceStructuralFacts }","control":"perturbed","family":"angle","k":29,"op":"atan","outcome":"NotEqual","p":5,"precision":-64,"q":24,"representation":"huge-period"}
{"certificate":"Equal { certificate: StructuralEquality }","control":"identity","family":"angle","k":29,"op":"atan","outcome":"Equal","p":5,"precision":-256,"q":24,"representation":"huge-period"}
{"certificate":"NotEqual { certificate: DifferenceStructuralFacts }","control":"perturbed","family":"angle","k":29,"op":"atan","outcome":"NotEqual","p":5,"precision":-256,"q":24,"representation":"huge-period"}
{"certificate":"Equal { certificate: StructuralEquality }","control":"identity","family":"angle","k":30,"op":"atan","outcome":"Equal","p":6,"precision":-64,"q":24,"representation":"stored"}
{"certificate":"NotEqual { certificate: DifferenceStructuralFacts }","control":"perturbed","family":"angle","k":30,"op":"atan","outcome":"NotEqual","p":6,"precision":-64,"q":24,"representation":"stored"}
{"certificate":"Equal { certificate: StructuralEquality }","control":"identity","family":"angle","k":30,"op":"atan","outcome":"Equal","p":6,"precision":-256,"q":24,"representation":"stored"}
{"certificate":"NotEqual { certificate: DifferenceStructuralFacts }","control":"perturbed","family":"angle","k":30,"op":"atan","outcome":"NotEqual","p":6,"precision":-256,"q":24,"representation":"stored"}
{"certificate":"Equal { certificate: StructuralEquality }","control":"identity","family":"angle","k":30,"op":"atan","outcome":"Equal","p":6,"precision":-64,"q":24,"representation":"radical"}
{"certificate":"NotEqual { certificate: DifferenceStructuralFacts }","control":"perturbed","family":"angle","k":30,"op":"atan","outcome":"NotEqual","p":6,"precision":-64,"q":24,"representation":"radical"}
{"certificate":"Equal { certificate: StructuralEquality }","control":"identity","family":"angle","k":30,"op":"atan","outcome":"Equal","p":6,"precision":-256,"q":24,"representation":"radical"}
{"certificate":"NotEqual { certificate: DifferenceStructuralFacts }","control":"perturbed","family":"angle","k":30,"op":"atan","outcome":"NotEqual","p":6,"precision":-256,"q":24,"representation":"radical"}
{"certificate":"Equal { certificate: StructuralEquality }","control":"identity","family":"angle","k":30,"op":"atan","outcome":"Equal","p":6,"precision":-64,"q":24,"representation":"huge-period"}
{"certificate":"NotEqual { certificate: DifferenceStructuralFacts }","control":"perturbed","family":"angle","k":30,"op":"atan","outcome":"NotEqual","p":6,"precision":-64,"q":24,"representation":"huge-period"}
{"certificate":"Equal { certificate: StructuralEquality }","control":"identity","family":"angle","k":30,"op":"atan","outcome":"Equal","p":6,"precision":-256,"q":24,"representation":"huge-period"}
{"certificate":"NotEqual { certificate: DifferenceStructuralFacts }","control":"perturbed","family":"angle","k":30,"op":"atan","outcome":"NotEqual","p":6,"precision":-256,"q":24,"representation":"huge-period"}
{"certificate":"Equal { certificate: StructuralEquality }","control":"identity","family":"angle","k":31,"op":"atan","outcome":"Equal","p":7,"precision":-64,"q":24,"representation":"stored"}
{"certificate":"NotEqual { certificate: DifferenceStructuralFacts }","control":"perturbed","family":"angle","k":31,"op":"atan","outcome":"NotEqual","p":7,"precision":-64,"q":24,"representation":"stored"}
{"certificate":"Equal { certificate: StructuralEquality }","control":"identity","family":"angle","k":31,"op":"atan","outcome":"Equal","p":7,"precision":-256,"q":24,"representation":"stored"}
{"certificate":"NotEqual { certificate: DifferenceStructuralFacts }","control":"perturbed","family":"angle","k":31,"op":"atan","outcome":"NotEqual","p":7,"precision":-256,"q":24,"representation":"stored"}
{"certificate":"Unknown { min_precision: -64 }","control":"identity","family":"angle","k":31,"op":"atan","outcome":"Unknown","p":7,"precision":-64,"q":24,"representation":"radical"}
{"certificate":"NotEqual { certificate: BoundedRefinement { min_precision: -64 } }","control":"perturbed","family":"angle","k":31,"op":"atan","outcome":"NotEqual","p":7,"precision":-64,"q":24,"representation":"radical"}
{"certificate":"Unknown { min_precision: -256 }","control":"identity","family":"angle","k":31,"op":"atan","outcome":"Unknown","p":7,"precision":-256,"q":24,"representation":"radical"}
{"certificate":"NotEqual { certificate: BoundedRefinement { min_precision: -256 } }","control":"perturbed","family":"angle","k":31,"op":"atan","outcome":"NotEqual","p":7,"precision":-256,"q":24,"representation":"radical"}
{"certificate":"Equal { certificate: StructuralEquality }","control":"identity","family":"angle","k":31,"op":"atan","outcome":"Equal","p":7,"precision":-64,"q":24,"representation":"huge-period"}
{"certificate":"NotEqual { certificate: DifferenceStructuralFacts }","control":"perturbed","family":"angle","k":31,"op":"atan","outcome":"NotEqual","p":7,"precision":-64,"q":24,"representation":"huge-period"}
{"certificate":"Equal { certificate: StructuralEquality }","control":"identity","family":"angle","k":31,"op":"atan","outcome":"Equal","p":7,"precision":-256,"q":24,"representation":"huge-period"}
{"certificate":"NotEqual { certificate: DifferenceStructuralFacts }","control":"perturbed","family":"angle","k":31,"op":"atan","outcome":"NotEqual","p":7,"precision":-256,"q":24,"representation":"huge-period"}
{"certificate":"Equal { certificate: StructuralEquality }","control":"identity","family":"angle","k":32,"op":"atan","outcome":"Equal","p":8,"precision":-64,"q":24,"representation":"stored"}
{"certificate":"NotEqual { certificate: DifferenceStructuralFacts }","control":"perturbed","family":"angle","k":32,"op":"atan","outcome":"NotEqual","p":8,"precision":-64,"q":24,"representation":"stored"}
{"certificate":"Equal { certificate: StructuralEquality }","control":"identity","family":"angle","k":32,"op":"atan","outcome":"Equal","p":8,"precision":-256,"q":24,"representation":"stored"}
{"certificate":"NotEqual { certificate: DifferenceStructuralFacts }","control":"perturbed","family":"angle","k":32,"op":"atan","outcome":"NotEqual","p":8,"precision":-256,"q":24,"representation":"stored"}
{"certificate":"Equal { certificate: StructuralEquality }","control":"identity","family":"angle","k":32,"op":"atan","outcome":"Equal","p":8,"precision":-64,"q":24,"representation":"radical"}
{"certificate":"NotEqual { certificate: DifferenceStructuralFacts }","control":"perturbed","family":"angle","k":32,"op":"atan","outcome":"NotEqual","p":8,"precision":-64,"q":24,"representation":"radical"}
{"certificate":"Equal { certificate: StructuralEquality }","control":"identity","family":"angle","k":32,"op":"atan","outcome":"Equal","p":8,"precision":-256,"q":24,"representation":"radical"}
{"certificate":"NotEqual { certificate: DifferenceStructuralFacts }","control":"perturbed","family":"angle","k":32,"op":"atan","outcome":"NotEqual","p":8,"precision":-256,"q":24,"representation":"radical"}
{"certificate":"Equal { certificate: StructuralEquality }","control":"identity","family":"angle","k":32,"op":"atan","outcome":"Equal","p":8,"precision":-64,"q":24,"representation":"huge-period"}
{"certificate":"NotEqual { certificate: DifferenceStructuralFacts }","control":"perturbed","family":"angle","k":32,"op":"atan","outcome":"NotEqual","p":8,"precision":-64,"q":24,"representation":"huge-period"}
{"certificate":"Equal { certificate: StructuralEquality }","control":"identity","family":"angle","k":32,"op":"atan","outcome":"Equal","p":8,"precision":-256,"q":24,"representation":"huge-period"}
{"certificate":"NotEqual { certificate: DifferenceStructuralFacts }","control":"perturbed","family":"angle","k":32,"op":"atan","outcome":"NotEqual","p":8,"precision":-256,"q":24,"representation":"huge-period"}
{"certificate":"Equal { certificate: StructuralEquality }","control":"identity","family":"angle","k":33,"op":"atan","outcome":"Equal","p":9,"precision":-64,"q":24,"representation":"stored"}
{"certificate":"NotEqual { certificate: DifferenceStructuralFacts }","control":"perturbed","family":"angle","k":33,"op":"atan","outcome":"NotEqual","p":9,"precision":-64,"q":24,"representation":"stored"}
{"certificate":"Equal { certificate: StructuralEquality }","control":"identity","family":"angle","k":33,"op":"atan","outcome":"Equal","p":9,"precision":-256,"q":24,"representation":"stored"}
{"certificate":"NotEqual { certificate: DifferenceStructuralFacts }","control":"perturbed","family":"angle","k":33,"op":"atan","outcome":"NotEqual","p":9,"precision":-256,"q":24,"representation":"stored"}
{"certificate":"Unknown { min_precision: -64 }","control":"identity","family":"angle","k":33,"op":"atan","outcome":"Unknown","p":9,"precision":-64,"q":24,"representation":"radical"}
{"certificate":"NotEqual { certificate: BoundedRefinement { min_precision: -64 } }","control":"perturbed","family":"angle","k":33,"op":"atan","outcome":"NotEqual","p":9,"precision":-64,"q":24,"representation":"radical"}
{"certificate":"Unknown { min_precision: -256 }","control":"identity","family":"angle","k":33,"op":"atan","outcome":"Unknown","p":9,"precision":-256,"q":24,"representation":"radical"}
{"certificate":"NotEqual { certificate: BoundedRefinement { min_precision: -256 } }","control":"perturbed","family":"angle","k":33,"op":"atan","outcome":"NotEqual","p":9,"precision":-256,"q":24,"representation":"radical"}
{"certificate":"Equal { certificate: StructuralEquality }","control":"identity","family":"angle","k":33,"op":"atan","outcome":"Equal","p":9,"precision":-64,"q":24,"representation":"huge-period"}
{"certificate":"NotEqual { certificate: DifferenceStructuralFacts }","control":"perturbed","family":"angle","k":33,"op":"atan","outcome":"NotEqual","p":9,"precision":-64,"q":24,"representation":"huge-period"}
{"certificate":"Equal { certificate: StructuralEquality }","control":"identity","family":"angle","k":33,"op":"atan","outcome":"Equal","p":9,"precision":-256,"q":24,"representation":"huge-period"}
{"certificate":"NotEqual { certificate: DifferenceStructuralFacts }","control":"perturbed","family":"angle","k":33,"op":"atan","outcome":"NotEqual","p":9,"precision":-256,"q":24,"representation":"huge-period"}
{"certificate":"Equal { certificate: StructuralEquality }","control":"identity","family":"angle","k":34,"op":"atan","outcome":"Equal","p":10,"precision":-64,"q":24,"representation":"stored"}
{"certificate":"NotEqual { certificate: DifferenceStructuralFacts }","control":"perturbed","family":"angle","k":34,"op":"atan","outcome":"NotEqual","p":10,"precision":-64,"q":24,"representation":"stored"}
{"certificate":"Equal { certificate: StructuralEquality }","control":"identity","family":"angle","k":34,"op":"atan","outcome":"Equal","p":10,"precision":-256,"q":24,"representation":"stored"}
{"certificate":"NotEqual { certificate: DifferenceStructuralFacts }","control":"perturbed","family":"angle","k":34,"op":"atan","outcome":"NotEqual","p":10,"precision":-256,"q":24,"representation":"stored"}
{"certificate":"Unknown { min_precision: -64 }","control":"identity","family":"angle","k":34,"op":"atan","outcome":"Unknown","p":10,"precision":-64,"q":24,"representation":"radical"}
{"certificate":"NotEqual { certificate: BoundedRefinement { min_precision: -64 } }","control":"perturbed","family":"angle","k":34,"op":"atan","outcome":"NotEqual","p":10,"precision":-64,"q":24,"representation":"radical"}
{"certificate":"Unknown { min_precision: -256 }","control":"identity","family":"angle","k":34,"op":"atan","outcome":"Unknown","p":10,"precision":-256,"q":24,"representation":"radical"}
{"certificate":"NotEqual { certificate: BoundedRefinement { min_precision: -256 } }","control":"perturbed","family":"angle","k":34,"op":"atan","outcome":"NotEqual","p":10,"precision":-256,"q":24,"representation":"radical"}
{"certificate":"Equal { certificate: StructuralEquality }","control":"identity","family":"angle","k":34,"op":"atan","outcome":"Equal","p":10,"precision":-64,"q":24,"representation":"huge-period"}
{"certificate":"NotEqual { certificate: DifferenceStructuralFacts }","control":"perturbed","family":"angle","k":34,"op":"atan","outcome":"NotEqual","p":10,"precision":-64,"q":24,"representation":"huge-period"}
{"certificate":"Equal { certificate: StructuralEquality }","control":"identity","family":"angle","k":34,"op":"atan","outcome":"Equal","p":10,"precision":-256,"q":24,"representation":"huge-period"}
{"certificate":"NotEqual { certificate: DifferenceStructuralFacts }","control":"perturbed","family":"angle","k":34,"op":"atan","outcome":"NotEqual","p":10,"precision":-256,"q":24,"representation":"huge-period"}
{"certificate":"Equal { certificate: StructuralEquality }","control":"identity","family":"angle","k":35,"op":"atan","outcome":"Equal","p":11,"precision":-64,"q":24,"representation":"stored"}
{"certificate":"NotEqual { certificate: DifferenceStructuralFacts }","control":"perturbed","family":"angle","k":35,"op":"atan","outcome":"NotEqual","p":11,"precision":-64,"q":24,"representation":"stored"}
{"certificate":"Equal { certificate: StructuralEquality }","control":"identity","family":"angle","k":35,"op":"atan","outcome":"Equal","p":11,"precision":-256,"q":24,"representation":"stored"}
{"certificate":"NotEqual { certificate: DifferenceStructuralFacts }","control":"perturbed","family":"angle","k":35,"op":"atan","outcome":"NotEqual","p":11,"precision":-256,"q":24,"representation":"stored"}
{"certificate":"Unknown { min_precision: -64 }","control":"identity","family":"angle","k":35,"op":"atan","outcome":"Unknown","p":11,"precision":-64,"q":24,"representation":"radical"}
{"certificate":"NotEqual { certificate: BoundedRefinement { min_precision: -64 } }","control":"perturbed","family":"angle","k":35,"op":"atan","outcome":"NotEqual","p":11,"precision":-64,"q":24,"representation":"radical"}
{"certificate":"Unknown { min_precision: -256 }","control":"identity","family":"angle","k":35,"op":"atan","outcome":"Unknown","p":11,"precision":-256,"q":24,"representation":"radical"}
{"certificate":"NotEqual { certificate: BoundedRefinement { min_precision: -256 } }","control":"perturbed","family":"angle","k":35,"op":"atan","outcome":"NotEqual","p":11,"precision":-256,"q":24,"representation":"radical"}
{"certificate":"Equal { certificate: StructuralEquality }","control":"identity","family":"angle","k":35,"op":"atan","outcome":"Equal","p":11,"precision":-64,"q":24,"representation":"huge-period"}
{"certificate":"NotEqual { certificate: DifferenceStructuralFacts }","control":"perturbed","family":"angle","k":35,"op":"atan","outcome":"NotEqual","p":11,"precision":-64,"q":24,"representation":"huge-period"}
{"certificate":"Equal { certificate: StructuralEquality }","control":"identity","family":"angle","k":35,"op":"atan","outcome":"Equal","p":11,"precision":-256,"q":24,"representation":"huge-period"}
{"certificate":"NotEqual { certificate: DifferenceStructuralFacts }","control":"perturbed","family":"angle","k":35,"op":"atan","outcome":"NotEqual","p":11,"precision":-256,"q":24,"representation":"huge-period"}
{"control":"identity","family":"angle","k":36,"op":"atan","outcome":"Pole","precision":-64,"representation":"stored"}
{"control":"perturbed","family":"angle","k":36,"op":"atan","outcome":"Pole","precision":-64,"representation":"stored"}
{"control":"identity","family":"angle","k":36,"op":"atan","outcome":"Pole","precision":-256,"representation":"stored"}
{"control":"perturbed","family":"angle","k":36,"op":"atan","outcome":"Pole","precision":-256,"representation":"stored"}
{"control":"identity","family":"angle","k":36,"op":"atan","outcome":"Pole","precision":-64,"representation":"radical"}
{"control":"perturbed","family":"angle","k":36,"op":"atan","outcome":"Pole","precision":-64,"representation":"radical"}
{"control":"identity","family":"angle","k":36,"op":"atan","outcome":"Pole","precision":-256,"representation":"radical"}
{"control":"perturbed","family":"angle","k":36,"op":"atan","outcome":"Pole","precision":-256,"representation":"radical"}
{"control":"identity","family":"angle","k":36,"op":"atan","outcome":"Pole","precision":-64,"representation":"huge-period"}
{"control":"perturbed","family":"angle","k":36,"op":"atan","outcome":"Pole","precision":-64,"representation":"huge-period"}
{"control":"identity","family":"angle","k":36,"op":"atan","outcome":"Pole","precision":-256,"representation":"huge-period"}
{"control":"perturbed","family":"angle","k":36,"op":"atan","outcome":"Pole","precision":-256,"representation":"huge-period"}
{"certificate":"Equal { certificate: StructuralEquality }","control":"identity","family":"angle","k":37,"op":"atan","outcome":"Equal","p":-11,"precision":-64,"q":24,"representation":"stored"}
{"certificate":"NotEqual { certificate: DifferenceStructuralFacts }","control":"perturbed","family":"angle","k":37,"op":"atan","outcome":"NotEqual","p":-11,"precision":-64,"q":24,"representation":"stored"}
{"certificate":"Equal { certificate: StructuralEquality }","control":"identity","family":"angle","k":37,"op":"atan","outcome":"Equal","p":-11,"precision":-256,"q":24,"representation":"stored"}
{"certificate":"NotEqual { certificate: DifferenceStructuralFacts }","control":"perturbed","family":"angle","k":37,"op":"atan","outcome":"NotEqual","p":-11,"precision":-256,"q":24,"representation":"stored"}
{"certificate":"Unknown { min_precision: -64 }","control":"identity","family":"angle","k":37,"op":"atan","outcome":"Unknown","p":-11,"precision":-64,"q":24,"representation":"radical"}
{"certificate":"NotEqual { certificate: BoundedRefinement { min_precision: -64 } }","control":"perturbed","family":"angle","k":37,"op":"atan","outcome":"NotEqual","p":-11,"precision":-64,"q":24,"representation":"radical"}
{"certificate":"Unknown { min_precision: -256 }","control":"identity","family":"angle","k":37,"op":"atan","outcome":"Unknown","p":-11,"precision":-256,"q":24,"representation":"radical"}
{"certificate":"NotEqual { certificate: BoundedRefinement { min_precision: -256 } }","control":"perturbed","family":"angle","k":37,"op":"atan","outcome":"NotEqual","p":-11,"precision":-256,"q":24,"representation":"radical"}
{"certificate":"Equal { certificate: StructuralEquality }","control":"identity","family":"angle","k":37,"op":"atan","outcome":"Equal","p":-11,"precision":-64,"q":24,"representation":"huge-period"}
{"certificate":"NotEqual { certificate: DifferenceStructuralFacts }","control":"perturbed","family":"angle","k":37,"op":"atan","outcome":"NotEqual","p":-11,"precision":-64,"q":24,"representation":"huge-period"}
{"certificate":"Equal { certificate: StructuralEquality }","control":"identity","family":"angle","k":37,"op":"atan","outcome":"Equal","p":-11,"precision":-256,"q":24,"representation":"huge-period"}
{"certificate":"NotEqual { certificate: DifferenceStructuralFacts }","control":"perturbed","family":"angle","k":37,"op":"atan","outcome":"NotEqual","p":-11,"precision":-256,"q":24,"representation":"huge-period"}
{"certificate":"Equal { certificate: StructuralEquality }","control":"identity","family":"angle","k":38,"op":"atan","outcome":"Equal","p":-10,"precision":-64,"q":24,"representation":"stored"}
{"certificate":"NotEqual { certificate: DifferenceStructuralFacts }","control":"perturbed","family":"angle","k":38,"op":"atan","outcome":"NotEqual","p":-10,"precision":-64,"q":24,"representation":"stored"}
{"certificate":"Equal { certificate: StructuralEquality }","control":"identity","family":"angle","k":38,"op":"atan","outcome":"Equal","p":-10,"precision":-256,"q":24,"representation":"stored"}
{"certificate":"NotEqual { certificate: DifferenceStructuralFacts }","control":"perturbed","family":"angle","k":38,"op":"atan","outcome":"NotEqual","p":-10,"precision":-256,"q":24,"representation":"stored"}
{"certificate":"Unknown { min_precision: -64 }","control":"identity","family":"angle","k":38,"op":"atan","outcome":"Unknown","p":-10,"precision":-64,"q":24,"representation":"radical"}
{"certificate":"NotEqual { certificate: BoundedRefinement { min_precision: -64 } }","control":"perturbed","family":"angle","k":38,"op":"atan","outcome":"NotEqual","p":-10,"precision":-64,"q":24,"representation":"radical"}
{"certificate":"Unknown { min_precision: -256 }","control":"identity","family":"angle","k":38,"op":"atan","outcome":"Unknown","p":-10,"precision":-256,"q":24,"representation":"radical"}
{"certificate":"NotEqual { certificate: BoundedRefinement { min_precision: -256 } }","control":"perturbed","family":"angle","k":38,"op":"atan","outcome":"NotEqual","p":-10,"precision":-256,"q":24,"representation":"radical"}
{"certificate":"Equal { certificate: StructuralEquality }","control":"identity","family":"angle","k":38,"op":"atan","outcome":"Equal","p":-10,"precision":-64,"q":24,"representation":"huge-period"}
{"certificate":"NotEqual { certificate: DifferenceStructuralFacts }","control":"perturbed","family":"angle","k":38,"op":"atan","outcome":"NotEqual","p":-10,"precision":-64,"q":24,"representation":"huge-period"}
{"certificate":"Equal { certificate: StructuralEquality }","control":"identity","family":"angle","k":38,"op":"atan","outcome":"Equal","p":-10,"precision":-256,"q":24,"representation":"huge-period"}
{"certificate":"NotEqual { certificate: DifferenceStructuralFacts }","control":"perturbed","family":"angle","k":38,"op":"atan","outcome":"NotEqual","p":-10,"precision":-256,"q":24,"representation":"huge-period"}
{"certificate":"Equal { certificate: StructuralEquality }","control":"identity","family":"angle","k":39,"op":"atan","outcome":"Equal","p":-9,"precision":-64,"q":24,"representation":"stored"}
{"certificate":"NotEqual { certificate: DifferenceStructuralFacts }","control":"perturbed","family":"angle","k":39,"op":"atan","outcome":"NotEqual","p":-9,"precision":-64,"q":24,"representation":"stored"}
{"certificate":"Equal { certificate: StructuralEquality }","control":"identity","family":"angle","k":39,"op":"atan","outcome":"Equal","p":-9,"precision":-256,"q":24,"representation":"stored"}
{"certificate":"NotEqual { certificate: DifferenceStructuralFacts }","control":"perturbed","family":"angle","k":39,"op":"atan","outcome":"NotEqual","p":-9,"precision":-256,"q":24,"representation":"stored"}
{"certificate":"Unknown { min_precision: -64 }","control":"identity","family":"angle","k":39,"op":"atan","outcome":"Unknown","p":-9,"precision":-64,"q":24,"representation":"radical"}
{"certificate":"NotEqual { certificate: BoundedRefinement { min_precision: -64 } }","control":"perturbed","family":"angle","k":39,"op":"atan","outcome":"NotEqual","p":-9,"precision":-64,"q":24,"representation":"radical"}
{"certificate":"Unknown { min_precision: -256 }","control":"identity","family":"angle","k":39,"op":"atan","outcome":"Unknown","p":-9,"precision":-256,"q":24,"representation":"radical"}
{"certificate":"NotEqual { certificate: BoundedRefinement { min_precision: -256 } }","control":"perturbed","family":"angle","k":39,"op":"atan","outcome":"NotEqual","p":-9,"precision":-256,"q":24,"representation":"radical"}
{"certificate":"Equal { certificate: StructuralEquality }","control":"identity","family":"angle","k":39,"op":"atan","outcome":"Equal","p":-9,"precision":-64,"q":24,"representation":"huge-period"}
{"certificate":"NotEqual { certificate: DifferenceStructuralFacts }","control":"perturbed","family":"angle","k":39,"op":"atan","outcome":"NotEqual","p":-9,"precision":-64,"q":24,"representation":"huge-period"}
{"certificate":"Equal { certificate: StructuralEquality }","control":"identity","family":"angle","k":39,"op":"atan","outcome":"Equal","p":-9,"precision":-256,"q":24,"representation":"huge-period"}
{"certificate":"NotEqual { certificate: DifferenceStructuralFacts }","control":"perturbed","family":"angle","k":39,"op":"atan","outcome":"NotEqual","p":-9,"precision":-256,"q":24,"representation":"huge-period"}
{"certificate":"Equal { certificate: StructuralEquality }","control":"identity","family":"angle","k":40,"op":"atan","outcome":"Equal","p":-8,"precision":-64,"q":24,"representation":"stored"}
{"certificate":"NotEqual { certificate: DifferenceStructuralFacts }","control":"perturbed","family":"angle","k":40,"op":"atan","outcome":"NotEqual","p":-8,"precision":-64,"q":24,"representation":"stored"}
{"certificate":"Equal { certificate: StructuralEquality }","control":"identity","family":"angle","k":40,"op":"atan","outcome":"Equal","p":-8,"precision":-256,"q":24,"representation":"stored"}
{"certificate":"NotEqual { certificate: DifferenceStructuralFacts }","control":"perturbed","family":"angle","k":40,"op":"atan","outcome":"NotEqual","p":-8,"precision":-256,"q":24,"representation":"stored"}
{"certificate":"Equal { certificate: StructuralEquality }","control":"identity","family":"angle","k":40,"op":"atan","outcome":"Equal","p":-8,"precision":-64,"q":24,"representation":"radical"}
{"certificate":"NotEqual { certificate: DifferenceStructuralFacts }","control":"perturbed","family":"angle","k":40,"op":"atan","outcome":"NotEqual","p":-8,"precision":-64,"q":24,"representation":"radical"}
{"certificate":"Equal { certificate: StructuralEquality }","control":"identity","family":"angle","k":40,"op":"atan","outcome":"Equal","p":-8,"precision":-256,"q":24,"representation":"radical"}
{"certificate":"NotEqual { certificate: DifferenceStructuralFacts }","control":"perturbed","family":"angle","k":40,"op":"atan","outcome":"NotEqual","p":-8,"precision":-256,"q":24,"representation":"radical"}
{"certificate":"Equal { certificate: StructuralEquality }","control":"identity","family":"angle","k":40,"op":"atan","outcome":"Equal","p":-8,"precision":-64,"q":24,"representation":"huge-period"}
{"certificate":"NotEqual { certificate: DifferenceStructuralFacts }","control":"perturbed","family":"angle","k":40,"op":"atan","outcome":"NotEqual","p":-8,"precision":-64,"q":24,"representation":"huge-period"}
{"certificate":"Equal { certificate: StructuralEquality }","control":"identity","family":"angle","k":40,"op":"atan","outcome":"Equal","p":-8,"precision":-256,"q":24,"representation":"huge-period"}
{"certificate":"NotEqual { certificate: DifferenceStructuralFacts }","control":"perturbed","family":"angle","k":40,"op":"atan","outcome":"NotEqual","p":-8,"precision":-256,"q":24,"representation":"huge-period"}
{"certificate":"Equal { certificate: StructuralEquality }","control":"identity","family":"angle","k":41,"op":"atan","outcome":"Equal","p":-7,"precision":-64,"q":24,"representation":"stored"}
{"certificate":"NotEqual { certificate: DifferenceStructuralFacts }","control":"perturbed","family":"angle","k":41,"op":"atan","outcome":"NotEqual","p":-7,"precision":-64,"q":24,"representation":"stored"}
{"certificate":"Equal { certificate: StructuralEquality }","control":"identity","family":"angle","k":41,"op":"atan","outcome":"Equal","p":-7,"precision":-256,"q":24,"representation":"stored"}
{"certificate":"NotEqual { certificate: DifferenceStructuralFacts }","control":"perturbed","family":"angle","k":41,"op":"atan","outcome":"NotEqual","p":-7,"precision":-256,"q":24,"representation":"stored"}
{"certificate":"Unknown { min_precision: -64 }","control":"identity","family":"angle","k":41,"op":"atan","outcome":"Unknown","p":-7,"precision":-64,"q":24,"representation":"radical"}
{"certificate":"NotEqual { certificate: BoundedRefinement { min_precision: -64 } }","control":"perturbed","family":"angle","k":41,"op":"atan","outcome":"NotEqual","p":-7,"precision":-64,"q":24,"representation":"radical"}
{"certificate":"Unknown { min_precision: -256 }","control":"identity","family":"angle","k":41,"op":"atan","outcome":"Unknown","p":-7,"precision":-256,"q":24,"representation":"radical"}
{"certificate":"NotEqual { certificate: BoundedRefinement { min_precision: -256 } }","control":"perturbed","family":"angle","k":41,"op":"atan","outcome":"NotEqual","p":-7,"precision":-256,"q":24,"representation":"radical"}
{"certificate":"Equal { certificate: StructuralEquality }","control":"identity","family":"angle","k":41,"op":"atan","outcome":"Equal","p":-7,"precision":-64,"q":24,"representation":"huge-period"}
{"certificate":"NotEqual { certificate: DifferenceStructuralFacts }","control":"perturbed","family":"angle","k":41,"op":"atan","outcome":"NotEqual","p":-7,"precision":-64,"q":24,"representation":"huge-period"}
{"certificate":"Equal { certificate: StructuralEquality }","control":"identity","family":"angle","k":41,"op":"atan","outcome":"Equal","p":-7,"precision":-256,"q":24,"representation":"huge-period"}
{"certificate":"NotEqual { certificate: DifferenceStructuralFacts }","control":"perturbed","family":"angle","k":41,"op":"atan","outcome":"NotEqual","p":-7,"precision":-256,"q":24,"representation":"huge-period"}
{"certificate":"Equal { certificate: StructuralEquality }","control":"identity","family":"angle","k":42,"op":"atan","outcome":"Equal","p":-6,"precision":-64,"q":24,"representation":"stored"}
{"certificate":"NotEqual { certificate: DifferenceStructuralFacts }","control":"perturbed","family":"angle","k":42,"op":"atan","outcome":"NotEqual","p":-6,"precision":-64,"q":24,"representation":"stored"}
{"certificate":"Equal { certificate: StructuralEquality }","control":"identity","family":"angle","k":42,"op":"atan","outcome":"Equal","p":-6,"precision":-256,"q":24,"representation":"stored"}
{"certificate":"NotEqual { certificate: DifferenceStructuralFacts }","control":"perturbed","family":"angle","k":42,"op":"atan","outcome":"NotEqual","p":-6,"precision":-256,"q":24,"representation":"stored"}
{"certificate":"Equal { certificate: StructuralEquality }","control":"identity","family":"angle","k":42,"op":"atan","outcome":"Equal","p":-6,"precision":-64,"q":24,"representation":"radical"}
{"certificate":"NotEqual { certificate: DifferenceStructuralFacts }","control":"perturbed","family":"angle","k":42,"op":"atan","outcome":"NotEqual","p":-6,"precision":-64,"q":24,"representation":"radical"}
{"certificate":"Equal { certificate: StructuralEquality }","control":"identity","family":"angle","k":42,"op":"atan","outcome":"Equal","p":-6,"precision":-256,"q":24,"representation":"radical"}
{"certificate":"NotEqual { certificate: DifferenceStructuralFacts }","control":"perturbed","family":"angle","k":42,"op":"atan","outcome":"NotEqual","p":-6,"precision":-256,"q":24,"representation":"radical"}
{"certificate":"Equal { certificate: StructuralEquality }","control":"identity","family":"angle","k":42,"op":"atan","outcome":"Equal","p":-6,"precision":-64,"q":24,"representation":"huge-period"}
{"certificate":"NotEqual { certificate: DifferenceStructuralFacts }","control":"perturbed","family":"angle","k":42,"op":"atan","outcome":"NotEqual","p":-6,"precision":-64,"q":24,"representation":"huge-period"}
{"certificate":"Equal { certificate: StructuralEquality }","control":"identity","family":"angle","k":42,"op":"atan","outcome":"Equal","p":-6,"precision":-256,"q":24,"representation":"huge-period"}
{"certificate":"NotEqual { certificate: DifferenceStructuralFacts }","control":"perturbed","family":"angle","k":42,"op":"atan","outcome":"NotEqual","p":-6,"precision":-256,"q":24,"representation":"huge-period"}
{"certificate":"Equal { certificate: StructuralEquality }","control":"identity","family":"angle","k":43,"op":"atan","outcome":"Equal","p":-5,"precision":-64,"q":24,"representation":"stored"}
{"certificate":"NotEqual { certificate: DifferenceStructuralFacts }","control":"perturbed","family":"angle","k":43,"op":"atan","outcome":"NotEqual","p":-5,"precision":-64,"q":24,"representation":"stored"}
{"certificate":"Equal { certificate: StructuralEquality }","control":"identity","family":"angle","k":43,"op":"atan","outcome":"Equal","p":-5,"precision":-256,"q":24,"representation":"stored"}
{"certificate":"NotEqual { certificate: DifferenceStructuralFacts }","control":"perturbed","family":"angle","k":43,"op":"atan","outcome":"NotEqual","p":-5,"precision":-256,"q":24,"representation":"stored"}
{"certificate":"Unknown { min_precision: -64 }","control":"identity","family":"angle","k":43,"op":"atan","outcome":"Unknown","p":-5,"precision":-64,"q":24,"representation":"radical"}
{"certificate":"NotEqual { certificate: BoundedRefinement { min_precision: -64 } }","control":"perturbed","family":"angle","k":43,"op":"atan","outcome":"NotEqual","p":-5,"precision":-64,"q":24,"representation":"radical"}
{"certificate":"Unknown { min_precision: -256 }","control":"identity","family":"angle","k":43,"op":"atan","outcome":"Unknown","p":-5,"precision":-256,"q":24,"representation":"radical"}
{"certificate":"NotEqual { certificate: BoundedRefinement { min_precision: -256 } }","control":"perturbed","family":"angle","k":43,"op":"atan","outcome":"NotEqual","p":-5,"precision":-256,"q":24,"representation":"radical"}
{"certificate":"Equal { certificate: StructuralEquality }","control":"identity","family":"angle","k":43,"op":"atan","outcome":"Equal","p":-5,"precision":-64,"q":24,"representation":"huge-period"}
{"certificate":"NotEqual { certificate: DifferenceStructuralFacts }","control":"perturbed","family":"angle","k":43,"op":"atan","outcome":"NotEqual","p":-5,"precision":-64,"q":24,"representation":"huge-period"}
{"certificate":"Equal { certificate: StructuralEquality }","control":"identity","family":"angle","k":43,"op":"atan","outcome":"Equal","p":-5,"precision":-256,"q":24,"representation":"huge-period"}
{"certificate":"NotEqual { certificate: DifferenceStructuralFacts }","control":"perturbed","family":"angle","k":43,"op":"atan","outcome":"NotEqual","p":-5,"precision":-256,"q":24,"representation":"huge-period"}
{"certificate":"Equal { certificate: StructuralEquality }","control":"identity","family":"angle","k":44,"op":"atan","outcome":"Equal","p":-4,"precision":-64,"q":24,"representation":"stored"}
{"certificate":"NotEqual { certificate: DifferenceStructuralFacts }","control":"perturbed","family":"angle","k":44,"op":"atan","outcome":"NotEqual","p":-4,"precision":-64,"q":24,"representation":"stored"}
{"certificate":"Equal { certificate: StructuralEquality }","control":"identity","family":"angle","k":44,"op":"atan","outcome":"Equal","p":-4,"precision":-256,"q":24,"representation":"stored"}
{"certificate":"NotEqual { certificate: DifferenceStructuralFacts }","control":"perturbed","family":"angle","k":44,"op":"atan","outcome":"NotEqual","p":-4,"precision":-256,"q":24,"representation":"stored"}
{"certificate":"Equal { certificate: StructuralEquality }","control":"identity","family":"angle","k":44,"op":"atan","outcome":"Equal","p":-4,"precision":-64,"q":24,"representation":"radical"}
{"certificate":"NotEqual { certificate: DifferenceStructuralFacts }","control":"perturbed","family":"angle","k":44,"op":"atan","outcome":"NotEqual","p":-4,"precision":-64,"q":24,"representation":"radical"}
{"certificate":"Equal { certificate: StructuralEquality }","control":"identity","family":"angle","k":44,"op":"atan","outcome":"Equal","p":-4,"precision":-256,"q":24,"representation":"radical"}
{"certificate":"NotEqual { certificate: DifferenceStructuralFacts }","control":"perturbed","family":"angle","k":44,"op":"atan","outcome":"NotEqual","p":-4,"precision":-256,"q":24,"representation":"radical"}
{"certificate":"Equal { certificate: StructuralEquality }","control":"identity","family":"angle","k":44,"op":"atan","outcome":"Equal","p":-4,"precision":-64,"q":24,"representation":"huge-period"}
{"certificate":"NotEqual { certificate: DifferenceStructuralFacts }","control":"perturbed","family":"angle","k":44,"op":"atan","outcome":"NotEqual","p":-4,"precision":-64,"q":24,"representation":"huge-period"}
{"certificate":"Equal { certificate: StructuralEquality }","control":"identity","family":"angle","k":44,"op":"atan","outcome":"Equal","p":-4,"precision":-256,"q":24,"representation":"huge-period"}
{"certificate":"NotEqual { certificate: DifferenceStructuralFacts }","control":"perturbed","family":"angle","k":44,"op":"atan","outcome":"NotEqual","p":-4,"precision":-256,"q":24,"representation":"huge-period"}
{"certificate":"Equal { certificate: StructuralEquality }","control":"identity","family":"angle","k":45,"op":"atan","outcome":"Equal","p":-3,"precision":-64,"q":24,"representation":"stored"}
{"certificate":"NotEqual { certificate: DifferenceStructuralFacts }","control":"perturbed","family":"angle","k":45,"op":"atan","outcome":"NotEqual","p":-3,"precision":-64,"q":24,"representation":"stored"}
{"certificate":"Equal { certificate: StructuralEquality }","control":"identity","family":"angle","k":45,"op":"atan","outcome":"Equal","p":-3,"precision":-256,"q":24,"representation":"stored"}
{"certificate":"NotEqual { certificate: DifferenceStructuralFacts }","control":"perturbed","family":"angle","k":45,"op":"atan","outcome":"NotEqual","p":-3,"precision":-256,"q":24,"representation":"stored"}
{"certificate":"Unknown { min_precision: -64 }","control":"identity","family":"angle","k":45,"op":"atan","outcome":"Unknown","p":-3,"precision":-64,"q":24,"representation":"radical"}
{"certificate":"NotEqual { certificate: BoundedRefinement { min_precision: -64 } }","control":"perturbed","family":"angle","k":45,"op":"atan","outcome":"NotEqual","p":-3,"precision":-64,"q":24,"representation":"radical"}
{"certificate":"Unknown { min_precision: -256 }","control":"identity","family":"angle","k":45,"op":"atan","outcome":"Unknown","p":-3,"precision":-256,"q":24,"representation":"radical"}
{"certificate":"NotEqual { certificate: BoundedRefinement { min_precision: -256 } }","control":"perturbed","family":"angle","k":45,"op":"atan","outcome":"NotEqual","p":-3,"precision":-256,"q":24,"representation":"radical"}
{"certificate":"Equal { certificate: StructuralEquality }","control":"identity","family":"angle","k":45,"op":"atan","outcome":"Equal","p":-3,"precision":-64,"q":24,"representation":"huge-period"}
{"certificate":"NotEqual { certificate: DifferenceStructuralFacts }","control":"perturbed","family":"angle","k":45,"op":"atan","outcome":"NotEqual","p":-3,"precision":-64,"q":24,"representation":"huge-period"}
{"certificate":"Equal { certificate: StructuralEquality }","control":"identity","family":"angle","k":45,"op":"atan","outcome":"Equal","p":-3,"precision":-256,"q":24,"representation":"huge-period"}
{"certificate":"NotEqual { certificate: DifferenceStructuralFacts }","control":"perturbed","family":"angle","k":45,"op":"atan","outcome":"NotEqual","p":-3,"precision":-256,"q":24,"representation":"huge-period"}
{"certificate":"Equal { certificate: StructuralEquality }","control":"identity","family":"angle","k":46,"op":"atan","outcome":"Equal","p":-2,"precision":-64,"q":24,"representation":"stored"}
{"certificate":"NotEqual { certificate: DifferenceStructuralFacts }","control":"perturbed","family":"angle","k":46,"op":"atan","outcome":"NotEqual","p":-2,"precision":-64,"q":24,"representation":"stored"}
{"certificate":"Equal { certificate: StructuralEquality }","control":"identity","family":"angle","k":46,"op":"atan","outcome":"Equal","p":-2,"precision":-256,"q":24,"representation":"stored"}
{"certificate":"NotEqual { certificate: DifferenceStructuralFacts }","control":"perturbed","family":"angle","k":46,"op":"atan","outcome":"NotEqual","p":-2,"precision":-256,"q":24,"representation":"stored"}
{"certificate":"Unknown { min_precision: -64 }","control":"identity","family":"angle","k":46,"op":"atan","outcome":"Unknown","p":-2,"precision":-64,"q":24,"representation":"radical"}
{"certificate":"NotEqual { certificate: BoundedRefinement { min_precision: -64 } }","control":"perturbed","family":"angle","k":46,"op":"atan","outcome":"NotEqual","p":-2,"precision":-64,"q":24,"representation":"radical"}
{"certificate":"Unknown { min_precision: -256 }","control":"identity","family":"angle","k":46,"op":"atan","outcome":"Unknown","p":-2,"precision":-256,"q":24,"representation":"radical"}
{"certificate":"NotEqual { certificate: BoundedRefinement { min_precision: -256 } }","control":"perturbed","family":"angle","k":46,"op":"atan","outcome":"NotEqual","p":-2,"precision":-256,"q":24,"representation":"radical"}
{"certificate":"Equal { certificate: StructuralEquality }","control":"identity","family":"angle","k":46,"op":"atan","outcome":"Equal","p":-2,"precision":-64,"q":24,"representation":"huge-period"}
{"certificate":"NotEqual { certificate: DifferenceStructuralFacts }","control":"perturbed","family":"angle","k":46,"op":"atan","outcome":"NotEqual","p":-2,"precision":-64,"q":24,"representation":"huge-period"}
{"certificate":"Equal { certificate: StructuralEquality }","control":"identity","family":"angle","k":46,"op":"atan","outcome":"Equal","p":-2,"precision":-256,"q":24,"representation":"huge-period"}
{"certificate":"NotEqual { certificate: DifferenceStructuralFacts }","control":"perturbed","family":"angle","k":46,"op":"atan","outcome":"NotEqual","p":-2,"precision":-256,"q":24,"representation":"huge-period"}
{"certificate":"Equal { certificate: StructuralEquality }","control":"identity","family":"angle","k":47,"op":"atan","outcome":"Equal","p":-1,"precision":-64,"q":24,"representation":"stored"}
{"certificate":"NotEqual { certificate: DifferenceStructuralFacts }","control":"perturbed","family":"angle","k":47,"op":"atan","outcome":"NotEqual","p":-1,"precision":-64,"q":24,"representation":"stored"}
{"certificate":"Equal { certificate: StructuralEquality }","control":"identity","family":"angle","k":47,"op":"atan","outcome":"Equal","p":-1,"precision":-256,"q":24,"representation":"stored"}
{"certificate":"NotEqual { certificate: DifferenceStructuralFacts }","control":"perturbed","family":"angle","k":47,"op":"atan","outcome":"NotEqual","p":-1,"precision":-256,"q":24,"representation":"stored"}
{"certificate":"Unknown { min_precision: -64 }","control":"identity","family":"angle","k":47,"op":"atan","outcome":"Unknown","p":-1,"precision":-64,"q":24,"representation":"radical"}
{"certificate":"NotEqual { certificate: BoundedRefinement { min_precision: -64 } }","control":"perturbed","family":"angle","k":47,"op":"atan","outcome":"NotEqual","p":-1,"precision":-64,"q":24,"representation":"radical"}
{"certificate":"Unknown { min_precision: -256 }","control":"identity","family":"angle","k":47,"op":"atan","outcome":"Unknown","p":-1,"precision":-256,"q":24,"representation":"radical"}
{"certificate":"NotEqual { certificate: BoundedRefinement { min_precision: -256 } }","control":"perturbed","family":"angle","k":47,"op":"atan","outcome":"NotEqual","p":-1,"precision":-256,"q":24,"representation":"radical"}
{"certificate":"Equal { certificate: StructuralEquality }","control":"identity","family":"angle","k":47,"op":"atan","outcome":"Equal","p":-1,"precision":-64,"q":24,"representation":"huge-period"}
{"certificate":"NotEqual { certificate: DifferenceStructuralFacts }","control":"perturbed","family":"angle","k":47,"op":"atan","outcome":"NotEqual","p":-1,"precision":-64,"q":24,"representation":"huge-period"}
{"certificate":"Equal { certificate: StructuralEquality }","control":"identity","family":"angle","k":47,"op":"atan","outcome":"Equal","p":-1,"precision":-256,"q":24,"representation":"huge-period"}
{"certificate":"NotEqual { certificate: DifferenceStructuralFacts }","control":"perturbed","family":"angle","k":47,"op":"atan","outcome":"NotEqual","p":-1,"precision":-256,"q":24,"representation":"huge-period"}
{"control":"identity","family":"angle","k":0,"op":"acot","outcome":"Pole","precision":-64,"representation":"stored"}
{"control":"perturbed","family":"angle","k":0,"op":"acot","outcome":"Pole","precision":-64,"representation":"stored"}
{"control":"identity","family":"angle","k":0,"op":"acot","outcome":"Pole","precision":-256,"representation":"stored"}
{"control":"perturbed","family":"angle","k":0,"op":"acot","outcome":"Pole","precision":-256,"representation":"stored"}
{"control":"identity","family":"angle","k":0,"op":"acot","outcome":"Pole","precision":-64,"representation":"radical"}
{"control":"perturbed","family":"angle","k":0,"op":"acot","outcome":"Pole","precision":-64,"representation":"radical"}
{"control":"identity","family":"angle","k":0,"op":"acot","outcome":"Pole","precision":-256,"representation":"radical"}
{"control":"perturbed","family":"angle","k":0,"op":"acot","outcome":"Pole","precision":-256,"representation":"radical"}
{"control":"identity","family":"angle","k":0,"op":"acot","outcome":"Pole","precision":-64,"representation":"huge-period"}
{"control":"perturbed","family":"angle","k":0,"op":"acot","outcome":"Pole","precision":-64,"representation":"huge-period"}
{"control":"identity","family":"angle","k":0,"op":"acot","outcome":"Pole","precision":-256,"representation":"huge-period"}
{"control":"perturbed","family":"angle","k":0,"op":"acot","outcome":"Pole","precision":-256,"representation":"huge-period"}
{"certificate":"Unknown { min_precision: -64 }","control":"identity","family":"angle","k":1,"op":"acot","outcome":"Unknown","p":1,"precision":-64,"q":24,"representation":"stored"}
{"certificate":"NotEqual { certificate: BoundedRefinement { min_precision: -64 } }","control":"perturbed","family":"angle","k":1,"op":"acot","outcome":"NotEqual","p":1,"precision":-64,"q":24,"representation":"stored"}
{"certificate":"Unknown { min_precision: -256 }","control":"identity","family":"angle","k":1,"op":"acot","outcome":"Unknown","p":1,"precision":-256,"q":24,"representation":"stored"}
{"certificate":"NotEqual { certificate: BoundedRefinement { min_precision: -256 } }","control":"perturbed","family":"angle","k":1,"op":"acot","outcome":"NotEqual","p":1,"precision":-256,"q":24,"representation":"stored"}
{"certificate":"Unknown { min_precision: -64 }","control":"identity","family":"angle","k":1,"op":"acot","outcome":"Unknown","p":1,"precision":-64,"q":24,"representation":"radical"}
{"certificate":"NotEqual { certificate: BoundedRefinement { min_precision: -64 } }","control":"perturbed","family":"angle","k":1,"op":"acot","outcome":"NotEqual","p":1,"precision":-64,"q":24,"representation":"radical"}
{"certificate":"Unknown { min_precision: -256 }","control":"identity","family":"angle","k":1,"op":"acot","outcome":"Unknown","p":1,"precision":-256,"q":24,"representation":"radical"}
{"certificate":"NotEqual { certificate: BoundedRefinement { min_precision: -256 } }","control":"perturbed","family":"angle","k":1,"op":"acot","outcome":"NotEqual","p":1,"precision":-256,"q":24,"representation":"radical"}
{"certificate":"Unknown { min_precision: -64 }","control":"identity","family":"angle","k":1,"op":"acot","outcome":"Unknown","p":1,"precision":-64,"q":24,"representation":"huge-period"}
{"certificate":"NotEqual { certificate: BoundedRefinement { min_precision: -64 } }","control":"perturbed","family":"angle","k":1,"op":"acot","outcome":"NotEqual","p":1,"precision":-64,"q":24,"representation":"huge-period"}
{"certificate":"Unknown { min_precision: -256 }","control":"identity","family":"angle","k":1,"op":"acot","outcome":"Unknown","p":1,"precision":-256,"q":24,"representation":"huge-period"}
{"certificate":"NotEqual { certificate: BoundedRefinement { min_precision: -256 } }","control":"perturbed","family":"angle","k":1,"op":"acot","outcome":"NotEqual","p":1,"precision":-256,"q":24,"representation":"huge-period"}
{"certificate":"Unknown { min_precision: -64 }","control":"identity","family":"angle","k":2,"op":"acot","outcome":"Unknown","p":2,"precision":-64,"q":24,"representation":"stored"}
{"certificate":"NotEqual { certificate: BoundedRefinement { min_precision: -64 } }","control":"perturbed","family":"angle","k":2,"op":"acot","outcome":"NotEqual","p":2,"precision":-64,"q":24,"representation":"stored"}
{"certificate":"Unknown { min_precision: -256 }","control":"identity","family":"angle","k":2,"op":"acot","outcome":"Unknown","p":2,"precision":-256,"q":24,"representation":"stored"}
{"certificate":"NotEqual { certificate: BoundedRefinement { min_precision: -256 } }","control":"perturbed","family":"angle","k":2,"op":"acot","outcome":"NotEqual","p":2,"precision":-256,"q":24,"representation":"stored"}
{"certificate":"Unknown { min_precision: -64 }","control":"identity","family":"angle","k":2,"op":"acot","outcome":"Unknown","p":2,"precision":-64,"q":24,"representation":"radical"}
{"certificate":"NotEqual { certificate: BoundedRefinement { min_precision: -64 } }","control":"perturbed","family":"angle","k":2,"op":"acot","outcome":"NotEqual","p":2,"precision":-64,"q":24,"representation":"radical"}
{"certificate":"Unknown { min_precision: -256 }","control":"identity","family":"angle","k":2,"op":"acot","outcome":"Unknown","p":2,"precision":-256,"q":24,"representation":"radical"}
{"certificate":"NotEqual { certificate: BoundedRefinement { min_precision: -256 } }","control":"perturbed","family":"angle","k":2,"op":"acot","outcome":"NotEqual","p":2,"precision":-256,"q":24,"representation":"radical"}
{"certificate":"Unknown { min_precision: -64 }","control":"identity","family":"angle","k":2,"op":"acot","outcome":"Unknown","p":2,"precision":-64,"q":24,"representation":"huge-period"}
{"certificate":"NotEqual { certificate: BoundedRefinement { min_precision: -64 } }","control":"perturbed","family":"angle","k":2,"op":"acot","outcome":"NotEqual","p":2,"precision":-64,"q":24,"representation":"huge-period"}
{"certificate":"Unknown { min_precision: -256 }","control":"identity","family":"angle","k":2,"op":"acot","outcome":"Unknown","p":2,"precision":-256,"q":24,"representation":"huge-period"}
{"certificate":"NotEqual { certificate: BoundedRefinement { min_precision: -256 } }","control":"perturbed","family":"angle","k":2,"op":"acot","outcome":"NotEqual","p":2,"precision":-256,"q":24,"representation":"huge-period"}
{"certificate":"Unknown { min_precision: -64 }","control":"identity","family":"angle","k":3,"op":"acot","outcome":"Unknown","p":3,"precision":-64,"q":24,"representation":"stored"}
{"certificate":"NotEqual { certificate: BoundedRefinement { min_precision: -64 } }","control":"perturbed","family":"angle","k":3,"op":"acot","outcome":"NotEqual","p":3,"precision":-64,"q":24,"representation":"stored"}
{"certificate":"Unknown { min_precision: -256 }","control":"identity","family":"angle","k":3,"op":"acot","outcome":"Unknown","p":3,"precision":-256,"q":24,"representation":"stored"}
{"certificate":"NotEqual { certificate: BoundedRefinement { min_precision: -256 } }","control":"perturbed","family":"angle","k":3,"op":"acot","outcome":"NotEqual","p":3,"precision":-256,"q":24,"representation":"stored"}
{"certificate":"Unknown { min_precision: -64 }","control":"identity","family":"angle","k":3,"op":"acot","outcome":"Unknown","p":3,"precision":-64,"q":24,"representation":"radical"}
{"certificate":"NotEqual { certificate: BoundedRefinement { min_precision: -64 } }","control":"perturbed","family":"angle","k":3,"op":"acot","outcome":"NotEqual","p":3,"precision":-64,"q":24,"representation":"radical"}
{"certificate":"Unknown { min_precision: -256 }","control":"identity","family":"angle","k":3,"op":"acot","outcome":"Unknown","p":3,"precision":-256,"q":24,"representation":"radical"}
{"certificate":"NotEqual { certificate: BoundedRefinement { min_precision: -256 } }","control":"perturbed","family":"angle","k":3,"op":"acot","outcome":"NotEqual","p":3,"precision":-256,"q":24,"representation":"radical"}
{"certificate":"Unknown { min_precision: -64 }","control":"identity","family":"angle","k":3,"op":"acot","outcome":"Unknown","p":3,"precision":-64,"q":24,"representation":"huge-period"}
{"certificate":"NotEqual { certificate: BoundedRefinement { min_precision: -64 } }","control":"perturbed","family":"angle","k":3,"op":"acot","outcome":"NotEqual","p":3,"precision":-64,"q":24,"representation":"huge-period"}
{"certificate":"Unknown { min_precision: -256 }","control":"identity","family":"angle","k":3,"op":"acot","outcome":"Unknown","p":3,"precision":-256,"q":24,"representation":"huge-period"}
{"certificate":"NotEqual { certificate: BoundedRefinement { min_precision: -256 } }","control":"perturbed","family":"angle","k":3,"op":"acot","outcome":"NotEqual","p":3,"precision":-256,"q":24,"representation":"huge-period"}
{"certificate":"Equal { certificate: StructuralEquality }","control":"identity","family":"angle","k":4,"op":"acot","outcome":"Equal","p":4,"precision":-64,"q":24,"representation":"stored"}
{"certificate":"NotEqual { certificate: DifferenceStructuralFacts }","control":"perturbed","family":"angle","k":4,"op":"acot","outcome":"NotEqual","p":4,"precision":-64,"q":24,"representation":"stored"}
{"certificate":"Equal { certificate: StructuralEquality }","control":"identity","family":"angle","k":4,"op":"acot","outcome":"Equal","p":4,"precision":-256,"q":24,"representation":"stored"}
{"certificate":"NotEqual { certificate: DifferenceStructuralFacts }","control":"perturbed","family":"angle","k":4,"op":"acot","outcome":"NotEqual","p":4,"precision":-256,"q":24,"representation":"stored"}
{"certificate":"Equal { certificate: StructuralEquality }","control":"identity","family":"angle","k":4,"op":"acot","outcome":"Equal","p":4,"precision":-64,"q":24,"representation":"radical"}
{"certificate":"NotEqual { certificate: DifferenceStructuralFacts }","control":"perturbed","family":"angle","k":4,"op":"acot","outcome":"NotEqual","p":4,"precision":-64,"q":24,"representation":"radical"}
{"certificate":"Equal { certificate: StructuralEquality }","control":"identity","family":"angle","k":4,"op":"acot","outcome":"Equal","p":4,"precision":-256,"q":24,"representation":"radical"}
{"certificate":"NotEqual { certificate: DifferenceStructuralFacts }","control":"perturbed","family":"angle","k":4,"op":"acot","outcome":"NotEqual","p":4,"precision":-256,"q":24,"representation":"radical"}
{"certificate":"Equal { certificate: StructuralEquality }","control":"identity","family":"angle","k":4,"op":"acot","outcome":"Equal","p":4,"precision":-64,"q":24,"representation":"huge-period"}
{"certificate":"NotEqual { certificate: DifferenceStructuralFacts }","control":"perturbed","family":"angle","k":4,"op":"acot","outcome":"NotEqual","p":4,"precision":-64,"q":24,"representation":"huge-period"}
{"certificate":"Equal { certificate: StructuralEquality }","control":"identity","family":"angle","k":4,"op":"acot","outcome":"Equal","p":4,"precision":-256,"q":24,"representation":"huge-period"}
{"certificate":"NotEqual { certificate: DifferenceStructuralFacts }","control":"perturbed","family":"angle","k":4,"op":"acot","outcome":"NotEqual","p":4,"precision":-256,"q":24,"representation":"huge-period"}
{"certificate":"Unknown { min_precision: -64 }","control":"identity","family":"angle","k":5,"op":"acot","outcome":"Unknown","p":5,"precision":-64,"q":24,"representation":"stored"}
{"certificate":"NotEqual { certificate: BoundedRefinement { min_precision: -64 } }","control":"perturbed","family":"angle","k":5,"op":"acot","outcome":"NotEqual","p":5,"precision":-64,"q":24,"representation":"stored"}
{"certificate":"Unknown { min_precision: -256 }","control":"identity","family":"angle","k":5,"op":"acot","outcome":"Unknown","p":5,"precision":-256,"q":24,"representation":"stored"}
{"certificate":"NotEqual { certificate: BoundedRefinement { min_precision: -256 } }","control":"perturbed","family":"angle","k":5,"op":"acot","outcome":"NotEqual","p":5,"precision":-256,"q":24,"representation":"stored"}
{"certificate":"Unknown { min_precision: -64 }","control":"identity","family":"angle","k":5,"op":"acot","outcome":"Unknown","p":5,"precision":-64,"q":24,"representation":"radical"}
{"certificate":"NotEqual { certificate: BoundedRefinement { min_precision: -64 } }","control":"perturbed","family":"angle","k":5,"op":"acot","outcome":"NotEqual","p":5,"precision":-64,"q":24,"representation":"radical"}
{"certificate":"Unknown { min_precision: -256 }","control":"identity","family":"angle","k":5,"op":"acot","outcome":"Unknown","p":5,"precision":-256,"q":24,"representation":"radical"}
{"certificate":"NotEqual { certificate: BoundedRefinement { min_precision: -256 } }","control":"perturbed","family":"angle","k":5,"op":"acot","outcome":"NotEqual","p":5,"precision":-256,"q":24,"representation":"radical"}
{"certificate":"Unknown { min_precision: -64 }","control":"identity","family":"angle","k":5,"op":"acot","outcome":"Unknown","p":5,"precision":-64,"q":24,"representation":"huge-period"}
{"certificate":"NotEqual { certificate: BoundedRefinement { min_precision: -64 } }","control":"perturbed","family":"angle","k":5,"op":"acot","outcome":"NotEqual","p":5,"precision":-64,"q":24,"representation":"huge-period"}
{"certificate":"Unknown { min_precision: -256 }","control":"identity","family":"angle","k":5,"op":"acot","outcome":"Unknown","p":5,"precision":-256,"q":24,"representation":"huge-period"}
{"certificate":"NotEqual { certificate: BoundedRefinement { min_precision: -256 } }","control":"perturbed","family":"angle","k":5,"op":"acot","outcome":"NotEqual","p":5,"precision":-256,"q":24,"representation":"huge-period"}
{"certificate":"Equal { certificate: StructuralEquality }","control":"identity","family":"angle","k":6,"op":"acot","outcome":"Equal","p":6,"precision":-64,"q":24,"representation":"stored"}
{"certificate":"NotEqual { certificate: DifferenceStructuralFacts }","control":"perturbed","family":"angle","k":6,"op":"acot","outcome":"NotEqual","p":6,"precision":-64,"q":24,"representation":"stored"}
{"certificate":"Equal { certificate: StructuralEquality }","control":"identity","family":"angle","k":6,"op":"acot","outcome":"Equal","p":6,"precision":-256,"q":24,"representation":"stored"}
{"certificate":"NotEqual { certificate: DifferenceStructuralFacts }","control":"perturbed","family":"angle","k":6,"op":"acot","outcome":"NotEqual","p":6,"precision":-256,"q":24,"representation":"stored"}
{"certificate":"Equal { certificate: StructuralEquality }","control":"identity","family":"angle","k":6,"op":"acot","outcome":"Equal","p":6,"precision":-64,"q":24,"representation":"radical"}
{"certificate":"NotEqual { certificate: DifferenceStructuralFacts }","control":"perturbed","family":"angle","k":6,"op":"acot","outcome":"NotEqual","p":6,"precision":-64,"q":24,"representation":"radical"}
{"certificate":"Equal { certificate: StructuralEquality }","control":"identity","family":"angle","k":6,"op":"acot","outcome":"Equal","p":6,"precision":-256,"q":24,"representation":"radical"}
{"certificate":"NotEqual { certificate: DifferenceStructuralFacts }","control":"perturbed","family":"angle","k":6,"op":"acot","outcome":"NotEqual","p":6,"precision":-256,"q":24,"representation":"radical"}
{"certificate":"Equal { certificate: StructuralEquality }","control":"identity","family":"angle","k":6,"op":"acot","outcome":"Equal","p":6,"precision":-64,"q":24,"representation":"huge-period"}
{"certificate":"NotEqual { certificate: DifferenceStructuralFacts }","control":"perturbed","family":"angle","k":6,"op":"acot","outcome":"NotEqual","p":6,"precision":-64,"q":24,"representation":"huge-period"}
{"certificate":"Equal { certificate: StructuralEquality }","control":"identity","family":"angle","k":6,"op":"acot","outcome":"Equal","p":6,"precision":-256,"q":24,"representation":"huge-period"}
{"certificate":"NotEqual { certificate: DifferenceStructuralFacts }","control":"perturbed","family":"angle","k":6,"op":"acot","outcome":"NotEqual","p":6,"precision":-256,"q":24,"representation":"huge-period"}
{"certificate":"Unknown { min_precision: -64 }","control":"identity","family":"angle","k":7,"op":"acot","outcome":"Unknown","p":7,"precision":-64,"q":24,"representation":"stored"}
{"certificate":"NotEqual { certificate: BoundedRefinement { min_precision: -64 } }","control":"perturbed","family":"angle","k":7,"op":"acot","outcome":"NotEqual","p":7,"precision":-64,"q":24,"representation":"stored"}
{"certificate":"Unknown { min_precision: -256 }","control":"identity","family":"angle","k":7,"op":"acot","outcome":"Unknown","p":7,"precision":-256,"q":24,"representation":"stored"}
{"certificate":"NotEqual { certificate: BoundedRefinement { min_precision: -256 } }","control":"perturbed","family":"angle","k":7,"op":"acot","outcome":"NotEqual","p":7,"precision":-256,"q":24,"representation":"stored"}
{"certificate":"Unknown { min_precision: -64 }","control":"identity","family":"angle","k":7,"op":"acot","outcome":"Unknown","p":7,"precision":-64,"q":24,"representation":"radical"}
{"certificate":"NotEqual { certificate: BoundedRefinement { min_precision: -64 } }","control":"perturbed","family":"angle","k":7,"op":"acot","outcome":"NotEqual","p":7,"precision":-64,"q":24,"representation":"radical"}
{"certificate":"Unknown { min_precision: -256 }","control":"identity","family":"angle","k":7,"op":"acot","outcome":"Unknown","p":7,"precision":-256,"q":24,"representation":"radical"}
{"certificate":"NotEqual { certificate: BoundedRefinement { min_precision: -256 } }","control":"perturbed","family":"angle","k":7,"op":"acot","outcome":"NotEqual","p":7,"precision":-256,"q":24,"representation":"radical"}
{"certificate":"Unknown { min_precision: -64 }","control":"identity","family":"angle","k":7,"op":"acot","outcome":"Unknown","p":7,"precision":-64,"q":24,"representation":"huge-period"}
{"certificate":"NotEqual { certificate: BoundedRefinement { min_precision: -64 } }","control":"perturbed","family":"angle","k":7,"op":"acot","outcome":"NotEqual","p":7,"precision":-64,"q":24,"representation":"huge-period"}
{"certificate":"Unknown { min_precision: -256 }","control":"identity","family":"angle","k":7,"op":"acot","outcome":"Unknown","p":7,"precision":-256,"q":24,"representation":"huge-period"}
{"certificate":"NotEqual { certificate: BoundedRefinement { min_precision: -256 } }","control":"perturbed","family":"angle","k":7,"op":"acot","outcome":"NotEqual","p":7,"precision":-256,"q":24,"representation":"huge-period"}
{"certificate":"Equal { certificate: StructuralEquality }","control":"identity","family":"angle","k":8,"op":"acot","outcome":"Equal","p":8,"precision":-64,"q":24,"representation":"stored"}
{"certificate":"NotEqual { certificate: DifferenceStructuralFacts }","control":"perturbed","family":"angle","k":8,"op":"acot","outcome":"NotEqual","p":8,"precision":-64,"q":24,"representation":"stored"}
{"certificate":"Equal { certificate: StructuralEquality }","control":"identity","family":"angle","k":8,"op":"acot","outcome":"Equal","p":8,"precision":-256,"q":24,"representation":"stored"}
{"certificate":"NotEqual { certificate: DifferenceStructuralFacts }","control":"perturbed","family":"angle","k":8,"op":"acot","outcome":"NotEqual","p":8,"precision":-256,"q":24,"representation":"stored"}
{"certificate":"Equal { certificate: StructuralEquality }","control":"identity","family":"angle","k":8,"op":"acot","outcome":"Equal","p":8,"precision":-64,"q":24,"representation":"radical"}
{"certificate":"NotEqual { certificate: DifferenceStructuralFacts }","control":"perturbed","family":"angle","k":8,"op":"acot","outcome":"NotEqual","p":8,"precision":-64,"q":24,"representation":"radical"}
{"certificate":"Equal { certificate: StructuralEquality }","control":"identity","family":"angle","k":8,"op":"acot","outcome":"Equal","p":8,"precision":-256,"q":24,"representation":"radical"}
{"certificate":"NotEqual { certificate: DifferenceStructuralFacts }","control":"perturbed","family":"angle","k":8,"op":"acot","outcome":"NotEqual","p":8,"precision":-256,"q":24,"representation":"radical"}
{"certificate":"Equal { certificate: StructuralEquality }","control":"identity","family":"angle","k":8,"op":"acot","outcome":"Equal","p":8,"precision":-64,"q":24,"representation":"huge-period"}
{"certificate":"NotEqual { certificate: DifferenceStructuralFacts }","control":"perturbed","family":"angle","k":8,"op":"acot","outcome":"NotEqual","p":8,"precision":-64,"q":24,"representation":"huge-period"}
{"certificate":"Equal { certificate: StructuralEquality }","control":"identity","family":"angle","k":8,"op":"acot","outcome":"Equal","p":8,"precision":-256,"q":24,"representation":"huge-period"}
{"certificate":"NotEqual { certificate: DifferenceStructuralFacts }","control":"perturbed","family":"angle","k":8,"op":"acot","outcome":"NotEqual","p":8,"precision":-256,"q":24,"representation":"huge-period"}
{"certificate":"Unknown { min_precision: -64 }","control":"identity","family":"angle","k":9,"op":"acot","outcome":"Unknown","p":9,"precision":-64,"q":24,"representation":"stored"}
{"certificate":"NotEqual { certificate: BoundedRefinement { min_precision: -64 } }","control":"perturbed","family":"angle","k":9,"op":"acot","outcome":"NotEqual","p":9,"precision":-64,"q":24,"representation":"stored"}
{"certificate":"Unknown { min_precision: -256 }","control":"identity","family":"angle","k":9,"op":"acot","outcome":"Unknown","p":9,"precision":-256,"q":24,"representation":"stored"}
{"certificate":"NotEqual { certificate: BoundedRefinement { min_precision: -256 } }","control":"perturbed","family":"angle","k":9,"op":"acot","outcome":"NotEqual","p":9,"precision":-256,"q":24,"representation":"stored"}
{"certificate":"Unknown { min_precision: -64 }","control":"identity","family":"angle","k":9,"op":"acot","outcome":"Unknown","p":9,"precision":-64,"q":24,"representation":"radical"}
{"certificate":"NotEqual { certificate: BoundedRefinement { min_precision: -64 } }","control":"perturbed","family":"angle","k":9,"op":"acot","outcome":"NotEqual","p":9,"precision":-64,"q":24,"representation":"radical"}
{"certificate":"Unknown { min_precision: -256 }","control":"identity","family":"angle","k":9,"op":"acot","outcome":"Unknown","p":9,"precision":-256,"q":24,"representation":"radical"}
{"certificate":"NotEqual { certificate: BoundedRefinement { min_precision: -256 } }","control":"perturbed","family":"angle","k":9,"op":"acot","outcome":"NotEqual","p":9,"precision":-256,"q":24,"representation":"radical"}
{"certificate":"Unknown { min_precision: -64 }","control":"identity","family":"angle","k":9,"op":"acot","outcome":"Unknown","p":9,"precision":-64,"q":24,"representation":"huge-period"}
{"certificate":"NotEqual { certificate: BoundedRefinement { min_precision: -64 } }","control":"perturbed","family":"angle","k":9,"op":"acot","outcome":"NotEqual","p":9,"precision":-64,"q":24,"representation":"huge-period"}
{"certificate":"Unknown { min_precision: -256 }","control":"identity","family":"angle","k":9,"op":"acot","outcome":"Unknown","p":9,"precision":-256,"q":24,"representation":"huge-period"}
{"certificate":"NotEqual { certificate: BoundedRefinement { min_precision: -256 } }","control":"perturbed","family":"angle","k":9,"op":"acot","outcome":"NotEqual","p":9,"precision":-256,"q":24,"representation":"huge-period"}
{"certificate":"Unknown { min_precision: -64 }","control":"identity","family":"angle","k":10,"op":"acot","outcome":"Unknown","p":10,"precision":-64,"q":24,"representation":"stored"}
{"certificate":"NotEqual { certificate: BoundedRefinement { min_precision: -64 } }","control":"perturbed","family":"angle","k":10,"op":"acot","outcome":"NotEqual","p":10,"precision":-64,"q":24,"representation":"stored"}
{"certificate":"Unknown { min_precision: -256 }","control":"identity","family":"angle","k":10,"op":"acot","outcome":"Unknown","p":10,"precision":-256,"q":24,"representation":"stored"}
{"certificate":"NotEqual { certificate: BoundedRefinement { min_precision: -256 } }","control":"perturbed","family":"angle","k":10,"op":"acot","outcome":"NotEqual","p":10,"precision":-256,"q":24,"representation":"stored"}
{"certificate":"Unknown { min_precision: -64 }","control":"identity","family":"angle","k":10,"op":"acot","outcome":"Unknown","p":10,"precision":-64,"q":24,"representation":"radical"}
{"certificate":"NotEqual { certificate: BoundedRefinement { min_precision: -64 } }","control":"perturbed","family":"angle","k":10,"op":"acot","outcome":"NotEqual","p":10,"precision":-64,"q":24,"representation":"radical"}
{"certificate":"Unknown { min_precision: -256 }","control":"identity","family":"angle","k":10,"op":"acot","outcome":"Unknown","p":10,"precision":-256,"q":24,"representation":"radical"}
{"certificate":"NotEqual { certificate: BoundedRefinement { min_precision: -256 } }","control":"perturbed","family":"angle","k":10,"op":"acot","outcome":"NotEqual","p":10,"precision":-256,"q":24,"representation":"radical"}
{"certificate":"Unknown { min_precision: -64 }","control":"identity","family":"angle","k":10,"op":"acot","outcome":"Unknown","p":10,"precision":-64,"q":24,"representation":"huge-period"}
{"certificate":"NotEqual { certificate: BoundedRefinement { min_precision: -64 } }","control":"perturbed","family":"angle","k":10,"op":"acot","outcome":"NotEqual","p":10,"precision":-64,"q":24,"representation":"huge-period"}
{"certificate":"Unknown { min_precision: -256 }","control":"identity","family":"angle","k":10,"op":"acot","outcome":"Unknown","p":10,"precision":-256,"q":24,"representation":"huge-period"}
{"certificate":"NotEqual { certificate: BoundedRefinement { min_precision: -256 } }","control":"perturbed","family":"angle","k":10,"op":"acot","outcome":"NotEqual","p":10,"precision":-256,"q":24,"representation":"huge-period"}
{"certificate":"Unknown { min_precision: -64 }","control":"identity","family":"angle","k":11,"op":"acot","outcome":"Unknown","p":11,"precision":-64,"q":24,"representation":"stored"}
{"certificate":"NotEqual { certificate: BoundedRefinement { min_precision: -64 } }","control":"perturbed","family":"angle","k":11,"op":"acot","outcome":"NotEqual","p":11,"precision":-64,"q":24,"representation":"stored"}
{"certificate":"Unknown { min_precision: -256 }","control":"identity","family":"angle","k":11,"op":"acot","outcome":"Unknown","p":11,"precision":-256,"q":24,"representation":"stored"}
{"certificate":"NotEqual { certificate: BoundedRefinement { min_precision: -256 } }","control":"perturbed","family":"angle","k":11,"op":"acot","outcome":"NotEqual","p":11,"precision":-256,"q":24,"representation":"stored"}
{"certificate":"Unknown { min_precision: -64 }","control":"identity","family":"angle","k":11,"op":"acot","outcome":"Unknown","p":11,"precision":-64,"q":24,"representation":"radical"}
{"certificate":"NotEqual { certificate: BoundedRefinement { min_precision: -64 } }","control":"perturbed","family":"angle","k":11,"op":"acot","outcome":"NotEqual","p":11,"precision":-64,"q":24,"representation":"radical"}
{"certificate":"Unknown { min_precision: -256 }","control":"identity","family":"angle","k":11,"op":"acot","outcome":"Unknown","p":11,"precision":-256,"q":24,"representation":"radical"}
{"certificate":"NotEqual { certificate: BoundedRefinement { min_precision: -256 } }","control":"perturbed","family":"angle","k":11,"op":"acot","outcome":"NotEqual","p":11,"precision":-256,"q":24,"representation":"radical"}
{"certificate":"Unknown { min_precision: -64 }","control":"identity","family":"angle","k":11,"op":"acot","outcome":"Unknown","p":11,"precision":-64,"q":24,"representation":"huge-period"}
{"certificate":"NotEqual { certificate: BoundedRefinement { min_precision: -64 } }","control":"perturbed","family":"angle","k":11,"op":"acot","outcome":"NotEqual","p":11,"precision":-64,"q":24,"representation":"huge-period"}
{"certificate":"Unknown { min_precision: -256 }","control":"identity","family":"angle","k":11,"op":"acot","outcome":"Unknown","p":11,"precision":-256,"q":24,"representation":"huge-period"}
{"certificate":"NotEqual { certificate: BoundedRefinement { min_precision: -256 } }","control":"perturbed","family":"angle","k":11,"op":"acot","outcome":"NotEqual","p":11,"precision":-256,"q":24,"representation":"huge-period"}
{"certificate":"Equal { certificate: StructuralEquality }","control":"identity","family":"angle","k":12,"op":"acot","outcome":"Equal","p":12,"precision":-64,"q":24,"representation":"stored"}
{"certificate":"NotEqual { certificate: DifferenceStructuralFacts }","control":"perturbed","family":"angle","k":12,"op":"acot","outcome":"NotEqual","p":12,"precision":-64,"q":24,"representation":"stored"}
{"certificate":"Equal { certificate: StructuralEquality }","control":"identity","family":"angle","k":12,"op":"acot","outcome":"Equal","p":12,"precision":-256,"q":24,"representation":"stored"}
{"certificate":"NotEqual { certificate: DifferenceStructuralFacts }","control":"perturbed","family":"angle","k":12,"op":"acot","outcome":"NotEqual","p":12,"precision":-256,"q":24,"representation":"stored"}
{"certificate":"Equal { certificate: StructuralEquality }","control":"identity","family":"angle","k":12,"op":"acot","outcome":"Equal","p":12,"precision":-64,"q":24,"representation":"radical"}
{"certificate":"NotEqual { certificate: DifferenceStructuralFacts }","control":"perturbed","family":"angle","k":12,"op":"acot","outcome":"NotEqual","p":12,"precision":-64,"q":24,"representation":"radical"}
{"certificate":"Equal { certificate: StructuralEquality }","control":"identity","family":"angle","k":12,"op":"acot","outcome":"Equal","p":12,"precision":-256,"q":24,"representation":"radical"}
{"certificate":"NotEqual { certificate: DifferenceStructuralFacts }","control":"perturbed","family":"angle","k":12,"op":"acot","outcome":"NotEqual","p":12,"precision":-256,"q":24,"representation":"radical"}
{"certificate":"Equal { certificate: StructuralEquality }","control":"identity","family":"angle","k":12,"op":"acot","outcome":"Equal","p":12,"precision":-64,"q":24,"representation":"huge-period"}
{"certificate":"NotEqual { certificate: DifferenceStructuralFacts }","control":"perturbed","family":"angle","k":12,"op":"acot","outcome":"NotEqual","p":12,"precision":-64,"q":24,"representation":"huge-period"}
{"certificate":"Equal { certificate: StructuralEquality }","control":"identity","family":"angle","k":12,"op":"acot","outcome":"Equal","p":12,"precision":-256,"q":24,"representation":"huge-period"}
{"certificate":"NotEqual { certificate: DifferenceStructuralFacts }","control":"perturbed","family":"angle","k":12,"op":"acot","outcome":"NotEqual","p":12,"precision":-256,"q":24,"representation":"huge-period"}
{"certificate":"Unknown { min_precision: -64 }","control":"identity","family":"angle","k":13,"op":"acot","outcome":"Unknown","p":-11,"precision":-64,"q":24,"representation":"stored"}
{"certificate":"NotEqual { certificate: BoundedRefinement { min_precision: -64 } }","control":"perturbed","family":"angle","k":13,"op":"acot","outcome":"NotEqual","p":-11,"precision":-64,"q":24,"representation":"stored"}
{"certificate":"Unknown { min_precision: -256 }","control":"identity","family":"angle","k":13,"op":"acot","outcome":"Unknown","p":-11,"precision":-256,"q":24,"representation":"stored"}
{"certificate":"NotEqual { certificate: BoundedRefinement { min_precision: -256 } }","control":"perturbed","family":"angle","k":13,"op":"acot","outcome":"NotEqual","p":-11,"precision":-256,"q":24,"representation":"stored"}
{"certificate":"Unknown { min_precision: -64 }","control":"identity","family":"angle","k":13,"op":"acot","outcome":"Unknown","p":-11,"precision":-64,"q":24,"representation":"radical"}
{"certificate":"NotEqual { certificate: BoundedRefinement { min_precision: -64 } }","control":"perturbed","family":"angle","k":13,"op":"acot","outcome":"NotEqual","p":-11,"precision":-64,"q":24,"representation":"radical"}
{"certificate":"Unknown { min_precision: -256 }","control":"identity","family":"angle","k":13,"op":"acot","outcome":"Unknown","p":-11,"precision":-256,"q":24,"representation":"radical"}
{"certificate":"NotEqual { certificate: BoundedRefinement { min_precision: -256 } }","control":"perturbed","family":"angle","k":13,"op":"acot","outcome":"NotEqual","p":-11,"precision":-256,"q":24,"representation":"radical"}
{"certificate":"Unknown { min_precision: -64 }","control":"identity","family":"angle","k":13,"op":"acot","outcome":"Unknown","p":-11,"precision":-64,"q":24,"representation":"huge-period"}
{"certificate":"NotEqual { certificate: BoundedRefinement { min_precision: -64 } }","control":"perturbed","family":"angle","k":13,"op":"acot","outcome":"NotEqual","p":-11,"precision":-64,"q":24,"representation":"huge-period"}
{"certificate":"Unknown { min_precision: -256 }","control":"identity","family":"angle","k":13,"op":"acot","outcome":"Unknown","p":-11,"precision":-256,"q":24,"representation":"huge-period"}
{"certificate":"NotEqual { certificate: BoundedRefinement { min_precision: -256 } }","control":"perturbed","family":"angle","k":13,"op":"acot","outcome":"NotEqual","p":-11,"precision":-256,"q":24,"representation":"huge-period"}
{"certificate":"Unknown { min_precision: -64 }","control":"identity","family":"angle","k":14,"op":"acot","outcome":"Unknown","p":-10,"precision":-64,"q":24,"representation":"stored"}
{"certificate":"NotEqual { certificate: BoundedRefinement { min_precision: -64 } }","control":"perturbed","family":"angle","k":14,"op":"acot","outcome":"NotEqual","p":-10,"precision":-64,"q":24,"representation":"stored"}
{"certificate":"Unknown { min_precision: -256 }","control":"identity","family":"angle","k":14,"op":"acot","outcome":"Unknown","p":-10,"precision":-256,"q":24,"representation":"stored"}
{"certificate":"NotEqual { certificate: BoundedRefinement { min_precision: -256 } }","control":"perturbed","family":"angle","k":14,"op":"acot","outcome":"NotEqual","p":-10,"precision":-256,"q":24,"representation":"stored"}
{"certificate":"Unknown { min_precision: -64 }","control":"identity","family":"angle","k":14,"op":"acot","outcome":"Unknown","p":-10,"precision":-64,"q":24,"representation":"radical"}
{"certificate":"NotEqual { certificate: BoundedRefinement { min_precision: -64 } }","control":"perturbed","family":"angle","k":14,"op":"acot","outcome":"NotEqual","p":-10,"precision":-64,"q":24,"representation":"radical"}
{"certificate":"Unknown { min_precision: -256 }","control":"identity","family":"angle","k":14,"op":"acot","outcome":"Unknown","p":-10,"precision":-256,"q":24,"representation":"radical"}
{"certificate":"NotEqual { certificate: BoundedRefinement { min_precision: -256 } }","control":"perturbed","family":"angle","k":14,"op":"acot","outcome":"NotEqual","p":-10,"precision":-256,"q":24,"representation":"radical"}
{"certificate":"Unknown { min_precision: -64 }","control":"identity","family":"angle","k":14,"op":"acot","outcome":"Unknown","p":-10,"precision":-64,"q":24,"representation":"huge-period"}
{"certificate":"NotEqual { certificate: BoundedRefinement { min_precision: -64 } }","control":"perturbed","family":"angle","k":14,"op":"acot","outcome":"NotEqual","p":-10,"precision":-64,"q":24,"representation":"huge-period"}
{"certificate":"Unknown { min_precision: -256 }","control":"identity","family":"angle","k":14,"op":"acot","outcome":"Unknown","p":-10,"precision":-256,"q":24,"representation":"huge-period"}
{"certificate":"NotEqual { certificate: BoundedRefinement { min_precision: -256 } }","control":"perturbed","family":"angle","k":14,"op":"acot","outcome":"NotEqual","p":-10,"precision":-256,"q":24,"representation":"huge-period"}
{"certificate":"Unknown { min_precision: -64 }","control":"identity","family":"angle","k":15,"op":"acot","outcome":"Unknown","p":-9,"precision":-64,"q":24,"representation":"stored"}
{"certificate":"NotEqual { certificate: BoundedRefinement { min_precision: -64 } }","control":"perturbed","family":"angle","k":15,"op":"acot","outcome":"NotEqual","p":-9,"precision":-64,"q":24,"representation":"stored"}
{"certificate":"Unknown { min_precision: -256 }","control":"identity","family":"angle","k":15,"op":"acot","outcome":"Unknown","p":-9,"precision":-256,"q":24,"representation":"stored"}
{"certificate":"NotEqual { certificate: BoundedRefinement { min_precision: -256 } }","control":"perturbed","family":"angle","k":15,"op":"acot","outcome":"NotEqual","p":-9,"precision":-256,"q":24,"representation":"stored"}
{"certificate":"Unknown { min_precision: -64 }","control":"identity","family":"angle","k":15,"op":"acot","outcome":"Unknown","p":-9,"precision":-64,"q":24,"representation":"radical"}
{"certificate":"NotEqual { certificate: BoundedRefinement { min_precision: -64 } }","control":"perturbed","family":"angle","k":15,"op":"acot","outcome":"NotEqual","p":-9,"precision":-64,"q":24,"representation":"radical"}
{"certificate":"Unknown { min_precision: -256 }","control":"identity","family":"angle","k":15,"op":"acot","outcome":"Unknown","p":-9,"precision":-256,"q":24,"representation":"radical"}
{"certificate":"NotEqual { certificate: BoundedRefinement { min_precision: -256 } }","control":"perturbed","family":"angle","k":15,"op":"acot","outcome":"NotEqual","p":-9,"precision":-256,"q":24,"representation":"radical"}
{"certificate":"Unknown { min_precision: -64 }","control":"identity","family":"angle","k":15,"op":"acot","outcome":"Unknown","p":-9,"precision":-64,"q":24,"representation":"huge-period"}
{"certificate":"NotEqual { certificate: BoundedRefinement { min_precision: -64 } }","control":"perturbed","family":"angle","k":15,"op":"acot","outcome":"NotEqual","p":-9,"precision":-64,"q":24,"representation":"huge-period"}
{"certificate":"Unknown { min_precision: -256 }","control":"identity","family":"angle","k":15,"op":"acot","outcome":"Unknown","p":-9,"precision":-256,"q":24,"representation":"huge-period"}
{"certificate":"NotEqual { certificate: BoundedRefinement { min_precision: -256 } }","control":"perturbed","family":"angle","k":15,"op":"acot","outcome":"NotEqual","p":-9,"precision":-256,"q":24,"representation":"huge-period"}
{"certificate":"Equal { certificate: StructuralEquality }","control":"identity","family":"angle","k":16,"op":"acot","outcome":"Equal","p":-8,"precision":-64,"q":24,"representation":"stored"}
{"certificate":"NotEqual { certificate: DifferenceStructuralFacts }","control":"perturbed","family":"angle","k":16,"op":"acot","outcome":"NotEqual","p":-8,"precision":-64,"q":24,"representation":"stored"}
{"certificate":"Equal { certificate: StructuralEquality }","control":"identity","family":"angle","k":16,"op":"acot","outcome":"Equal","p":-8,"precision":-256,"q":24,"representation":"stored"}
{"certificate":"NotEqual { certificate: DifferenceStructuralFacts }","control":"perturbed","family":"angle","k":16,"op":"acot","outcome":"NotEqual","p":-8,"precision":-256,"q":24,"representation":"stored"}
{"certificate":"Equal { certificate: StructuralEquality }","control":"identity","family":"angle","k":16,"op":"acot","outcome":"Equal","p":-8,"precision":-64,"q":24,"representation":"radical"}
{"certificate":"NotEqual { certificate: DifferenceStructuralFacts }","control":"perturbed","family":"angle","k":16,"op":"acot","outcome":"NotEqual","p":-8,"precision":-64,"q":24,"representation":"radical"}
{"certificate":"Equal { certificate: StructuralEquality }","control":"identity","family":"angle","k":16,"op":"acot","outcome":"Equal","p":-8,"precision":-256,"q":24,"representation":"radical"}
{"certificate":"NotEqual { certificate: DifferenceStructuralFacts }","control":"perturbed","family":"angle","k":16,"op":"acot","outcome":"NotEqual","p":-8,"precision":-256,"q":24,"representation":"radical"}
{"certificate":"Equal { certificate: StructuralEquality }","control":"identity","family":"angle","k":16,"op":"acot","outcome":"Equal","p":-8,"precision":-64,"q":24,"representation":"huge-period"}
{"certificate":"NotEqual { certificate: DifferenceStructuralFacts }","control":"perturbed","family":"angle","k":16,"op":"acot","outcome":"NotEqual","p":-8,"precision":-64,"q":24,"representation":"huge-period"}
{"certificate":"Equal { certificate: StructuralEquality }","control":"identity","family":"angle","k":16,"op":"acot","outcome":"Equal","p":-8,"precision":-256,"q":24,"representation":"huge-period"}
{"certificate":"NotEqual { certificate: DifferenceStructuralFacts }","control":"perturbed","family":"angle","k":16,"op":"acot","outcome":"NotEqual","p":-8,"precision":-256,"q":24,"representation":"huge-period"}
{"certificate":"Unknown { min_precision: -64 }","control":"identity","family":"angle","k":17,"op":"acot","outcome":"Unknown","p":-7,"precision":-64,"q":24,"representation":"stored"}
{"certificate":"NotEqual { certificate: BoundedRefinement { min_precision: -64 } }","control":"perturbed","family":"angle","k":17,"op":"acot","outcome":"NotEqual","p":-7,"precision":-64,"q":24,"representation":"stored"}
{"certificate":"Unknown { min_precision: -256 }","control":"identity","family":"angle","k":17,"op":"acot","outcome":"Unknown","p":-7,"precision":-256,"q":24,"representation":"stored"}
{"certificate":"NotEqual { certificate: BoundedRefinement { min_precision: -256 } }","control":"perturbed","family":"angle","k":17,"op":"acot","outcome":"NotEqual","p":-7,"precision":-256,"q":24,"representation":"stored"}
{"certificate":"Unknown { min_precision: -64 }","control":"identity","family":"angle","k":17,"op":"acot","outcome":"Unknown","p":-7,"precision":-64,"q":24,"representation":"radical"}
{"certificate":"NotEqual { certificate: BoundedRefinement { min_precision: -64 } }","control":"perturbed","family":"angle","k":17,"op":"acot","outcome":"NotEqual","p":-7,"precision":-64,"q":24,"representation":"radical"}
{"certificate":"Unknown { min_precision: -256 }","control":"identity","family":"angle","k":17,"op":"acot","outcome":"Unknown","p":-7,"precision":-256,"q":24,"representation":"radical"}
{"certificate":"NotEqual { certificate: BoundedRefinement { min_precision: -256 } }","control":"perturbed","family":"angle","k":17,"op":"acot","outcome":"NotEqual","p":-7,"precision":-256,"q":24,"representation":"radical"}
{"certificate":"Unknown { min_precision: -64 }","control":"identity","family":"angle","k":17,"op":"acot","outcome":"Unknown","p":-7,"precision":-64,"q":24,"representation":"huge-period"}
{"certificate":"NotEqual { certificate: BoundedRefinement { min_precision: -64 } }","control":"perturbed","family":"angle","k":17,"op":"acot","outcome":"NotEqual","p":-7,"precision":-64,"q":24,"representation":"huge-period"}
{"certificate":"Unknown { min_precision: -256 }","control":"identity","family":"angle","k":17,"op":"acot","outcome":"Unknown","p":-7,"precision":-256,"q":24,"representation":"huge-period"}
{"certificate":"NotEqual { certificate: BoundedRefinement { min_precision: -256 } }","control":"perturbed","family":"angle","k":17,"op":"acot","outcome":"NotEqual","p":-7,"precision":-256,"q":24,"representation":"huge-period"}
{"certificate":"Equal { certificate: StructuralEquality }","control":"identity","family":"angle","k":18,"op":"acot","outcome":"Equal","p":-6,"precision":-64,"q":24,"representation":"stored"}
{"certificate":"NotEqual { certificate: DifferenceStructuralFacts }","control":"perturbed","family":"angle","k":18,"op":"acot","outcome":"NotEqual","p":-6,"precision":-64,"q":24,"representation":"stored"}
{"certificate":"Equal { certificate: StructuralEquality }","control":"identity","family":"angle","k":18,"op":"acot","outcome":"Equal","p":-6,"precision":-256,"q":24,"representation":"stored"}
{"certificate":"NotEqual { certificate: DifferenceStructuralFacts }","control":"perturbed","family":"angle","k":18,"op":"acot","outcome":"NotEqual","p":-6,"precision":-256,"q":24,"representation":"stored"}
{"certificate":"Equal { certificate: StructuralEquality }","control":"identity","family":"angle","k":18,"op":"acot","outcome":"Equal","p":-6,"precision":-64,"q":24,"representation":"radical"}
{"certificate":"NotEqual { certificate: DifferenceStructuralFacts }","control":"perturbed","family":"angle","k":18,"op":"acot","outcome":"NotEqual","p":-6,"precision":-64,"q":24,"representation":"radical"}
{"certificate":"Equal { certificate: StructuralEquality }","control":"identity","family":"angle","k":18,"op":"acot","outcome":"Equal","p":-6,"precision":-256,"q":24,"representation":"radical"}
{"certificate":"NotEqual { certificate: DifferenceStructuralFacts }","control":"perturbed","family":"angle","k":18,"op":"acot","outcome":"NotEqual","p":-6,"precision":-256,"q":24,"representation":"radical"}
{"certificate":"Equal { certificate: StructuralEquality }","control":"identity","family":"angle","k":18,"op":"acot","outcome":"Equal","p":-6,"precision":-64,"q":24,"representation":"huge-period"}
{"certificate":"NotEqual { certificate: DifferenceStructuralFacts }","control":"perturbed","family":"angle","k":18,"op":"acot","outcome":"NotEqual","p":-6,"precision":-64,"q":24,"representation":"huge-period"}
{"certificate":"Equal { certificate: StructuralEquality }","control":"identity","family":"angle","k":18,"op":"acot","outcome":"Equal","p":-6,"precision":-256,"q":24,"representation":"huge-period"}
{"certificate":"NotEqual { certificate: DifferenceStructuralFacts }","control":"perturbed","family":"angle","k":18,"op":"acot","outcome":"NotEqual","p":-6,"precision":-256,"q":24,"representation":"huge-period"}
{"certificate":"Unknown { min_precision: -64 }","control":"identity","family":"angle","k":19,"op":"acot","outcome":"Unknown","p":-5,"precision":-64,"q":24,"representation":"stored"}
{"certificate":"NotEqual { certificate: BoundedRefinement { min_precision: -64 } }","control":"perturbed","family":"angle","k":19,"op":"acot","outcome":"NotEqual","p":-5,"precision":-64,"q":24,"representation":"stored"}
{"certificate":"Unknown { min_precision: -256 }","control":"identity","family":"angle","k":19,"op":"acot","outcome":"Unknown","p":-5,"precision":-256,"q":24,"representation":"stored"}
{"certificate":"NotEqual { certificate: BoundedRefinement { min_precision: -256 } }","control":"perturbed","family":"angle","k":19,"op":"acot","outcome":"NotEqual","p":-5,"precision":-256,"q":24,"representation":"stored"}
{"certificate":"Unknown { min_precision: -64 }","control":"identity","family":"angle","k":19,"op":"acot","outcome":"Unknown","p":-5,"precision":-64,"q":24,"representation":"radical"}
{"certificate":"NotEqual { certificate: BoundedRefinement { min_precision: -64 } }","control":"perturbed","family":"angle","k":19,"op":"acot","outcome":"NotEqual","p":-5,"precision":-64,"q":24,"representation":"radical"}
{"certificate":"Unknown { min_precision: -256 }","control":"identity","family":"angle","k":19,"op":"acot","outcome":"Unknown","p":-5,"precision":-256,"q":24,"representation":"radical"}
{"certificate":"NotEqual { certificate: BoundedRefinement { min_precision: -256 } }","control":"perturbed","family":"angle","k":19,"op":"acot","outcome":"NotEqual","p":-5,"precision":-256,"q":24,"representation":"radical"}
{"certificate":"Unknown { min_precision: -64 }","control":"identity","family":"angle","k":19,"op":"acot","outcome":"Unknown","p":-5,"precision":-64,"q":24,"representation":"huge-period"}
{"certificate":"NotEqual { certificate: BoundedRefinement { min_precision: -64 } }","control":"perturbed","family":"angle","k":19,"op":"acot","outcome":"NotEqual","p":-5,"precision":-64,"q":24,"representation":"huge-period"}
{"certificate":"Unknown { min_precision: -256 }","control":"identity","family":"angle","k":19,"op":"acot","outcome":"Unknown","p":-5,"precision":-256,"q":24,"representation":"huge-period"}
{"certificate":"NotEqual { certificate: BoundedRefinement { min_precision: -256 } }","control":"perturbed","family":"angle","k":19,"op":"acot","outcome":"NotEqual","p":-5,"precision":-256,"q":24,"representation":"huge-period"}
{"certificate":"Equal { certificate: StructuralEquality }","control":"identity","family":"angle","k":20,"op":"acot","outcome":"Equal","p":-4,"precision":-64,"q":24,"representation":"stored"}
{"certificate":"NotEqual { certificate: DifferenceStructuralFacts }","control":"perturbed","family":"angle","k":20,"op":"acot","outcome":"NotEqual","p":-4,"precision":-64,"q":24,"representation":"stored"}
{"certificate":"Equal { certificate: StructuralEquality }","control":"identity","family":"angle","k":20,"op":"acot","outcome":"Equal","p":-4,"precision":-256,"q":24,"representation":"stored"}
{"certificate":"NotEqual { certificate: DifferenceStructuralFacts }","control":"perturbed","family":"angle","k":20,"op":"acot","outcome":"NotEqual","p":-4,"precision":-256,"q":24,"representation":"stored"}
{"certificate":"Equal { certificate: StructuralEquality }","control":"identity","family":"angle","k":20,"op":"acot","outcome":"Equal","p":-4,"precision":-64,"q":24,"representation":"radical"}
{"certificate":"NotEqual { certificate: DifferenceStructuralFacts }","control":"perturbed","family":"angle","k":20,"op":"acot","outcome":"NotEqual","p":-4,"precision":-64,"q":24,"representation":"radical"}
{"certificate":"Equal { certificate: StructuralEquality }","control":"identity","family":"angle","k":20,"op":"acot","outcome":"Equal","p":-4,"precision":-256,"q":24,"representation":"radical"}
{"certificate":"NotEqual { certificate: DifferenceStructuralFacts }","control":"perturbed","family":"angle","k":20,"op":"acot","outcome":"NotEqual","p":-4,"precision":-256,"q":24,"representation":"radical"}
{"certificate":"Equal { certificate: StructuralEquality }","control":"identity","family":"angle","k":20,"op":"acot","outcome":"Equal","p":-4,"precision":-64,"q":24,"representation":"huge-period"}
{"certificate":"NotEqual { certificate: DifferenceStructuralFacts }","control":"perturbed","family":"angle","k":20,"op":"acot","outcome":"NotEqual","p":-4,"precision":-64,"q":24,"representation":"huge-period"}
{"certificate":"Equal { certificate: StructuralEquality }","control":"identity","family":"angle","k":20,"op":"acot","outcome":"Equal","p":-4,"precision":-256,"q":24,"representation":"huge-period"}
{"certificate":"NotEqual { certificate: DifferenceStructuralFacts }","control":"perturbed","family":"angle","k":20,"op":"acot","outcome":"NotEqual","p":-4,"precision":-256,"q":24,"representation":"huge-period"}
{"certificate":"Unknown { min_precision: -64 }","control":"identity","family":"angle","k":21,"op":"acot","outcome":"Unknown","p":-3,"precision":-64,"q":24,"representation":"stored"}
{"certificate":"NotEqual { certificate: BoundedRefinement { min_precision: -64 } }","control":"perturbed","family":"angle","k":21,"op":"acot","outcome":"NotEqual","p":-3,"precision":-64,"q":24,"representation":"stored"}
{"certificate":"Unknown { min_precision: -256 }","control":"identity","family":"angle","k":21,"op":"acot","outcome":"Unknown","p":-3,"precision":-256,"q":24,"representation":"stored"}
{"certificate":"NotEqual { certificate: BoundedRefinement { min_precision: -256 } }","control":"perturbed","family":"angle","k":21,"op":"acot","outcome":"NotEqual","p":-3,"precision":-256,"q":24,"representation":"stored"}
{"certificate":"Unknown { min_precision: -64 }","control":"identity","family":"angle","k":21,"op":"acot","outcome":"Unknown","p":-3,"precision":-64,"q":24,"representation":"radical"}
{"certificate":"NotEqual { certificate: BoundedRefinement { min_precision: -64 } }","control":"perturbed","family":"angle","k":21,"op":"acot","outcome":"NotEqual","p":-3,"precision":-64,"q":24,"representation":"radical"}
{"certificate":"Unknown { min_precision: -256 }","control":"identity","family":"angle","k":21,"op":"acot","outcome":"Unknown","p":-3,"precision":-256,"q":24,"representation":"radical"}
{"certificate":"NotEqual { certificate: BoundedRefinement { min_precision: -256 } }","control":"perturbed","family":"angle","k":21,"op":"acot","outcome":"NotEqual","p":-3,"precision":-256,"q":24,"representation":"radical"}
{"certificate":"Unknown { min_precision: -64 }","control":"identity","family":"angle","k":21,"op":"acot","outcome":"Unknown","p":-3,"precision":-64,"q":24,"representation":"huge-period"}
{"certificate":"NotEqual { certificate: BoundedRefinement { min_precision: -64 } }","control":"perturbed","family":"angle","k":21,"op":"acot","outcome":"NotEqual","p":-3,"precision":-64,"q":24,"representation":"huge-period"}
{"certificate":"Unknown { min_precision: -256 }","control":"identity","family":"angle","k":21,"op":"acot","outcome":"Unknown","p":-3,"precision":-256,"q":24,"representation":"huge-period"}
{"certificate":"NotEqual { certificate: BoundedRefinement { min_precision: -256 } }","control":"perturbed","family":"angle","k":21,"op":"acot","outcome":"NotEqual","p":-3,"precision":-256,"q":24,"representation":"huge-period"}
{"certificate":"Unknown { min_precision: -64 }","control":"identity","family":"angle","k":22,"op":"acot","outcome":"Unknown","p":-2,"precision":-64,"q":24,"representation":"stored"}
{"certificate":"NotEqual { certificate: BoundedRefinement { min_precision: -64 } }","control":"perturbed","family":"angle","k":22,"op":"acot","outcome":"NotEqual","p":-2,"precision":-64,"q":24,"representation":"stored"}
{"certificate":"Unknown { min_precision: -256 }","control":"identity","family":"angle","k":22,"op":"acot","outcome":"Unknown","p":-2,"precision":-256,"q":24,"representation":"stored"}
{"certificate":"NotEqual { certificate: BoundedRefinement { min_precision: -256 } }","control":"perturbed","family":"angle","k":22,"op":"acot","outcome":"NotEqual","p":-2,"precision":-256,"q":24,"representation":"stored"}
{"certificate":"Unknown { min_precision: -64 }","control":"identity","family":"angle","k":22,"op":"acot","outcome":"Unknown","p":-2,"precision":-64,"q":24,"representation":"radical"}
{"certificate":"NotEqual { certificate: BoundedRefinement { min_precision: -64 } }","control":"perturbed","family":"angle","k":22,"op":"acot","outcome":"NotEqual","p":-2,"precision":-64,"q":24,"representation":"radical"}
{"certificate":"Unknown { min_precision: -256 }","control":"identity","family":"angle","k":22,"op":"acot","outcome":"Unknown","p":-2,"precision":-256,"q":24,"representation":"radical"}
{"certificate":"NotEqual { certificate: BoundedRefinement { min_precision: -256 } }","control":"perturbed","family":"angle","k":22,"op":"acot","outcome":"NotEqual","p":-2,"precision":-256,"q":24,"representation":"radical"}
{"certificate":"Unknown { min_precision: -64 }","control":"identity","family":"angle","k":22,"op":"acot","outcome":"Unknown","p":-2,"precision":-64,"q":24,"representation":"huge-period"}
{"certificate":"NotEqual { certificate: BoundedRefinement { min_precision: -64 } }","control":"perturbed","family":"angle","k":22,"op":"acot","outcome":"NotEqual","p":-2,"precision":-64,"q":24,"representation":"huge-period"}
{"certificate":"Unknown { min_precision: -256 }","control":"identity","family":"angle","k":22,"op":"acot","outcome":"Unknown","p":-2,"precision":-256,"q":24,"representation":"huge-period"}
{"certificate":"NotEqual { certificate: BoundedRefinement { min_precision: -256 } }","control":"perturbed","family":"angle","k":22,"op":"acot","outcome":"NotEqual","p":-2,"precision":-256,"q":24,"representation":"huge-period"}
{"certificate":"Unknown { min_precision: -64 }","control":"identity","family":"angle","k":23,"op":"acot","outcome":"Unknown","p":-1,"precision":-64,"q":24,"representation":"stored"}
{"certificate":"NotEqual { certificate: BoundedRefinement { min_precision: -64 } }","control":"perturbed","family":"angle","k":23,"op":"acot","outcome":"NotEqual","p":-1,"precision":-64,"q":24,"representation":"stored"}
{"certificate":"Unknown { min_precision: -256 }","control":"identity","family":"angle","k":23,"op":"acot","outcome":"Unknown","p":-1,"precision":-256,"q":24,"representation":"stored"}
{"certificate":"NotEqual { certificate: BoundedRefinement { min_precision: -256 } }","control":"perturbed","family":"angle","k":23,"op":"acot","outcome":"NotEqual","p":-1,"precision":-256,"q":24,"representation":"stored"}
{"certificate":"Unknown { min_precision: -64 }","control":"identity","family":"angle","k":23,"op":"acot","outcome":"Unknown","p":-1,"precision":-64,"q":24,"representation":"radical"}
{"certificate":"NotEqual { certificate: BoundedRefinement { min_precision: -64 } }","control":"perturbed","family":"angle","k":23,"op":"acot","outcome":"NotEqual","p":-1,"precision":-64,"q":24,"representation":"radical"}
{"certificate":"Unknown { min_precision: -256 }","control":"identity","family":"angle","k":23,"op":"acot","outcome":"Unknown","p":-1,"precision":-256,"q":24,"representation":"radical"}
{"certificate":"NotEqual { certificate: BoundedRefinement { min_precision: -256 } }","control":"perturbed","family":"angle","k":23,"op":"acot","outcome":"NotEqual","p":-1,"precision":-256,"q":24,"representation":"radical"}
{"certificate":"Unknown { min_precision: -64 }","control":"identity","family":"angle","k":23,"op":"acot","outcome":"Unknown","p":-1,"precision":-64,"q":24,"representation":"huge-period"}
{"certificate":"NotEqual { certificate: BoundedRefinement { min_precision: -64 } }","control":"perturbed","family":"angle","k":23,"op":"acot","outcome":"NotEqual","p":-1,"precision":-64,"q":24,"representation":"huge-period"}
{"certificate":"Unknown { min_precision: -256 }","control":"identity","family":"angle","k":23,"op":"acot","outcome":"Unknown","p":-1,"precision":-256,"q":24,"representation":"huge-period"}
{"certificate":"NotEqual { certificate: BoundedRefinement { min_precision: -256 } }","control":"perturbed","family":"angle","k":23,"op":"acot","outcome":"NotEqual","p":-1,"precision":-256,"q":24,"representation":"huge-period"}
{"control":"identity","family":"angle","k":24,"op":"acot","outcome":"Pole","precision":-64,"representation":"stored"}
{"control":"perturbed","family":"angle","k":24,"op":"acot","outcome":"Pole","precision":-64,"representation":"stored"}
{"control":"identity","family":"angle","k":24,"op":"acot","outcome":"Pole","precision":-256,"representation":"stored"}
{"control":"perturbed","family":"angle","k":24,"op":"acot","outcome":"Pole","precision":-256,"representation":"stored"}
{"control":"identity","family":"angle","k":24,"op":"acot","outcome":"Pole","precision":-64,"representation":"radical"}
{"control":"perturbed","family":"angle","k":24,"op":"acot","outcome":"Pole","precision":-64,"representation":"radical"}
{"control":"identity","family":"angle","k":24,"op":"acot","outcome":"Pole","precision":-256,"representation":"radical"}
{"control":"perturbed","family":"angle","k":24,"op":"acot","outcome":"Pole","precision":-256,"representation":"radical"}
{"control":"identity","family":"angle","k":24,"op":"acot","outcome":"Pole","precision":-64,"representation":"huge-period"}
{"control":"perturbed","family":"angle","k":24,"op":"acot","outcome":"Pole","precision":-64,"representation":"huge-period"}
{"control":"identity","family":"angle","k":24,"op":"acot","outcome":"Pole","precision":-256,"representation":"huge-period"}
{"control":"perturbed","family":"angle","k":24,"op":"acot","outcome":"Pole","precision":-256,"representation":"huge-period"}
{"certificate":"Unknown { min_precision: -64 }","control":"identity","family":"angle","k":25,"op":"acot","outcome":"Unknown","p":1,"precision":-64,"q":24,"representation":"stored"}
{"certificate":"NotEqual { certificate: BoundedRefinement { min_precision: -64 } }","control":"perturbed","family":"angle","k":25,"op":"acot","outcome":"NotEqual","p":1,"precision":-64,"q":24,"representation":"stored"}
{"certificate":"Unknown { min_precision: -256 }","control":"identity","family":"angle","k":25,"op":"acot","outcome":"Unknown","p":1,"precision":-256,"q":24,"representation":"stored"}
{"certificate":"NotEqual { certificate: BoundedRefinement { min_precision: -256 } }","control":"perturbed","family":"angle","k":25,"op":"acot","outcome":"NotEqual","p":1,"precision":-256,"q":24,"representation":"stored"}
{"certificate":"Unknown { min_precision: -64 }","control":"identity","family":"angle","k":25,"op":"acot","outcome":"Unknown","p":1,"precision":-64,"q":24,"representation":"radical"}
{"certificate":"NotEqual { certificate: BoundedRefinement { min_precision: -64 } }","control":"perturbed","family":"angle","k":25,"op":"acot","outcome":"NotEqual","p":1,"precision":-64,"q":24,"representation":"radical"}
{"certificate":"Unknown { min_precision: -256 }","control":"identity","family":"angle","k":25,"op":"acot","outcome":"Unknown","p":1,"precision":-256,"q":24,"representation":"radical"}
{"certificate":"NotEqual { certificate: BoundedRefinement { min_precision: -256 } }","control":"perturbed","family":"angle","k":25,"op":"acot","outcome":"NotEqual","p":1,"precision":-256,"q":24,"representation":"radical"}
{"certificate":"Unknown { min_precision: -64 }","control":"identity","family":"angle","k":25,"op":"acot","outcome":"Unknown","p":1,"precision":-64,"q":24,"representation":"huge-period"}
{"certificate":"NotEqual { certificate: BoundedRefinement { min_precision: -64 } }","control":"perturbed","family":"angle","k":25,"op":"acot","outcome":"NotEqual","p":1,"precision":-64,"q":24,"representation":"huge-period"}
{"certificate":"Unknown { min_precision: -256 }","control":"identity","family":"angle","k":25,"op":"acot","outcome":"Unknown","p":1,"precision":-256,"q":24,"representation":"huge-period"}
{"certificate":"NotEqual { certificate: BoundedRefinement { min_precision: -256 } }","control":"perturbed","family":"angle","k":25,"op":"acot","outcome":"NotEqual","p":1,"precision":-256,"q":24,"representation":"huge-period"}
{"certificate":"Unknown { min_precision: -64 }","control":"identity","family":"angle","k":26,"op":"acot","outcome":"Unknown","p":2,"precision":-64,"q":24,"representation":"stored"}
{"certificate":"NotEqual { certificate: BoundedRefinement { min_precision: -64 } }","control":"perturbed","family":"angle","k":26,"op":"acot","outcome":"NotEqual","p":2,"precision":-64,"q":24,"representation":"stored"}
{"certificate":"Unknown { min_precision: -256 }","control":"identity","family":"angle","k":26,"op":"acot","outcome":"Unknown","p":2,"precision":-256,"q":24,"representation":"stored"}
{"certificate":"NotEqual { certificate: BoundedRefinement { min_precision: -256 } }","control":"perturbed","family":"angle","k":26,"op":"acot","outcome":"NotEqual","p":2,"precision":-256,"q":24,"representation":"stored"}
{"certificate":"Unknown { min_precision: -64 }","control":"identity","family":"angle","k":26,"op":"acot","outcome":"Unknown","p":2,"precision":-64,"q":24,"representation":"radical"}
{"certificate":"NotEqual { certificate: BoundedRefinement { min_precision: -64 } }","control":"perturbed","family":"angle","k":26,"op":"acot","outcome":"NotEqual","p":2,"precision":-64,"q":24,"representation":"radical"}
{"certificate":"Unknown { min_precision: -256 }","control":"identity","family":"angle","k":26,"op":"acot","outcome":"Unknown","p":2,"precision":-256,"q":24,"representation":"radical"}
{"certificate":"NotEqual { certificate: BoundedRefinement { min_precision: -256 } }","control":"perturbed","family":"angle","k":26,"op":"acot","outcome":"NotEqual","p":2,"precision":-256,"q":24,"representation":"radical"}
{"certificate":"Unknown { min_precision: -64 }","control":"identity","family":"angle","k":26,"op":"acot","outcome":"Unknown","p":2,"precision":-64,"q":24,"representation":"huge-period"}
{"certificate":"NotEqual { certificate: BoundedRefinement { min_precision: -64 } }","control":"perturbed","family":"angle","k":26,"op":"acot","outcome":"NotEqual","p":2,"precision":-64,"q":24,"representation":"huge-period"}
{"certificate":"Unknown { min_precision: -256 }","control":"identity","family":"angle","k":26,"op":"acot","outcome":"Unknown","p":2,"precision":-256,"q":24,"representation":"huge-period"}
{"certificate":"NotEqual { certificate: BoundedRefinement { min_precision: -256 } }","control":"perturbed","family":"angle","k":26,"op":"acot","outcome":"NotEqual","p":2,"precision":-256,"q":24,"representation":"huge-period"}
{"certificate":"Unknown { min_precision: -64 }","control":"identity","family":"angle","k":27,"op":"acot","outcome":"Unknown","p":3,"precision":-64,"q":24,"representation":"stored"}
{"certificate":"NotEqual { certificate: BoundedRefinement { min_precision: -64 } }","control":"perturbed","family":"angle","k":27,"op":"acot","outcome":"NotEqual","p":3,"precision":-64,"q":24,"representation":"stored"}
{"certificate":"Unknown { min_precision: -256 }","control":"identity","family":"angle","k":27,"op":"acot","outcome":"Unknown","p":3,"precision":-256,"q":24,"representation":"stored"}
{"certificate":"NotEqual { certificate: BoundedRefinement { min_precision: -256 } }","control":"perturbed","family":"angle","k":27,"op":"acot","outcome":"NotEqual","p":3,"precision":-256,"q":24,"representation":"stored"}
{"certificate":"Unknown { min_precision: -64 }","control":"identity","family":"angle","k":27,"op":"acot","outcome":"Unknown","p":3,"precision":-64,"q":24,"representation":"radical"}
{"certificate":"NotEqual { certificate: BoundedRefinement { min_precision: -64 } }","control":"perturbed","family":"angle","k":27,"op":"acot","outcome":"NotEqual","p":3,"precision":-64,"q":24,"representation":"radical"}
{"certificate":"Unknown { min_precision: -256 }","control":"identity","family":"angle","k":27,"op":"acot","outcome":"Unknown","p":3,"precision":-256,"q":24,"representation":"radical"}
{"certificate":"NotEqual { certificate: BoundedRefinement { min_precision: -256 } }","control":"perturbed","family":"angle","k":27,"op":"acot","outcome":"NotEqual","p":3,"precision":-256,"q":24,"representation":"radical"}
{"certificate":"Unknown { min_precision: -64 }","control":"identity","family":"angle","k":27,"op":"acot","outcome":"Unknown","p":3,"precision":-64,"q":24,"representation":"huge-period"}
{"certificate":"NotEqual { certificate: BoundedRefinement { min_precision: -64 } }","control":"perturbed","family":"angle","k":27,"op":"acot","outcome":"NotEqual","p":3,"precision":-64,"q":24,"representation":"huge-period"}
{"certificate":"Unknown { min_precision: -256 }","control":"identity","family":"angle","k":27,"op":"acot","outcome":"Unknown","p":3,"precision":-256,"q":24,"representation":"huge-period"}
{"certificate":"NotEqual { certificate: BoundedRefinement { min_precision: -256 } }","control":"perturbed","family":"angle","k":27,"op":"acot","outcome":"NotEqual","p":3,"precision":-256,"q":24,"representation":"huge-period"}
{"certificate":"Equal { certificate: StructuralEquality }","control":"identity","family":"angle","k":28,"op":"acot","outcome":"Equal","p":4,"precision":-64,"q":24,"representation":"stored"}
{"certificate":"NotEqual { certificate: DifferenceStructuralFacts }","control":"perturbed","family":"angle","k":28,"op":"acot","outcome":"NotEqual","p":4,"precision":-64,"q":24,"representation":"stored"}
{"certificate":"Equal { certificate: StructuralEquality }","control":"identity","family":"angle","k":28,"op":"acot","outcome":"Equal","p":4,"precision":-256,"q":24,"representation":"stored"}
{"certificate":"NotEqual { certificate: DifferenceStructuralFacts }","control":"perturbed","family":"angle","k":28,"op":"acot","outcome":"NotEqual","p":4,"precision":-256,"q":24,"representation":"stored"}
{"certificate":"Equal { certificate: StructuralEquality }","control":"identity","family":"angle","k":28,"op":"acot","outcome":"Equal","p":4,"precision":-64,"q":24,"representation":"radical"}
{"certificate":"NotEqual { certificate: DifferenceStructuralFacts }","control":"perturbed","family":"angle","k":28,"op":"acot","outcome":"NotEqual","p":4,"precision":-64,"q":24,"representation":"radical"}
{"certificate":"Equal { certificate: StructuralEquality }","control":"identity","family":"angle","k":28,"op":"acot","outcome":"Equal","p":4,"precision":-256,"q":24,"representation":"radical"}
{"certificate":"NotEqual { certificate: DifferenceStructuralFacts }","control":"perturbed","family":"angle","k":28,"op":"acot","outcome":"NotEqual","p":4,"precision":-256,"q":24,"representation":"radical"}
{"certificate":"Equal { certificate: StructuralEquality }","control":"identity","family":"angle","k":28,"op":"acot","outcome":"Equal","p":4,"precision":-64,"q":24,"representation":"huge-period"}
{"certificate":"NotEqual { certificate: DifferenceStructuralFacts }","control":"perturbed","family":"angle","k":28,"op":"acot","outcome":"NotEqual","p":4,"precision":-64,"q":24,"representation":"huge-period"}
{"certificate":"Equal { certificate: StructuralEquality }","control":"identity","family":"angle","k":28,"op":"acot","outcome":"Equal","p":4,"precision":-256,"q":24,"representation":"huge-period"}
{"certificate":"NotEqual { certificate: DifferenceStructuralFacts }","control":"perturbed","family":"angle","k":28,"op":"acot","outcome":"NotEqual","p":4,"precision":-256,"q":24,"representation":"huge-period"}
{"certificate":"Unknown { min_precision: -64 }","control":"identity","family":"angle","k":29,"op":"acot","outcome":"Unknown","p":5,"precision":-64,"q":24,"representation":"stored"}
{"certificate":"NotEqual { certificate: BoundedRefinement { min_precision: -64 } }","control":"perturbed","family":"angle","k":29,"op":"acot","outcome":"NotEqual","p":5,"precision":-64,"q":24,"representation":"stored"}
{"certificate":"Unknown { min_precision: -256 }","control":"identity","family":"angle","k":29,"op":"acot","outcome":"Unknown","p":5,"precision":-256,"q":24,"representation":"stored"}
{"certificate":"NotEqual { certificate: BoundedRefinement { min_precision: -256 } }","control":"perturbed","family":"angle","k":29,"op":"acot","outcome":"NotEqual","p":5,"precision":-256,"q":24,"representation":"stored"}
{"certificate":"Unknown { min_precision: -64 }","control":"identity","family":"angle","k":29,"op":"acot","outcome":"Unknown","p":5,"precision":-64,"q":24,"representation":"radical"}
{"certificate":"NotEqual { certificate: BoundedRefinement { min_precision: -64 } }","control":"perturbed","family":"angle","k":29,"op":"acot","outcome":"NotEqual","p":5,"precision":-64,"q":24,"representation":"radical"}
{"certificate":"Unknown { min_precision: -256 }","control":"identity","family":"angle","k":29,"op":"acot","outcome":"Unknown","p":5,"precision":-256,"q":24,"representation":"radical"}
{"certificate":"NotEqual { certificate: BoundedRefinement { min_precision: -256 } }","control":"perturbed","family":"angle","k":29,"op":"acot","outcome":"NotEqual","p":5,"precision":-256,"q":24,"representation":"radical"}
{"certificate":"Unknown { min_precision: -64 }","control":"identity","family":"angle","k":29,"op":"acot","outcome":"Unknown","p":5,"precision":-64,"q":24,"representation":"huge-period"}
{"certificate":"NotEqual { certificate: BoundedRefinement { min_precision: -64 } }","control":"perturbed","family":"angle","k":29,"op":"acot","outcome":"NotEqual","p":5,"precision":-64,"q":24,"representation":"huge-period"}
{"certificate":"Unknown { min_precision: -256 }","control":"identity","family":"angle","k":29,"op":"acot","outcome":"Unknown","p":5,"precision":-256,"q":24,"representation":"huge-period"}
{"certificate":"NotEqual { certificate: BoundedRefinement { min_precision: -256 } }","control":"perturbed","family":"angle","k":29,"op":"acot","outcome":"NotEqual","p":5,"precision":-256,"q":24,"representation":"huge-period"}
{"certificate":"Equal { certificate: StructuralEquality }","control":"identity","family":"angle","k":30,"op":"acot","outcome":"Equal","p":6,"precision":-64,"q":24,"representation":"stored"}
{"certificate":"NotEqual { certificate: DifferenceStructuralFacts }","control":"perturbed","family":"angle","k":30,"op":"acot","outcome":"NotEqual","p":6,"precision":-64,"q":24,"representation":"stored"}
{"certificate":"Equal { certificate: StructuralEquality }","control":"identity","family":"angle","k":30,"op":"acot","outcome":"Equal","p":6,"precision":-256,"q":24,"representation":"stored"}
{"certificate":"NotEqual { certificate: DifferenceStructuralFacts }","control":"perturbed","family":"angle","k":30,"op":"acot","outcome":"NotEqual","p":6,"precision":-256,"q":24,"representation":"stored"}
{"certificate":"Equal { certificate: StructuralEquality }","control":"identity","family":"angle","k":30,"op":"acot","outcome":"Equal","p":6,"precision":-64,"q":24,"representation":"radical"}
{"certificate":"NotEqual { certificate: DifferenceStructuralFacts }","control":"perturbed","family":"angle","k":30,"op":"acot","outcome":"NotEqual","p":6,"precision":-64,"q":24,"representation":"radical"}
{"certificate":"Equal { certificate: StructuralEquality }","control":"identity","family":"angle","k":30,"op":"acot","outcome":"Equal","p":6,"precision":-256,"q":24,"representation":"radical"}
{"certificate":"NotEqual { certificate: DifferenceStructuralFacts }","control":"perturbed","family":"angle","k":30,"op":"acot","outcome":"NotEqual","p":6,"precision":-256,"q":24,"representation":"radical"}
{"certificate":"Equal { certificate: StructuralEquality }","control":"identity","family":"angle","k":30,"op":"acot","outcome":"Equal","p":6,"precision":-64,"q":24,"representation":"huge-period"}
{"certificate":"NotEqual { certificate: DifferenceStructuralFacts }","control":"perturbed","family":"angle","k":30,"op":"acot","outcome":"NotEqual","p":6,"precision":-64,"q":24,"representation":"huge-period"}
{"certificate":"Equal { certificate: StructuralEquality }","control":"identity","family":"angle","k":30,"op":"acot","outcome":"Equal","p":6,"precision":-256,"q":24,"representation":"huge-period"}
{"certificate":"NotEqual { certificate: DifferenceStructuralFacts }","control":"perturbed","family":"angle","k":30,"op":"acot","outcome":"NotEqual","p":6,"precision":-256,"q":24,"representation":"huge-period"}
{"certificate":"Unknown { min_precision: -64 }","control":"identity","family":"angle","k":31,"op":"acot","outcome":"Unknown","p":7,"precision":-64,"q":24,"representation":"stored"}
{"certificate":"NotEqual { certificate: BoundedRefinement { min_precision: -64 } }","control":"perturbed","family":"angle","k":31,"op":"acot","outcome":"NotEqual","p":7,"precision":-64,"q":24,"representation":"stored"}
{"certificate":"Unknown { min_precision: -256 }","control":"identity","family":"angle","k":31,"op":"acot","outcome":"Unknown","p":7,"precision":-256,"q":24,"representation":"stored"}
{"certificate":"NotEqual { certificate: BoundedRefinement { min_precision: -256 } }","control":"perturbed","family":"angle","k":31,"op":"acot","outcome":"NotEqual","p":7,"precision":-256,"q":24,"representation":"stored"}
{"certificate":"Unknown { min_precision: -64 }","control":"identity","family":"angle","k":31,"op":"acot","outcome":"Unknown","p":7,"precision":-64,"q":24,"representation":"radical"}
{"certificate":"NotEqual { certificate: BoundedRefinement { min_precision: -64 } }","control":"perturbed","family":"angle","k":31,"op":"acot","outcome":"NotEqual","p":7,"precision":-64,"q":24,"representation":"radical"}
{"certificate":"Unknown { min_precision: -256 }","control":"identity","family":"angle","k":31,"op":"acot","outcome":"Unknown","p":7,"precision":-256,"q":24,"representation":"radical"}
{"certificate":"NotEqual { certificate: BoundedRefinement { min_precision: -256 } }","control":"perturbed","family":"angle","k":31,"op":"acot","outcome":"NotEqual","p":7,"precision":-256,"q":24,"representation":"radical"}
{"certificate":"Unknown { min_precision: -64 }","control":"identity","family":"angle","k":31,"op":"acot","outcome":"Unknown","p":7,"precision":-64,"q":24,"representation":"huge-period"}
{"certificate":"NotEqual { certificate: BoundedRefinement { min_precision: -64 } }","control":"perturbed","family":"angle","k":31,"op":"acot","outcome":"NotEqual","p":7,"precision":-64,"q":24,"representation":"huge-period"}
{"certificate":"Unknown { min_precision: -256 }","control":"identity","family":"angle","k":31,"op":"acot","outcome":"Unknown","p":7,"precision":-256,"q":24,"representation":"huge-period"}
{"certificate":"NotEqual { certificate: BoundedRefinement { min_precision: -256 } }","control":"perturbed","family":"angle","k":31,"op":"acot","outcome":"NotEqual","p":7,"precision":-256,"q":24,"representation":"huge-period"}
{"certificate":"Equal { certificate: StructuralEquality }","control":"identity","family":"angle","k":32,"op":"acot","outcome":"Equal","p":8,"precision":-64,"q":24,"representation":"stored"}
{"certificate":"NotEqual { certificate: DifferenceStructuralFacts }","control":"perturbed","family":"angle","k":32,"op":"acot","outcome":"NotEqual","p":8,"precision":-64,"q":24,"representation":"stored"}
{"certificate":"Equal { certificate: StructuralEquality }","control":"identity","family":"angle","k":32,"op":"acot","outcome":"Equal","p":8,"precision":-256,"q":24,"representation":"stored"}
{"certificate":"NotEqual { certificate: DifferenceStructuralFacts }","control":"perturbed","family":"angle","k":32,"op":"acot","outcome":"NotEqual","p":8,"precision":-256,"q":24,"representation":"stored"}
{"certificate":"Equal { certificate: StructuralEquality }","control":"identity","family":"angle","k":32,"op":"acot","outcome":"Equal","p":8,"precision":-64,"q":24,"representation":"radical"}
{"certificate":"NotEqual { certificate: DifferenceStructuralFacts }","control":"perturbed","family":"angle","k":32,"op":"acot","outcome":"NotEqual","p":8,"precision":-64,"q":24,"representation":"radical"}
{"certificate":"Equal { certificate: StructuralEquality }","control":"identity","family":"angle","k":32,"op":"acot","outcome":"Equal","p":8,"precision":-256,"q":24,"representation":"radical"}
{"certificate":"NotEqual { certificate: DifferenceStructuralFacts }","control":"perturbed","family":"angle","k":32,"op":"acot","outcome":"NotEqual","p":8,"precision":-256,"q":24,"representation":"radical"}
{"certificate":"Equal { certificate: StructuralEquality }","control":"identity","family":"angle","k":32,"op":"acot","outcome":"Equal","p":8,"precision":-64,"q":24,"representation":"huge-period"}
{"certificate":"NotEqual { certificate: DifferenceStructuralFacts }","control":"perturbed","family":"angle","k":32,"op":"acot","outcome":"NotEqual","p":8,"precision":-64,"q":24,"representation":"huge-period"}
{"certificate":"Equal { certificate: StructuralEquality }","control":"identity","family":"angle","k":32,"op":"acot","outcome":"Equal","p":8,"precision":-256,"q":24,"representation":"huge-period"}
{"certificate":"NotEqual { certificate: DifferenceStructuralFacts }","control":"perturbed","family":"angle","k":32,"op":"acot","outcome":"NotEqual","p":8,"precision":-256,"q":24,"representation":"huge-period"}
{"certificate":"Unknown { min_precision: -64 }","control":"identity","family":"angle","k":33,"op":"acot","outcome":"Unknown","p":9,"precision":-64,"q":24,"representation":"stored"}
{"certificate":"NotEqual { certificate: BoundedRefinement { min_precision: -64 } }","control":"perturbed","family":"angle","k":33,"op":"acot","outcome":"NotEqual","p":9,"precision":-64,"q":24,"representation":"stored"}
{"certificate":"Unknown { min_precision: -256 }","control":"identity","family":"angle","k":33,"op":"acot","outcome":"Unknown","p":9,"precision":-256,"q":24,"representation":"stored"}
{"certificate":"NotEqual { certificate: BoundedRefinement { min_precision: -256 } }","control":"perturbed","family":"angle","k":33,"op":"acot","outcome":"NotEqual","p":9,"precision":-256,"q":24,"representation":"stored"}
{"certificate":"Unknown { min_precision: -64 }","control":"identity","family":"angle","k":33,"op":"acot","outcome":"Unknown","p":9,"precision":-64,"q":24,"representation":"radical"}
{"certificate":"NotEqual { certificate: BoundedRefinement { min_precision: -64 } }","control":"perturbed","family":"angle","k":33,"op":"acot","outcome":"NotEqual","p":9,"precision":-64,"q":24,"representation":"radical"}
{"certificate":"Unknown { min_precision: -256 }","control":"identity","family":"angle","k":33,"op":"acot","outcome":"Unknown","p":9,"precision":-256,"q":24,"representation":"radical"}
{"certificate":"NotEqual { certificate: BoundedRefinement { min_precision: -256 } }","control":"perturbed","family":"angle","k":33,"op":"acot","outcome":"NotEqual","p":9,"precision":-256,"q":24,"representation":"radical"}
{"certificate":"Unknown { min_precision: -64 }","control":"identity","family":"angle","k":33,"op":"acot","outcome":"Unknown","p":9,"precision":-64,"q":24,"representation":"huge-period"}
{"certificate":"NotEqual { certificate: BoundedRefinement { min_precision: -64 } }","control":"perturbed","family":"angle","k":33,"op":"acot","outcome":"NotEqual","p":9,"precision":-64,"q":24,"representation":"huge-period"}
{"certificate":"Unknown { min_precision: -256 }","control":"identity","family":"angle","k":33,"op":"acot","outcome":"Unknown","p":9,"precision":-256,"q":24,"representation":"huge-period"}
{"certificate":"NotEqual { certificate: BoundedRefinement { min_precision: -256 } }","control":"perturbed","family":"angle","k":33,"op":"acot","outcome":"NotEqual","p":9,"precision":-256,"q":24,"representation":"huge-period"}
{"certificate":"Unknown { min_precision: -64 }","control":"identity","family":"angle","k":34,"op":"acot","outcome":"Unknown","p":10,"precision":-64,"q":24,"representation":"stored"}
{"certificate":"NotEqual { certificate: BoundedRefinement { min_precision: -64 } }","control":"perturbed","family":"angle","k":34,"op":"acot","outcome":"NotEqual","p":10,"precision":-64,"q":24,"representation":"stored"}
{"certificate":"Unknown { min_precision: -256 }","control":"identity","family":"angle","k":34,"op":"acot","outcome":"Unknown","p":10,"precision":-256,"q":24,"representation":"stored"}
{"certificate":"NotEqual { certificate: BoundedRefinement { min_precision: -256 } }","control":"perturbed","family":"angle","k":34,"op":"acot","outcome":"NotEqual","p":10,"precision":-256,"q":24,"representation":"stored"}
{"certificate":"Unknown { min_precision: -64 }","control":"identity","family":"angle","k":34,"op":"acot","outcome":"Unknown","p":10,"precision":-64,"q":24,"representation":"radical"}
{"certificate":"NotEqual { certificate: BoundedRefinement { min_precision: -64 } }","control":"perturbed","family":"angle","k":34,"op":"acot","outcome":"NotEqual","p":10,"precision":-64,"q":24,"representation":"radical"}
{"certificate":"Unknown { min_precision: -256 }","control":"identity","family":"angle","k":34,"op":"acot","outcome":"Unknown","p":10,"precision":-256,"q":24,"representation":"radical"}
{"certificate":"NotEqual { certificate: BoundedRefinement { min_precision: -256 } }","control":"perturbed","family":"angle","k":34,"op":"acot","outcome":"NotEqual","p":10,"precision":-256,"q":24,"representation":"radical"}
{"certificate":"Unknown { min_precision: -64 }","control":"identity","family":"angle","k":34,"op":"acot","outcome":"Unknown","p":10,"precision":-64,"q":24,"representation":"huge-period"}
{"certificate":"NotEqual { certificate: BoundedRefinement { min_precision: -64 } }","control":"perturbed","family":"angle","k":34,"op":"acot","outcome":"NotEqual","p":10,"precision":-64,"q":24,"representation":"huge-period"}
{"certificate":"Unknown { min_precision: -256 }","control":"identity","family":"angle","k":34,"op":"acot","outcome":"Unknown","p":10,"precision":-256,"q":24,"representation":"huge-period"}
{"certificate":"NotEqual { certificate: BoundedRefinement { min_precision: -256 } }","control":"perturbed","family":"angle","k":34,"op":"acot","outcome":"NotEqual","p":10,"precision":-256,"q":24,"representation":"huge-period"}
{"certificate":"Unknown { min_precision: -64 }","control":"identity","family":"angle","k":35,"op":"acot","outcome":"Unknown","p":11,"precision":-64,"q":24,"representation":"stored"}
{"certificate":"NotEqual { certificate: BoundedRefinement { min_precision: -64 } }","control":"perturbed","family":"angle","k":35,"op":"acot","outcome":"NotEqual","p":11,"precision":-64,"q":24,"representation":"stored"}
{"certificate":"Unknown { min_precision: -256 }","control":"identity","family":"angle","k":35,"op":"acot","outcome":"Unknown","p":11,"precision":-256,"q":24,"representation":"stored"}
{"certificate":"NotEqual { certificate: BoundedRefinement { min_precision: -256 } }","control":"perturbed","family":"angle","k":35,"op":"acot","outcome":"NotEqual","p":11,"precision":-256,"q":24,"representation":"stored"}
{"certificate":"Unknown { min_precision: -64 }","control":"identity","family":"angle","k":35,"op":"acot","outcome":"Unknown","p":11,"precision":-64,"q":24,"representation":"radical"}
{"certificate":"NotEqual { certificate: BoundedRefinement { min_precision: -64 } }","control":"perturbed","family":"angle","k":35,"op":"acot","outcome":"NotEqual","p":11,"precision":-64,"q":24,"representation":"radical"}
{"certificate":"Unknown { min_precision: -256 }","control":"identity","family":"angle","k":35,"op":"acot","outcome":"Unknown","p":11,"precision":-256,"q":24,"representation":"radical"}
{"certificate":"NotEqual { certificate: BoundedRefinement { min_precision: -256 } }","control":"perturbed","family":"angle","k":35,"op":"acot","outcome":"NotEqual","p":11,"precision":-256,"q":24,"representation":"radical"}
{"certificate":"Unknown { min_precision: -64 }","control":"identity","family":"angle","k":35,"op":"acot","outcome":"Unknown","p":11,"precision":-64,"q":24,"representation":"huge-period"}
{"certificate":"NotEqual { certificate: BoundedRefinement { min_precision: -64 } }","control":"perturbed","family":"angle","k":35,"op":"acot","outcome":"NotEqual","p":11,"precision":-64,"q":24,"representation":"huge-period"}
{"certificate":"Unknown { min_precision: -256 }","control":"identity","family":"angle","k":35,"op":"acot","outcome":"Unknown","p":11,"precision":-256,"q":24,"representation":"huge-period"}
{"certificate":"NotEqual { certificate: BoundedRefinement { min_precision: -256 } }","control":"perturbed","family":"angle","k":35,"op":"acot","outcome":"NotEqual","p":11,"precision":-256,"q":24,"representation":"huge-period"}
{"certificate":"Equal { certificate: StructuralEquality }","control":"identity","family":"angle","k":36,"op":"acot","outcome":"Equal","p":12,"precision":-64,"q":24,"representation":"stored"}
{"certificate":"NotEqual { certificate: DifferenceStructuralFacts }","control":"perturbed","family":"angle","k":36,"op":"acot","outcome":"NotEqual","p":12,"precision":-64,"q":24,"representation":"stored"}
{"certificate":"Equal { certificate: StructuralEquality }","control":"identity","family":"angle","k":36,"op":"acot","outcome":"Equal","p":12,"precision":-256,"q":24,"representation":"stored"}
{"certificate":"NotEqual { certificate: DifferenceStructuralFacts }","control":"perturbed","family":"angle","k":36,"op":"acot","outcome":"NotEqual","p":12,"precision":-256,"q":24,"representation":"stored"}
{"certificate":"Equal { certificate: StructuralEquality }","control":"identity","family":"angle","k":36,"op":"acot","outcome":"Equal","p":12,"precision":-64,"q":24,"representation":"radical"}
{"certificate":"NotEqual { certificate: DifferenceStructuralFacts }","control":"perturbed","family":"angle","k":36,"op":"acot","outcome":"NotEqual","p":12,"precision":-64,"q":24,"representation":"radical"}
{"certificate":"Equal { certificate: StructuralEquality }","control":"identity","family":"angle","k":36,"op":"acot","outcome":"Equal","p":12,"precision":-256,"q":24,"representation":"radical"}
{"certificate":"NotEqual { certificate: DifferenceStructuralFacts }","control":"perturbed","family":"angle","k":36,"op":"acot","outcome":"NotEqual","p":12,"precision":-256,"q":24,"representation":"radical"}
{"certificate":"Equal { certificate: StructuralEquality }","control":"identity","family":"angle","k":36,"op":"acot","outcome":"Equal","p":12,"precision":-64,"q":24,"representation":"huge-period"}
{"certificate":"NotEqual { certificate: DifferenceStructuralFacts }","control":"perturbed","family":"angle","k":36,"op":"acot","outcome":"NotEqual","p":12,"precision":-64,"q":24,"representation":"huge-period"}
{"certificate":"Equal { certificate: StructuralEquality }","control":"identity","family":"angle","k":36,"op":"acot","outcome":"Equal","p":12,"precision":-256,"q":24,"representation":"huge-period"}
{"certificate":"NotEqual { certificate: DifferenceStructuralFacts }","control":"perturbed","family":"angle","k":36,"op":"acot","outcome":"NotEqual","p":12,"precision":-256,"q":24,"representation":"huge-period"}
{"certificate":"Unknown { min_precision: -64 }","control":"identity","family":"angle","k":37,"op":"acot","outcome":"Unknown","p":-11,"precision":-64,"q":24,"representation":"stored"}
{"certificate":"NotEqual { certificate: BoundedRefinement { min_precision: -64 } }","control":"perturbed","family":"angle","k":37,"op":"acot","outcome":"NotEqual","p":-11,"precision":-64,"q":24,"representation":"stored"}
{"certificate":"Unknown { min_precision: -256 }","control":"identity","family":"angle","k":37,"op":"acot","outcome":"Unknown","p":-11,"precision":-256,"q":24,"representation":"stored"}
{"certificate":"NotEqual { certificate: BoundedRefinement { min_precision: -256 } }","control":"perturbed","family":"angle","k":37,"op":"acot","outcome":"NotEqual","p":-11,"precision":-256,"q":24,"representation":"stored"}
{"certificate":"Unknown { min_precision: -64 }","control":"identity","family":"angle","k":37,"op":"acot","outcome":"Unknown","p":-11,"precision":-64,"q":24,"representation":"radical"}
{"certificate":"NotEqual { certificate: BoundedRefinement { min_precision: -64 } }","control":"perturbed","family":"angle","k":37,"op":"acot","outcome":"NotEqual","p":-11,"precision":-64,"q":24,"representation":"radical"}
{"certificate":"Unknown { min_precision: -256 }","control":"identity","family":"angle","k":37,"op":"acot","outcome":"Unknown","p":-11,"precision":-256,"q":24,"representation":"radical"}
{"certificate":"NotEqual { certificate: BoundedRefinement { min_precision: -256 } }","control":"perturbed","family":"angle","k":37,"op":"acot","outcome":"NotEqual","p":-11,"precision":-256,"q":24,"representation":"radical"}
{"certificate":"Unknown { min_precision: -64 }","control":"identity","family":"angle","k":37,"op":"acot","outcome":"Unknown","p":-11,"precision":-64,"q":24,"representation":"huge-period"}
{"certificate":"NotEqual { certificate: BoundedRefinement { min_precision: -64 } }","control":"perturbed","family":"angle","k":37,"op":"acot","outcome":"NotEqual","p":-11,"precision":-64,"q":24,"representation":"huge-period"}
{"certificate":"Unknown { min_precision: -256 }","control":"identity","family":"angle","k":37,"op":"acot","outcome":"Unknown","p":-11,"precision":-256,"q":24,"representation":"huge-period"}
{"certificate":"NotEqual { certificate: BoundedRefinement { min_precision: -256 } }","control":"perturbed","family":"angle","k":37,"op":"acot","outcome":"NotEqual","p":-11,"precision":-256,"q":24,"representation":"huge-period"}
{"certificate":"Unknown { min_precision: -64 }","control":"identity","family":"angle","k":38,"op":"acot","outcome":"Unknown","p":-10,"precision":-64,"q":24,"representation":"stored"}
{"certificate":"NotEqual { certificate: BoundedRefinement { min_precision: -64 } }","control":"perturbed","family":"angle","k":38,"op":"acot","outcome":"NotEqual","p":-10,"precision":-64,"q":24,"representation":"stored"}
{"certificate":"Unknown { min_precision: -256 }","control":"identity","family":"angle","k":38,"op":"acot","outcome":"Unknown","p":-10,"precision":-256,"q":24,"representation":"stored"}
{"certificate":"NotEqual { certificate: BoundedRefinement { min_precision: -256 } }","control":"perturbed","family":"angle","k":38,"op":"acot","outcome":"NotEqual","p":-10,"precision":-256,"q":24,"representation":"stored"}
{"certificate":"Unknown { min_precision: -64 }","control":"identity","family":"angle","k":38,"op":"acot","outcome":"Unknown","p":-10,"precision":-64,"q":24,"representation":"radical"}
{"certificate":"NotEqual { certificate: BoundedRefinement { min_precision: -64 } }","control":"perturbed","family":"angle","k":38,"op":"acot","outcome":"NotEqual","p":-10,"precision":-64,"q":24,"representation":"radical"}
{"certificate":"Unknown { min_precision: -256 }","control":"identity","family":"angle","k":38,"op":"acot","outcome":"Unknown","p":-10,"precision":-256,"q":24,"representation":"radical"}
{"certificate":"NotEqual { certificate: BoundedRefinement { min_precision: -256 } }","control":"perturbed","family":"angle","k":38,"op":"acot","outcome":"NotEqual","p":-10,"precision":-256,"q":24,"representation":"radical"}
{"certificate":"Unknown { min_precision: -64 }","control":"identity","family":"angle","k":38,"op":"acot","outcome":"Unknown","p":-10,"precision":-64,"q":24,"representation":"huge-period"}
{"certificate":"NotEqual { certificate: BoundedRefinement { min_precision: -64 } }","control":"perturbed","family":"angle","k":38,"op":"acot","outcome":"NotEqual","p":-10,"precision":-64,"q":24,"representation":"huge-period"}
{"certificate":"Unknown { min_precision: -256 }","control":"identity","family":"angle","k":38,"op":"acot","outcome":"Unknown","p":-10,"precision":-256,"q":24,"representation":"huge-period"}
{"certificate":"NotEqual { certificate: BoundedRefinement { min_precision: -256 } }","control":"perturbed","family":"angle","k":38,"op":"acot","outcome":"NotEqual","p":-10,"precision":-256,"q":24,"representation":"huge-period"}
{"certificate":"Unknown { min_precision: -64 }","control":"identity","family":"angle","k":39,"op":"acot","outcome":"Unknown","p":-9,"precision":-64,"q":24,"representation":"stored"}
{"certificate":"NotEqual { certificate: BoundedRefinement { min_precision: -64 } }","control":"perturbed","family":"angle","k":39,"op":"acot","outcome":"NotEqual","p":-9,"precision":-64,"q":24,"representation":"stored"}
{"certificate":"Unknown { min_precision: -256 }","control":"identity","family":"angle","k":39,"op":"acot","outcome":"Unknown","p":-9,"precision":-256,"q":24,"representation":"stored"}
{"certificate":"NotEqual { certificate: BoundedRefinement { min_precision: -256 } }","control":"perturbed","family":"angle","k":39,"op":"acot","outcome":"NotEqual","p":-9,"precision":-256,"q":24,"representation":"stored"}
{"certificate":"Unknown { min_precision: -64 }","control":"identity","family":"angle","k":39,"op":"acot","outcome":"Unknown","p":-9,"precision":-64,"q":24,"representation":"radical"}
{"certificate":"NotEqual { certificate: BoundedRefinement { min_precision: -64 } }","control":"perturbed","family":"angle","k":39,"op":"acot","outcome":"NotEqual","p":-9,"precision":-64,"q":24,"representation":"radical"}
{"certificate":"Unknown { min_precision: -256 }","control":"identity","family":"angle","k":39,"op":"acot","outcome":"Unknown","p":-9,"precision":-256,"q":24,"representation":"radical"}
{"certificate":"NotEqual { certificate: BoundedRefinement { min_precision: -256 } }","control":"perturbed","family":"angle","k":39,"op":"acot","outcome":"NotEqual","p":-9,"precision":-256,"q":24,"representation":"radical"}
{"certificate":"Unknown { min_precision: -64 }","control":"identity","family":"angle","k":39,"op":"acot","outcome":"Unknown","p":-9,"precision":-64,"q":24,"representation":"huge-period"}
{"certificate":"NotEqual { certificate: BoundedRefinement { min_precision: -64 } }","control":"perturbed","family":"angle","k":39,"op":"acot","outcome":"NotEqual","p":-9,"precision":-64,"q":24,"representation":"huge-period"}
{"certificate":"Unknown { min_precision: -256 }","control":"identity","family":"angle","k":39,"op":"acot","outcome":"Unknown","p":-9,"precision":-256,"q":24,"representation":"huge-period"}
{"certificate":"NotEqual { certificate: BoundedRefinement { min_precision: -256 } }","control":"perturbed","family":"angle","k":39,"op":"acot","outcome":"NotEqual","p":-9,"precision":-256,"q":24,"representation":"huge-period"}
{"certificate":"Equal { certificate: StructuralEquality }","control":"identity","family":"angle","k":40,"op":"acot","outcome":"Equal","p":-8,"precision":-64,"q":24,"representation":"stored"}
{"certificate":"NotEqual { certificate: DifferenceStructuralFacts }","control":"perturbed","family":"angle","k":40,"op":"acot","outcome":"NotEqual","p":-8,"precision":-64,"q":24,"representation":"stored"}
{"certificate":"Equal { certificate: StructuralEquality }","control":"identity","family":"angle","k":40,"op":"acot","outcome":"Equal","p":-8,"precision":-256,"q":24,"representation":"stored"}
{"certificate":"NotEqual { certificate: DifferenceStructuralFacts }","control":"perturbed","family":"angle","k":40,"op":"acot","outcome":"NotEqual","p":-8,"precision":-256,"q":24,"representation":"stored"}
{"certificate":"Equal { certificate: StructuralEquality }","control":"identity","family":"angle","k":40,"op":"acot","outcome":"Equal","p":-8,"precision":-64,"q":24,"representation":"radical"}
{"certificate":"NotEqual { certificate: DifferenceStructuralFacts }","control":"perturbed","family":"angle","k":40,"op":"acot","outcome":"NotEqual","p":-8,"precision":-64,"q":24,"representation":"radical"}
{"certificate":"Equal { certificate: StructuralEquality }","control":"identity","family":"angle","k":40,"op":"acot","outcome":"Equal","p":-8,"precision":-256,"q":24,"representation":"radical"}
{"certificate":"NotEqual { certificate: DifferenceStructuralFacts }","control":"perturbed","family":"angle","k":40,"op":"acot","outcome":"NotEqual","p":-8,"precision":-256,"q":24,"representation":"radical"}
{"certificate":"Equal { certificate: StructuralEquality }","control":"identity","family":"angle","k":40,"op":"acot","outcome":"Equal","p":-8,"precision":-64,"q":24,"representation":"huge-period"}
{"certificate":"NotEqual { certificate: DifferenceStructuralFacts }","control":"perturbed","family":"angle","k":40,"op":"acot","outcome":"NotEqual","p":-8,"precision":-64,"q":24,"representation":"huge-period"}
{"certificate":"Equal { certificate: StructuralEquality }","control":"identity","family":"angle","k":40,"op":"acot","outcome":"Equal","p":-8,"precision":-256,"q":24,"representation":"huge-period"}
{"certificate":"NotEqual { certificate: DifferenceStructuralFacts }","control":"perturbed","family":"angle","k":40,"op":"acot","outcome":"NotEqual","p":-8,"precision":-256,"q":24,"representation":"huge-period"}
{"certificate":"Unknown { min_precision: -64 }","control":"identity","family":"angle","k":41,"op":"acot","outcome":"Unknown","p":-7,"precision":-64,"q":24,"representation":"stored"}
{"certificate":"NotEqual { certificate: BoundedRefinement { min_precision: -64 } }","control":"perturbed","family":"angle","k":41,"op":"acot","outcome":"NotEqual","p":-7,"precision":-64,"q":24,"representation":"stored"}
{"certificate":"Unknown { min_precision: -256 }","control":"identity","family":"angle","k":41,"op":"acot","outcome":"Unknown","p":-7,"precision":-256,"q":24,"representation":"stored"}
{"certificate":"NotEqual { certificate: BoundedRefinement { min_precision: -256 } }","control":"perturbed","family":"angle","k":41,"op":"acot","outcome":"NotEqual","p":-7,"precision":-256,"q":24,"representation":"stored"}
{"certificate":"Unknown { min_precision: -64 }","control":"identity","family":"angle","k":41,"op":"acot","outcome":"Unknown","p":-7,"precision":-64,"q":24,"representation":"radical"}
{"certificate":"NotEqual { certificate: BoundedRefinement { min_precision: -64 } }","control":"perturbed","family":"angle","k":41,"op":"acot","outcome":"NotEqual","p":-7,"precision":-64,"q":24,"representation":"radical"}
{"certificate":"Unknown { min_precision: -256 }","control":"identity","family":"angle","k":41,"op":"acot","outcome":"Unknown","p":-7,"precision":-256,"q":24,"representation":"radical"}
{"certificate":"NotEqual { certificate: BoundedRefinement { min_precision: -256 } }","control":"perturbed","family":"angle","k":41,"op":"acot","outcome":"NotEqual","p":-7,"precision":-256,"q":24,"representation":"radical"}
{"certificate":"Unknown { min_precision: -64 }","control":"identity","family":"angle","k":41,"op":"acot","outcome":"Unknown","p":-7,"precision":-64,"q":24,"representation":"huge-period"}
{"certificate":"NotEqual { certificate: BoundedRefinement { min_precision: -64 } }","control":"perturbed","family":"angle","k":41,"op":"acot","outcome":"NotEqual","p":-7,"precision":-64,"q":24,"representation":"huge-period"}
{"certificate":"Unknown { min_precision: -256 }","control":"identity","family":"angle","k":41,"op":"acot","outcome":"Unknown","p":-7,"precision":-256,"q":24,"representation":"huge-period"}
{"certificate":"NotEqual { certificate: BoundedRefinement { min_precision: -256 } }","control":"perturbed","family":"angle","k":41,"op":"acot","outcome":"NotEqual","p":-7,"precision":-256,"q":24,"representation":"huge-period"}
{"certificate":"Equal { certificate: StructuralEquality }","control":"identity","family":"angle","k":42,"op":"acot","outcome":"Equal","p":-6,"precision":-64,"q":24,"representation":"stored"}
{"certificate":"NotEqual { certificate: DifferenceStructuralFacts }","control":"perturbed","family":"angle","k":42,"op":"acot","outcome":"NotEqual","p":-6,"precision":-64,"q":24,"representation":"stored"}
{"certificate":"Equal { certificate: StructuralEquality }","control":"identity","family":"angle","k":42,"op":"acot","outcome":"Equal","p":-6,"precision":-256,"q":24,"representation":"stored"}
{"certificate":"NotEqual { certificate: DifferenceStructuralFacts }","control":"perturbed","family":"angle","k":42,"op":"acot","outcome":"NotEqual","p":-6,"precision":-256,"q":24,"representation":"stored"}
{"certificate":"Equal { certificate: StructuralEquality }","control":"identity","family":"angle","k":42,"op":"acot","outcome":"Equal","p":-6,"precision":-64,"q":24,"representation":"radical"}
{"certificate":"NotEqual { certificate: DifferenceStructuralFacts }","control":"perturbed","family":"angle","k":42,"op":"acot","outcome":"NotEqual","p":-6,"precision":-64,"q":24,"representation":"radical"}
{"certificate":"Equal { certificate: StructuralEquality }","control":"identity","family":"angle","k":42,"op":"acot","outcome":"Equal","p":-6,"precision":-256,"q":24,"representation":"radical"}
{"certificate":"NotEqual { certificate: DifferenceStructuralFacts }","control":"perturbed","family":"angle","k":42,"op":"acot","outcome":"NotEqual","p":-6,"precision":-256,"q":24,"representation":"radical"}
{"certificate":"Equal { certificate: StructuralEquality }","control":"identity","family":"angle","k":42,"op":"acot","outcome":"Equal","p":-6,"precision":-64,"q":24,"representation":"huge-period"}
{"certificate":"NotEqual { certificate: DifferenceStructuralFacts }","control":"perturbed","family":"angle","k":42,"op":"acot","outcome":"NotEqual","p":-6,"precision":-64,"q":24,"representation":"huge-period"}
{"certificate":"Equal { certificate: StructuralEquality }","control":"identity","family":"angle","k":42,"op":"acot","outcome":"Equal","p":-6,"precision":-256,"q":24,"representation":"huge-period"}
{"certificate":"NotEqual { certificate: DifferenceStructuralFacts }","control":"perturbed","family":"angle","k":42,"op":"acot","outcome":"NotEqual","p":-6,"precision":-256,"q":24,"representation":"huge-period"}
{"certificate":"Unknown { min_precision: -64 }","control":"identity","family":"angle","k":43,"op":"acot","outcome":"Unknown","p":-5,"precision":-64,"q":24,"representation":"stored"}
{"certificate":"NotEqual { certificate: BoundedRefinement { min_precision: -64 } }","control":"perturbed","family":"angle","k":43,"op":"acot","outcome":"NotEqual","p":-5,"precision":-64,"q":24,"representation":"stored"}
{"certificate":"Unknown { min_precision: -256 }","control":"identity","family":"angle","k":43,"op":"acot","outcome":"Unknown","p":-5,"precision":-256,"q":24,"representation":"stored"}
{"certificate":"NotEqual { certificate: BoundedRefinement { min_precision: -256 } }","control":"perturbed","family":"angle","k":43,"op":"acot","outcome":"NotEqual","p":-5,"precision":-256,"q":24,"representation":"stored"}
{"certificate":"Unknown { min_precision: -64 }","control":"identity","family":"angle","k":43,"op":"acot","outcome":"Unknown","p":-5,"precision":-64,"q":24,"representation":"radical"}
{"certificate":"NotEqual { certificate: BoundedRefinement { min_precision: -64 } }","control":"perturbed","family":"angle","k":43,"op":"acot","outcome":"NotEqual","p":-5,"precision":-64,"q":24,"representation":"radical"}
{"certificate":"Unknown { min_precision: -256 }","control":"identity","family":"angle","k":43,"op":"acot","outcome":"Unknown","p":-5,"precision":-256,"q":24,"representation":"radical"}
{"certificate":"NotEqual { certificate: BoundedRefinement { min_precision: -256 } }","control":"perturbed","family":"angle","k":43,"op":"acot","outcome":"NotEqual","p":-5,"precision":-256,"q":24,"representation":"radical"}
{"certificate":"Unknown { min_precision: -64 }","control":"identity","family":"angle","k":43,"op":"acot","outcome":"Unknown","p":-5,"precision":-64,"q":24,"representation":"huge-period"}
{"certificate":"NotEqual { certificate: BoundedRefinement { min_precision: -64 } }","control":"perturbed","family":"angle","k":43,"op":"acot","outcome":"NotEqual","p":-5,"precision":-64,"q":24,"representation":"huge-period"}
{"certificate":"Unknown { min_precision: -256 }","control":"identity","family":"angle","k":43,"op":"acot","outcome":"Unknown","p":-5,"precision":-256,"q":24,"representation":"huge-period"}
{"certificate":"NotEqual { certificate: BoundedRefinement { min_precision: -256 } }","control":"perturbed","family":"angle","k":43,"op":"acot","outcome":"NotEqual","p":-5,"precision":-256,"q":24,"representation":"huge-period"}
{"certificate":"Equal { certificate: StructuralEquality }","control":"identity","family":"angle","k":44,"op":"acot","outcome":"Equal","p":-4,"precision":-64,"q":24,"representation":"stored"}
{"certificate":"NotEqual { certificate: DifferenceStructuralFacts }","control":"perturbed","family":"angle","k":44,"op":"acot","outcome":"NotEqual","p":-4,"precision":-64,"q":24,"representation":"stored"}
{"certificate":"Equal { certificate: StructuralEquality }","control":"identity","family":"angle","k":44,"op":"acot","outcome":"Equal","p":-4,"precision":-256,"q":24,"representation":"stored"}
{"certificate":"NotEqual { certificate: DifferenceStructuralFacts }","control":"perturbed","family":"angle","k":44,"op":"acot","outcome":"NotEqual","p":-4,"precision":-256,"q":24,"representation":"stored"}
{"certificate":"Equal { certificate: StructuralEquality }","control":"identity","family":"angle","k":44,"op":"acot","outcome":"Equal","p":-4,"precision":-64,"q":24,"representation":"radical"}
{"certificate":"NotEqual { certificate: DifferenceStructuralFacts }","control":"perturbed","family":"angle","k":44,"op":"acot","outcome":"NotEqual","p":-4,"precision":-64,"q":24,"representation":"radical"}
{"certificate":"Equal { certificate: StructuralEquality }","control":"identity","family":"angle","k":44,"op":"acot","outcome":"Equal","p":-4,"precision":-256,"q":24,"representation":"radical"}
{"certificate":"NotEqual { certificate: DifferenceStructuralFacts }","control":"perturbed","family":"angle","k":44,"op":"acot","outcome":"NotEqual","p":-4,"precision":-256,"q":24,"representation":"radical"}
{"certificate":"Equal { certificate: StructuralEquality }","control":"identity","family":"angle","k":44,"op":"acot","outcome":"Equal","p":-4,"precision":-64,"q":24,"representation":"huge-period"}
{"certificate":"NotEqual { certificate: DifferenceStructuralFacts }","control":"perturbed","family":"angle","k":44,"op":"acot","outcome":"NotEqual","p":-4,"precision":-64,"q":24,"representation":"huge-period"}
{"certificate":"Equal { certificate: StructuralEquality }","control":"identity","family":"angle","k":44,"op":"acot","outcome":"Equal","p":-4,"precision":-256,"q":24,"representation":"huge-period"}
{"certificate":"NotEqual { certificate: DifferenceStructuralFacts }","control":"perturbed","family":"angle","k":44,"op":"acot","outcome":"NotEqual","p":-4,"precision":-256,"q":24,"representation":"huge-period"}
{"certificate":"Unknown { min_precision: -64 }","control":"identity","family":"angle","k":45,"op":"acot","outcome":"Unknown","p":-3,"precision":-64,"q":24,"representation":"stored"}
{"certificate":"NotEqual { certificate: BoundedRefinement { min_precision: -64 } }","control":"perturbed","family":"angle","k":45,"op":"acot","outcome":"NotEqual","p":-3,"precision":-64,"q":24,"representation":"stored"}
{"certificate":"Unknown { min_precision: -256 }","control":"identity","family":"angle","k":45,"op":"acot","outcome":"Unknown","p":-3,"precision":-256,"q":24,"representation":"stored"}
{"certificate":"NotEqual { certificate: BoundedRefinement { min_precision: -256 } }","control":"perturbed","family":"angle","k":45,"op":"acot","outcome":"NotEqual","p":-3,"precision":-256,"q":24,"representation":"stored"}
{"certificate":"Unknown { min_precision: -64 }","control":"identity","family":"angle","k":45,"op":"acot","outcome":"Unknown","p":-3,"precision":-64,"q":24,"representation":"radical"}
{"certificate":"NotEqual { certificate: BoundedRefinement { min_precision: -64 } }","control":"perturbed","family":"angle","k":45,"op":"acot","outcome":"NotEqual","p":-3,"precision":-64,"q":24,"representation":"radical"}
{"certificate":"Unknown { min_precision: -256 }","control":"identity","family":"angle","k":45,"op":"acot","outcome":"Unknown","p":-3,"precision":-256,"q":24,"representation":"radical"}
{"certificate":"NotEqual { certificate: BoundedRefinement { min_precision: -256 } }","control":"perturbed","family":"angle","k":45,"op":"acot","outcome":"NotEqual","p":-3,"precision":-256,"q":24,"representation":"radical"}
{"certificate":"Unknown { min_precision: -64 }","control":"identity","family":"angle","k":45,"op":"acot","outcome":"Unknown","p":-3,"precision":-64,"q":24,"representation":"huge-period"}
{"certificate":"NotEqual { certificate: BoundedRefinement { min_precision: -64 } }","control":"perturbed","family":"angle","k":45,"op":"acot","outcome":"NotEqual","p":-3,"precision":-64,"q":24,"representation":"huge-period"}
{"certificate":"Unknown { min_precision: -256 }","control":"identity","family":"angle","k":45,"op":"acot","outcome":"Unknown","p":-3,"precision":-256,"q":24,"representation":"huge-period"}
{"certificate":"NotEqual { certificate: BoundedRefinement { min_precision: -256 } }","control":"perturbed","family":"angle","k":45,"op":"acot","outcome":"NotEqual","p":-3,"precision":-256,"q":24,"representation":"huge-period"}
{"certificate":"Unknown { min_precision: -64 }","control":"identity","family":"angle","k":46,"op":"acot","outcome":"Unknown","p":-2,"precision":-64,"q":24,"representation":"stored"}
{"certificate":"NotEqual { certificate: BoundedRefinement { min_precision: -64 } }","control":"perturbed","family":"angle","k":46,"op":"acot","outcome":"NotEqual","p":-2,"precision":-64,"q":24,"representation":"stored"}
{"certificate":"Unknown { min_precision: -256 }","control":"identity","family":"angle","k":46,"op":"acot","outcome":"Unknown","p":-2,"precision":-256,"q":24,"representation":"stored"}
{"certificate":"NotEqual { certificate: BoundedRefinement { min_precision: -256 } }","control":"perturbed","family":"angle","k":46,"op":"acot","outcome":"NotEqual","p":-2,"precision":-256,"q":24,"representation":"stored"}
{"certificate":"Unknown { min_precision: -64 }","control":"identity","family":"angle","k":46,"op":"acot","outcome":"Unknown","p":-2,"precision":-64,"q":24,"representation":"radical"}
{"certificate":"NotEqual { certificate: BoundedRefinement { min_precision: -64 } }","control":"perturbed","family":"angle","k":46,"op":"acot","outcome":"NotEqual","p":-2,"precision":-64,"q":24,"representation":"radical"}
{"certificate":"Unknown { min_precision: -256 }","control":"identity","family":"angle","k":46,"op":"acot","outcome":"Unknown","p":-2,"precision":-256,"q":24,"representation":"radical"}
{"certificate":"NotEqual { certificate: BoundedRefinement { min_precision: -256 } }","control":"perturbed","family":"angle","k":46,"op":"acot","outcome":"NotEqual","p":-2,"precision":-256,"q":24,"representation":"radical"}
{"certificate":"Unknown { min_precision: -64 }","control":"identity","family":"angle","k":46,"op":"acot","outcome":"Unknown","p":-2,"precision":-64,"q":24,"representation":"huge-period"}
{"certificate":"NotEqual { certificate: BoundedRefinement { min_precision: -64 } }","control":"perturbed","family":"angle","k":46,"op":"acot","outcome":"NotEqual","p":-2,"precision":-64,"q":24,"representation":"huge-period"}
{"certificate":"Unknown { min_precision: -256 }","control":"identity","family":"angle","k":46,"op":"acot","outcome":"Unknown","p":-2,"precision":-256,"q":24,"representation":"huge-period"}
{"certificate":"NotEqual { certificate: BoundedRefinement { min_precision: -256 } }","control":"perturbed","family":"angle","k":46,"op":"acot","outcome":"NotEqual","p":-2,"precision":-256,"q":24,"representation":"huge-period"}
{"certificate":"Unknown { min_precision: -64 }","control":"identity","family":"angle","k":47,"op":"acot","outcome":"Unknown","p":-1,"precision":-64,"q":24,"representation":"stored"}
{"certificate":"NotEqual { certificate: BoundedRefinement { min_precision: -64 } }","control":"perturbed","family":"angle","k":47,"op":"acot","outcome":"NotEqual","p":-1,"precision":-64,"q":24,"representation":"stored"}
{"certificate":"Unknown { min_precision: -256 }","control":"identity","family":"angle","k":47,"op":"acot","outcome":"Unknown","p":-1,"precision":-256,"q":24,"representation":"stored"}
{"certificate":"NotEqual { certificate: BoundedRefinement { min_precision: -256 } }","control":"perturbed","family":"angle","k":47,"op":"acot","outcome":"NotEqual","p":-1,"precision":-256,"q":24,"representation":"stored"}
{"certificate":"Unknown { min_precision: -64 }","control":"identity","family":"angle","k":47,"op":"acot","outcome":"Unknown","p":-1,"precision":-64,"q":24,"representation":"radical"}
{"certificate":"NotEqual { certificate: BoundedRefinement { min_precision: -64 } }","control":"perturbed","family":"angle","k":47,"op":"acot","outcome":"NotEqual","p":-1,"precision":-64,"q":24,"representation":"radical"}
{"certificate":"Unknown { min_precision: -256 }","control":"identity","family":"angle","k":47,"op":"acot","outcome":"Unknown","p":-1,"precision":-256,"q":24,"representation":"radical"}
{"certificate":"NotEqual { certificate: BoundedRefinement { min_precision: -256 } }","control":"perturbed","family":"angle","k":47,"op":"acot","outcome":"NotEqual","p":-1,"precision":-256,"q":24,"representation":"radical"}
{"certificate":"Unknown { min_precision: -64 }","control":"identity","family":"angle","k":47,"op":"acot","outcome":"Unknown","p":-1,"precision":-64,"q":24,"representation":"huge-period"}
{"certificate":"NotEqual { certificate: BoundedRefinement { min_precision: -64 } }","control":"perturbed","family":"angle","k":47,"op":"acot","outcome":"NotEqual","p":-1,"precision":-64,"q":24,"representation":"huge-period"}
{"certificate":"Unknown { min_precision: -256 }","control":"identity","family":"angle","k":47,"op":"acot","outcome":"Unknown","p":-1,"precision":-256,"q":24,"representation":"huge-period"}
{"certificate":"NotEqual { certificate: BoundedRefinement { min_precision: -256 } }","control":"perturbed","family":"angle","k":47,"op":"acot","outcome":"NotEqual","p":-1,"precision":-256,"q":24,"representation":"huge-period"}
{"certificate":"Unknown { min_precision: -64 }","control":"identity","family":"golden","op":"asin","outcome":"Unknown","p":1,"precision":-64,"q":10,"which":0}
{"certificate":"NotEqual { certificate: BoundedRefinement { min_precision: -64 } }","control":"perturbed","family":"golden","op":"asin","outcome":"NotEqual","p":1,"precision":-64,"q":10,"which":0}
{"certificate":"Unknown { min_precision: -256 }","control":"identity","family":"golden","op":"asin","outcome":"Unknown","p":1,"precision":-256,"q":10,"which":0}
{"certificate":"NotEqual { certificate: BoundedRefinement { min_precision: -256 } }","control":"perturbed","family":"golden","op":"asin","outcome":"NotEqual","p":1,"precision":-256,"q":10,"which":0}
{"certificate":"Unknown { min_precision: -64 }","control":"identity","family":"golden","op":"acos","outcome":"Unknown","p":4,"precision":-64,"q":10,"which":0}
{"certificate":"NotEqual { certificate: BoundedRefinement { min_precision: -64 } }","control":"perturbed","family":"golden","op":"acos","outcome":"NotEqual","p":4,"precision":-64,"q":10,"which":0}
{"certificate":"Unknown { min_precision: -256 }","control":"identity","family":"golden","op":"acos","outcome":"Unknown","p":4,"precision":-256,"q":10,"which":0}
{"certificate":"NotEqual { certificate: BoundedRefinement { min_precision: -256 } }","control":"perturbed","family":"golden","op":"acos","outcome":"NotEqual","p":4,"precision":-256,"q":10,"which":0}
{"certificate":"Unknown { min_precision: -64 }","control":"identity","family":"golden","op":"asin","outcome":"Unknown","p":3,"precision":-64,"q":10,"which":1}
{"certificate":"NotEqual { certificate: BoundedRefinement { min_precision: -64 } }","control":"perturbed","family":"golden","op":"asin","outcome":"NotEqual","p":3,"precision":-64,"q":10,"which":1}
{"certificate":"Unknown { min_precision: -256 }","control":"identity","family":"golden","op":"asin","outcome":"Unknown","p":3,"precision":-256,"q":10,"which":1}
{"certificate":"NotEqual { certificate: BoundedRefinement { min_precision: -256 } }","control":"perturbed","family":"golden","op":"asin","outcome":"NotEqual","p":3,"precision":-256,"q":10,"which":1}
{"certificate":"Unknown { min_precision: -64 }","control":"identity","family":"golden","op":"acos","outcome":"Unknown","p":2,"precision":-64,"q":10,"which":1}
{"certificate":"NotEqual { certificate: BoundedRefinement { min_precision: -64 } }","control":"perturbed","family":"golden","op":"acos","outcome":"NotEqual","p":2,"precision":-64,"q":10,"which":1}
{"certificate":"Unknown { min_precision: -256 }","control":"identity","family":"golden","op":"acos","outcome":"Unknown","p":2,"precision":-256,"q":10,"which":1}
{"certificate":"NotEqual { certificate: BoundedRefinement { min_precision: -256 } }","control":"perturbed","family":"golden","op":"acos","outcome":"NotEqual","p":2,"precision":-256,"q":10,"which":1}
{"certificate":"Unknown { min_precision: -64 }","control":"identity","family":"golden","op":"asin","outcome":"Unknown","p":-1,"precision":-64,"q":10,"which":2}
{"certificate":"NotEqual { certificate: BoundedRefinement { min_precision: -64 } }","control":"perturbed","family":"golden","op":"asin","outcome":"NotEqual","p":-1,"precision":-64,"q":10,"which":2}
{"certificate":"Unknown { min_precision: -256 }","control":"identity","family":"golden","op":"asin","outcome":"Unknown","p":-1,"precision":-256,"q":10,"which":2}
{"certificate":"NotEqual { certificate: BoundedRefinement { min_precision: -256 } }","control":"perturbed","family":"golden","op":"asin","outcome":"NotEqual","p":-1,"precision":-256,"q":10,"which":2}
{"certificate":"Unknown { min_precision: -64 }","control":"identity","family":"golden","op":"acos","outcome":"Unknown","p":6,"precision":-64,"q":10,"which":2}
{"certificate":"NotEqual { certificate: BoundedRefinement { min_precision: -64 } }","control":"perturbed","family":"golden","op":"acos","outcome":"NotEqual","p":6,"precision":-64,"q":10,"which":2}
{"certificate":"Unknown { min_precision: -256 }","control":"identity","family":"golden","op":"acos","outcome":"Unknown","p":6,"precision":-256,"q":10,"which":2}
{"certificate":"NotEqual { certificate: BoundedRefinement { min_precision: -256 } }","control":"perturbed","family":"golden","op":"acos","outcome":"NotEqual","p":6,"precision":-256,"q":10,"which":2}
{"certificate":"Unknown { min_precision: -64 }","control":"identity","family":"golden","op":"asin","outcome":"Unknown","p":-3,"precision":-64,"q":10,"which":3}
{"certificate":"NotEqual { certificate: BoundedRefinement { min_precision: -64 } }","control":"perturbed","family":"golden","op":"asin","outcome":"NotEqual","p":-3,"precision":-64,"q":10,"which":3}
{"certificate":"Unknown { min_precision: -256 }","control":"identity","family":"golden","op":"asin","outcome":"Unknown","p":-3,"precision":-256,"q":10,"which":3}
{"certificate":"NotEqual { certificate: BoundedRefinement { min_precision: -256 } }","control":"perturbed","family":"golden","op":"asin","outcome":"NotEqual","p":-3,"precision":-256,"q":10,"which":3}
{"certificate":"Unknown { min_precision: -64 }","control":"identity","family":"golden","op":"acos","outcome":"Unknown","p":8,"precision":-64,"q":10,"which":3}
{"certificate":"NotEqual { certificate: BoundedRefinement { min_precision: -64 } }","control":"perturbed","family":"golden","op":"acos","outcome":"NotEqual","p":8,"precision":-64,"q":10,"which":3}
{"certificate":"Unknown { min_precision: -256 }","control":"identity","family":"golden","op":"acos","outcome":"Unknown","p":8,"precision":-256,"q":10,"which":3}
{"certificate":"NotEqual { certificate: BoundedRefinement { min_precision: -256 } }","control":"perturbed","family":"golden","op":"acos","outcome":"NotEqual","p":8,"precision":-256,"q":10,"which":3}
{"certificate":"Equal { certificate: StructuralEquality }","control":"identity","family":"cubic","op":"asin","outcome":"Equal","p":3,"precision":-64,"q":14,"which":0}
{"certificate":"NotEqual { certificate: DifferenceStructuralFacts }","control":"perturbed","family":"cubic","op":"asin","outcome":"NotEqual","p":3,"precision":-64,"q":14,"which":0}
{"certificate":"Equal { certificate: StructuralEquality }","control":"identity","family":"cubic","op":"asin","outcome":"Equal","p":3,"precision":-256,"q":14,"which":0}
{"certificate":"NotEqual { certificate: DifferenceStructuralFacts }","control":"perturbed","family":"cubic","op":"asin","outcome":"NotEqual","p":3,"precision":-256,"q":14,"which":0}
{"certificate":"Equal { certificate: StructuralEquality }","control":"identity","family":"cubic","op":"acos","outcome":"Equal","p":4,"precision":-64,"q":14,"which":0}
{"certificate":"NotEqual { certificate: DifferenceStructuralFacts }","control":"perturbed","family":"cubic","op":"acos","outcome":"NotEqual","p":4,"precision":-64,"q":14,"which":0}
{"certificate":"Equal { certificate: StructuralEquality }","control":"identity","family":"cubic","op":"acos","outcome":"Equal","p":4,"precision":-256,"q":14,"which":0}
{"certificate":"NotEqual { certificate: DifferenceStructuralFacts }","control":"perturbed","family":"cubic","op":"acos","outcome":"NotEqual","p":4,"precision":-256,"q":14,"which":0}
{"certificate":"Equal { certificate: StructuralEquality }","control":"identity","family":"cubic","op":"asin","outcome":"Equal","p":-1,"precision":-64,"q":14,"which":1}
{"certificate":"NotEqual { certificate: DifferenceStructuralFacts }","control":"perturbed","family":"cubic","op":"asin","outcome":"NotEqual","p":-1,"precision":-64,"q":14,"which":1}
{"certificate":"Equal { certificate: StructuralEquality }","control":"identity","family":"cubic","op":"asin","outcome":"Equal","p":-1,"precision":-256,"q":14,"which":1}
{"certificate":"NotEqual { certificate: DifferenceStructuralFacts }","control":"perturbed","family":"cubic","op":"asin","outcome":"NotEqual","p":-1,"precision":-256,"q":14,"which":1}
{"certificate":"Equal { certificate: StructuralEquality }","control":"identity","family":"cubic","op":"acos","outcome":"Equal","p":8,"precision":-64,"q":14,"which":1}
{"certificate":"NotEqual { certificate: DifferenceStructuralFacts }","control":"perturbed","family":"cubic","op":"acos","outcome":"NotEqual","p":8,"precision":-64,"q":14,"which":1}
{"certificate":"Equal { certificate: StructuralEquality }","control":"identity","family":"cubic","op":"acos","outcome":"Equal","p":8,"precision":-256,"q":14,"which":1}
{"certificate":"NotEqual { certificate: DifferenceStructuralFacts }","control":"perturbed","family":"cubic","op":"acos","outcome":"NotEqual","p":8,"precision":-256,"q":14,"which":1}
{"certificate":"Equal { certificate: StructuralEquality }","control":"identity","family":"cubic","op":"asin","outcome":"Equal","p":-5,"precision":-64,"q":14,"which":2}
{"certificate":"NotEqual { certificate: DifferenceStructuralFacts }","control":"perturbed","family":"cubic","op":"asin","outcome":"NotEqual","p":-5,"precision":-64,"q":14,"which":2}
{"certificate":"Equal { certificate: StructuralEquality }","control":"identity","family":"cubic","op":"asin","outcome":"Equal","p":-5,"precision":-256,"q":14,"which":2}
{"certificate":"NotEqual { certificate: DifferenceStructuralFacts }","control":"perturbed","family":"cubic","op":"asin","outcome":"NotEqual","p":-5,"precision":-256,"q":14,"which":2}
{"certificate":"Equal { certificate: StructuralEquality }","control":"identity","family":"cubic","op":"acos","outcome":"Equal","p":12,"precision":-64,"q":14,"which":2}
{"certificate":"NotEqual { certificate: DifferenceStructuralFacts }","control":"perturbed","family":"cubic","op":"acos","outcome":"NotEqual","p":12,"precision":-64,"q":14,"which":2}
{"certificate":"Equal { certificate: StructuralEquality }","control":"identity","family":"cubic","op":"acos","outcome":"Equal","p":12,"precision":-256,"q":14,"which":2}
{"certificate":"NotEqual { certificate: DifferenceStructuralFacts }","control":"perturbed","family":"cubic","op":"acos","outcome":"NotEqual","p":12,"precision":-256,"q":14,"which":2}
{"certificate":"Equal { certificate: StructuralEquality }","control":"identity","family":"cubic","op":"asin","outcome":"Equal","p":-3,"precision":-64,"q":14,"which":3}
{"certificate":"NotEqual { certificate: DifferenceStructuralFacts }","control":"perturbed","family":"cubic","op":"asin","outcome":"NotEqual","p":-3,"precision":-64,"q":14,"which":3}
{"certificate":"Equal { certificate: StructuralEquality }","control":"identity","family":"cubic","op":"asin","outcome":"Equal","p":-3,"precision":-256,"q":14,"which":3}
{"certificate":"NotEqual { certificate: DifferenceStructuralFacts }","control":"perturbed","family":"cubic","op":"asin","outcome":"NotEqual","p":-3,"precision":-256,"q":14,"which":3}
{"certificate":"Equal { certificate: StructuralEquality }","control":"identity","family":"cubic","op":"acos","outcome":"Equal","p":10,"precision":-64,"q":14,"which":3}
{"certificate":"NotEqual { certificate: DifferenceStructuralFacts }","control":"perturbed","family":"cubic","op":"acos","outcome":"NotEqual","p":10,"precision":-64,"q":14,"which":3}
{"certificate":"Equal { certificate: StructuralEquality }","control":"identity","family":"cubic","op":"acos","outcome":"Equal","p":10,"precision":-256,"q":14,"which":3}
{"certificate":"NotEqual { certificate: DifferenceStructuralFacts }","control":"perturbed","family":"cubic","op":"acos","outcome":"NotEqual","p":10,"precision":-256,"q":14,"which":3}
{"certificate":"Equal { certificate: StructuralEquality }","control":"identity","family":"cubic","op":"asin","outcome":"Equal","p":1,"precision":-64,"q":14,"which":4}
{"certificate":"NotEqual { certificate: DifferenceStructuralFacts }","control":"perturbed","family":"cubic","op":"asin","outcome":"NotEqual","p":1,"precision":-64,"q":14,"which":4}
{"certificate":"Equal { certificate: StructuralEquality }","control":"identity","family":"cubic","op":"asin","outcome":"Equal","p":1,"precision":-256,"q":14,"which":4}
{"certificate":"NotEqual { certificate: DifferenceStructuralFacts }","control":"perturbed","family":"cubic","op":"asin","outcome":"NotEqual","p":1,"precision":-256,"q":14,"which":4}
{"certificate":"Equal { certificate: StructuralEquality }","control":"identity","family":"cubic","op":"acos","outcome":"Equal","p":6,"precision":-64,"q":14,"which":4}
{"certificate":"NotEqual { certificate: DifferenceStructuralFacts }","control":"perturbed","family":"cubic","op":"acos","outcome":"NotEqual","p":6,"precision":-64,"q":14,"which":4}
{"certificate":"Equal { certificate: StructuralEquality }","control":"identity","family":"cubic","op":"acos","outcome":"Equal","p":6,"precision":-256,"q":14,"which":4}
{"certificate":"NotEqual { certificate: DifferenceStructuralFacts }","control":"perturbed","family":"cubic","op":"acos","outcome":"NotEqual","p":6,"precision":-256,"q":14,"which":4}
{"certificate":"Equal { certificate: StructuralEquality }","control":"identity","family":"cubic","op":"asin","outcome":"Equal","p":5,"precision":-64,"q":14,"which":5}
{"certificate":"NotEqual { certificate: DifferenceStructuralFacts }","control":"perturbed","family":"cubic","op":"asin","outcome":"NotEqual","p":5,"precision":-64,"q":14,"which":5}
{"certificate":"Equal { certificate: StructuralEquality }","control":"identity","family":"cubic","op":"asin","outcome":"Equal","p":5,"precision":-256,"q":14,"which":5}
{"certificate":"NotEqual { certificate: DifferenceStructuralFacts }","control":"perturbed","family":"cubic","op":"asin","outcome":"NotEqual","p":5,"precision":-256,"q":14,"which":5}
{"certificate":"Equal { certificate: StructuralEquality }","control":"identity","family":"cubic","op":"acos","outcome":"Equal","p":2,"precision":-64,"q":14,"which":5}
{"certificate":"NotEqual { certificate: DifferenceStructuralFacts }","control":"perturbed","family":"cubic","op":"acos","outcome":"NotEqual","p":2,"precision":-64,"q":14,"which":5}
{"certificate":"Equal { certificate: StructuralEquality }","control":"identity","family":"cubic","op":"acos","outcome":"Equal","p":2,"precision":-256,"q":14,"which":5}
{"certificate":"NotEqual { certificate: DifferenceStructuralFacts }","control":"perturbed","family":"cubic","op":"acos","outcome":"NotEqual","p":2,"precision":-256,"q":14,"which":5}
{"certificate":"Unknown { min_precision: -64 }","control":"near","family":"near","op":"asin","outcome":"Unknown","p":1,"precision":-64,"q":12,"sign":-1}
{"certificate":"NotEqual { certificate: BoundedRefinement { min_precision: -256 } }","control":"near","family":"near","op":"asin","outcome":"NotEqual","p":1,"precision":-256,"q":12,"sign":-1}
{"certificate":"Unknown { min_precision: -64 }","control":"near","family":"near","op":"asin","outcome":"Unknown","p":1,"precision":-64,"q":12,"sign":1}
{"certificate":"NotEqual { certificate: BoundedRefinement { min_precision: -256 } }","control":"near","family":"near","op":"asin","outcome":"NotEqual","p":1,"precision":-256,"q":12,"sign":1}
{"certificate":"Unknown { min_precision: -64 }","control":"near","family":"near","op":"acos","outcome":"Unknown","p":1,"precision":-64,"q":12,"sign":-1}
{"certificate":"NotEqual { certificate: BoundedRefinement { min_precision: -256 } }","control":"near","family":"near","op":"acos","outcome":"NotEqual","p":1,"precision":-256,"q":12,"sign":-1}
{"certificate":"Unknown { min_precision: -64 }","control":"near","family":"near","op":"acos","outcome":"Unknown","p":1,"precision":-64,"q":12,"sign":1}
{"certificate":"NotEqual { certificate: BoundedRefinement { min_precision: -256 } }","control":"near","family":"near","op":"acos","outcome":"NotEqual","p":1,"precision":-256,"q":12,"sign":1}
{"certificate":"Unknown { min_precision: -64 }","control":"near","family":"near","op":"atan","outcome":"Unknown","p":1,"precision":-64,"q":24,"sign":-1}
{"certificate":"NotEqual { certificate: BoundedRefinement { min_precision: -256 } }","control":"near","family":"near","op":"atan","outcome":"NotEqual","p":1,"precision":-256,"q":24,"sign":-1}
{"certificate":"Unknown { min_precision: -64 }","control":"near","family":"near","op":"atan","outcome":"Unknown","p":1,"precision":-64,"q":24,"sign":1}
{"certificate":"NotEqual { certificate: BoundedRefinement { min_precision: -256 } }","control":"near","family":"near","op":"atan","outcome":"NotEqual","p":1,"precision":-256,"q":24,"sign":1}
{"certificate":"Unknown { min_precision: -64 }","control":"near","family":"near","op":"acot","outcome":"Unknown","p":1,"precision":-64,"q":24,"sign":-1}
{"certificate":"NotEqual { certificate: BoundedRefinement { min_precision: -256 } }","control":"near","family":"near","op":"acot","outcome":"NotEqual","p":1,"precision":-256,"q":24,"sign":-1}
{"certificate":"Unknown { min_precision: -64 }","control":"near","family":"near","op":"acot","outcome":"Unknown","p":1,"precision":-64,"q":24,"sign":1}
{"certificate":"NotEqual { certificate: BoundedRefinement { min_precision: -256 } }","control":"near","family":"near","op":"acot","outcome":"NotEqual","p":1,"precision":-256,"q":24,"sign":1}
{"certificate":"Equal { certificate: StructuralEquality }","control":"identity","family":"3360","outcome":"Equal","p":-1,"precision":-64,"q":3360,"representation":"stored","sign":-1}
{"certificate":"NotEqual { certificate: StructuralFacts }","control":"perturbed","family":"3360","outcome":"NotEqual","p":-1,"precision":-64,"q":3360,"representation":"stored","sign":-1}
{"certificate":"Equal { certificate: StructuralEquality }","control":"identity","family":"3360","outcome":"Equal","p":-1,"precision":-256,"q":3360,"representation":"stored","sign":-1}
{"certificate":"NotEqual { certificate: StructuralFacts }","control":"perturbed","family":"3360","outcome":"NotEqual","p":-1,"precision":-256,"q":3360,"representation":"stored","sign":-1}
{"certificate":"Equal { certificate: StructuralEquality }","control":"identity","family":"3360","outcome":"Equal","p":-1,"precision":-64,"q":3360,"representation":"huge-period","sign":-1}
{"certificate":"NotEqual { certificate: StructuralFacts }","control":"perturbed","family":"3360","outcome":"NotEqual","p":-1,"precision":-64,"q":3360,"representation":"huge-period","sign":-1}
{"certificate":"Equal { certificate: StructuralEquality }","control":"identity","family":"3360","outcome":"Equal","p":-1,"precision":-256,"q":3360,"representation":"huge-period","sign":-1}
{"certificate":"NotEqual { certificate: StructuralFacts }","control":"perturbed","family":"3360","outcome":"NotEqual","p":-1,"precision":-256,"q":3360,"representation":"huge-period","sign":-1}
{"certificate":"Equal { certificate: StructuralEquality }","control":"identity","family":"3360","outcome":"Equal","p":1,"precision":-64,"q":3360,"representation":"stored","sign":1}
{"certificate":"NotEqual { certificate: DifferenceStructuralFacts }","control":"perturbed","family":"3360","outcome":"NotEqual","p":1,"precision":-64,"q":3360,"representation":"stored","sign":1}
{"certificate":"Equal { certificate: StructuralEquality }","control":"identity","family":"3360","outcome":"Equal","p":1,"precision":-256,"q":3360,"representation":"stored","sign":1}
{"certificate":"NotEqual { certificate: DifferenceStructuralFacts }","control":"perturbed","family":"3360","outcome":"NotEqual","p":1,"precision":-256,"q":3360,"representation":"stored","sign":1}
{"certificate":"Equal { certificate: StructuralEquality }","control":"identity","family":"3360","outcome":"Equal","p":1,"precision":-64,"q":3360,"representation":"huge-period","sign":1}
{"certificate":"NotEqual { certificate: DifferenceStructuralFacts }","control":"perturbed","family":"3360","outcome":"NotEqual","p":1,"precision":-64,"q":3360,"representation":"huge-period","sign":1}
{"certificate":"Equal { certificate: StructuralEquality }","control":"identity","family":"3360","outcome":"Equal","p":1,"precision":-256,"q":3360,"representation":"huge-period","sign":1}
{"certificate":"NotEqual { certificate: DifferenceStructuralFacts }","control":"perturbed","family":"3360","outcome":"NotEqual","p":1,"precision":-256,"q":3360,"representation":"huge-period","sign":1}
{"family":"domain","op":"asin","outcome":"DomainError","precision":-64,"x":-2}
{"family":"domain","op":"asin","outcome":"DomainError","precision":-256,"x":-2}
{"family":"domain","op":"asin","outcome":"DomainError","precision":-64,"x":2}
{"family":"domain","op":"asin","outcome":"DomainError","precision":-256,"x":2}
{"family":"domain","op":"acos","outcome":"DomainError","precision":-64,"x":-2}
{"family":"domain","op":"acos","outcome":"DomainError","precision":-256,"x":-2}
{"family":"domain","op":"acos","outcome":"DomainError","precision":-64,"x":2}
{"family":"domain","op":"acos","outcome":"DomainError","precision":-256,"x":2}
{"rows":1848,"terminal":true}
