==19== Memcheck, a memory error detector
==19== Copyright (C) 2002-2026, and GNU GPL'd, by Julian Seward et al.
==19== Using Valgrind-3.27.1 and LibVEX; rerun with -h for copyright info
==19== Command: /tmp/calcium-consumer-builds.X7kU2Y/calcium-reuse/release/calcium-sign-consumer-probe-reuse
==19== 
==19== 
==19== HEAP SUMMARY:
==19==     in use at exit: 7,208 bytes in 59 blocks
==19==   total heap usage: 78,921 allocs, 78,862 frees, 4,916,696 bytes allocated
==19== 
==19== 56 bytes in 1 blocks are still reachable in loss record 1 of 52
==19==    at 0x4A24AE6: malloc (vg_replace_malloc.c:447)
==19==    by 0x411AEE3: <hyperreal::computable::node::ApproximationCache>::store (in /tmp/calcium-consumer-builds.X7kU2Y/calcium-reuse/release/calcium-sign-consumer-probe-reuse)
==19==    by 0x40FF47B: <hyperreal::computable::node::Computable>::store_cache_value (in /tmp/calcium-consumer-builds.X7kU2Y/calcium-reuse/release/calcium-sign-consumer-probe-reuse)
==19==    by 0x40F948F: <hyperreal::computable::node::Computable>::approx_signal (in /tmp/calcium-consumer-builds.X7kU2Y/calcium-reuse/release/calcium-sign-consumer-probe-reuse)
==19==    by 0x4104604: <hyperreal::computable::node::Computable>::integer_ratio_nearest (in /tmp/calcium-consumer-builds.X7kU2Y/calcium-reuse/release/calcium-sign-consumer-probe-reuse)
==19==    by 0x4102BBA: <hyperreal::computable::node::Computable>::reduced_exp (in /tmp/calcium-consumer-builds.X7kU2Y/calcium-reuse/release/calcium-sign-consumer-probe-reuse)
==19==    by 0x410727E: <hyperreal::computable::node::Computable>::exp (in /tmp/calcium-consumer-builds.X7kU2Y/calcium-reuse/release/calcium-sign-consumer-probe-reuse)
==19==    by 0x40DB458: <hyperreal::real::arithmetic::Real>::exp (in /tmp/calcium-consumer-builds.X7kU2Y/calcium-reuse/release/calcium-sign-consumer-probe-reuse)
==19==    by 0x409AF11: calcium_sign_consumer_probe_reuse::main (in /tmp/calcium-consumer-builds.X7kU2Y/calcium-reuse/release/calcium-sign-consumer-probe-reuse)
==19==    by 0x409AA42: std::sys::backtrace::__rust_begin_short_backtrace::<fn(), ()> (in /tmp/calcium-consumer-builds.X7kU2Y/calcium-reuse/release/calcium-sign-consumer-probe-reuse)
==19==    by 0x409AAA8: std::rt::lang_start::<()>::{closure#0} (in /tmp/calcium-consumer-builds.X7kU2Y/calcium-reuse/release/calcium-sign-consumer-probe-reuse)
==19==    by 0x4191796: std::rt::lang_start_internal (in /tmp/calcium-consumer-builds.X7kU2Y/calcium-reuse/release/calcium-sign-consumer-probe-reuse)
==19== 
==19== 56 bytes in 1 blocks are still reachable in loss record 2 of 52
==19==    at 0x4A24AE6: malloc (vg_replace_malloc.c:447)
==19==    by 0x411AEE3: <hyperreal::computable::node::ApproximationCache>::store (in /tmp/calcium-consumer-builds.X7kU2Y/calcium-reuse/release/calcium-sign-consumer-probe-reuse)
==19==    by 0x40FF47B: <hyperreal::computable::node::Computable>::store_cache_value (in /tmp/calcium-consumer-builds.X7kU2Y/calcium-reuse/release/calcium-sign-consumer-probe-reuse)
==19==    by 0x40F948F: <hyperreal::computable::node::Computable>::approx_signal (in /tmp/calcium-consumer-builds.X7kU2Y/calcium-reuse/release/calcium-sign-consumer-probe-reuse)
==19==    by 0x413A186: hyperreal::computable::approximation::half_pi_minus_rational (in /tmp/calcium-consumer-builds.X7kU2Y/calcium-reuse/release/calcium-sign-consumer-probe-reuse)
==19==    by 0x413B794: hyperreal::computable::approximation::cos_half_pi_minus_rational (in /tmp/calcium-consumer-builds.X7kU2Y/calcium-reuse/release/calcium-sign-consumer-probe-reuse)
==19==    by 0x4126393: <hyperreal::computable::approximation::Approximation>::approximate (in /tmp/calcium-consumer-builds.X7kU2Y/calcium-reuse/release/calcium-sign-consumer-probe-reuse)
==19==    by 0x40F913B: <hyperreal::computable::node::Computable>::approx_signal (in /tmp/calcium-consumer-builds.X7kU2Y/calcium-reuse/release/calcium-sign-consumer-probe-reuse)
==19==    by 0x4106E56: <hyperreal::computable::node::Computable>::exp (in /tmp/calcium-consumer-builds.X7kU2Y/calcium-reuse/release/calcium-sign-consumer-probe-reuse)
==19==    by 0x40DB458: <hyperreal::real::arithmetic::Real>::exp (in /tmp/calcium-consumer-builds.X7kU2Y/calcium-reuse/release/calcium-sign-consumer-probe-reuse)
==19==    by 0x409AD2D: calcium_sign_consumer_probe_reuse::main (in /tmp/calcium-consumer-builds.X7kU2Y/calcium-reuse/release/calcium-sign-consumer-probe-reuse)
==19==    by 0x409AA42: std::sys::backtrace::__rust_begin_short_backtrace::<fn(), ()> (in /tmp/calcium-consumer-builds.X7kU2Y/calcium-reuse/release/calcium-sign-consumer-probe-reuse)
==19== 
==19== 72 bytes in 1 blocks are still reachable in loss record 3 of 52
==19==    at 0x4A24AE6: malloc (vg_replace_malloc.c:447)
==19==    by 0x4157712: <alloc::raw_vec::RawVecInner>::try_allocate_in (in /tmp/calcium-consumer-builds.X7kU2Y/calcium-reuse/release/calcium-sign-consumer-probe-reuse)
==19==    by 0x40F9420: <hyperreal::computable::node::Computable>::approx_signal (in /tmp/calcium-consumer-builds.X7kU2Y/calcium-reuse/release/calcium-sign-consumer-probe-reuse)
==19==    by 0x413A186: hyperreal::computable::approximation::half_pi_minus_rational (in /tmp/calcium-consumer-builds.X7kU2Y/calcium-reuse/release/calcium-sign-consumer-probe-reuse)
==19==    by 0x413B794: hyperreal::computable::approximation::cos_half_pi_minus_rational (in /tmp/calcium-consumer-builds.X7kU2Y/calcium-reuse/release/calcium-sign-consumer-probe-reuse)
==19==    by 0x4126393: <hyperreal::computable::approximation::Approximation>::approximate (in /tmp/calcium-consumer-builds.X7kU2Y/calcium-reuse/release/calcium-sign-consumer-probe-reuse)
==19==    by 0x40F8544: <hyperreal::computable::node::Computable>::approx_signal (in /tmp/calcium-consumer-builds.X7kU2Y/calcium-reuse/release/calcium-sign-consumer-probe-reuse)
==19==    by 0x4143D48: hyperreal::computable::approximation::exp (in /tmp/calcium-consumer-builds.X7kU2Y/calcium-reuse/release/calcium-sign-consumer-probe-reuse)
==19==    by 0x4126086: <hyperreal::computable::approximation::Approximation>::approximate (in /tmp/calcium-consumer-builds.X7kU2Y/calcium-reuse/release/calcium-sign-consumer-probe-reuse)
==19==    by 0x40F8544: <hyperreal::computable::node::Computable>::approx_signal (in /tmp/calcium-consumer-builds.X7kU2Y/calcium-reuse/release/calcium-sign-consumer-probe-reuse)
==19==    by 0x4145F77: hyperreal::computable::approximation::sqrt (in /tmp/calcium-consumer-builds.X7kU2Y/calcium-reuse/release/calcium-sign-consumer-probe-reuse)
==19==    by 0x412629D: <hyperreal::computable::approximation::Approximation>::approximate (in /tmp/calcium-consumer-builds.X7kU2Y/calcium-reuse/release/calcium-sign-consumer-probe-reuse)
==19== 
==19== 72 bytes in 1 blocks are still reachable in loss record 4 of 52
==19==    at 0x4A24AE6: malloc (vg_replace_malloc.c:447)
==19==    by 0x4157712: <alloc::raw_vec::RawVecInner>::try_allocate_in (in /tmp/calcium-consumer-builds.X7kU2Y/calcium-reuse/release/calcium-sign-consumer-probe-reuse)
==19==    by 0x40F9420: <hyperreal::computable::node::Computable>::approx_signal (in /tmp/calcium-consumer-builds.X7kU2Y/calcium-reuse/release/calcium-sign-consumer-probe-reuse)
==19==    by 0x413ABA7: hyperreal::computable::approximation::multiply_with_known_msd (in /tmp/calcium-consumer-builds.X7kU2Y/calcium-reuse/release/calcium-sign-consumer-probe-reuse)
==19==    by 0x41262C1: <hyperreal::computable::approximation::Approximation>::approximate (in /tmp/calcium-consumer-builds.X7kU2Y/calcium-reuse/release/calcium-sign-consumer-probe-reuse)
==19==    by 0x40F8544: <hyperreal::computable::node::Computable>::approx_signal (in /tmp/calcium-consumer-builds.X7kU2Y/calcium-reuse/release/calcium-sign-consumer-probe-reuse)
==19==    by 0x4143D48: hyperreal::computable::approximation::exp (in /tmp/calcium-consumer-builds.X7kU2Y/calcium-reuse/release/calcium-sign-consumer-probe-reuse)
==19==    by 0x4126086: <hyperreal::computable::approximation::Approximation>::approximate (in /tmp/calcium-consumer-builds.X7kU2Y/calcium-reuse/release/calcium-sign-consumer-probe-reuse)
==19==    by 0x40F8544: <hyperreal::computable::node::Computable>::approx_signal (in /tmp/calcium-consumer-builds.X7kU2Y/calcium-reuse/release/calcium-sign-consumer-probe-reuse)
==19==    by 0x4145F77: hyperreal::computable::approximation::sqrt (in /tmp/calcium-consumer-builds.X7kU2Y/calcium-reuse/release/calcium-sign-consumer-probe-reuse)
==19==    by 0x412629D: <hyperreal::computable::approximation::Approximation>::approximate (in /tmp/calcium-consumer-builds.X7kU2Y/calcium-reuse/release/calcium-sign-consumer-probe-reuse)
==19==    by 0x40F8544: <hyperreal::computable::node::Computable>::approx_signal (in /tmp/calcium-consumer-builds.X7kU2Y/calcium-reuse/release/calcium-sign-consumer-probe-reuse)
==19== 
==19== 96 bytes in 1 blocks are still reachable in loss record 5 of 52
==19==    at 0x4A24AE6: malloc (vg_replace_malloc.c:447)
==19==    by 0x40D179D: <&num_bigint::biguint::BigUint as core::ops::arith::Mul>::mul (in /tmp/calcium-consumer-builds.X7kU2Y/calcium-reuse/release/calcium-sign-consumer-probe-reuse)
==19==    by 0x40B7D51: <hyperreal::rational::arithmetic::Rational>::add_ref (in /tmp/calcium-consumer-builds.X7kU2Y/calcium-reuse/release/calcium-sign-consumer-probe-reuse)
==19==    by 0x4096953: <hyperreal::real::arithmetic::Real as core::ops::arith::Add>::add (in /tmp/calcium-consumer-builds.X7kU2Y/calcium-reuse/release/calcium-sign-consumer-probe-reuse)
==19==    by 0x409AF05: calcium_sign_consumer_probe_reuse::main (in /tmp/calcium-consumer-builds.X7kU2Y/calcium-reuse/release/calcium-sign-consumer-probe-reuse)
==19==    by 0x409AA42: std::sys::backtrace::__rust_begin_short_backtrace::<fn(), ()> (in /tmp/calcium-consumer-builds.X7kU2Y/calcium-reuse/release/calcium-sign-consumer-probe-reuse)
==19==    by 0x409AAA8: std::rt::lang_start::<()>::{closure#0} (in /tmp/calcium-consumer-builds.X7kU2Y/calcium-reuse/release/calcium-sign-consumer-probe-reuse)
==19==    by 0x4191796: std::rt::lang_start_internal (in /tmp/calcium-consumer-builds.X7kU2Y/calcium-reuse/release/calcium-sign-consumer-probe-reuse)
==19==    by 0x409EC74: main (in /tmp/calcium-consumer-builds.X7kU2Y/calcium-reuse/release/calcium-sign-consumer-probe-reuse)
==19== 
==19== 96 bytes in 1 blocks are still reachable in loss record 6 of 52
==19==    at 0x4A24AE6: malloc (vg_replace_malloc.c:447)
==19==    by 0x40CDF22: <&hyperreal::rational::arithmetic::Rational as core::ops::arith::Neg>::neg (in /tmp/calcium-consumer-builds.X7kU2Y/calcium-reuse/release/calcium-sign-consumer-probe-reuse)
==19==    by 0x40CF123: <&hyperreal::rational::arithmetic::Rational as core::ops::arith::Mul>::mul (in /tmp/calcium-consumer-builds.X7kU2Y/calcium-reuse/release/calcium-sign-consumer-probe-reuse)
==19==    by 0x40CF552: <hyperreal::rational::arithmetic::Rational as core::ops::arith::Mul>::mul (in /tmp/calcium-consumer-builds.X7kU2Y/calcium-reuse/release/calcium-sign-consumer-probe-reuse)
==19==    by 0x41023A4: <hyperreal::computable::node::ExpRelationForm>::linear (in /tmp/calcium-consumer-builds.X7kU2Y/calcium-reuse/release/calcium-sign-consumer-probe-reuse)
==19==    by 0x41028F7: <hyperreal::computable::node::ExpRelationForm>::logarithm (in /tmp/calcium-consumer-builds.X7kU2Y/calcium-reuse/release/calcium-sign-consumer-probe-reuse)
==19==    by 0x40FCE0F: <hyperreal::computable::node::Computable>::exact_sign (in /tmp/calcium-consumer-builds.X7kU2Y/calcium-reuse/release/calcium-sign-consumer-probe-reuse)
==19==    by 0x40F99C1: <hyperreal::computable::node::Computable>::structural_facts (in /tmp/calcium-consumer-builds.X7kU2Y/calcium-reuse/release/calcium-sign-consumer-probe-reuse)
==19==    by 0x409D3D0: <hyperreal::real::arithmetic::Real>::structural_facts (in /tmp/calcium-consumer-builds.X7kU2Y/calcium-reuse/release/calcium-sign-consumer-probe-reuse)
==19==    by 0x409BC21: calcium_sign_consumer_probe_reuse::main (in /tmp/calcium-consumer-builds.X7kU2Y/calcium-reuse/release/calcium-sign-consumer-probe-reuse)
==19==    by 0x409AA42: std::sys::backtrace::__rust_begin_short_backtrace::<fn(), ()> (in /tmp/calcium-consumer-builds.X7kU2Y/calcium-reuse/release/calcium-sign-consumer-probe-reuse)
==19==    by 0x409AAA8: std::rt::lang_start::<()>::{closure#0} (in /tmp/calcium-consumer-builds.X7kU2Y/calcium-reuse/release/calcium-sign-consumer-probe-reuse)
==19== 
==19== 104 bytes in 1 blocks are still reachable in loss record 7 of 52
==19==    at 0x4A24AE6: malloc (vg_replace_malloc.c:447)
==19==    by 0x40D2DB2: <hyperreal::rational::arithmetic::RATIONAL_ONE::{closure#0} as core::ops::function::FnOnce<()>>::call_once (in /tmp/calcium-consumer-builds.X7kU2Y/calcium-reuse/release/calcium-sign-consumer-probe-reuse)
==19==    by 0x40ADB0A: <std::sync::once::Once>::call_once_force::<<std::sync::lazy_lock::LazyLock<hyperreal::rational::arithmetic::Rational>>::force::{closure#0}>::{closure#0} (in /tmp/calcium-consumer-builds.X7kU2Y/calcium-reuse/release/calcium-sign-consumer-probe-reuse)
==19==    by 0x4184018: <std::sys::sync::once::futex::Once>::call (in /tmp/calcium-consumer-builds.X7kU2Y/calcium-reuse/release/calcium-sign-consumer-probe-reuse)
==19==    by 0x40DBAF7: <hyperreal::real::arithmetic::Real>::exp (in /tmp/calcium-consumer-builds.X7kU2Y/calcium-reuse/release/calcium-sign-consumer-probe-reuse)
==19==    by 0x409AD2D: calcium_sign_consumer_probe_reuse::main (in /tmp/calcium-consumer-builds.X7kU2Y/calcium-reuse/release/calcium-sign-consumer-probe-reuse)
==19==    by 0x409AA42: std::sys::backtrace::__rust_begin_short_backtrace::<fn(), ()> (in /tmp/calcium-consumer-builds.X7kU2Y/calcium-reuse/release/calcium-sign-consumer-probe-reuse)
==19==    by 0x409AAA8: std::rt::lang_start::<()>::{closure#0} (in /tmp/calcium-consumer-builds.X7kU2Y/calcium-reuse/release/calcium-sign-consumer-probe-reuse)
==19==    by 0x4191796: std::rt::lang_start_internal (in /tmp/calcium-consumer-builds.X7kU2Y/calcium-reuse/release/calcium-sign-consumer-probe-reuse)
==19==    by 0x409EC74: main (in /tmp/calcium-consumer-builds.X7kU2Y/calcium-reuse/release/calcium-sign-consumer-probe-reuse)
==19== 
==19== 104 bytes in 1 blocks are still reachable in loss record 8 of 52
==19==    at 0x4A24AE6: malloc (vg_replace_malloc.c:447)
==19==    by 0x4153C34: <std::sync::once::Once>::call_once_force::<<std::sync::once_lock::OnceLock<hyperreal::rational::arithmetic::Rational>>::initialize<<std::sync::once_lock::OnceLock<hyperreal::rational::arithmetic::Rational>>::get_or_init<<hyperreal::rational::arithmetic::Rational>::small_integer::{closure#0}>::{closure#0}, !>::{closure#0}>::{closure#0} (in /tmp/calcium-consumer-builds.X7kU2Y/calcium-reuse/release/calcium-sign-consumer-probe-reuse)
==19==    by 0x4184018: <std::sys::sync::once::futex::Once>::call (in /tmp/calcium-consumer-builds.X7kU2Y/calcium-reuse/release/calcium-sign-consumer-probe-reuse)
==19==    by 0x4153184: <std::sync::once_lock::OnceLock<hyperreal::rational::arithmetic::Rational>>::initialize::<<std::sync::once_lock::OnceLock<hyperreal::rational::arithmetic::Rational>>::get_or_init<<hyperreal::rational::arithmetic::Rational>::small_integer::{closure#0}>::{closure#0}, !> (in /tmp/calcium-consumer-builds.X7kU2Y/calcium-reuse/release/calcium-sign-consumer-probe-reuse)
==19==    by 0x40C083D: <hyperreal::rational::arithmetic::Rational>::from_primitive_integer (in /tmp/calcium-consumer-builds.X7kU2Y/calcium-reuse/release/calcium-sign-consumer-probe-reuse)
==19==    by 0x40DF89F: <hyperreal::real::arithmetic::Real>::sqrt (in /tmp/calcium-consumer-builds.X7kU2Y/calcium-reuse/release/calcium-sign-consumer-probe-reuse)
==19==    by 0x409AD68: calcium_sign_consumer_probe_reuse::main (in /tmp/calcium-consumer-builds.X7kU2Y/calcium-reuse/release/calcium-sign-consumer-probe-reuse)
==19==    by 0x409AA42: std::sys::backtrace::__rust_begin_short_backtrace::<fn(), ()> (in /tmp/calcium-consumer-builds.X7kU2Y/calcium-reuse/release/calcium-sign-consumer-probe-reuse)
==19==    by 0x409AAA8: std::rt::lang_start::<()>::{closure#0} (in /tmp/calcium-consumer-builds.X7kU2Y/calcium-reuse/release/calcium-sign-consumer-probe-reuse)
==19==    by 0x4191796: std::rt::lang_start_internal (in /tmp/calcium-consumer-builds.X7kU2Y/calcium-reuse/release/calcium-sign-consumer-probe-reuse)
==19==    by 0x409EC74: main (in /tmp/calcium-consumer-builds.X7kU2Y/calcium-reuse/release/calcium-sign-consumer-probe-reuse)
==19== 
==19== 104 bytes in 1 blocks are still reachable in loss record 9 of 52
==19==    at 0x4A24AE6: malloc (vg_replace_malloc.c:447)
==19==    by 0x4153DCA: <std::sync::once::Once>::call_once_force::<<std::sync::once_lock::OnceLock<hyperreal::rational::arithmetic::Rational>>::initialize<<std::sync::once_lock::OnceLock<hyperreal::rational::arithmetic::Rational>>::get_or_init<<hyperreal::rational::arithmetic::Rational>::small_reduced_dyadic::{closure#0}>::{closure#0}, !>::{closure#0}>::{closure#0} (in /tmp/calcium-consumer-builds.X7kU2Y/calcium-reuse/release/calcium-sign-consumer-probe-reuse)
==19==    by 0x4184018: <std::sys::sync::once::futex::Once>::call (in /tmp/calcium-consumer-builds.X7kU2Y/calcium-reuse/release/calcium-sign-consumer-probe-reuse)
==19==    by 0x415322C: <std::sync::once_lock::OnceLock<hyperreal::rational::arithmetic::Rational>>::initialize::<<std::sync::once_lock::OnceLock<hyperreal::rational::arithmetic::Rational>>::get_or_init<<hyperreal::rational::arithmetic::Rational>::small_reduced_general_fraction::{closure#0}>::{closure#0}, !> (in /tmp/calcium-consumer-builds.X7kU2Y/calcium-reuse/release/calcium-sign-consumer-probe-reuse)
==19==    by 0x40C86E1: <hyperreal::rational::arithmetic::Rational>::from_reduced_word_parts (in /tmp/calcium-consumer-builds.X7kU2Y/calcium-reuse/release/calcium-sign-consumer-probe-reuse)
==19==    by 0x40D025F: <&hyperreal::rational::arithmetic::Rational as core::ops::arith::Div>::div (in /tmp/calcium-consumer-builds.X7kU2Y/calcium-reuse/release/calcium-sign-consumer-probe-reuse)
==19==    by 0x40D05D2: <hyperreal::rational::arithmetic::Rational as core::ops::arith::Div>::div (in /tmp/calcium-consumer-builds.X7kU2Y/calcium-reuse/release/calcium-sign-consumer-probe-reuse)
==19==    by 0x40DF8AA: <hyperreal::real::arithmetic::Real>::sqrt (in /tmp/calcium-consumer-builds.X7kU2Y/calcium-reuse/release/calcium-sign-consumer-probe-reuse)
==19==    by 0x409AD68: calcium_sign_consumer_probe_reuse::main (in /tmp/calcium-consumer-builds.X7kU2Y/calcium-reuse/release/calcium-sign-consumer-probe-reuse)
==19==    by 0x409AA42: std::sys::backtrace::__rust_begin_short_backtrace::<fn(), ()> (in /tmp/calcium-consumer-builds.X7kU2Y/calcium-reuse/release/calcium-sign-consumer-probe-reuse)
==19==    by 0x409AAA8: std::rt::lang_start::<()>::{closure#0} (in /tmp/calcium-consumer-builds.X7kU2Y/calcium-reuse/release/calcium-sign-consumer-probe-reuse)
==19==    by 0x4191796: std::rt::lang_start_internal (in /tmp/calcium-consumer-builds.X7kU2Y/calcium-reuse/release/calcium-sign-consumer-probe-reuse)
==19== 
==19== 104 bytes in 1 blocks are still reachable in loss record 10 of 52
==19==    at 0x4A24AE6: malloc (vg_replace_malloc.c:447)
==19==    by 0x40D2EE9: <hyperreal::rational::arithmetic::RATIONAL_ZERO::{closure#0} as core::ops::function::FnOnce<()>>::call_once (in /tmp/calcium-consumer-builds.X7kU2Y/calcium-reuse/release/calcium-sign-consumer-probe-reuse)
==19==    by 0x40ADB0A: <std::sync::once::Once>::call_once_force::<<std::sync::lazy_lock::LazyLock<hyperreal::rational::arithmetic::Rational>>::force::{closure#0}>::{closure#0} (in /tmp/calcium-consumer-builds.X7kU2Y/calcium-reuse/release/calcium-sign-consumer-probe-reuse)
==19==    by 0x4184018: <std::sys::sync::once::futex::Once>::call (in /tmp/calcium-consumer-builds.X7kU2Y/calcium-reuse/release/calcium-sign-consumer-probe-reuse)
==19==    by 0x40C1E51: <hyperreal::rational::arithmetic::Rational>::zero (in /tmp/calcium-consumer-builds.X7kU2Y/calcium-reuse/release/calcium-sign-consumer-probe-reuse)
==19==    by 0x409AE65: calcium_sign_consumer_probe_reuse::main (in /tmp/calcium-consumer-builds.X7kU2Y/calcium-reuse/release/calcium-sign-consumer-probe-reuse)
==19==    by 0x409AA42: std::sys::backtrace::__rust_begin_short_backtrace::<fn(), ()> (in /tmp/calcium-consumer-builds.X7kU2Y/calcium-reuse/release/calcium-sign-consumer-probe-reuse)
==19==    by 0x409AAA8: std::rt::lang_start::<()>::{closure#0} (in /tmp/calcium-consumer-builds.X7kU2Y/calcium-reuse/release/calcium-sign-consumer-probe-reuse)
==19==    by 0x4191796: std::rt::lang_start_internal (in /tmp/calcium-consumer-builds.X7kU2Y/calcium-reuse/release/calcium-sign-consumer-probe-reuse)
==19==    by 0x409EC74: main (in /tmp/calcium-consumer-builds.X7kU2Y/calcium-reuse/release/calcium-sign-consumer-probe-reuse)
==19== 
==19== 104 bytes in 1 blocks are still reachable in loss record 11 of 52
==19==    at 0x4A24AE6: malloc (vg_replace_malloc.c:447)
==19==    by 0x40C0D9F: <hyperreal::rational::arithmetic::Rational>::from_fraction_parts_reduced (in /tmp/calcium-consumer-builds.X7kU2Y/calcium-reuse/release/calcium-sign-consumer-probe-reuse)
==19==    by 0x40BFBB1: <hyperreal::rational::arithmetic::Rational>::from_bigint_fraction (in /tmp/calcium-consumer-builds.X7kU2Y/calcium-reuse/release/calcium-sign-consumer-probe-reuse)
==19==    by 0x409AE38: calcium_sign_consumer_probe_reuse::main (in /tmp/calcium-consumer-builds.X7kU2Y/calcium-reuse/release/calcium-sign-consumer-probe-reuse)
==19==    by 0x409AA42: std::sys::backtrace::__rust_begin_short_backtrace::<fn(), ()> (in /tmp/calcium-consumer-builds.X7kU2Y/calcium-reuse/release/calcium-sign-consumer-probe-reuse)
==19==    by 0x409AAA8: std::rt::lang_start::<()>::{closure#0} (in /tmp/calcium-consumer-builds.X7kU2Y/calcium-reuse/release/calcium-sign-consumer-probe-reuse)
==19==    by 0x4191796: std::rt::lang_start_internal (in /tmp/calcium-consumer-builds.X7kU2Y/calcium-reuse/release/calcium-sign-consumer-probe-reuse)
==19==    by 0x409EC74: main (in /tmp/calcium-consumer-builds.X7kU2Y/calcium-reuse/release/calcium-sign-consumer-probe-reuse)
==19== 
==19== 104 bytes in 1 blocks are still reachable in loss record 12 of 52
==19==    at 0x4A24AE6: malloc (vg_replace_malloc.c:447)
==19==    by 0x40D3022: <hyperreal::rational::arithmetic::RATIONAL_MINUS_ONE::{closure#0} as core::ops::function::FnOnce<()>>::call_once (in /tmp/calcium-consumer-builds.X7kU2Y/calcium-reuse/release/calcium-sign-consumer-probe-reuse)
==19==    by 0x40ADB0A: <std::sync::once::Once>::call_once_force::<<std::sync::lazy_lock::LazyLock<hyperreal::rational::arithmetic::Rational>>::force::{closure#0}>::{closure#0} (in /tmp/calcium-consumer-builds.X7kU2Y/calcium-reuse/release/calcium-sign-consumer-probe-reuse)
==19==    by 0x4184018: <std::sys::sync::once::futex::Once>::call (in /tmp/calcium-consumer-builds.X7kU2Y/calcium-reuse/release/calcium-sign-consumer-probe-reuse)
==19==    by 0x40C0818: <hyperreal::rational::arithmetic::Rational>::from_primitive_integer (in /tmp/calcium-consumer-builds.X7kU2Y/calcium-reuse/release/calcium-sign-consumer-probe-reuse)
==19==    by 0x40FCDFF: <hyperreal::computable::node::Computable>::exact_sign (in /tmp/calcium-consumer-builds.X7kU2Y/calcium-reuse/release/calcium-sign-consumer-probe-reuse)
==19==    by 0x40F99C1: <hyperreal::computable::node::Computable>::structural_facts (in /tmp/calcium-consumer-builds.X7kU2Y/calcium-reuse/release/calcium-sign-consumer-probe-reuse)
==19==    by 0x40AC3F0: <hyperreal::real::arithmetic::Real>::structural_facts (in /tmp/calcium-consumer-builds.X7kU2Y/calcium-reuse/release/calcium-sign-consumer-probe-reuse)
==19==    by 0x40AC64B: hyperlimit::resolve::resolve_real_sign_direct (in /tmp/calcium-consumer-builds.X7kU2Y/calcium-reuse/release/calcium-sign-consumer-probe-reuse)
==19==    by 0x409B17C: calcium_sign_consumer_probe_reuse::main (in /tmp/calcium-consumer-builds.X7kU2Y/calcium-reuse/release/calcium-sign-consumer-probe-reuse)
==19==    by 0x409AA42: std::sys::backtrace::__rust_begin_short_backtrace::<fn(), ()> (in /tmp/calcium-consumer-builds.X7kU2Y/calcium-reuse/release/calcium-sign-consumer-probe-reuse)
==19==    by 0x409AAA8: std::rt::lang_start::<()>::{closure#0} (in /tmp/calcium-consumer-builds.X7kU2Y/calcium-reuse/release/calcium-sign-consumer-probe-reuse)
==19== 
==19== 104 bytes in 1 blocks are still reachable in loss record 13 of 52
==19==    at 0x4A24AE6: malloc (vg_replace_malloc.c:447)
==19==    by 0x40CDFB4: <&hyperreal::rational::arithmetic::Rational as core::ops::arith::Neg>::neg (in /tmp/calcium-consumer-builds.X7kU2Y/calcium-reuse/release/calcium-sign-consumer-probe-reuse)
==19==    by 0x40CF123: <&hyperreal::rational::arithmetic::Rational as core::ops::arith::Mul>::mul (in /tmp/calcium-consumer-builds.X7kU2Y/calcium-reuse/release/calcium-sign-consumer-probe-reuse)
==19==    by 0x40CF552: <hyperreal::rational::arithmetic::Rational as core::ops::arith::Mul>::mul (in /tmp/calcium-consumer-builds.X7kU2Y/calcium-reuse/release/calcium-sign-consumer-probe-reuse)
==19==    by 0x41023A4: <hyperreal::computable::node::ExpRelationForm>::linear (in /tmp/calcium-consumer-builds.X7kU2Y/calcium-reuse/release/calcium-sign-consumer-probe-reuse)
==19==    by 0x41028F7: <hyperreal::computable::node::ExpRelationForm>::logarithm (in /tmp/calcium-consumer-builds.X7kU2Y/calcium-reuse/release/calcium-sign-consumer-probe-reuse)
==19==    by 0x40FCE0F: <hyperreal::computable::node::Computable>::exact_sign (in /tmp/calcium-consumer-builds.X7kU2Y/calcium-reuse/release/calcium-sign-consumer-probe-reuse)
==19==    by 0x40F99C1: <hyperreal::computable::node::Computable>::structural_facts (in /tmp/calcium-consumer-builds.X7kU2Y/calcium-reuse/release/calcium-sign-consumer-probe-reuse)
==19==    by 0x409D3D0: <hyperreal::real::arithmetic::Real>::structural_facts (in /tmp/calcium-consumer-builds.X7kU2Y/calcium-reuse/release/calcium-sign-consumer-probe-reuse)
==19==    by 0x409BC21: calcium_sign_consumer_probe_reuse::main (in /tmp/calcium-consumer-builds.X7kU2Y/calcium-reuse/release/calcium-sign-consumer-probe-reuse)
==19==    by 0x409AA42: std::sys::backtrace::__rust_begin_short_backtrace::<fn(), ()> (in /tmp/calcium-consumer-builds.X7kU2Y/calcium-reuse/release/calcium-sign-consumer-probe-reuse)
==19==    by 0x409AAA8: std::rt::lang_start::<()>::{closure#0} (in /tmp/calcium-consumer-builds.X7kU2Y/calcium-reuse/release/calcium-sign-consumer-probe-reuse)
==19== 
==19== 104 bytes in 1 blocks are still reachable in loss record 14 of 52
==19==    at 0x4A24AE6: malloc (vg_replace_malloc.c:447)
==19==    by 0x40CE044: <&hyperreal::rational::arithmetic::Rational as core::ops::arith::Neg>::neg (in /tmp/calcium-consumer-builds.X7kU2Y/calcium-reuse/release/calcium-sign-consumer-probe-reuse)
==19==    by 0x40CF123: <&hyperreal::rational::arithmetic::Rational as core::ops::arith::Mul>::mul (in /tmp/calcium-consumer-builds.X7kU2Y/calcium-reuse/release/calcium-sign-consumer-probe-reuse)
==19==    by 0x40CF552: <hyperreal::rational::arithmetic::Rational as core::ops::arith::Mul>::mul (in /tmp/calcium-consumer-builds.X7kU2Y/calcium-reuse/release/calcium-sign-consumer-probe-reuse)
==19==    by 0x41023A4: <hyperreal::computable::node::ExpRelationForm>::linear (in /tmp/calcium-consumer-builds.X7kU2Y/calcium-reuse/release/calcium-sign-consumer-probe-reuse)
==19==    by 0x41028F7: <hyperreal::computable::node::ExpRelationForm>::logarithm (in /tmp/calcium-consumer-builds.X7kU2Y/calcium-reuse/release/calcium-sign-consumer-probe-reuse)
==19==    by 0x40FCE0F: <hyperreal::computable::node::Computable>::exact_sign (in /tmp/calcium-consumer-builds.X7kU2Y/calcium-reuse/release/calcium-sign-consumer-probe-reuse)
==19==    by 0x40F99C1: <hyperreal::computable::node::Computable>::structural_facts (in /tmp/calcium-consumer-builds.X7kU2Y/calcium-reuse/release/calcium-sign-consumer-probe-reuse)
==19==    by 0x409D3D0: <hyperreal::real::arithmetic::Real>::structural_facts (in /tmp/calcium-consumer-builds.X7kU2Y/calcium-reuse/release/calcium-sign-consumer-probe-reuse)
==19==    by 0x409BC21: calcium_sign_consumer_probe_reuse::main (in /tmp/calcium-consumer-builds.X7kU2Y/calcium-reuse/release/calcium-sign-consumer-probe-reuse)
==19==    by 0x409AA42: std::sys::backtrace::__rust_begin_short_backtrace::<fn(), ()> (in /tmp/calcium-consumer-builds.X7kU2Y/calcium-reuse/release/calcium-sign-consumer-probe-reuse)
==19==    by 0x409AAA8: std::rt::lang_start::<()>::{closure#0} (in /tmp/calcium-consumer-builds.X7kU2Y/calcium-reuse/release/calcium-sign-consumer-probe-reuse)
==19== 
==19== 104 bytes in 1 blocks are still reachable in loss record 15 of 52
==19==    at 0x4A24AE6: malloc (vg_replace_malloc.c:447)
==19==    by 0x40B20B2: <hyperreal::rational::arithmetic::Rational>::extract_square_reduced (in /tmp/calcium-consumer-builds.X7kU2Y/calcium-reuse/release/calcium-sign-consumer-probe-reuse)
==19==    by 0x40B2BA9: <hyperreal::rational::arithmetic::Rational>::extract_square_reduced_retained (in /tmp/calcium-consumer-builds.X7kU2Y/calcium-reuse/release/calcium-sign-consumer-probe-reuse)
==19==    by 0x40DE91F: <hyperreal::real::arithmetic::Real>::sqrt (in /tmp/calcium-consumer-builds.X7kU2Y/calcium-reuse/release/calcium-sign-consumer-probe-reuse)
==19==    by 0x409CF0B: calcium_sign_consumer_probe_reuse::argument (in /tmp/calcium-consumer-builds.X7kU2Y/calcium-reuse/release/calcium-sign-consumer-probe-reuse)
==19==    by 0x409AE8A: calcium_sign_consumer_probe_reuse::main (in /tmp/calcium-consumer-builds.X7kU2Y/calcium-reuse/release/calcium-sign-consumer-probe-reuse)
==19==    by 0x409AA42: std::sys::backtrace::__rust_begin_short_backtrace::<fn(), ()> (in /tmp/calcium-consumer-builds.X7kU2Y/calcium-reuse/release/calcium-sign-consumer-probe-reuse)
==19==    by 0x409AAA8: std::rt::lang_start::<()>::{closure#0} (in /tmp/calcium-consumer-builds.X7kU2Y/calcium-reuse/release/calcium-sign-consumer-probe-reuse)
==19==    by 0x4191796: std::rt::lang_start_internal (in /tmp/calcium-consumer-builds.X7kU2Y/calcium-reuse/release/calcium-sign-consumer-probe-reuse)
==19==    by 0x409EC74: main (in /tmp/calcium-consumer-builds.X7kU2Y/calcium-reuse/release/calcium-sign-consumer-probe-reuse)
==19== 
==19== 104 bytes in 1 blocks are still reachable in loss record 16 of 52
==19==    at 0x4A24AE6: malloc (vg_replace_malloc.c:447)
==19==    by 0x40B2225: <hyperreal::rational::arithmetic::Rational>::extract_square_reduced (in /tmp/calcium-consumer-builds.X7kU2Y/calcium-reuse/release/calcium-sign-consumer-probe-reuse)
==19==    by 0x40B2BA9: <hyperreal::rational::arithmetic::Rational>::extract_square_reduced_retained (in /tmp/calcium-consumer-builds.X7kU2Y/calcium-reuse/release/calcium-sign-consumer-probe-reuse)
==19==    by 0x40DE91F: <hyperreal::real::arithmetic::Real>::sqrt (in /tmp/calcium-consumer-builds.X7kU2Y/calcium-reuse/release/calcium-sign-consumer-probe-reuse)
==19==    by 0x409CF0B: calcium_sign_consumer_probe_reuse::argument (in /tmp/calcium-consumer-builds.X7kU2Y/calcium-reuse/release/calcium-sign-consumer-probe-reuse)
==19==    by 0x409AE8A: calcium_sign_consumer_probe_reuse::main (in /tmp/calcium-consumer-builds.X7kU2Y/calcium-reuse/release/calcium-sign-consumer-probe-reuse)
==19==    by 0x409AA42: std::sys::backtrace::__rust_begin_short_backtrace::<fn(), ()> (in /tmp/calcium-consumer-builds.X7kU2Y/calcium-reuse/release/calcium-sign-consumer-probe-reuse)
==19==    by 0x409AAA8: std::rt::lang_start::<()>::{closure#0} (in /tmp/calcium-consumer-builds.X7kU2Y/calcium-reuse/release/calcium-sign-consumer-probe-reuse)
==19==    by 0x4191796: std::rt::lang_start_internal (in /tmp/calcium-consumer-builds.X7kU2Y/calcium-reuse/release/calcium-sign-consumer-probe-reuse)
==19==    by 0x409EC74: main (in /tmp/calcium-consumer-builds.X7kU2Y/calcium-reuse/release/calcium-sign-consumer-probe-reuse)
==19== 
==19== 104 bytes in 1 blocks are still reachable in loss record 17 of 52
==19==    at 0x4A24AE6: malloc (vg_replace_malloc.c:447)
==19==    by 0x40C0D9F: <hyperreal::rational::arithmetic::Rational>::from_fraction_parts_reduced (in /tmp/calcium-consumer-builds.X7kU2Y/calcium-reuse/release/calcium-sign-consumer-probe-reuse)
==19==    by 0x41239DD: <hyperreal::computable::node::HALF_RATIONAL::{closure#0} as core::ops::function::FnOnce<()>>::call_once (in /tmp/calcium-consumer-builds.X7kU2Y/calcium-reuse/release/calcium-sign-consumer-probe-reuse)
==19==    by 0x40F54BA: <std::sync::once::Once>::call_once_force::<<std::sync::lazy_lock::LazyLock<hyperreal::rational::arithmetic::Rational>>::force::{closure#0}>::{closure#0} (in /tmp/calcium-consumer-builds.X7kU2Y/calcium-reuse/release/calcium-sign-consumer-probe-reuse)
==19==    by 0x4184018: <std::sys::sync::once::futex::Once>::call (in /tmp/calcium-consumer-builds.X7kU2Y/calcium-reuse/release/calcium-sign-consumer-probe-reuse)
==19==    by 0x4102B01: <hyperreal::computable::node::ExpRelationForm>::logarithm (in /tmp/calcium-consumer-builds.X7kU2Y/calcium-reuse/release/calcium-sign-consumer-probe-reuse)
==19==    by 0x40FCDE9: <hyperreal::computable::node::Computable>::exact_sign (in /tmp/calcium-consumer-builds.X7kU2Y/calcium-reuse/release/calcium-sign-consumer-probe-reuse)
==19==    by 0x40F99C1: <hyperreal::computable::node::Computable>::structural_facts (in /tmp/calcium-consumer-builds.X7kU2Y/calcium-reuse/release/calcium-sign-consumer-probe-reuse)
==19==    by 0x40AC3F0: <hyperreal::real::arithmetic::Real>::structural_facts (in /tmp/calcium-consumer-builds.X7kU2Y/calcium-reuse/release/calcium-sign-consumer-probe-reuse)
==19==    by 0x40AC64B: hyperlimit::resolve::resolve_real_sign_direct (in /tmp/calcium-consumer-builds.X7kU2Y/calcium-reuse/release/calcium-sign-consumer-probe-reuse)
==19==    by 0x409B17C: calcium_sign_consumer_probe_reuse::main (in /tmp/calcium-consumer-builds.X7kU2Y/calcium-reuse/release/calcium-sign-consumer-probe-reuse)
==19==    by 0x409AA42: std::sys::backtrace::__rust_begin_short_backtrace::<fn(), ()> (in /tmp/calcium-consumer-builds.X7kU2Y/calcium-reuse/release/calcium-sign-consumer-probe-reuse)
==19== 
==19== 104 bytes in 1 blocks are still reachable in loss record 18 of 52
==19==    at 0x4A24AE6: malloc (vg_replace_malloc.c:447)
==19==    by 0x40CE044: <&hyperreal::rational::arithmetic::Rational as core::ops::arith::Neg>::neg (in /tmp/calcium-consumer-builds.X7kU2Y/calcium-reuse/release/calcium-sign-consumer-probe-reuse)
==19==    by 0x40CF10A: <&hyperreal::rational::arithmetic::Rational as core::ops::arith::Mul>::mul (in /tmp/calcium-consumer-builds.X7kU2Y/calcium-reuse/release/calcium-sign-consumer-probe-reuse)
==19==    by 0x40CF552: <hyperreal::rational::arithmetic::Rational as core::ops::arith::Mul>::mul (in /tmp/calcium-consumer-builds.X7kU2Y/calcium-reuse/release/calcium-sign-consumer-probe-reuse)
==19==    by 0x4102572: <hyperreal::computable::node::ExpRelationForm>::linear (in /tmp/calcium-consumer-builds.X7kU2Y/calcium-reuse/release/calcium-sign-consumer-probe-reuse)
==19==    by 0x41028F7: <hyperreal::computable::node::ExpRelationForm>::logarithm (in /tmp/calcium-consumer-builds.X7kU2Y/calcium-reuse/release/calcium-sign-consumer-probe-reuse)
==19==    by 0x40FCE0F: <hyperreal::computable::node::Computable>::exact_sign (in /tmp/calcium-consumer-builds.X7kU2Y/calcium-reuse/release/calcium-sign-consumer-probe-reuse)
==19==    by 0x40F99C1: <hyperreal::computable::node::Computable>::structural_facts (in /tmp/calcium-consumer-builds.X7kU2Y/calcium-reuse/release/calcium-sign-consumer-probe-reuse)
==19==    by 0x409D3D0: <hyperreal::real::arithmetic::Real>::structural_facts (in /tmp/calcium-consumer-builds.X7kU2Y/calcium-reuse/release/calcium-sign-consumer-probe-reuse)
==19==    by 0x409BC21: calcium_sign_consumer_probe_reuse::main (in /tmp/calcium-consumer-builds.X7kU2Y/calcium-reuse/release/calcium-sign-consumer-probe-reuse)
==19==    by 0x409AA42: std::sys::backtrace::__rust_begin_short_backtrace::<fn(), ()> (in /tmp/calcium-consumer-builds.X7kU2Y/calcium-reuse/release/calcium-sign-consumer-probe-reuse)
==19==    by 0x409AAA8: std::rt::lang_start::<()>::{closure#0} (in /tmp/calcium-consumer-builds.X7kU2Y/calcium-reuse/release/calcium-sign-consumer-probe-reuse)
==19== 
==19== 104 bytes in 1 blocks are still reachable in loss record 19 of 52
==19==    at 0x4A24AE6: malloc (vg_replace_malloc.c:447)
==19==    by 0x40CE044: <&hyperreal::rational::arithmetic::Rational as core::ops::arith::Neg>::neg (in /tmp/calcium-consumer-builds.X7kU2Y/calcium-reuse/release/calcium-sign-consumer-probe-reuse)
==19==    by 0x40CF10A: <&hyperreal::rational::arithmetic::Rational as core::ops::arith::Mul>::mul (in /tmp/calcium-consumer-builds.X7kU2Y/calcium-reuse/release/calcium-sign-consumer-probe-reuse)
==19==    by 0x40CF552: <hyperreal::rational::arithmetic::Rational as core::ops::arith::Mul>::mul (in /tmp/calcium-consumer-builds.X7kU2Y/calcium-reuse/release/calcium-sign-consumer-probe-reuse)
==19==    by 0x4102572: <hyperreal::computable::node::ExpRelationForm>::linear (in /tmp/calcium-consumer-builds.X7kU2Y/calcium-reuse/release/calcium-sign-consumer-probe-reuse)
==19==    by 0x41028F7: <hyperreal::computable::node::ExpRelationForm>::logarithm (in /tmp/calcium-consumer-builds.X7kU2Y/calcium-reuse/release/calcium-sign-consumer-probe-reuse)
==19==    by 0x40FCE0F: <hyperreal::computable::node::Computable>::exact_sign (in /tmp/calcium-consumer-builds.X7kU2Y/calcium-reuse/release/calcium-sign-consumer-probe-reuse)
==19==    by 0x40F99C1: <hyperreal::computable::node::Computable>::structural_facts (in /tmp/calcium-consumer-builds.X7kU2Y/calcium-reuse/release/calcium-sign-consumer-probe-reuse)
==19==    by 0x40AC3F0: <hyperreal::real::arithmetic::Real>::structural_facts (in /tmp/calcium-consumer-builds.X7kU2Y/calcium-reuse/release/calcium-sign-consumer-probe-reuse)
==19==    by 0x40ABDA9: hyperlimit::resolve::resolve_real_sign::<hyperlimit::predicates::orient::orient2d_real_coordinates::{closure#0}, hyperlimit::predicates::orient::orient2d_real_coordinates::{closure#1}> (in /tmp/calcium-consumer-builds.X7kU2Y/calcium-reuse/release/calcium-sign-consumer-probe-reuse)
==19==    by 0x40A1C71: hyperlimit::predicates::orient::orient2d_real_coordinates (in /tmp/calcium-consumer-builds.X7kU2Y/calcium-reuse/release/calcium-sign-consumer-probe-reuse)
==19==    by 0x40A1921: hyperlimit::predicates::orient::orient2d_with_policy (in /tmp/calcium-consumer-builds.X7kU2Y/calcium-reuse/release/calcium-sign-consumer-probe-reuse)
==19== 
==19== 104 bytes in 1 blocks are still reachable in loss record 20 of 52
==19==    at 0x4A24AE6: malloc (vg_replace_malloc.c:447)
==19==    by 0x40C0D9F: <hyperreal::rational::arithmetic::Rational>::from_fraction_parts_reduced (in /tmp/calcium-consumer-builds.X7kU2Y/calcium-reuse/release/calcium-sign-consumer-probe-reuse)
==19==    by 0x41000B3: <hyperreal::computable::node::Computable>::power_of_two_rational (in /tmp/calcium-consumer-builds.X7kU2Y/calcium-reuse/release/calcium-sign-consumer-probe-reuse)
==19==    by 0x4102532: <hyperreal::computable::node::ExpRelationForm>::linear (in /tmp/calcium-consumer-builds.X7kU2Y/calcium-reuse/release/calcium-sign-consumer-probe-reuse)
==19==    by 0x41028F7: <hyperreal::computable::node::ExpRelationForm>::logarithm (in /tmp/calcium-consumer-builds.X7kU2Y/calcium-reuse/release/calcium-sign-consumer-probe-reuse)
==19==    by 0x40FCDE9: <hyperreal::computable::node::Computable>::exact_sign (in /tmp/calcium-consumer-builds.X7kU2Y/calcium-reuse/release/calcium-sign-consumer-probe-reuse)
==19==    by 0x40F99C1: <hyperreal::computable::node::Computable>::structural_facts (in /tmp/calcium-consumer-builds.X7kU2Y/calcium-reuse/release/calcium-sign-consumer-probe-reuse)
==19==    by 0x40AC3F0: <hyperreal::real::arithmetic::Real>::structural_facts (in /tmp/calcium-consumer-builds.X7kU2Y/calcium-reuse/release/calcium-sign-consumer-probe-reuse)
==19==    by 0x40AC64B: hyperlimit::resolve::resolve_real_sign_direct (in /tmp/calcium-consumer-builds.X7kU2Y/calcium-reuse/release/calcium-sign-consumer-probe-reuse)
==19==    by 0x409B17C: calcium_sign_consumer_probe_reuse::main (in /tmp/calcium-consumer-builds.X7kU2Y/calcium-reuse/release/calcium-sign-consumer-probe-reuse)
==19==    by 0x409AA42: std::sys::backtrace::__rust_begin_short_backtrace::<fn(), ()> (in /tmp/calcium-consumer-builds.X7kU2Y/calcium-reuse/release/calcium-sign-consumer-probe-reuse)
==19==    by 0x409AAA8: std::rt::lang_start::<()>::{closure#0} (in /tmp/calcium-consumer-builds.X7kU2Y/calcium-reuse/release/calcium-sign-consumer-probe-reuse)
==19== 
==19== 104 bytes in 1 blocks are still reachable in loss record 21 of 52
==19==    at 0x4A24AE6: malloc (vg_replace_malloc.c:447)
==19==    by 0x40CE044: <&hyperreal::rational::arithmetic::Rational as core::ops::arith::Neg>::neg (in /tmp/calcium-consumer-builds.X7kU2Y/calcium-reuse/release/calcium-sign-consumer-probe-reuse)
==19==    by 0x40CF10A: <&hyperreal::rational::arithmetic::Rational as core::ops::arith::Mul>::mul (in /tmp/calcium-consumer-builds.X7kU2Y/calcium-reuse/release/calcium-sign-consumer-probe-reuse)
==19==    by 0x40CF552: <hyperreal::rational::arithmetic::Rational as core::ops::arith::Mul>::mul (in /tmp/calcium-consumer-builds.X7kU2Y/calcium-reuse/release/calcium-sign-consumer-probe-reuse)
==19==    by 0x41029AB: <hyperreal::computable::node::ExpRelationForm>::logarithm (in /tmp/calcium-consumer-builds.X7kU2Y/calcium-reuse/release/calcium-sign-consumer-probe-reuse)
==19==    by 0x40FCE0F: <hyperreal::computable::node::Computable>::exact_sign (in /tmp/calcium-consumer-builds.X7kU2Y/calcium-reuse/release/calcium-sign-consumer-probe-reuse)
==19==    by 0x40F99C1: <hyperreal::computable::node::Computable>::structural_facts (in /tmp/calcium-consumer-builds.X7kU2Y/calcium-reuse/release/calcium-sign-consumer-probe-reuse)
==19==    by 0x40AC3F0: <hyperreal::real::arithmetic::Real>::structural_facts (in /tmp/calcium-consumer-builds.X7kU2Y/calcium-reuse/release/calcium-sign-consumer-probe-reuse)
==19==    by 0x40AC64B: hyperlimit::resolve::resolve_real_sign_direct (in /tmp/calcium-consumer-builds.X7kU2Y/calcium-reuse/release/calcium-sign-consumer-probe-reuse)
==19==    by 0x409B17C: calcium_sign_consumer_probe_reuse::main (in /tmp/calcium-consumer-builds.X7kU2Y/calcium-reuse/release/calcium-sign-consumer-probe-reuse)
==19==    by 0x409AA42: std::sys::backtrace::__rust_begin_short_backtrace::<fn(), ()> (in /tmp/calcium-consumer-builds.X7kU2Y/calcium-reuse/release/calcium-sign-consumer-probe-reuse)
==19==    by 0x409AAA8: std::rt::lang_start::<()>::{closure#0} (in /tmp/calcium-consumer-builds.X7kU2Y/calcium-reuse/release/calcium-sign-consumer-probe-reuse)
==19== 
==19== 104 bytes in 1 blocks are still reachable in loss record 22 of 52
==19==    at 0x4A24AE6: malloc (vg_replace_malloc.c:447)
==19==    by 0x40C0D9F: <hyperreal::rational::arithmetic::Rational>::from_fraction_parts_reduced (in /tmp/calcium-consumer-builds.X7kU2Y/calcium-reuse/release/calcium-sign-consumer-probe-reuse)
==19==    by 0x41000B3: <hyperreal::computable::node::Computable>::power_of_two_rational (in /tmp/calcium-consumer-builds.X7kU2Y/calcium-reuse/release/calcium-sign-consumer-probe-reuse)
==19==    by 0x4102532: <hyperreal::computable::node::ExpRelationForm>::linear (in /tmp/calcium-consumer-builds.X7kU2Y/calcium-reuse/release/calcium-sign-consumer-probe-reuse)
==19==    by 0x41028F7: <hyperreal::computable::node::ExpRelationForm>::logarithm (in /tmp/calcium-consumer-builds.X7kU2Y/calcium-reuse/release/calcium-sign-consumer-probe-reuse)
==19==    by 0x40FCDE9: <hyperreal::computable::node::Computable>::exact_sign (in /tmp/calcium-consumer-builds.X7kU2Y/calcium-reuse/release/calcium-sign-consumer-probe-reuse)
==19==    by 0x40F99C1: <hyperreal::computable::node::Computable>::structural_facts (in /tmp/calcium-consumer-builds.X7kU2Y/calcium-reuse/release/calcium-sign-consumer-probe-reuse)
==19==    by 0x409D3D0: <hyperreal::real::arithmetic::Real>::structural_facts (in /tmp/calcium-consumer-builds.X7kU2Y/calcium-reuse/release/calcium-sign-consumer-probe-reuse)
==19==    by 0x409BC21: calcium_sign_consumer_probe_reuse::main (in /tmp/calcium-consumer-builds.X7kU2Y/calcium-reuse/release/calcium-sign-consumer-probe-reuse)
==19==    by 0x409AA42: std::sys::backtrace::__rust_begin_short_backtrace::<fn(), ()> (in /tmp/calcium-consumer-builds.X7kU2Y/calcium-reuse/release/calcium-sign-consumer-probe-reuse)
==19==    by 0x409AAA8: std::rt::lang_start::<()>::{closure#0} (in /tmp/calcium-consumer-builds.X7kU2Y/calcium-reuse/release/calcium-sign-consumer-probe-reuse)
==19==    by 0x4191796: std::rt::lang_start_internal (in /tmp/calcium-consumer-builds.X7kU2Y/calcium-reuse/release/calcium-sign-consumer-probe-reuse)
==19== 
==19== 104 bytes in 1 blocks are still reachable in loss record 23 of 52
==19==    at 0x4A24AE6: malloc (vg_replace_malloc.c:447)
==19==    by 0x40C0D9F: <hyperreal::rational::arithmetic::Rational>::from_fraction_parts_reduced (in /tmp/calcium-consumer-builds.X7kU2Y/calcium-reuse/release/calcium-sign-consumer-probe-reuse)
==19==    by 0x4123A3D: <hyperreal::computable::node::THREE_HALVES_RATIONAL::{closure#0} as core::ops::function::FnOnce<()>>::call_once (in /tmp/calcium-consumer-builds.X7kU2Y/calcium-reuse/release/calcium-sign-consumer-probe-reuse)
==19==    by 0x40F54BA: <std::sync::once::Once>::call_once_force::<<std::sync::lazy_lock::LazyLock<hyperreal::rational::arithmetic::Rational>>::force::{closure#0}>::{closure#0} (in /tmp/calcium-consumer-builds.X7kU2Y/calcium-reuse/release/calcium-sign-consumer-probe-reuse)
==19==    by 0x4184018: <std::sys::sync::once::futex::Once>::call (in /tmp/calcium-consumer-builds.X7kU2Y/calcium-reuse/release/calcium-sign-consumer-probe-reuse)
==19==    by 0x4107D70: <hyperreal::computable::node::Computable>::exact_rational_half_pi_shortcut_magnitude (in /tmp/calcium-consumer-builds.X7kU2Y/calcium-reuse/release/calcium-sign-consumer-probe-reuse)
==19==    by 0x4103871: <hyperreal::computable::node::Computable>::sin_rational (in /tmp/calcium-consumer-builds.X7kU2Y/calcium-reuse/release/calcium-sign-consumer-probe-reuse)
==19==    by 0x40DC3F2: <hyperreal::real::arithmetic::Real>::sin (in /tmp/calcium-consumer-builds.X7kU2Y/calcium-reuse/release/calcium-sign-consumer-probe-reuse)
==19==    by 0x409CDD8: calcium_sign_consumer_probe_reuse::argument (in /tmp/calcium-consumer-builds.X7kU2Y/calcium-reuse/release/calcium-sign-consumer-probe-reuse)
==19==    by 0x409AD1C: calcium_sign_consumer_probe_reuse::main (in /tmp/calcium-consumer-builds.X7kU2Y/calcium-reuse/release/calcium-sign-consumer-probe-reuse)
==19==    by 0x409AA42: std::sys::backtrace::__rust_begin_short_backtrace::<fn(), ()> (in /tmp/calcium-consumer-builds.X7kU2Y/calcium-reuse/release/calcium-sign-consumer-probe-reuse)
==19==    by 0x409AAA8: std::rt::lang_start::<()>::{closure#0} (in /tmp/calcium-consumer-builds.X7kU2Y/calcium-reuse/release/calcium-sign-consumer-probe-reuse)
==19== 
==19== 104 bytes in 1 blocks are still reachable in loss record 24 of 52
==19==    at 0x4A24AE6: malloc (vg_replace_malloc.c:447)
==19==    by 0x4153C34: <std::sync::once::Once>::call_once_force::<<std::sync::once_lock::OnceLock<hyperreal::rational::arithmetic::Rational>>::initialize<<std::sync::once_lock::OnceLock<hyperreal::rational::arithmetic::Rational>>::get_or_init<<hyperreal::rational::arithmetic::Rational>::small_integer::{closure#0}>::{closure#0}, !>::{closure#0}>::{closure#0} (in /tmp/calcium-consumer-builds.X7kU2Y/calcium-reuse/release/calcium-sign-consumer-probe-reuse)
==19==    by 0x4184018: <std::sys::sync::once::futex::Once>::call (in /tmp/calcium-consumer-builds.X7kU2Y/calcium-reuse/release/calcium-sign-consumer-probe-reuse)
==19==    by 0x4153184: <std::sync::once_lock::OnceLock<hyperreal::rational::arithmetic::Rational>>::initialize::<<std::sync::once_lock::OnceLock<hyperreal::rational::arithmetic::Rational>>::get_or_init<<hyperreal::rational::arithmetic::Rational>::small_integer::{closure#0}>::{closure#0}, !> (in /tmp/calcium-consumer-builds.X7kU2Y/calcium-reuse/release/calcium-sign-consumer-probe-reuse)
==19==    by 0x40C083D: <hyperreal::rational::arithmetic::Rational>::from_primitive_integer (in /tmp/calcium-consumer-builds.X7kU2Y/calcium-reuse/release/calcium-sign-consumer-probe-reuse)
==19==    by 0x409CE62: calcium_sign_consumer_probe_reuse::argument (in /tmp/calcium-consumer-builds.X7kU2Y/calcium-reuse/release/calcium-sign-consumer-probe-reuse)
==19==    by 0x409AD1C: calcium_sign_consumer_probe_reuse::main (in /tmp/calcium-consumer-builds.X7kU2Y/calcium-reuse/release/calcium-sign-consumer-probe-reuse)
==19==    by 0x409AA42: std::sys::backtrace::__rust_begin_short_backtrace::<fn(), ()> (in /tmp/calcium-consumer-builds.X7kU2Y/calcium-reuse/release/calcium-sign-consumer-probe-reuse)
==19==    by 0x409AAA8: std::rt::lang_start::<()>::{closure#0} (in /tmp/calcium-consumer-builds.X7kU2Y/calcium-reuse/release/calcium-sign-consumer-probe-reuse)
==19==    by 0x4191796: std::rt::lang_start_internal (in /tmp/calcium-consumer-builds.X7kU2Y/calcium-reuse/release/calcium-sign-consumer-probe-reuse)
==19==    by 0x409EC74: main (in /tmp/calcium-consumer-builds.X7kU2Y/calcium-reuse/release/calcium-sign-consumer-probe-reuse)
==19== 
==19== 104 bytes in 1 blocks are still reachable in loss record 25 of 52
==19==    at 0x4A24AE6: malloc (vg_replace_malloc.c:447)
==19==    by 0x40B20B2: <hyperreal::rational::arithmetic::Rational>::extract_square_reduced (in /tmp/calcium-consumer-builds.X7kU2Y/calcium-reuse/release/calcium-sign-consumer-probe-reuse)
==19==    by 0x40B2BA9: <hyperreal::rational::arithmetic::Rational>::extract_square_reduced_retained (in /tmp/calcium-consumer-builds.X7kU2Y/calcium-reuse/release/calcium-sign-consumer-probe-reuse)
==19==    by 0x40DE91F: <hyperreal::real::arithmetic::Real>::sqrt (in /tmp/calcium-consumer-builds.X7kU2Y/calcium-reuse/release/calcium-sign-consumer-probe-reuse)
==19==    by 0x409CE87: calcium_sign_consumer_probe_reuse::argument (in /tmp/calcium-consumer-builds.X7kU2Y/calcium-reuse/release/calcium-sign-consumer-probe-reuse)
==19==    by 0x409AE8A: calcium_sign_consumer_probe_reuse::main (in /tmp/calcium-consumer-builds.X7kU2Y/calcium-reuse/release/calcium-sign-consumer-probe-reuse)
==19==    by 0x409AA42: std::sys::backtrace::__rust_begin_short_backtrace::<fn(), ()> (in /tmp/calcium-consumer-builds.X7kU2Y/calcium-reuse/release/calcium-sign-consumer-probe-reuse)
==19==    by 0x409AAA8: std::rt::lang_start::<()>::{closure#0} (in /tmp/calcium-consumer-builds.X7kU2Y/calcium-reuse/release/calcium-sign-consumer-probe-reuse)
==19==    by 0x4191796: std::rt::lang_start_internal (in /tmp/calcium-consumer-builds.X7kU2Y/calcium-reuse/release/calcium-sign-consumer-probe-reuse)
==19==    by 0x409EC74: main (in /tmp/calcium-consumer-builds.X7kU2Y/calcium-reuse/release/calcium-sign-consumer-probe-reuse)
==19== 
==19== 104 bytes in 1 blocks are still reachable in loss record 26 of 52
==19==    at 0x4A24AE6: malloc (vg_replace_malloc.c:447)
==19==    by 0x40B2225: <hyperreal::rational::arithmetic::Rational>::extract_square_reduced (in /tmp/calcium-consumer-builds.X7kU2Y/calcium-reuse/release/calcium-sign-consumer-probe-reuse)
==19==    by 0x40B2BA9: <hyperreal::rational::arithmetic::Rational>::extract_square_reduced_retained (in /tmp/calcium-consumer-builds.X7kU2Y/calcium-reuse/release/calcium-sign-consumer-probe-reuse)
==19==    by 0x40DE91F: <hyperreal::real::arithmetic::Real>::sqrt (in /tmp/calcium-consumer-builds.X7kU2Y/calcium-reuse/release/calcium-sign-consumer-probe-reuse)
==19==    by 0x409CE87: calcium_sign_consumer_probe_reuse::argument (in /tmp/calcium-consumer-builds.X7kU2Y/calcium-reuse/release/calcium-sign-consumer-probe-reuse)
==19==    by 0x409AE8A: calcium_sign_consumer_probe_reuse::main (in /tmp/calcium-consumer-builds.X7kU2Y/calcium-reuse/release/calcium-sign-consumer-probe-reuse)
==19==    by 0x409AA42: std::sys::backtrace::__rust_begin_short_backtrace::<fn(), ()> (in /tmp/calcium-consumer-builds.X7kU2Y/calcium-reuse/release/calcium-sign-consumer-probe-reuse)
==19==    by 0x409AAA8: std::rt::lang_start::<()>::{closure#0} (in /tmp/calcium-consumer-builds.X7kU2Y/calcium-reuse/release/calcium-sign-consumer-probe-reuse)
==19==    by 0x4191796: std::rt::lang_start_internal (in /tmp/calcium-consumer-builds.X7kU2Y/calcium-reuse/release/calcium-sign-consumer-probe-reuse)
==19==    by 0x409EC74: main (in /tmp/calcium-consumer-builds.X7kU2Y/calcium-reuse/release/calcium-sign-consumer-probe-reuse)
==19== 
==19== 104 bytes in 1 blocks are still reachable in loss record 27 of 52
==19==    at 0x4A24AE6: malloc (vg_replace_malloc.c:447)
==19==    by 0x4153C34: <std::sync::once::Once>::call_once_force::<<std::sync::once_lock::OnceLock<hyperreal::rational::arithmetic::Rational>>::initialize<<std::sync::once_lock::OnceLock<hyperreal::rational::arithmetic::Rational>>::get_or_init<<hyperreal::rational::arithmetic::Rational>::small_integer::{closure#0}>::{closure#0}, !>::{closure#0}>::{closure#0} (in /tmp/calcium-consumer-builds.X7kU2Y/calcium-reuse/release/calcium-sign-consumer-probe-reuse)
==19==    by 0x4184018: <std::sys::sync::once::futex::Once>::call (in /tmp/calcium-consumer-builds.X7kU2Y/calcium-reuse/release/calcium-sign-consumer-probe-reuse)
==19==    by 0x4153184: <std::sync::once_lock::OnceLock<hyperreal::rational::arithmetic::Rational>>::initialize::<<std::sync::once_lock::OnceLock<hyperreal::rational::arithmetic::Rational>>::get_or_init<<hyperreal::rational::arithmetic::Rational>::small_integer::{closure#0}>::{closure#0}, !> (in /tmp/calcium-consumer-builds.X7kU2Y/calcium-reuse/release/calcium-sign-consumer-probe-reuse)
==19==    by 0x40C083D: <hyperreal::rational::arithmetic::Rational>::from_primitive_integer (in /tmp/calcium-consumer-builds.X7kU2Y/calcium-reuse/release/calcium-sign-consumer-probe-reuse)
==19==    by 0x4102899: <hyperreal::computable::node::ExpRelationForm>::logarithm (in /tmp/calcium-consumer-builds.X7kU2Y/calcium-reuse/release/calcium-sign-consumer-probe-reuse)
==19==    by 0x41029B9: <hyperreal::computable::node::ExpRelationForm>::logarithm (in /tmp/calcium-consumer-builds.X7kU2Y/calcium-reuse/release/calcium-sign-consumer-probe-reuse)
==19==    by 0x40FCDE9: <hyperreal::computable::node::Computable>::exact_sign (in /tmp/calcium-consumer-builds.X7kU2Y/calcium-reuse/release/calcium-sign-consumer-probe-reuse)
==19==    by 0x40F99C1: <hyperreal::computable::node::Computable>::structural_facts (in /tmp/calcium-consumer-builds.X7kU2Y/calcium-reuse/release/calcium-sign-consumer-probe-reuse)
==19==    by 0x40AC3F0: <hyperreal::real::arithmetic::Real>::structural_facts (in /tmp/calcium-consumer-builds.X7kU2Y/calcium-reuse/release/calcium-sign-consumer-probe-reuse)
==19==    by 0x40AC64B: hyperlimit::resolve::resolve_real_sign_direct (in /tmp/calcium-consumer-builds.X7kU2Y/calcium-reuse/release/calcium-sign-consumer-probe-reuse)
==19==    by 0x409B17C: calcium_sign_consumer_probe_reuse::main (in /tmp/calcium-consumer-builds.X7kU2Y/calcium-reuse/release/calcium-sign-consumer-probe-reuse)
==19== 
==19== 104 bytes in 1 blocks are still reachable in loss record 28 of 52
==19==    at 0x4A24AE6: malloc (vg_replace_malloc.c:447)
==19==    by 0x4153DCA: <std::sync::once::Once>::call_once_force::<<std::sync::once_lock::OnceLock<hyperreal::rational::arithmetic::Rational>>::initialize<<std::sync::once_lock::OnceLock<hyperreal::rational::arithmetic::Rational>>::get_or_init<<hyperreal::rational::arithmetic::Rational>::small_reduced_dyadic::{closure#0}>::{closure#0}, !>::{closure#0}>::{closure#0} (in /tmp/calcium-consumer-builds.X7kU2Y/calcium-reuse/release/calcium-sign-consumer-probe-reuse)
==19==    by 0x4184018: <std::sys::sync::once::futex::Once>::call (in /tmp/calcium-consumer-builds.X7kU2Y/calcium-reuse/release/calcium-sign-consumer-probe-reuse)
==19==    by 0x41531D8: <std::sync::once_lock::OnceLock<hyperreal::rational::arithmetic::Rational>>::initialize::<<std::sync::once_lock::OnceLock<hyperreal::rational::arithmetic::Rational>>::get_or_init<<hyperreal::rational::arithmetic::Rational>::small_reduced_dyadic::{closure#0}>::{closure#0}, !> (in /tmp/calcium-consumer-builds.X7kU2Y/calcium-reuse/release/calcium-sign-consumer-probe-reuse)
==19==    by 0x40C031A: <hyperreal::rational::arithmetic::Rational>::small_reduced_dyadic (in /tmp/calcium-consumer-builds.X7kU2Y/calcium-reuse/release/calcium-sign-consumer-probe-reuse)
==19==    by 0x40C81E6: <hyperreal::rational::arithmetic::Rational>::from_reduced_word_parts (in /tmp/calcium-consumer-builds.X7kU2Y/calcium-reuse/release/calcium-sign-consumer-probe-reuse)
==19==    by 0x40CE8F6: <&hyperreal::rational::arithmetic::Rational as core::ops::arith::Mul<hyperreal::rational::arithmetic::Rational>>::mul (in /tmp/calcium-consumer-builds.X7kU2Y/calcium-reuse/release/calcium-sign-consumer-probe-reuse)
==19==    by 0x41028A6: <hyperreal::computable::node::ExpRelationForm>::logarithm (in /tmp/calcium-consumer-builds.X7kU2Y/calcium-reuse/release/calcium-sign-consumer-probe-reuse)
==19==    by 0x41029B9: <hyperreal::computable::node::ExpRelationForm>::logarithm (in /tmp/calcium-consumer-builds.X7kU2Y/calcium-reuse/release/calcium-sign-consumer-probe-reuse)
==19==    by 0x40FCDE9: <hyperreal::computable::node::Computable>::exact_sign (in /tmp/calcium-consumer-builds.X7kU2Y/calcium-reuse/release/calcium-sign-consumer-probe-reuse)
==19==    by 0x40F99C1: <hyperreal::computable::node::Computable>::structural_facts (in /tmp/calcium-consumer-builds.X7kU2Y/calcium-reuse/release/calcium-sign-consumer-probe-reuse)
==19==    by 0x40AC3F0: <hyperreal::real::arithmetic::Real>::structural_facts (in /tmp/calcium-consumer-builds.X7kU2Y/calcium-reuse/release/calcium-sign-consumer-probe-reuse)
==19== 
==19== 104 bytes in 1 blocks are still reachable in loss record 29 of 52
==19==    at 0x4A24AE6: malloc (vg_replace_malloc.c:447)
==19==    by 0x4153DCA: <std::sync::once::Once>::call_once_force::<<std::sync::once_lock::OnceLock<hyperreal::rational::arithmetic::Rational>>::initialize<<std::sync::once_lock::OnceLock<hyperreal::rational::arithmetic::Rational>>::get_or_init<<hyperreal::rational::arithmetic::Rational>::small_reduced_dyadic::{closure#0}>::{closure#0}, !>::{closure#0}>::{closure#0} (in /tmp/calcium-consumer-builds.X7kU2Y/calcium-reuse/release/calcium-sign-consumer-probe-reuse)
==19==    by 0x4184018: <std::sys::sync::once::futex::Once>::call (in /tmp/calcium-consumer-builds.X7kU2Y/calcium-reuse/release/calcium-sign-consumer-probe-reuse)
==19==    by 0x41531D8: <std::sync::once_lock::OnceLock<hyperreal::rational::arithmetic::Rational>>::initialize::<<std::sync::once_lock::OnceLock<hyperreal::rational::arithmetic::Rational>>::get_or_init<<hyperreal::rational::arithmetic::Rational>::small_reduced_dyadic::{closure#0}>::{closure#0}, !> (in /tmp/calcium-consumer-builds.X7kU2Y/calcium-reuse/release/calcium-sign-consumer-probe-reuse)
==19==    by 0x40C031A: <hyperreal::rational::arithmetic::Rational>::small_reduced_dyadic (in /tmp/calcium-consumer-builds.X7kU2Y/calcium-reuse/release/calcium-sign-consumer-probe-reuse)
==19==    by 0x40C81E6: <hyperreal::rational::arithmetic::Rational>::from_reduced_word_parts (in /tmp/calcium-consumer-builds.X7kU2Y/calcium-reuse/release/calcium-sign-consumer-probe-reuse)
==19==    by 0x40CF231: <&hyperreal::rational::arithmetic::Rational as core::ops::arith::Mul>::mul (in /tmp/calcium-consumer-builds.X7kU2Y/calcium-reuse/release/calcium-sign-consumer-probe-reuse)
==19==    by 0x40CF552: <hyperreal::rational::arithmetic::Rational as core::ops::arith::Mul>::mul (in /tmp/calcium-consumer-builds.X7kU2Y/calcium-reuse/release/calcium-sign-consumer-probe-reuse)
==19==    by 0x4102572: <hyperreal::computable::node::ExpRelationForm>::linear (in /tmp/calcium-consumer-builds.X7kU2Y/calcium-reuse/release/calcium-sign-consumer-probe-reuse)
==19==    by 0x41024D2: <hyperreal::computable::node::ExpRelationForm>::linear (in /tmp/calcium-consumer-builds.X7kU2Y/calcium-reuse/release/calcium-sign-consumer-probe-reuse)
==19==    by 0x41028F7: <hyperreal::computable::node::ExpRelationForm>::logarithm (in /tmp/calcium-consumer-builds.X7kU2Y/calcium-reuse/release/calcium-sign-consumer-probe-reuse)
==19==    by 0x41029B9: <hyperreal::computable::node::ExpRelationForm>::logarithm (in /tmp/calcium-consumer-builds.X7kU2Y/calcium-reuse/release/calcium-sign-consumer-probe-reuse)
==19== 
==19== 104 bytes in 1 blocks are still reachable in loss record 30 of 52
==19==    at 0x4A24AE6: malloc (vg_replace_malloc.c:447)
==19==    by 0x40CE044: <&hyperreal::rational::arithmetic::Rational as core::ops::arith::Neg>::neg (in /tmp/calcium-consumer-builds.X7kU2Y/calcium-reuse/release/calcium-sign-consumer-probe-reuse)
==19==    by 0x40CE66A: <&hyperreal::rational::arithmetic::Rational as core::ops::arith::Mul<hyperreal::rational::arithmetic::Rational>>::mul (in /tmp/calcium-consumer-builds.X7kU2Y/calcium-reuse/release/calcium-sign-consumer-probe-reuse)
==19==    by 0x41028A6: <hyperreal::computable::node::ExpRelationForm>::logarithm (in /tmp/calcium-consumer-builds.X7kU2Y/calcium-reuse/release/calcium-sign-consumer-probe-reuse)
==19==    by 0x40FCE0F: <hyperreal::computable::node::Computable>::exact_sign (in /tmp/calcium-consumer-builds.X7kU2Y/calcium-reuse/release/calcium-sign-consumer-probe-reuse)
==19==    by 0x40F99C1: <hyperreal::computable::node::Computable>::structural_facts (in /tmp/calcium-consumer-builds.X7kU2Y/calcium-reuse/release/calcium-sign-consumer-probe-reuse)
==19==    by 0x40AC3F0: <hyperreal::real::arithmetic::Real>::structural_facts (in /tmp/calcium-consumer-builds.X7kU2Y/calcium-reuse/release/calcium-sign-consumer-probe-reuse)
==19==    by 0x40AC64B: hyperlimit::resolve::resolve_real_sign_direct (in /tmp/calcium-consumer-builds.X7kU2Y/calcium-reuse/release/calcium-sign-consumer-probe-reuse)
==19==    by 0x409B17C: calcium_sign_consumer_probe_reuse::main (in /tmp/calcium-consumer-builds.X7kU2Y/calcium-reuse/release/calcium-sign-consumer-probe-reuse)
==19==    by 0x409AA42: std::sys::backtrace::__rust_begin_short_backtrace::<fn(), ()> (in /tmp/calcium-consumer-builds.X7kU2Y/calcium-reuse/release/calcium-sign-consumer-probe-reuse)
==19==    by 0x409AAA8: std::rt::lang_start::<()>::{closure#0} (in /tmp/calcium-consumer-builds.X7kU2Y/calcium-reuse/release/calcium-sign-consumer-probe-reuse)
==19==    by 0x4191796: std::rt::lang_start_internal (in /tmp/calcium-consumer-builds.X7kU2Y/calcium-reuse/release/calcium-sign-consumer-probe-reuse)
==19== 
==19== 104 bytes in 1 blocks are still reachable in loss record 31 of 52
==19==    at 0x4A24AE6: malloc (vg_replace_malloc.c:447)
==19==    by 0x40C0D9F: <hyperreal::rational::arithmetic::Rational>::from_fraction_parts_reduced (in /tmp/calcium-consumer-builds.X7kU2Y/calcium-reuse/release/calcium-sign-consumer-probe-reuse)
==19==    by 0x4100067: <hyperreal::computable::node::Computable>::power_of_two_rational (in /tmp/calcium-consumer-builds.X7kU2Y/calcium-reuse/release/calcium-sign-consumer-probe-reuse)
==19==    by 0x4102532: <hyperreal::computable::node::ExpRelationForm>::linear (in /tmp/calcium-consumer-builds.X7kU2Y/calcium-reuse/release/calcium-sign-consumer-probe-reuse)
==19==    by 0x4102580: <hyperreal::computable::node::ExpRelationForm>::linear (in /tmp/calcium-consumer-builds.X7kU2Y/calcium-reuse/release/calcium-sign-consumer-probe-reuse)
==19==    by 0x41024D2: <hyperreal::computable::node::ExpRelationForm>::linear (in /tmp/calcium-consumer-builds.X7kU2Y/calcium-reuse/release/calcium-sign-consumer-probe-reuse)
==19==    by 0x41028F7: <hyperreal::computable::node::ExpRelationForm>::logarithm (in /tmp/calcium-consumer-builds.X7kU2Y/calcium-reuse/release/calcium-sign-consumer-probe-reuse)
==19==    by 0x41029B9: <hyperreal::computable::node::ExpRelationForm>::logarithm (in /tmp/calcium-consumer-builds.X7kU2Y/calcium-reuse/release/calcium-sign-consumer-probe-reuse)
==19==    by 0x40FCE0F: <hyperreal::computable::node::Computable>::exact_sign (in /tmp/calcium-consumer-builds.X7kU2Y/calcium-reuse/release/calcium-sign-consumer-probe-reuse)
==19==    by 0x40F99C1: <hyperreal::computable::node::Computable>::structural_facts (in /tmp/calcium-consumer-builds.X7kU2Y/calcium-reuse/release/calcium-sign-consumer-probe-reuse)
==19==    by 0x40AC3F0: <hyperreal::real::arithmetic::Real>::structural_facts (in /tmp/calcium-consumer-builds.X7kU2Y/calcium-reuse/release/calcium-sign-consumer-probe-reuse)
==19==    by 0x40AC64B: hyperlimit::resolve::resolve_real_sign_direct (in /tmp/calcium-consumer-builds.X7kU2Y/calcium-reuse/release/calcium-sign-consumer-probe-reuse)
==19== 
==19== 104 bytes in 1 blocks are still reachable in loss record 32 of 52
==19==    at 0x4A24AE6: malloc (vg_replace_malloc.c:447)
==19==    by 0x40C0D9F: <hyperreal::rational::arithmetic::Rational>::from_fraction_parts_reduced (in /tmp/calcium-consumer-builds.X7kU2Y/calcium-reuse/release/calcium-sign-consumer-probe-reuse)
==19==    by 0x4100067: <hyperreal::computable::node::Computable>::power_of_two_rational (in /tmp/calcium-consumer-builds.X7kU2Y/calcium-reuse/release/calcium-sign-consumer-probe-reuse)
==19==    by 0x4102532: <hyperreal::computable::node::ExpRelationForm>::linear (in /tmp/calcium-consumer-builds.X7kU2Y/calcium-reuse/release/calcium-sign-consumer-probe-reuse)
==19==    by 0x4102580: <hyperreal::computable::node::ExpRelationForm>::linear (in /tmp/calcium-consumer-builds.X7kU2Y/calcium-reuse/release/calcium-sign-consumer-probe-reuse)
==19==    by 0x41024D2: <hyperreal::computable::node::ExpRelationForm>::linear (in /tmp/calcium-consumer-builds.X7kU2Y/calcium-reuse/release/calcium-sign-consumer-probe-reuse)
==19==    by 0x41028F7: <hyperreal::computable::node::ExpRelationForm>::logarithm (in /tmp/calcium-consumer-builds.X7kU2Y/calcium-reuse/release/calcium-sign-consumer-probe-reuse)
==19==    by 0x41029B9: <hyperreal::computable::node::ExpRelationForm>::logarithm (in /tmp/calcium-consumer-builds.X7kU2Y/calcium-reuse/release/calcium-sign-consumer-probe-reuse)
==19==    by 0x40FCE0F: <hyperreal::computable::node::Computable>::exact_sign (in /tmp/calcium-consumer-builds.X7kU2Y/calcium-reuse/release/calcium-sign-consumer-probe-reuse)
==19==    by 0x40F99C1: <hyperreal::computable::node::Computable>::structural_facts (in /tmp/calcium-consumer-builds.X7kU2Y/calcium-reuse/release/calcium-sign-consumer-probe-reuse)
==19==    by 0x409D3D0: <hyperreal::real::arithmetic::Real>::structural_facts (in /tmp/calcium-consumer-builds.X7kU2Y/calcium-reuse/release/calcium-sign-consumer-probe-reuse)
==19==    by 0x409BC21: calcium_sign_consumer_probe_reuse::main (in /tmp/calcium-consumer-builds.X7kU2Y/calcium-reuse/release/calcium-sign-consumer-probe-reuse)
==19== 
==19== 104 bytes in 1 blocks are still reachable in loss record 33 of 52
==19==    at 0x4A24AE6: malloc (vg_replace_malloc.c:447)
==19==    by 0x40CE044: <&hyperreal::rational::arithmetic::Rational as core::ops::arith::Neg>::neg (in /tmp/calcium-consumer-builds.X7kU2Y/calcium-reuse/release/calcium-sign-consumer-probe-reuse)
==19==    by 0x40CF10A: <&hyperreal::rational::arithmetic::Rational as core::ops::arith::Mul>::mul (in /tmp/calcium-consumer-builds.X7kU2Y/calcium-reuse/release/calcium-sign-consumer-probe-reuse)
==19==    by 0x40CF552: <hyperreal::rational::arithmetic::Rational as core::ops::arith::Mul>::mul (in /tmp/calcium-consumer-builds.X7kU2Y/calcium-reuse/release/calcium-sign-consumer-probe-reuse)
==19==    by 0x4102572: <hyperreal::computable::node::ExpRelationForm>::linear (in /tmp/calcium-consumer-builds.X7kU2Y/calcium-reuse/release/calcium-sign-consumer-probe-reuse)
==19==    by 0x4102580: <hyperreal::computable::node::ExpRelationForm>::linear (in /tmp/calcium-consumer-builds.X7kU2Y/calcium-reuse/release/calcium-sign-consumer-probe-reuse)
==19==    by 0x41024D2: <hyperreal::computable::node::ExpRelationForm>::linear (in /tmp/calcium-consumer-builds.X7kU2Y/calcium-reuse/release/calcium-sign-consumer-probe-reuse)
==19==    by 0x41028F7: <hyperreal::computable::node::ExpRelationForm>::logarithm (in /tmp/calcium-consumer-builds.X7kU2Y/calcium-reuse/release/calcium-sign-consumer-probe-reuse)
==19==    by 0x41029B9: <hyperreal::computable::node::ExpRelationForm>::logarithm (in /tmp/calcium-consumer-builds.X7kU2Y/calcium-reuse/release/calcium-sign-consumer-probe-reuse)
==19==    by 0x40FCDE9: <hyperreal::computable::node::Computable>::exact_sign (in /tmp/calcium-consumer-builds.X7kU2Y/calcium-reuse/release/calcium-sign-consumer-probe-reuse)
==19==    by 0x40F99C1: <hyperreal::computable::node::Computable>::structural_facts (in /tmp/calcium-consumer-builds.X7kU2Y/calcium-reuse/release/calcium-sign-consumer-probe-reuse)
==19==    by 0x40AC3F0: <hyperreal::real::arithmetic::Real>::structural_facts (in /tmp/calcium-consumer-builds.X7kU2Y/calcium-reuse/release/calcium-sign-consumer-probe-reuse)
==19== 
==19== 104 bytes in 1 blocks are still reachable in loss record 34 of 52
==19==    at 0x4A24AE6: malloc (vg_replace_malloc.c:447)
==19==    by 0x40CE044: <&hyperreal::rational::arithmetic::Rational as core::ops::arith::Neg>::neg (in /tmp/calcium-consumer-builds.X7kU2Y/calcium-reuse/release/calcium-sign-consumer-probe-reuse)
==19==    by 0x40CF10A: <&hyperreal::rational::arithmetic::Rational as core::ops::arith::Mul>::mul (in /tmp/calcium-consumer-builds.X7kU2Y/calcium-reuse/release/calcium-sign-consumer-probe-reuse)
==19==    by 0x40CF552: <hyperreal::rational::arithmetic::Rational as core::ops::arith::Mul>::mul (in /tmp/calcium-consumer-builds.X7kU2Y/calcium-reuse/release/calcium-sign-consumer-probe-reuse)
==19==    by 0x4102572: <hyperreal::computable::node::ExpRelationForm>::linear (in /tmp/calcium-consumer-builds.X7kU2Y/calcium-reuse/release/calcium-sign-consumer-probe-reuse)
==19==    by 0x4102580: <hyperreal::computable::node::ExpRelationForm>::linear (in /tmp/calcium-consumer-builds.X7kU2Y/calcium-reuse/release/calcium-sign-consumer-probe-reuse)
==19==    by 0x41024D2: <hyperreal::computable::node::ExpRelationForm>::linear (in /tmp/calcium-consumer-builds.X7kU2Y/calcium-reuse/release/calcium-sign-consumer-probe-reuse)
==19==    by 0x41028F7: <hyperreal::computable::node::ExpRelationForm>::logarithm (in /tmp/calcium-consumer-builds.X7kU2Y/calcium-reuse/release/calcium-sign-consumer-probe-reuse)
==19==    by 0x41029B9: <hyperreal::computable::node::ExpRelationForm>::logarithm (in /tmp/calcium-consumer-builds.X7kU2Y/calcium-reuse/release/calcium-sign-consumer-probe-reuse)
==19==    by 0x40FCDE9: <hyperreal::computable::node::Computable>::exact_sign (in /tmp/calcium-consumer-builds.X7kU2Y/calcium-reuse/release/calcium-sign-consumer-probe-reuse)
==19==    by 0x40F99C1: <hyperreal::computable::node::Computable>::structural_facts (in /tmp/calcium-consumer-builds.X7kU2Y/calcium-reuse/release/calcium-sign-consumer-probe-reuse)
==19==    by 0x409D3D0: <hyperreal::real::arithmetic::Real>::structural_facts (in /tmp/calcium-consumer-builds.X7kU2Y/calcium-reuse/release/calcium-sign-consumer-probe-reuse)
==19== 
==19== 176 bytes in 1 blocks are still reachable in loss record 35 of 52
==19==    at 0x4A24AE6: malloc (vg_replace_malloc.c:447)
==19==    by 0x40B8B81: <hyperreal::rational::arithmetic::Rational>::retain_negation_entry (in /tmp/calcium-consumer-builds.X7kU2Y/calcium-reuse/release/calcium-sign-consumer-probe-reuse)
==19==    by 0x40B88E3: <hyperreal::rational::arithmetic::Rational>::retain_negation_pair (in /tmp/calcium-consumer-builds.X7kU2Y/calcium-reuse/release/calcium-sign-consumer-probe-reuse)
==19==    by 0x40CE0A1: <&hyperreal::rational::arithmetic::Rational as core::ops::arith::Neg>::neg (in /tmp/calcium-consumer-builds.X7kU2Y/calcium-reuse/release/calcium-sign-consumer-probe-reuse)
==19==    by 0x40CF123: <&hyperreal::rational::arithmetic::Rational as core::ops::arith::Mul>::mul (in /tmp/calcium-consumer-builds.X7kU2Y/calcium-reuse/release/calcium-sign-consumer-probe-reuse)
==19==    by 0x40CF552: <hyperreal::rational::arithmetic::Rational as core::ops::arith::Mul>::mul (in /tmp/calcium-consumer-builds.X7kU2Y/calcium-reuse/release/calcium-sign-consumer-probe-reuse)
==19==    by 0x41023A4: <hyperreal::computable::node::ExpRelationForm>::linear (in /tmp/calcium-consumer-builds.X7kU2Y/calcium-reuse/release/calcium-sign-consumer-probe-reuse)
==19==    by 0x41028F7: <hyperreal::computable::node::ExpRelationForm>::logarithm (in /tmp/calcium-consumer-builds.X7kU2Y/calcium-reuse/release/calcium-sign-consumer-probe-reuse)
==19==    by 0x40FCE0F: <hyperreal::computable::node::Computable>::exact_sign (in /tmp/calcium-consumer-builds.X7kU2Y/calcium-reuse/release/calcium-sign-consumer-probe-reuse)
==19==    by 0x40F99C1: <hyperreal::computable::node::Computable>::structural_facts (in /tmp/calcium-consumer-builds.X7kU2Y/calcium-reuse/release/calcium-sign-consumer-probe-reuse)
==19==    by 0x40AC3F0: <hyperreal::real::arithmetic::Real>::structural_facts (in /tmp/calcium-consumer-builds.X7kU2Y/calcium-reuse/release/calcium-sign-consumer-probe-reuse)
==19==    by 0x40AC64B: hyperlimit::resolve::resolve_real_sign_direct (in /tmp/calcium-consumer-builds.X7kU2Y/calcium-reuse/release/calcium-sign-consumer-probe-reuse)
==19== 
==19== 176 bytes in 1 blocks are still reachable in loss record 36 of 52
==19==    at 0x4A24AE6: malloc (vg_replace_malloc.c:447)
==19==    by 0x40B5232: <hyperreal::rational::arithmetic::Rational>::retain_linear (in /tmp/calcium-consumer-builds.X7kU2Y/calcium-reuse/release/calcium-sign-consumer-probe-reuse)
==19==    by 0x40B5494: <hyperreal::rational::arithmetic::Rational>::retain_sum_pair (in /tmp/calcium-consumer-builds.X7kU2Y/calcium-reuse/release/calcium-sign-consumer-probe-reuse)
==19==    by 0x40B81C9: <hyperreal::rational::arithmetic::Rational>::add_ref (in /tmp/calcium-consumer-builds.X7kU2Y/calcium-reuse/release/calcium-sign-consumer-probe-reuse)
==19==    by 0x41023BA: <hyperreal::computable::node::ExpRelationForm>::linear (in /tmp/calcium-consumer-builds.X7kU2Y/calcium-reuse/release/calcium-sign-consumer-probe-reuse)
==19==    by 0x41028F7: <hyperreal::computable::node::ExpRelationForm>::logarithm (in /tmp/calcium-consumer-builds.X7kU2Y/calcium-reuse/release/calcium-sign-consumer-probe-reuse)
==19==    by 0x40FCE0F: <hyperreal::computable::node::Computable>::exact_sign (in /tmp/calcium-consumer-builds.X7kU2Y/calcium-reuse/release/calcium-sign-consumer-probe-reuse)
==19==    by 0x40F99C1: <hyperreal::computable::node::Computable>::structural_facts (in /tmp/calcium-consumer-builds.X7kU2Y/calcium-reuse/release/calcium-sign-consumer-probe-reuse)
==19==    by 0x40AC3F0: <hyperreal::real::arithmetic::Real>::structural_facts (in /tmp/calcium-consumer-builds.X7kU2Y/calcium-reuse/release/calcium-sign-consumer-probe-reuse)
==19==    by 0x40AC64B: hyperlimit::resolve::resolve_real_sign_direct (in /tmp/calcium-consumer-builds.X7kU2Y/calcium-reuse/release/calcium-sign-consumer-probe-reuse)
==19==    by 0x409B17C: calcium_sign_consumer_probe_reuse::main (in /tmp/calcium-consumer-builds.X7kU2Y/calcium-reuse/release/calcium-sign-consumer-probe-reuse)
==19==    by 0x409AA42: std::sys::backtrace::__rust_begin_short_backtrace::<fn(), ()> (in /tmp/calcium-consumer-builds.X7kU2Y/calcium-reuse/release/calcium-sign-consumer-probe-reuse)
==19== 
==19== 176 bytes in 1 blocks are still reachable in loss record 37 of 52
==19==    at 0x4A24AE6: malloc (vg_replace_malloc.c:447)
==19==    by 0x40B8B81: <hyperreal::rational::arithmetic::Rational>::retain_negation_entry (in /tmp/calcium-consumer-builds.X7kU2Y/calcium-reuse/release/calcium-sign-consumer-probe-reuse)
==19==    by 0x40B88E3: <hyperreal::rational::arithmetic::Rational>::retain_negation_pair (in /tmp/calcium-consumer-builds.X7kU2Y/calcium-reuse/release/calcium-sign-consumer-probe-reuse)
==19==    by 0x40CE0A1: <&hyperreal::rational::arithmetic::Rational as core::ops::arith::Neg>::neg (in /tmp/calcium-consumer-builds.X7kU2Y/calcium-reuse/release/calcium-sign-consumer-probe-reuse)
==19==    by 0x40CF123: <&hyperreal::rational::arithmetic::Rational as core::ops::arith::Mul>::mul (in /tmp/calcium-consumer-builds.X7kU2Y/calcium-reuse/release/calcium-sign-consumer-probe-reuse)
==19==    by 0x40CF552: <hyperreal::rational::arithmetic::Rational as core::ops::arith::Mul>::mul (in /tmp/calcium-consumer-builds.X7kU2Y/calcium-reuse/release/calcium-sign-consumer-probe-reuse)
==19==    by 0x41023A4: <hyperreal::computable::node::ExpRelationForm>::linear (in /tmp/calcium-consumer-builds.X7kU2Y/calcium-reuse/release/calcium-sign-consumer-probe-reuse)
==19==    by 0x41028F7: <hyperreal::computable::node::ExpRelationForm>::logarithm (in /tmp/calcium-consumer-builds.X7kU2Y/calcium-reuse/release/calcium-sign-consumer-probe-reuse)
==19==    by 0x40FCE0F: <hyperreal::computable::node::Computable>::exact_sign (in /tmp/calcium-consumer-builds.X7kU2Y/calcium-reuse/release/calcium-sign-consumer-probe-reuse)
==19==    by 0x40F99C1: <hyperreal::computable::node::Computable>::structural_facts (in /tmp/calcium-consumer-builds.X7kU2Y/calcium-reuse/release/calcium-sign-consumer-probe-reuse)
==19==    by 0x409D3D0: <hyperreal::real::arithmetic::Real>::structural_facts (in /tmp/calcium-consumer-builds.X7kU2Y/calcium-reuse/release/calcium-sign-consumer-probe-reuse)
==19==    by 0x409BC21: calcium_sign_consumer_probe_reuse::main (in /tmp/calcium-consumer-builds.X7kU2Y/calcium-reuse/release/calcium-sign-consumer-probe-reuse)
==19== 
==19== 176 bytes in 1 blocks are still reachable in loss record 38 of 52
==19==    at 0x4A24AE6: malloc (vg_replace_malloc.c:447)
==19==    by 0x40B8B81: <hyperreal::rational::arithmetic::Rational>::retain_negation_entry (in /tmp/calcium-consumer-builds.X7kU2Y/calcium-reuse/release/calcium-sign-consumer-probe-reuse)
==19==    by 0x40CE0A1: <&hyperreal::rational::arithmetic::Rational as core::ops::arith::Neg>::neg (in /tmp/calcium-consumer-builds.X7kU2Y/calcium-reuse/release/calcium-sign-consumer-probe-reuse)
==19==    by 0x40CF123: <&hyperreal::rational::arithmetic::Rational as core::ops::arith::Mul>::mul (in /tmp/calcium-consumer-builds.X7kU2Y/calcium-reuse/release/calcium-sign-consumer-probe-reuse)
==19==    by 0x40CF552: <hyperreal::rational::arithmetic::Rational as core::ops::arith::Mul>::mul (in /tmp/calcium-consumer-builds.X7kU2Y/calcium-reuse/release/calcium-sign-consumer-probe-reuse)
==19==    by 0x41023A4: <hyperreal::computable::node::ExpRelationForm>::linear (in /tmp/calcium-consumer-builds.X7kU2Y/calcium-reuse/release/calcium-sign-consumer-probe-reuse)
==19==    by 0x41028F7: <hyperreal::computable::node::ExpRelationForm>::logarithm (in /tmp/calcium-consumer-builds.X7kU2Y/calcium-reuse/release/calcium-sign-consumer-probe-reuse)
==19==    by 0x40FCE0F: <hyperreal::computable::node::Computable>::exact_sign (in /tmp/calcium-consumer-builds.X7kU2Y/calcium-reuse/release/calcium-sign-consumer-probe-reuse)
==19==    by 0x40F99C1: <hyperreal::computable::node::Computable>::structural_facts (in /tmp/calcium-consumer-builds.X7kU2Y/calcium-reuse/release/calcium-sign-consumer-probe-reuse)
==19==    by 0x409D3D0: <hyperreal::real::arithmetic::Real>::structural_facts (in /tmp/calcium-consumer-builds.X7kU2Y/calcium-reuse/release/calcium-sign-consumer-probe-reuse)
==19==    by 0x409BC21: calcium_sign_consumer_probe_reuse::main (in /tmp/calcium-consumer-builds.X7kU2Y/calcium-reuse/release/calcium-sign-consumer-probe-reuse)
==19==    by 0x409AA42: std::sys::backtrace::__rust_begin_short_backtrace::<fn(), ()> (in /tmp/calcium-consumer-builds.X7kU2Y/calcium-reuse/release/calcium-sign-consumer-probe-reuse)
==19== 
==19== 176 bytes in 1 blocks are still reachable in loss record 39 of 52
==19==    at 0x4A24AE6: malloc (vg_replace_malloc.c:447)
==19==    by 0x40B27B8: <hyperreal::rational::arithmetic::Rational>::retain_square_reduction (in /tmp/calcium-consumer-builds.X7kU2Y/calcium-reuse/release/calcium-sign-consumer-probe-reuse)
==19==    by 0x40B2BC5: <hyperreal::rational::arithmetic::Rational>::extract_square_reduced_retained (in /tmp/calcium-consumer-builds.X7kU2Y/calcium-reuse/release/calcium-sign-consumer-probe-reuse)
==19==    by 0x40DE91F: <hyperreal::real::arithmetic::Real>::sqrt (in /tmp/calcium-consumer-builds.X7kU2Y/calcium-reuse/release/calcium-sign-consumer-probe-reuse)
==19==    by 0x409CF0B: calcium_sign_consumer_probe_reuse::argument (in /tmp/calcium-consumer-builds.X7kU2Y/calcium-reuse/release/calcium-sign-consumer-probe-reuse)
==19==    by 0x409AE8A: calcium_sign_consumer_probe_reuse::main (in /tmp/calcium-consumer-builds.X7kU2Y/calcium-reuse/release/calcium-sign-consumer-probe-reuse)
==19==    by 0x409AA42: std::sys::backtrace::__rust_begin_short_backtrace::<fn(), ()> (in /tmp/calcium-consumer-builds.X7kU2Y/calcium-reuse/release/calcium-sign-consumer-probe-reuse)
==19==    by 0x409AAA8: std::rt::lang_start::<()>::{closure#0} (in /tmp/calcium-consumer-builds.X7kU2Y/calcium-reuse/release/calcium-sign-consumer-probe-reuse)
==19==    by 0x4191796: std::rt::lang_start_internal (in /tmp/calcium-consumer-builds.X7kU2Y/calcium-reuse/release/calcium-sign-consumer-probe-reuse)
==19==    by 0x409EC74: main (in /tmp/calcium-consumer-builds.X7kU2Y/calcium-reuse/release/calcium-sign-consumer-probe-reuse)
==19== 
==19== 176 bytes in 1 blocks are still reachable in loss record 40 of 52
==19==    at 0x4A24AE6: malloc (vg_replace_malloc.c:447)
==19==    by 0x40B5232: <hyperreal::rational::arithmetic::Rational>::retain_linear (in /tmp/calcium-consumer-builds.X7kU2Y/calcium-reuse/release/calcium-sign-consumer-probe-reuse)
==19==    by 0x40B5494: <hyperreal::rational::arithmetic::Rational>::retain_sum_pair (in /tmp/calcium-consumer-builds.X7kU2Y/calcium-reuse/release/calcium-sign-consumer-probe-reuse)
==19==    by 0x40B82B5: <hyperreal::rational::arithmetic::Rational>::add_ref (in /tmp/calcium-consumer-builds.X7kU2Y/calcium-reuse/release/calcium-sign-consumer-probe-reuse)
==19==    by 0x4101EDF: <hyperreal::computable::node::ExpRelationForm>::term (in /tmp/calcium-consumer-builds.X7kU2Y/calcium-reuse/release/calcium-sign-consumer-probe-reuse)
==19==    by 0x410254B: <hyperreal::computable::node::ExpRelationForm>::linear (in /tmp/calcium-consumer-builds.X7kU2Y/calcium-reuse/release/calcium-sign-consumer-probe-reuse)
==19==    by 0x4102580: <hyperreal::computable::node::ExpRelationForm>::linear (in /tmp/calcium-consumer-builds.X7kU2Y/calcium-reuse/release/calcium-sign-consumer-probe-reuse)
==19==    by 0x41028F7: <hyperreal::computable::node::ExpRelationForm>::logarithm (in /tmp/calcium-consumer-builds.X7kU2Y/calcium-reuse/release/calcium-sign-consumer-probe-reuse)
==19==    by 0x40FCE0F: <hyperreal::computable::node::Computable>::exact_sign (in /tmp/calcium-consumer-builds.X7kU2Y/calcium-reuse/release/calcium-sign-consumer-probe-reuse)
==19==    by 0x40F99C1: <hyperreal::computable::node::Computable>::structural_facts (in /tmp/calcium-consumer-builds.X7kU2Y/calcium-reuse/release/calcium-sign-consumer-probe-reuse)
==19==    by 0x409D3D0: <hyperreal::real::arithmetic::Real>::structural_facts (in /tmp/calcium-consumer-builds.X7kU2Y/calcium-reuse/release/calcium-sign-consumer-probe-reuse)
==19==    by 0x409BC21: calcium_sign_consumer_probe_reuse::main (in /tmp/calcium-consumer-builds.X7kU2Y/calcium-reuse/release/calcium-sign-consumer-probe-reuse)
==19== 
==19== 176 bytes in 1 blocks are still reachable in loss record 41 of 52
==19==    at 0x4A24AE6: malloc (vg_replace_malloc.c:447)
==19==    by 0x40B8B81: <hyperreal::rational::arithmetic::Rational>::retain_negation_entry (in /tmp/calcium-consumer-builds.X7kU2Y/calcium-reuse/release/calcium-sign-consumer-probe-reuse)
==19==    by 0x40B88E3: <hyperreal::rational::arithmetic::Rational>::retain_negation_pair (in /tmp/calcium-consumer-builds.X7kU2Y/calcium-reuse/release/calcium-sign-consumer-probe-reuse)
==19==    by 0x40CE0A1: <&hyperreal::rational::arithmetic::Rational as core::ops::arith::Neg>::neg (in /tmp/calcium-consumer-builds.X7kU2Y/calcium-reuse/release/calcium-sign-consumer-probe-reuse)
==19==    by 0x40CF10A: <&hyperreal::rational::arithmetic::Rational as core::ops::arith::Mul>::mul (in /tmp/calcium-consumer-builds.X7kU2Y/calcium-reuse/release/calcium-sign-consumer-probe-reuse)
==19==    by 0x40CF552: <hyperreal::rational::arithmetic::Rational as core::ops::arith::Mul>::mul (in /tmp/calcium-consumer-builds.X7kU2Y/calcium-reuse/release/calcium-sign-consumer-probe-reuse)
==19==    by 0x41029AB: <hyperreal::computable::node::ExpRelationForm>::logarithm (in /tmp/calcium-consumer-builds.X7kU2Y/calcium-reuse/release/calcium-sign-consumer-probe-reuse)
==19==    by 0x40FCE0F: <hyperreal::computable::node::Computable>::exact_sign (in /tmp/calcium-consumer-builds.X7kU2Y/calcium-reuse/release/calcium-sign-consumer-probe-reuse)
==19==    by 0x40F99C1: <hyperreal::computable::node::Computable>::structural_facts (in /tmp/calcium-consumer-builds.X7kU2Y/calcium-reuse/release/calcium-sign-consumer-probe-reuse)
==19==    by 0x40AC3F0: <hyperreal::real::arithmetic::Real>::structural_facts (in /tmp/calcium-consumer-builds.X7kU2Y/calcium-reuse/release/calcium-sign-consumer-probe-reuse)
==19==    by 0x40AC64B: hyperlimit::resolve::resolve_real_sign_direct (in /tmp/calcium-consumer-builds.X7kU2Y/calcium-reuse/release/calcium-sign-consumer-probe-reuse)
==19==    by 0x409B17C: calcium_sign_consumer_probe_reuse::main (in /tmp/calcium-consumer-builds.X7kU2Y/calcium-reuse/release/calcium-sign-consumer-probe-reuse)
==19== 
==19== 176 bytes in 1 blocks are still reachable in loss record 42 of 52
==19==    at 0x4A24AE6: malloc (vg_replace_malloc.c:447)
==19==    by 0x40B27B8: <hyperreal::rational::arithmetic::Rational>::retain_square_reduction (in /tmp/calcium-consumer-builds.X7kU2Y/calcium-reuse/release/calcium-sign-consumer-probe-reuse)
==19==    by 0x40B2BC5: <hyperreal::rational::arithmetic::Rational>::extract_square_reduced_retained (in /tmp/calcium-consumer-builds.X7kU2Y/calcium-reuse/release/calcium-sign-consumer-probe-reuse)
==19==    by 0x40DE91F: <hyperreal::real::arithmetic::Real>::sqrt (in /tmp/calcium-consumer-builds.X7kU2Y/calcium-reuse/release/calcium-sign-consumer-probe-reuse)
==19==    by 0x409CE87: calcium_sign_consumer_probe_reuse::argument (in /tmp/calcium-consumer-builds.X7kU2Y/calcium-reuse/release/calcium-sign-consumer-probe-reuse)
==19==    by 0x409AE8A: calcium_sign_consumer_probe_reuse::main (in /tmp/calcium-consumer-builds.X7kU2Y/calcium-reuse/release/calcium-sign-consumer-probe-reuse)
==19==    by 0x409AA42: std::sys::backtrace::__rust_begin_short_backtrace::<fn(), ()> (in /tmp/calcium-consumer-builds.X7kU2Y/calcium-reuse/release/calcium-sign-consumer-probe-reuse)
==19==    by 0x409AAA8: std::rt::lang_start::<()>::{closure#0} (in /tmp/calcium-consumer-builds.X7kU2Y/calcium-reuse/release/calcium-sign-consumer-probe-reuse)
==19==    by 0x4191796: std::rt::lang_start_internal (in /tmp/calcium-consumer-builds.X7kU2Y/calcium-reuse/release/calcium-sign-consumer-probe-reuse)
==19==    by 0x409EC74: main (in /tmp/calcium-consumer-builds.X7kU2Y/calcium-reuse/release/calcium-sign-consumer-probe-reuse)
==19== 
==19== 176 bytes in 1 blocks are still reachable in loss record 43 of 52
==19==    at 0x4A24AE6: malloc (vg_replace_malloc.c:447)
==19==    by 0x40B8B81: <hyperreal::rational::arithmetic::Rational>::retain_negation_entry (in /tmp/calcium-consumer-builds.X7kU2Y/calcium-reuse/release/calcium-sign-consumer-probe-reuse)
==19==    by 0x40B88E3: <hyperreal::rational::arithmetic::Rational>::retain_negation_pair (in /tmp/calcium-consumer-builds.X7kU2Y/calcium-reuse/release/calcium-sign-consumer-probe-reuse)
==19==    by 0x40CE0A1: <&hyperreal::rational::arithmetic::Rational as core::ops::arith::Neg>::neg (in /tmp/calcium-consumer-builds.X7kU2Y/calcium-reuse/release/calcium-sign-consumer-probe-reuse)
==19==    by 0x40CE66A: <&hyperreal::rational::arithmetic::Rational as core::ops::arith::Mul<hyperreal::rational::arithmetic::Rational>>::mul (in /tmp/calcium-consumer-builds.X7kU2Y/calcium-reuse/release/calcium-sign-consumer-probe-reuse)
==19==    by 0x41028A6: <hyperreal::computable::node::ExpRelationForm>::logarithm (in /tmp/calcium-consumer-builds.X7kU2Y/calcium-reuse/release/calcium-sign-consumer-probe-reuse)
==19==    by 0x40FCE0F: <hyperreal::computable::node::Computable>::exact_sign (in /tmp/calcium-consumer-builds.X7kU2Y/calcium-reuse/release/calcium-sign-consumer-probe-reuse)
==19==    by 0x40F99C1: <hyperreal::computable::node::Computable>::structural_facts (in /tmp/calcium-consumer-builds.X7kU2Y/calcium-reuse/release/calcium-sign-consumer-probe-reuse)
==19==    by 0x40AC3F0: <hyperreal::real::arithmetic::Real>::structural_facts (in /tmp/calcium-consumer-builds.X7kU2Y/calcium-reuse/release/calcium-sign-consumer-probe-reuse)
==19==    by 0x40AC64B: hyperlimit::resolve::resolve_real_sign_direct (in /tmp/calcium-consumer-builds.X7kU2Y/calcium-reuse/release/calcium-sign-consumer-probe-reuse)
==19==    by 0x409B17C: calcium_sign_consumer_probe_reuse::main (in /tmp/calcium-consumer-builds.X7kU2Y/calcium-reuse/release/calcium-sign-consumer-probe-reuse)
==19==    by 0x409AA42: std::sys::backtrace::__rust_begin_short_backtrace::<fn(), ()> (in /tmp/calcium-consumer-builds.X7kU2Y/calcium-reuse/release/calcium-sign-consumer-probe-reuse)
==19== 
==19== 176 bytes in 1 blocks are still reachable in loss record 44 of 52
==19==    at 0x4A24AE6: malloc (vg_replace_malloc.c:447)
==19==    by 0x40B5232: <hyperreal::rational::arithmetic::Rational>::retain_linear (in /tmp/calcium-consumer-builds.X7kU2Y/calcium-reuse/release/calcium-sign-consumer-probe-reuse)
==19==    by 0x40B5494: <hyperreal::rational::arithmetic::Rational>::retain_sum_pair (in /tmp/calcium-consumer-builds.X7kU2Y/calcium-reuse/release/calcium-sign-consumer-probe-reuse)
==19==    by 0x40B82B5: <hyperreal::rational::arithmetic::Rational>::add_ref (in /tmp/calcium-consumer-builds.X7kU2Y/calcium-reuse/release/calcium-sign-consumer-probe-reuse)
==19==    by 0x4101EDF: <hyperreal::computable::node::ExpRelationForm>::term (in /tmp/calcium-consumer-builds.X7kU2Y/calcium-reuse/release/calcium-sign-consumer-probe-reuse)
==19==    by 0x4102491: <hyperreal::computable::node::ExpRelationForm>::linear (in /tmp/calcium-consumer-builds.X7kU2Y/calcium-reuse/release/calcium-sign-consumer-probe-reuse)
==19==    by 0x4102580: <hyperreal::computable::node::ExpRelationForm>::linear (in /tmp/calcium-consumer-builds.X7kU2Y/calcium-reuse/release/calcium-sign-consumer-probe-reuse)
==19==    by 0x41024D2: <hyperreal::computable::node::ExpRelationForm>::linear (in /tmp/calcium-consumer-builds.X7kU2Y/calcium-reuse/release/calcium-sign-consumer-probe-reuse)
==19==    by 0x41028F7: <hyperreal::computable::node::ExpRelationForm>::logarithm (in /tmp/calcium-consumer-builds.X7kU2Y/calcium-reuse/release/calcium-sign-consumer-probe-reuse)
==19==    by 0x41029B9: <hyperreal::computable::node::ExpRelationForm>::logarithm (in /tmp/calcium-consumer-builds.X7kU2Y/calcium-reuse/release/calcium-sign-consumer-probe-reuse)
==19==    by 0x41029B9: <hyperreal::computable::node::ExpRelationForm>::logarithm (in /tmp/calcium-consumer-builds.X7kU2Y/calcium-reuse/release/calcium-sign-consumer-probe-reuse)
==19==    by 0x40FCDE9: <hyperreal::computable::node::Computable>::exact_sign (in /tmp/calcium-consumer-builds.X7kU2Y/calcium-reuse/release/calcium-sign-consumer-probe-reuse)
==19== 
==19== 192 bytes in 1 blocks are still reachable in loss record 45 of 52
==19==    at 0x4A2C8E1: realloc (vg_replace_malloc.c:1741)
==19==    by 0x4169D67: <alloc::raw_vec::RawVecInner>::finish_grow (in /tmp/calcium-consumer-builds.X7kU2Y/calcium-reuse/release/calcium-sign-consumer-probe-reuse)
==19==    by 0x4169CE3: <alloc::raw_vec::RawVec<u64>>::grow_one (in /tmp/calcium-consumer-builds.X7kU2Y/calcium-reuse/release/calcium-sign-consumer-probe-reuse)
==19==    by 0x415D778: num_bigint::biguint::multiplication::scalar_mul (in /tmp/calcium-consumer-builds.X7kU2Y/calcium-reuse/release/calcium-sign-consumer-probe-reuse)
==19==    by 0x40D181A: <&num_bigint::biguint::BigUint as core::ops::arith::Mul>::mul (in /tmp/calcium-consumer-builds.X7kU2Y/calcium-reuse/release/calcium-sign-consumer-probe-reuse)
==19==    by 0x40B7D39: <hyperreal::rational::arithmetic::Rational>::add_ref (in /tmp/calcium-consumer-builds.X7kU2Y/calcium-reuse/release/calcium-sign-consumer-probe-reuse)
==19==    by 0x4096953: <hyperreal::real::arithmetic::Real as core::ops::arith::Add>::add (in /tmp/calcium-consumer-builds.X7kU2Y/calcium-reuse/release/calcium-sign-consumer-probe-reuse)
==19==    by 0x409AF05: calcium_sign_consumer_probe_reuse::main (in /tmp/calcium-consumer-builds.X7kU2Y/calcium-reuse/release/calcium-sign-consumer-probe-reuse)
==19==    by 0x409AA42: std::sys::backtrace::__rust_begin_short_backtrace::<fn(), ()> (in /tmp/calcium-consumer-builds.X7kU2Y/calcium-reuse/release/calcium-sign-consumer-probe-reuse)
==19==    by 0x409AAA8: std::rt::lang_start::<()>::{closure#0} (in /tmp/calcium-consumer-builds.X7kU2Y/calcium-reuse/release/calcium-sign-consumer-probe-reuse)
==19==    by 0x4191796: std::rt::lang_start_internal (in /tmp/calcium-consumer-builds.X7kU2Y/calcium-reuse/release/calcium-sign-consumer-probe-reuse)
==19==    by 0x409EC74: main (in /tmp/calcium-consumer-builds.X7kU2Y/calcium-reuse/release/calcium-sign-consumer-probe-reuse)
==19== 
==19== 208 bytes in 2 blocks are still reachable in loss record 46 of 52
==19==    at 0x4A24AE6: malloc (vg_replace_malloc.c:447)
==19==    by 0x40CE044: <&hyperreal::rational::arithmetic::Rational as core::ops::arith::Neg>::neg (in /tmp/calcium-consumer-builds.X7kU2Y/calcium-reuse/release/calcium-sign-consumer-probe-reuse)
==19==    by 0x40CF123: <&hyperreal::rational::arithmetic::Rational as core::ops::arith::Mul>::mul (in /tmp/calcium-consumer-builds.X7kU2Y/calcium-reuse/release/calcium-sign-consumer-probe-reuse)
==19==    by 0x40CF552: <hyperreal::rational::arithmetic::Rational as core::ops::arith::Mul>::mul (in /tmp/calcium-consumer-builds.X7kU2Y/calcium-reuse/release/calcium-sign-consumer-probe-reuse)
==19==    by 0x41023A4: <hyperreal::computable::node::ExpRelationForm>::linear (in /tmp/calcium-consumer-builds.X7kU2Y/calcium-reuse/release/calcium-sign-consumer-probe-reuse)
==19==    by 0x41028F7: <hyperreal::computable::node::ExpRelationForm>::logarithm (in /tmp/calcium-consumer-builds.X7kU2Y/calcium-reuse/release/calcium-sign-consumer-probe-reuse)
==19==    by 0x40FCE0F: <hyperreal::computable::node::Computable>::exact_sign (in /tmp/calcium-consumer-builds.X7kU2Y/calcium-reuse/release/calcium-sign-consumer-probe-reuse)
==19==    by 0x40F99C1: <hyperreal::computable::node::Computable>::structural_facts (in /tmp/calcium-consumer-builds.X7kU2Y/calcium-reuse/release/calcium-sign-consumer-probe-reuse)
==19==    by 0x40AC3F0: <hyperreal::real::arithmetic::Real>::structural_facts (in /tmp/calcium-consumer-builds.X7kU2Y/calcium-reuse/release/calcium-sign-consumer-probe-reuse)
==19==    by 0x40AC64B: hyperlimit::resolve::resolve_real_sign_direct (in /tmp/calcium-consumer-builds.X7kU2Y/calcium-reuse/release/calcium-sign-consumer-probe-reuse)
==19==    by 0x409B17C: calcium_sign_consumer_probe_reuse::main (in /tmp/calcium-consumer-builds.X7kU2Y/calcium-reuse/release/calcium-sign-consumer-probe-reuse)
==19==    by 0x409AA42: std::sys::backtrace::__rust_begin_short_backtrace::<fn(), ()> (in /tmp/calcium-consumer-builds.X7kU2Y/calcium-reuse/release/calcium-sign-consumer-probe-reuse)
==19== 
==19== 208 bytes in 2 blocks are still reachable in loss record 47 of 52
==19==    at 0x4A24AE6: malloc (vg_replace_malloc.c:447)
==19==    by 0x4163FF9: num_bigint::biguint::division::div_rem_cow (in /tmp/calcium-consumer-builds.X7kU2Y/calcium-reuse/release/calcium-sign-consumer-probe-reuse)
==19==    by 0x416445F: num_bigint::biguint::division::div_rem_ref (in /tmp/calcium-consumer-builds.X7kU2Y/calcium-reuse/release/calcium-sign-consumer-probe-reuse)
==19==    by 0x40C1345: <hyperreal::rational::arithmetic::Rational>::reduce_with_possible_divisor (in /tmp/calcium-consumer-builds.X7kU2Y/calcium-reuse/release/calcium-sign-consumer-probe-reuse)
==19==    by 0x40B81B1: <hyperreal::rational::arithmetic::Rational>::add_ref (in /tmp/calcium-consumer-builds.X7kU2Y/calcium-reuse/release/calcium-sign-consumer-probe-reuse)
==19==    by 0x41023BA: <hyperreal::computable::node::ExpRelationForm>::linear (in /tmp/calcium-consumer-builds.X7kU2Y/calcium-reuse/release/calcium-sign-consumer-probe-reuse)
==19==    by 0x41028F7: <hyperreal::computable::node::ExpRelationForm>::logarithm (in /tmp/calcium-consumer-builds.X7kU2Y/calcium-reuse/release/calcium-sign-consumer-probe-reuse)
==19==    by 0x40FCE0F: <hyperreal::computable::node::Computable>::exact_sign (in /tmp/calcium-consumer-builds.X7kU2Y/calcium-reuse/release/calcium-sign-consumer-probe-reuse)
==19==    by 0x40F99C1: <hyperreal::computable::node::Computable>::structural_facts (in /tmp/calcium-consumer-builds.X7kU2Y/calcium-reuse/release/calcium-sign-consumer-probe-reuse)
==19==    by 0x40AC3F0: <hyperreal::real::arithmetic::Real>::structural_facts (in /tmp/calcium-consumer-builds.X7kU2Y/calcium-reuse/release/calcium-sign-consumer-probe-reuse)
==19==    by 0x40AC64B: hyperlimit::resolve::resolve_real_sign_direct (in /tmp/calcium-consumer-builds.X7kU2Y/calcium-reuse/release/calcium-sign-consumer-probe-reuse)
==19==    by 0x409B17C: calcium_sign_consumer_probe_reuse::main (in /tmp/calcium-consumer-builds.X7kU2Y/calcium-reuse/release/calcium-sign-consumer-probe-reuse)
==19== 
==19== 208 bytes in 2 blocks are still reachable in loss record 48 of 52
==19==    at 0x4A24AE6: malloc (vg_replace_malloc.c:447)
==19==    by 0x40C1425: <hyperreal::rational::arithmetic::Rational>::reduce_with_possible_divisor (in /tmp/calcium-consumer-builds.X7kU2Y/calcium-reuse/release/calcium-sign-consumer-probe-reuse)
==19==    by 0x40B81B1: <hyperreal::rational::arithmetic::Rational>::add_ref (in /tmp/calcium-consumer-builds.X7kU2Y/calcium-reuse/release/calcium-sign-consumer-probe-reuse)
==19==    by 0x41023BA: <hyperreal::computable::node::ExpRelationForm>::linear (in /tmp/calcium-consumer-builds.X7kU2Y/calcium-reuse/release/calcium-sign-consumer-probe-reuse)
==19==    by 0x41028F7: <hyperreal::computable::node::ExpRelationForm>::logarithm (in /tmp/calcium-consumer-builds.X7kU2Y/calcium-reuse/release/calcium-sign-consumer-probe-reuse)
==19==    by 0x40FCE0F: <hyperreal::computable::node::Computable>::exact_sign (in /tmp/calcium-consumer-builds.X7kU2Y/calcium-reuse/release/calcium-sign-consumer-probe-reuse)
==19==    by 0x40F99C1: <hyperreal::computable::node::Computable>::structural_facts (in /tmp/calcium-consumer-builds.X7kU2Y/calcium-reuse/release/calcium-sign-consumer-probe-reuse)
==19==    by 0x40AC3F0: <hyperreal::real::arithmetic::Real>::structural_facts (in /tmp/calcium-consumer-builds.X7kU2Y/calcium-reuse/release/calcium-sign-consumer-probe-reuse)
==19==    by 0x40AC64B: hyperlimit::resolve::resolve_real_sign_direct (in /tmp/calcium-consumer-builds.X7kU2Y/calcium-reuse/release/calcium-sign-consumer-probe-reuse)
==19==    by 0x409B17C: calcium_sign_consumer_probe_reuse::main (in /tmp/calcium-consumer-builds.X7kU2Y/calcium-reuse/release/calcium-sign-consumer-probe-reuse)
==19==    by 0x409AA42: std::sys::backtrace::__rust_begin_short_backtrace::<fn(), ()> (in /tmp/calcium-consumer-builds.X7kU2Y/calcium-reuse/release/calcium-sign-consumer-probe-reuse)
==19==    by 0x409AAA8: std::rt::lang_start::<()>::{closure#0} (in /tmp/calcium-consumer-builds.X7kU2Y/calcium-reuse/release/calcium-sign-consumer-probe-reuse)
==19== 
==19== 208 bytes in 2 blocks are still reachable in loss record 49 of 52
==19==    at 0x4A24AE6: malloc (vg_replace_malloc.c:447)
==19==    by 0x4163FF9: num_bigint::biguint::division::div_rem_cow (in /tmp/calcium-consumer-builds.X7kU2Y/calcium-reuse/release/calcium-sign-consumer-probe-reuse)
==19==    by 0x416445F: num_bigint::biguint::division::div_rem_ref (in /tmp/calcium-consumer-builds.X7kU2Y/calcium-reuse/release/calcium-sign-consumer-probe-reuse)
==19==    by 0x40C1345: <hyperreal::rational::arithmetic::Rational>::reduce_with_possible_divisor (in /tmp/calcium-consumer-builds.X7kU2Y/calcium-reuse/release/calcium-sign-consumer-probe-reuse)
==19==    by 0x40B81B1: <hyperreal::rational::arithmetic::Rational>::add_ref (in /tmp/calcium-consumer-builds.X7kU2Y/calcium-reuse/release/calcium-sign-consumer-probe-reuse)
==19==    by 0x41023BA: <hyperreal::computable::node::ExpRelationForm>::linear (in /tmp/calcium-consumer-builds.X7kU2Y/calcium-reuse/release/calcium-sign-consumer-probe-reuse)
==19==    by 0x41028F7: <hyperreal::computable::node::ExpRelationForm>::logarithm (in /tmp/calcium-consumer-builds.X7kU2Y/calcium-reuse/release/calcium-sign-consumer-probe-reuse)
==19==    by 0x40FCE0F: <hyperreal::computable::node::Computable>::exact_sign (in /tmp/calcium-consumer-builds.X7kU2Y/calcium-reuse/release/calcium-sign-consumer-probe-reuse)
==19==    by 0x40F99C1: <hyperreal::computable::node::Computable>::structural_facts (in /tmp/calcium-consumer-builds.X7kU2Y/calcium-reuse/release/calcium-sign-consumer-probe-reuse)
==19==    by 0x409D3D0: <hyperreal::real::arithmetic::Real>::structural_facts (in /tmp/calcium-consumer-builds.X7kU2Y/calcium-reuse/release/calcium-sign-consumer-probe-reuse)
==19==    by 0x409BC21: calcium_sign_consumer_probe_reuse::main (in /tmp/calcium-consumer-builds.X7kU2Y/calcium-reuse/release/calcium-sign-consumer-probe-reuse)
==19==    by 0x409AA42: std::sys::backtrace::__rust_begin_short_backtrace::<fn(), ()> (in /tmp/calcium-consumer-builds.X7kU2Y/calcium-reuse/release/calcium-sign-consumer-probe-reuse)
==19== 
==19== 208 bytes in 2 blocks are still reachable in loss record 50 of 52
==19==    at 0x4A24AE6: malloc (vg_replace_malloc.c:447)
==19==    by 0x40C1425: <hyperreal::rational::arithmetic::Rational>::reduce_with_possible_divisor (in /tmp/calcium-consumer-builds.X7kU2Y/calcium-reuse/release/calcium-sign-consumer-probe-reuse)
==19==    by 0x40B81B1: <hyperreal::rational::arithmetic::Rational>::add_ref (in /tmp/calcium-consumer-builds.X7kU2Y/calcium-reuse/release/calcium-sign-consumer-probe-reuse)
==19==    by 0x41023BA: <hyperreal::computable::node::ExpRelationForm>::linear (in /tmp/calcium-consumer-builds.X7kU2Y/calcium-reuse/release/calcium-sign-consumer-probe-reuse)
==19==    by 0x41028F7: <hyperreal::computable::node::ExpRelationForm>::logarithm (in /tmp/calcium-consumer-builds.X7kU2Y/calcium-reuse/release/calcium-sign-consumer-probe-reuse)
==19==    by 0x40FCE0F: <hyperreal::computable::node::Computable>::exact_sign (in /tmp/calcium-consumer-builds.X7kU2Y/calcium-reuse/release/calcium-sign-consumer-probe-reuse)
==19==    by 0x40F99C1: <hyperreal::computable::node::Computable>::structural_facts (in /tmp/calcium-consumer-builds.X7kU2Y/calcium-reuse/release/calcium-sign-consumer-probe-reuse)
==19==    by 0x409D3D0: <hyperreal::real::arithmetic::Real>::structural_facts (in /tmp/calcium-consumer-builds.X7kU2Y/calcium-reuse/release/calcium-sign-consumer-probe-reuse)
==19==    by 0x409BC21: calcium_sign_consumer_probe_reuse::main (in /tmp/calcium-consumer-builds.X7kU2Y/calcium-reuse/release/calcium-sign-consumer-probe-reuse)
==19==    by 0x409AA42: std::sys::backtrace::__rust_begin_short_backtrace::<fn(), ()> (in /tmp/calcium-consumer-builds.X7kU2Y/calcium-reuse/release/calcium-sign-consumer-probe-reuse)
==19==    by 0x409AAA8: std::rt::lang_start::<()>::{closure#0} (in /tmp/calcium-consumer-builds.X7kU2Y/calcium-reuse/release/calcium-sign-consumer-probe-reuse)
==19==    by 0x4191796: std::rt::lang_start_internal (in /tmp/calcium-consumer-builds.X7kU2Y/calcium-reuse/release/calcium-sign-consumer-probe-reuse)
==19== 
==19== 312 bytes in 3 blocks are still reachable in loss record 51 of 52
==19==    at 0x4A24AE6: malloc (vg_replace_malloc.c:447)
==19==    by 0x40B8151: <hyperreal::rational::arithmetic::Rational>::add_ref (in /tmp/calcium-consumer-builds.X7kU2Y/calcium-reuse/release/calcium-sign-consumer-probe-reuse)
==19==    by 0x4096953: <hyperreal::real::arithmetic::Real as core::ops::arith::Add>::add (in /tmp/calcium-consumer-builds.X7kU2Y/calcium-reuse/release/calcium-sign-consumer-probe-reuse)
==19==    by 0x409AF05: calcium_sign_consumer_probe_reuse::main (in /tmp/calcium-consumer-builds.X7kU2Y/calcium-reuse/release/calcium-sign-consumer-probe-reuse)
==19==    by 0x409AA42: std::sys::backtrace::__rust_begin_short_backtrace::<fn(), ()> (in /tmp/calcium-consumer-builds.X7kU2Y/calcium-reuse/release/calcium-sign-consumer-probe-reuse)
==19==    by 0x409AAA8: std::rt::lang_start::<()>::{closure#0} (in /tmp/calcium-consumer-builds.X7kU2Y/calcium-reuse/release/calcium-sign-consumer-probe-reuse)
==19==    by 0x4191796: std::rt::lang_start_internal (in /tmp/calcium-consumer-builds.X7kU2Y/calcium-reuse/release/calcium-sign-consumer-probe-reuse)
==19==    by 0x409EC74: main (in /tmp/calcium-consumer-builds.X7kU2Y/calcium-reuse/release/calcium-sign-consumer-probe-reuse)
==19== 
==19== 544 bytes in 1 blocks are still reachable in loss record 52 of 52
==19==    at 0x4A24AE6: malloc (vg_replace_malloc.c:447)
==19==    by 0x4194609: std::sys::pal::unix::stack_overflow::thread_info::set_current_info (in /tmp/calcium-consumer-builds.X7kU2Y/calcium-reuse/release/calcium-sign-consumer-probe-reuse)
==19==    by 0x41916CF: std::rt::lang_start_internal (in /tmp/calcium-consumer-builds.X7kU2Y/calcium-reuse/release/calcium-sign-consumer-probe-reuse)
==19==    by 0x409EC74: main (in /tmp/calcium-consumer-builds.X7kU2Y/calcium-reuse/release/calcium-sign-consumer-probe-reuse)
==19== 
==19== LEAK SUMMARY:
==19==    definitely lost: 0 bytes in 0 blocks
==19==    indirectly lost: 0 bytes in 0 blocks
==19==      possibly lost: 0 bytes in 0 blocks
==19==    still reachable: 7,208 bytes in 59 blocks
==19==         suppressed: 0 bytes in 0 blocks
==19== 
==19== For lists of detected and suppressed errors, rerun with: -s
==19== ERROR SUMMARY: 0 errors from 0 contexts (suppressed: 0 from 0)
