library	workload	mode	cases	repetitions	work_items	fixture_allocation_count	fixture_reallocation_count	fixture_deallocation_count	fixture_allocated_bytes	fixture_reallocated_bytes	fixture_deallocated_bytes	fixture_live_bytes	fixture_peak_live_bytes	operation_allocation_count	operation_reallocation_count	operation_deallocation_count	operation_allocated_bytes	operation_reallocated_bytes	operation_deallocated_bytes	operation_live_bytes	operation_peak_live_bytes	operation_peak_growth_bytes	operation_ephemeral_peak_bytes	operation_live_delta_bytes	drop_allocation_count	drop_reallocation_count	drop_deallocation_count	drop_allocated_bytes	drop_reallocated_bytes	drop_deallocated_bytes	drop_live_bytes	drop_peak_live_bytes	residual_live_bytes	baseline_rss_bytes	fixture_rss_bytes	operation_rss_bytes	final_rss_bytes	baseline_pss_bytes	fixture_pss_bytes	operation_pss_bytes	final_pss_bytes	baseline_private_bytes	fixture_private_bytes	operation_private_bytes	final_private_bytes	baseline_vm_hwm_bytes	final_vm_hwm_bytes	checksum
exactCorelib	line-point	streaming	8	2	16	719	0	309	27000	0	5400	21600	21688	521	79	498	24448	1648	24640	22048	24576	2976	2528	448	0	0	433	0	0	22048	0	22048	0	6090752	6299648	6578176	6578176	1613824	1822720	2073600	2073600	651264	860160	1085440	1085440	6090752	6578176	30
Hyper	line-point	streaming	8	2	16	29	0	0	5216	0	0	5216	5216	0	0	0	0	0	0	5216	5216	0	0	0	0	0	19	0	0	4176	1040	5216	1040	6090752	6832128	6963200	6967296	1505280	2246656	2377728	2379776	471040	1212416	1343488	1343488	6090752	6967296	16
exactCorelib	line-point	materialized	8	2	16	719	0	309	27000	0	5400	21600	21688	522	79	499	24512	1648	24704	22048	24640	3040	2592	448	0	0	433	0	0	22048	0	22048	0	6250496	6459392	6737920	6737920	1610752	1819648	2082816	2082816	593920	802816	1052672	1052672	6250496	6737920	30
Hyper	line-point	materialized	8	2	16	29	0	0	5216	0	0	5216	5216	1	0	1	48	0	48	5216	5264	48	48	0	0	0	19	0	0	4176	1040	5216	1040	6180864	6942720	7073792	7073792	1519616	2281472	2412544	2412544	462848	1224704	1355776	1355776	6180864	7073792	16
exactCorelib	line-point	streaming	32	2	64	2879	0	1245	108024	0	21720	86304	86392	1921	215	1898	93440	4592	94720	86752	89280	2976	2528	448	0	0	1657	0	0	86752	0	86752	0	6320128	6643712	6856704	6856704	1608704	1932288	2136064	2136064	520192	843776	1040384	1040384	6316032	6856704	126
Hyper	line-point	streaming	32	2	64	101	0	0	19616	0	0	19616	19616	0	0	0	0	0	0	19616	19616	0	0	0	0	0	91	0	0	18576	1040	19616	1040	6127616	6774784	7036928	7036928	1492992	2140160	2402304	2402304	409600	1056768	1318912	1318912	6123520	7036928	64
exactCorelib	line-point	materialized	32	2	64	2879	0	1245	108024	0	21720	86304	86392	1922	215	1899	93696	4592	94976	86752	89536	3232	2784	448	0	0	1657	0	0	86752	0	86752	0	6201344	6602752	6791168	6791168	1594368	1991680	2173952	2173952	512000	905216	1081344	1081344	6197248	6791168	126
Hyper	line-point	materialized	32	2	64	101	0	0	19616	0	0	19616	19616	1	0	1	192	0	192	19616	19808	192	192	0	0	0	91	0	0	18576	1040	19616	1040	6078464	6864896	7106560	7106560	1507328	2265088	2506752	2506752	487424	1216512	1458176	1458176	6074368	7106560	64
exactCorelib	line-point	streaming	128	2	256	11519	0	4989	432120	0	87000	345120	345208	7521	759	7498	369408	16368	375040	345568	348096	2976	2528	448	0	0	6553	0	0	345568	0	345568	0	6254592	7024640	7163904	7168000	1636352	2406400	2527232	2531328	622592	1392640	1495040	1499136	6250496	7168000	510
Hyper	line-point	streaming	128	2	256	389	0	0	77216	0	0	77216	77216	0	0	0	0	0	0	77216	77216	0	0	0	0	0	379	0	0	76176	1040	77216	1040	6168576	7020544	7151616	7151616	1505280	2357248	2488320	2488320	479232	1331200	1462272	1462272	6164480	7151616	256
exactCorelib	line-point	materialized	128	2	256	11519	0	4989	432120	0	87000	345120	345208	7522	759	7499	370432	16368	376064	345568	349120	4000	3552	448	0	0	6553	0	0	345568	0	345568	0	6221824	6995968	7135232	7135232	1642496	2416640	2535424	2535424	618496	1392640	1490944	1490944	6217728	7135232	510
Hyper	line-point	materialized	128	2	256	389	0	0	77216	0	0	77216	77216	1	0	1	768	0	768	77216	77984	768	768	0	0	0	379	0	0	76176	1040	77216	1040	6201344	7118848	7249920	7249920	1478656	2396160	2527232	2527232	401408	1318912	1449984	1449984	6197248	7249920	256
exactCorelib	line-point	streaming	512	2	1024	46844	0	20730	1738704	0	358320	1380384	1380472	31712	3057	31689	1506176	65864	1530008	1381032	1383592	3208	2560	648	0	0	26137	0	0	1381032	0	1381032	0	6205440	8957952	9162752	9162752	1612800	4361216	4559872	4559872	532480	3276800	3469312	3469312	6205440	9162752	2046
Hyper	line-point	streaming	512	2	1024	1542	0	0	307720	0	0	307720	307720	0	0	0	0	0	0	307720	307720	0	0	0	0	0	1525	0	0	305952	1768	307720	1768	6127616	7180288	7311360	7163904	1505280	2557952	2689024	2539520	487424	1540096	1671168	1519616	6127616	7163904	1024
exactCorelib	line-point	materialized	512	2	1024	46844	0	20730	1738704	0	358320	1380384	1380472	31713	3057	31690	1510272	65864	1534104	1381032	1387688	7304	6656	648	0	0	26137	0	0	1381032	0	1381032	0	6303744	8982528	9191424	9191424	1679360	4358144	4560896	4560896	610304	3289088	3485696	3485696	6303744	9191424	2046
Hyper	line-point	materialized	512	2	1024	1542	0	0	307720	0	0	307720	307720	1	0	1	3072	0	3072	307720	310792	3072	3072	0	0	0	1525	0	0	305952	1768	307720	1768	6053888	7192576	7323648	7172096	1481728	2620416	2751488	2599936	421888	1560576	1691648	1540096	6053888	7176192	1024
exactCorelib	line-point	streaming	2048	2	4096	189674	0	85224	6985440	0	1464000	5521440	5521528	131522	12327	131499	6109728	263784	6207720	5522088	5524648	3208	2560	648	0	0	104473	0	0	5522088	0	5522088	0	6385664	16584704	16863232	16662528	1686528	11885568	12142592	11941888	610304	10809344	11046912	10846208	6385664	16826368	8190
Hyper	line-point	streaming	2048	2	4096	10724	0	0	1705016	0	0	1705016	1705016	0	0	0	0	0	0	1705016	1705016	0	0	0	0	0	10705	0	0	1703040	1976	1705016	1976	6152192	9109504	9240576	7307264	1609728	4567040	4698112	2764800	622592	3579904	3710976	1777664	6152192	9072640	4096
exactCorelib	line-point	materialized	2048	2	4096	189674	0	85224	6985440	0	1464000	5521440	5521528	131523	12327	131500	6126112	263784	6224104	5522088	5541032	19592	18944	648	0	0	104473	0	0	5522088	0	5522088	0	6270976	16470016	16764928	16564224	1681408	11880448	12153856	11953152	606208	10805248	11059200	10858496	6270976	16715776	8190
Hyper	line-point	materialized	2048	2	4096	10724	0	0	1705016	0	0	1705016	1705016	1	0	1	12288	0	12288	1705016	1717304	12288	12288	0	0	0	10705	0	0	1703040	1976	1705016	1976	6156288	9138176	9281536	7335936	1563648	4545536	4688896	2743296	495616	3477504	3620864	1675264	6156288	9228288	4096
exactCorelib	line-point	streaming	8192	2	16384	760994	0	343200	27972384	0	5886720	22085664	22085752	532568	49407	532545	24552832	1055464	24947464	22086312	22088872	3208	2560	648	0	0	417817	0	0	22086312	0	22086312	0	6549504	46911488	47087616	46297088	1970176	42326016	42493952	41703424	995328	41345024	41504768	40714240	6549504	46985216	32766
Hyper	line-point	streaming	8192	2	16384	47444	0	0	7293368	0	0	7293368	7293368	0	0	0	0	0	0	7293368	7293368	0	0	0	0	0	47425	0	0	7291392	1976	7293368	1976	6586368	17346560	17477632	7897088	1883136	12643328	12774400	3193856	802816	11563008	11694080	2113536	6586368	17227776	16384
exactCorelib	line-point	materialized	8192	2	16384	760994	0	343200	27972384	0	5886720	22085664	22085752	532569	49407	532546	24618368	1055464	25013000	22086312	22154408	68744	68096	648	0	0	417817	0	0	22086312	0	22086312	0	6594560	46993408	47263744	46473216	2028544	42402816	42667008	41876480	987136	41336832	41594880	40804352	6594560	47071232	32766
Hyper	line-point	materialized	8192	2	16384	47444	0	0	7293368	0	0	7293368	7293368	1	0	1	49152	0	49152	7293368	7342520	49152	49152	0	0	0	47425	0	0	7291392	1976	7293368	1976	6410240	17195008	17420288	7794688	1879040	12635136	12860416	3234816	860160	11587584	11812864	2187264	6410240	17383424	16384
exactCorelib	triangle-point	streaming	4	2	8	692	0	306	24752	0	5360	19392	19480	1851	65	1828	117984	1232	118064	19840	29536	10144	9696	448	0	0	409	0	0	19840	0	19840	0	6193152	6443008	6664192	6664192	1632256	1859584	2071552	2071552	585728	790528	995328	995328	6193152	6664192	6
Hyper	triangle-point	streaming	4	2	8	22	0	0	4488	0	0	4488	4488	69	0	4	9408	0	416	13480	13480	8992	0	8992	0	0	17	0	0	4544	8936	13480	8936	6066176	6725632	7020544	7024640	1515520	2174976	2469888	2471936	512000	1171456	1466368	1466368	6066176	7024640	8
exactCorelib	triangle-point	materialized	4	2	8	692	0	306	24752	0	5360	19392	19480	1852	65	1829	118016	1232	118096	19840	29568	10176	9728	448	0	0	409	0	0	19840	0	19840	0	6221824	6426624	6647808	6647808	1600512	1805312	2017280	2017280	581632	786432	991232	991232	6221824	6647808	6
Hyper	triangle-point	materialized	4	2	8	22	0	0	4488	0	0	4488	4488	70	0	5	9432	0	440	13480	13504	9016	24	8992	0	0	17	0	0	4544	8936	13480	8936	6107136	6860800	7077888	7077888	1482752	2236416	2453504	2453504	409600	1163264	1380352	1380352	6107136	7077888	8
exactCorelib	triangle-point	streaming	16	2	32	2768	0	1230	98992	0	21520	77472	77560	7643	193	7620	482528	3664	483632	77920	87616	10144	9696	448	0	0	1561	0	0	77920	0	77920	0	6291456	6647808	6934528	6934528	1633280	1967104	2232320	2232320	598016	909312	1155072	1155072	6242304	6934528	22
Hyper	triangle-point	streaming	16	2	32	80	0	0	17432	0	0	17432	17432	127	0	4	19616	0	416	36632	36632	19200	0	19200	0	0	113	0	0	24896	11736	36632	11736	6107136	6799360	7106560	7110656	1517568	2209792	2516992	2519040	483328	1175552	1482752	1482752	6103040	7110656	32
exactCorelib	triangle-point	materialized	16	2	32	2768	0	1230	98992	0	21520	77472	77560	7644	193	7621	482656	3664	483760	77920	87744	10272	9824	448	0	0	1561	0	0	77920	0	77920	0	6127616	6438912	6725632	6725632	1609728	1921024	2180096	2180096	606208	917504	1150976	1150976	6123520	6725632	22
Hyper	triangle-point	materialized	16	2	32	80	0	0	17432	0	0	17432	17432	128	0	5	19712	0	512	36632	36728	19296	96	19200	0	0	113	0	0	24896	11736	36632	11736	6066176	6758400	7061504	7061504	1473536	2165760	2468864	2468864	405504	1097728	1400832	1400832	6062080	7061504	32
exactCorelib	triangle-point	streaming	64	2	128	11084	0	4938	396112	0	86320	309792	309880	30766	702	30743	1939840	13344	1945016	310240	319936	10144	9696	448	0	0	6169	0	0	310240	0	310240	0	6213632	7032832	7229440	7229440	1618944	2434048	2624512	2624512	536576	1347584	1531904	1531904	6209536	7229440	86
Hyper	triangle-point	streaming	64	2	128	273	0	0	65152	0	0	65152	65152	320	0	4	53584	0	416	118320	118320	53168	0	53168	0	0	497	0	0	106304	12016	118320	12016	6135808	7008256	7356416	7356416	1540096	2379776	2727936	2727936	548864	1355776	1703936	1703936	6131712	7356416	128
exactCorelib	triangle-point	materialized	64	2	128	11084	0	4938	396112	0	86320	309792	309880	30767	702	30744	1940352	13344	1945528	310240	320448	10656	10208	448	0	0	6169	0	0	310240	0	310240	0	6127616	6868992	7090176	7090176	1591296	2332672	2544640	2544640	569344	1310720	1515520	1515520	6123520	7090176	86
Hyper	triangle-point	materialized	64	2	128	273	0	0	65152	0	0	65152	65152	321	0	5	53968	0	800	118320	118704	53552	384	53168	0	0	497	0	0	106304	12016	118320	12016	6201344	7098368	7368704	7372800	1494016	2391040	2661376	2665472	409600	1306624	1576960	1581056	6197248	7372800	128
exactCorelib	triangle-point	streaming	256	2	512	44360	0	19782	1584752	0	345680	1239072	1239160	123263	2761	123240	7769272	52760	7790736	1239720	1249440	10368	9720	648	0	0	24601	0	0	1239720	0	1239720	0	6168576	8634368	8855552	8855552	1630208	4096000	4307968	4307968	606208	3072000	3276800	3276800	6168576	8855552	342
Hyper	triangle-point	streaming	256	2	512	1041	0	0	255616	0	0	255616	255616	1088	0	4	188752	0	416	443952	443952	188336	0	188336	0	0	2033	0	0	431936	12016	443952	12016	6049792	7159808	7675904	7524352	1508352	2591744	3107840	2956288	487424	1544192	2060288	1908736	6049792	7569408	512
exactCorelib	triangle-point	materialized	256	2	512	44360	0	19782	1584752	0	345680	1239072	1239160	123264	2761	123241	7771320	52760	7792784	1239720	1251488	12416	11768	648	0	0	24601	0	0	1239720	0	1239720	0	6193152	8736768	8953856	8953856	1633280	4172800	4383744	4383744	598016	3133440	3338240	3338240	6193152	8953856	342
Hyper	triangle-point	materialized	256	2	512	1041	0	0	255616	0	0	255616	255616	1089	0	5	190288	0	1952	443952	445488	189872	1536	188336	0	0	2033	0	0	431936	12016	443952	12016	6209536	7217152	7790592	7639040	1548288	2555904	3129344	2977792	491520	1499136	2072576	1921024	6209536	7733248	512
exactCorelib	triangle-point	streaming	1024	2	2048	182042	0	83736	6400352	0	1444160	4956192	4956280	498743	11189	498720	31189160	212376	31278048	4956840	4968112	11920	11272	648	0	0	98329	0	0	4956840	0	4956840	0	6324224	15679488	15970304	15826944	1694720	11049984	11313152	11169792	688128	10043392	10280960	10137600	6324224	15847424	1366
Hyper	triangle-point	streaming	1024	2	2048	6143	0	0	1228592	0	0	1228592	1228592	6204	0	4	1088520	0	416	2316696	2316696	1088104	0	1088104	0	0	12225	0	0	2301184	15512	2316696	15512	6295552	8544256	10219520	9302016	1611776	3860480	5535744	4616192	573440	2822144	4497408	3575808	6295552	10092544	2048
exactCorelib	triangle-point	materialized	1024	2	2048	182042	0	83736	6400352	0	1444160	4956192	4956280	498744	11189	498721	31197352	212376	31286240	4956840	4976304	20112	19464	648	0	0	98329	0	0	4956840	0	4956840	0	6316032	15671296	15904768	15761408	1779712	11134976	11359232	11215872	757760	10113024	10330112	10186752	6316032	15761408	1366
Hyper	triangle-point	materialized	1024	2	2048	6143	0	0	1228592	0	0	1228592	1228592	6205	0	5	1094664	0	6560	2316696	2322840	1094248	6144	1088104	0	0	12225	0	0	2301184	15512	2316696	15512	6148096	8355840	10059776	9138176	1607680	3815424	5519360	4597760	622592	2830336	4534272	3612672	6148096	9912320	2048
exactCorelib	triangle-point	streaming	4096	2	8192	732758	0	339540	25662592	0	5837920	19824672	19824760	1999898	44907	1999875	124856472	850984	125215104	19825320	19836600	11928	11280	648	0	0	393241	0	0	19825320	0	19825320	0	6660096	43606016	43900928	43339776	1973248	38898688	39180288	38619136	929792	37834752	38105088	37543936	6660096	43843584	5462
Hyper	triangle-point	streaming	4096	2	8192	30623	0	0	5543984	0	0	5543984	5543984	30684	0	4	5397000	0	416	10940568	10940568	5396584	0	5396584	0	0	61185	0	0	10925056	15512	10940568	15512	6344704	14426112	21577728	13402112	1848320	9896960	17048576	8872960	876544	8892416	16044032	7868416	6344704	21417984	8192
exactCorelib	triangle-point	materialized	4096	2	8192	732758	0	339540	25662592	0	5837920	19824672	19824760	1999899	44907	1999876	124889240	850984	125247872	19825320	19869368	44696	44048	648	0	0	393241	0	0	19825320	0	19825320	0	6721536	43749376	43970560	43409408	2035712	39036928	39251968	38690816	995328	37969920	38178816	37617664	6680576	43864064	5462
Hyper	triangle-point	materialized	4096	2	8192	30623	0	0	5543984	0	0	5543984	5543984	30685	0	5	5421576	0	24992	10940568	10965144	5421160	24576	5396584	0	0	61185	0	0	10925056	15512	10940568	15512	6430720	14446592	21630976	13463552	1885184	9901056	17085440	8915968	851968	8867840	16052224	7880704	6430720	21549056	8192
exactCorelib	triangle-pair	streaming	1	2	2	260	0	114	9296	0	2000	7296	7384	6043	319	4012	340336	7408	225680	124512	132280	124984	7768	117216	0	0	25	0	0	688	123824	124512	123824	6262784	6451200	6873088	6873088	1677312	1865728	2281472	2281472	647168	835584	1245184	1245184	6262784	6873088	6
Hyper	triangle-pair	streaming	1	2	2	8	0	0	1592	0	0	1592	1592	112	0	9	14672	0	936	15328	15432	13840	104	13736	0	0	1	0	0	864	14464	15328	14464	6189056	6815744	7692288	7692288	1487872	2114560	2991104	2991104	409600	1036288	1912832	1912832	6189056	7692288	2
exactCorelib	triangle-pair	materialized	1	2	2	260	0	114	9296	0	2000	7296	7384	6044	319	4013	340344	7408	225688	124512	132288	124992	7776	117216	0	0	25	0	0	688	123824	124512	123824	6291456	6504448	6860800	6860800	1667072	1880064	2224128	2224128	647168	860160	1191936	1191936	6291456	6860800	6
Hyper	triangle-pair	materialized	1	2	2	8	0	0	1592	0	0	1592	1592	113	0	10	14784	0	1048	15328	15544	13952	216	13736	0	0	1	0	0	864	14464	15328	14464	6164480	6905856	7716864	7720960	1516544	2257920	3068928	3070976	491520	1232896	2043904	2043904	6164480	7720960	2
exactCorelib	triangle-pair	streaming	4	2	8	1052	0	474	37328	0	8240	29088	29176	21991	1197	14024	1231504	28096	777936	492240	498080	468992	5840	463152	0	0	25	0	0	1312	490928	492240	490928	6266880	6467584	7413760	7413760	1650688	1851392	2777088	2777088	638976	839680	1744896	1744896	6262784	7413760	16
Hyper	triangle-pair	streaming	4	2	8	31	0	0	6576	0	0	6576	6576	210	0	44	28392	0	5584	29384	30184	23608	800	22808	0	0	42	0	0	8944	20440	29384	20440	6066176	6770688	7630848	7639040	1519616	2224128	3084288	3090432	487424	1191936	2052096	2056192	6062080	7639040	8
exactCorelib	triangle-pair	materialized	4	2	8	1052	0	474	37328	0	8240	29088	29176	21992	1197	14025	1231536	28096	777968	492240	498112	469024	5872	463152	0	0	25	0	0	1312	490928	492240	490928	6160384	6459392	7458816	7458816	1612800	1907712	2900992	2900992	589824	880640	1867776	1867776	6156288	7458816	16
Hyper	triangle-pair	materialized	4	2	8	31	0	0	6576	0	0	6576	6576	211	0	45	28840	0	6032	29384	30632	24056	1248	22808	0	0	42	0	0	8944	20440	29384	20440	6008832	6766592	7589888	7593984	1488896	2246656	3069952	3072000	524288	1282048	2105344	2105344	6004736	7593984	8
exactCorelib	triangle-pair	streaming	16	2	32	4202	0	1896	149216	0	32960	116256	116344	87935	4898	56136	4926128	115576	3113328	1968264	1974104	1857848	5840	1852008	0	0	25	0	0	4008	1964256	1968264	1964256	6287360	6688768	10092544	10092544	1612800	2014208	5411840	5411840	585728	987136	4378624	4378624	6283264	10092544	64
Hyper	triangle-pair	streaming	16	2	32	114	0	0	25576	0	0	25576	25576	703	0	334	96728	0	44384	77920	78824	53248	904	52344	0	0	248	0	0	47000	30920	77920	30920	6053888	6823936	7618560	7622656	1473536	2243584	3038208	3042304	405504	1175552	1970176	1974272	6049792	7622656	32
exactCorelib	triangle-pair	materialized	16	2	32	4202	0	1896	149216	0	32960	116256	116344	87936	4898	56137	4926256	115576	3113456	1968264	1974232	1857976	5968	1852008	0	0	25	0	0	4008	1964256	1968264	1964256	6291456	6672384	10178560	10178560	1602560	1983488	5459968	5459968	536576	917504	4366336	4366336	6287360	10178560	64
Hyper	triangle-pair	materialized	16	2	32	114	0	0	25576	0	0	25576	25576	704	0	335	98520	0	46176	77920	80616	55040	2696	52344	0	0	248	0	0	47000	30920	77920	30920	6103040	6885376	7749632	7753728	1520640	2302976	3167232	3169280	487424	1269760	2134016	2134016	6098944	7753728	32
exactCorelib	triangle-pair	streaming	64	2	128	16820	0	7602	597008	0	132080	464928	465016	352811	19864	225684	19753184	468760	12505008	7872040	7877880	7412952	5840	7407112	0	0	25	0	0	13992	7858048	7872040	7858048	6385664	7454720	20561920	20561920	1717248	2765824	15863808	15863808	671744	1699840	14790656	14790656	6381568	20561920	256
Hyper	triangle-pair	streaming	64	2	128	402	0	0	97000	0	0	97000	97000	2397	0	1401	331440	0	186168	242272	243352	146352	1080	145272	0	0	1109	0	0	203864	38408	242272	38408	6045696	6893568	7880704	7880704	1510400	2325504	3312640	3312640	491520	1273856	2260992	2260992	6041600	7880704	128
exactCorelib	triangle-pair	materialized	64	2	128	16820	0	7602	597008	0	132080	464928	465016	352812	19864	225685	19753696	468760	12505520	7872040	7878392	7413464	6352	7407112	0	0	25	0	0	13992	7858048	7872040	7858048	6242304	7270400	20373504	20373504	1691648	2719744	15812608	15812608	655360	1683456	14770176	14770176	6238208	20373504	256
Hyper	triangle-pair	materialized	64	2	128	402	0	0	97000	0	0	97000	97000	2398	0	1402	338608	0	193336	242272	250520	153520	8248	145272	0	0	1109	0	0	203864	38408	242272	38408	6160384	7016448	7942144	7942144	1519616	2375680	3301376	3301376	483328	1339392	2265088	2265088	6156288	7942144	128
exactCorelib	triangle-pair	streaming	256	2	512	67310	0	30444	2388416	0	528800	1859616	1859704	1482970	82902	974531	82337512	1957624	53366936	31493432	31499296	29639680	5864	29633816	0	0	25	0	0	53928	31439504	31493432	31439504	6279168	9920512	61640704	61640704	1705984	5347328	57055232	57055232	688128	4329472	56025088	56025088	6279168	61640704	1024
Hyper	triangle-pair	streaming	256	2	512	1554	0	0	382696	0	0	382696	382696	9011	0	5712	1247896	0	759504	871088	872168	489472	1080	488392	0	0	4562	0	0	832472	38616	871088	38616	6103040	7331840	8704000	8478720	1506304	2735104	4107264	3881984	434176	1662976	3035136	2809856	6103040	8581120	512
exactCorelib	triangle-pair	materialized	256	2	512	67310	0	30444	2388416	0	528800	1859616	1859704	1482971	82902	974532	82339560	1957624	53368984	31493432	31501344	29641728	7912	29633816	0	0	25	0	0	53928	31439504	31493432	31439504	6303744	9916416	61739008	61739008	1612800	5225472	57018368	57018368	544768	4157440	55922688	55922688	6303744	61739008	1024
Hyper	triangle-pair	materialized	256	2	512	1554	0	0	382696	0	0	382696	382696	9012	0	5713	1276568	0	788176	871088	900840	518144	29752	488392	0	0	4562	0	0	832472	38616	871088	38616	6152192	7380992	8740864	8515584	1520640	2749440	4109312	3884032	512000	1740800	3100672	2875392	6152192	8728576	512
exactCorelib	triangle-pair	streaming	1024	2	2048	273842	0	126384	9615008	0	2176640	7438368	7438456	6088565	373448	4054878	335820960	8822344	220205520	126041416	126047280	118608912	5864	118603048	0	0	25	0	0	213672	125827744	126041416	125827744	6393856	20369408	226680832	226463744	1822720	15798272	222097408	221880320	806912	14782464	221069312	220852224	6393856	226521088	4096
Hyper	triangle-pair	streaming	1024	2	2048	9594	0	0	1882408	0	0	1882408	1882408	54667	0	35510	7537208	0	4691104	4728512	4729416	2847008	904	2846104	0	0	28414	0	0	4683744	44768	4728512	44768	6189056	9347072	13971456	13082624	1633280	4791296	9415680	8526848	602112	3760128	8384512	7495680	6189056	13856768	2048
exactCorelib	triangle-pair	materialized	1024	2	2048	273842	0	126384	9615008	0	2176640	7438368	7438456	6088566	373448	4054879	335829152	8822344	220213712	126041416	126055472	118617104	14056	118603048	0	0	25	0	0	213672	125827744	126041416	125827744	6311936	20340736	226689024	226471936	1768448	15793152	222135296	221918208	749568	14770176	221106176	220889088	6311936	226471936	4096
Hyper	triangle-pair	materialized	1024	2	2048	9594	0	0	1882408	0	0	1882408	1882408	54668	0	35511	7651896	0	4805792	4728512	4844104	2961696	115592	2846104	0	0	28414	0	0	4683744	44768	4728512	44768	6283264	9461760	14147584	13258752	1639424	4817920	9503744	8614912	618496	3796992	8482816	7593984	6283264	14049280	2048
exactCorelib	rational.add	streaming	1	2	2	17	0	8	304	0	128	176	192	6	2	6	128	32	144	176	248	72	72	0	0	0	9	0	0	176	0	176	0	6205440	6451200	6516736	6516736	1613824	1857536	1923072	1923072	573440	815104	880640	880640	6205440	6516736	2
Hyper	rational.add	streaming	1	2	2	3	0	0	232	0	0	232	232	3	0	1	384	0	104	512	512	280	0	280	0	0	5	0	0	512	0	512	0	6094848	6230016	6524928	6524928	1514496	1649664	1944576	1944576	483328	618496	913408	913408	6094848	6524928	2
exactCorelib	rational.subtract	streaming	1	2	2	18	0	9	322	0	146	176	210	6	2	6	128	32	144	176	248	72	72	0	0	0	9	0	0	176	0	176	0	6262784	6496256	6561792	6561792	1638400	1871872	1937408	1937408	614400	847872	913408	913408	6262784	6561792	2
Hyper	rational.subtract	streaming	1	2	2	3	0	0	232	0	0	232	232	3	0	1	384	0	104	512	512	280	0	280	0	0	5	0	0	512	0	512	0	6115328	6451200	6729728	6729728	1485824	1788928	2067456	2067456	479232	749568	1028096	1028096	6115328	6729728	2
exactCorelib	rational.multiply	streaming	1	2	2	18	0	9	322	0	146	176	210	6	2	6	128	32	144	176	248	72	72	0	0	0	9	0	0	176	0	176	0	6160384	6410240	6410240	6410240	1610752	1856512	1856512	1856512	585728	827392	827392	827392	6160384	6410240	2
Hyper	rational.multiply	streaming	1	2	2	3	0	0	232	0	0	232	232	1	0	0	104	0	0	336	336	104	0	104	0	0	4	0	0	336	0	336	0	6062080	6393856	6541312	6541312	1497088	1796096	1943552	1943552	487424	753664	901120	901120	6062080	6541312	2
exactCorelib	rational.divide	streaming	1	2	2	17	0	8	304	0	128	176	192	6	2	6	128	32	144	176	248	72	72	0	0	0	9	0	0	176	0	176	0	6139904	6389760	6471680	6471680	1567744	1813504	1893376	1893376	520192	761856	839680	839680	6139904	6471680	2
Hyper	rational.divide	streaming	1	2	2	3	0	0	232	0	0	232	232	2	0	2	208	0	208	232	336	104	104	0	0	0	3	0	0	232	0	232	0	6103040	6303744	6565888	6565888	1458176	1658880	1921024	1921024	413696	614400	876544	876544	6103040	6565888	2
exactCorelib	rational.negate	streaming	1	2	2	17	0	8	304	0	128	176	192	6	0	6	112	0	112	176	232	56	56	0	0	0	9	0	0	176	0	176	0	6148096	6389760	6389760	6389760	1609728	1851392	1851392	1851392	626688	868352	868352	868352	6148096	6389760	2
Hyper	rational.negate	streaming	1	2	2	2	0	0	120	0	0	120	120	4	0	0	560	0	0	680	680	560	0	560	0	0	5	0	0	576	104	680	104	6139904	6336512	6483968	6615040	1489920	1657856	1805312	1936384	462848	602112	749568	880640	6139904	6615040	2
exactCorelib	rational.absolute	streaming	1	2	2	18	0	9	322	0	146	176	210	6	0	6	112	0	112	176	232	56	56	0	0	0	9	0	0	176	0	176	0	6246400	6500352	6500352	6500352	1611776	1859584	1859584	1859584	532480	774144	774144	774144	6246400	6500352	2
Hyper	rational.absolute	streaming	1	2	2	2	0	0	120	0	0	120	120	0	0	0	0	0	0	120	120	0	0	0	0	0	2	0	0	120	0	120	0	6205440	6406144	6406144	6537216	1500160	1700864	1700864	1831936	417792	618496	618496	749568	6205440	6537216	2
exactCorelib	rational.reciprocal	streaming	1	2	2	18	0	9	324	0	148	176	212	6	0	6	112	0	112	176	232	56	56	0	0	0	9	0	0	176	0	176	0	6152192	6402048	6402048	6402048	1608704	1854464	1854464	1854464	589824	831488	831488	831488	6152192	6402048	2
Hyper	rational.reciprocal	streaming	1	2	2	2	0	0	120	0	0	120	120	4	0	0	560	0	0	680	680	560	0	560	0	0	5	0	0	576	104	680	104	6119424	6254592	6451200	6582272	1473536	1608704	1805312	1936384	450560	585728	782336	913408	6119424	6582272	2
exactCorelib	rational.compare	streaming	1	2	2	18	0	9	321	0	145	176	209	0	0	0	0	0	0	176	176	0	0	0	0	0	9	0	0	176	0	176	0	6209536	6426624	6426624	6426624	1642496	1859584	1859584	1859584	622592	839680	839680	839680	6144000	6426624	2
Hyper	rational.compare	streaming	1	2	2	3	0	0	224	0	0	224	224	0	0	0	0	0	0	224	224	0	0	0	0	0	3	0	0	224	0	224	0	6139904	6275072	6275072	6406144	1564672	1699840	1699840	1830912	544768	679936	679936	811008	6139904	6406144	2
exactCorelib	rational.parts	streaming	1	2	2	17	0	8	304	0	128	176	192	8	0	8	128	0	128	176	240	64	64	0	0	0	9	0	0	176	0	176	0	6164480	6414336	6414336	6414336	1606656	1852416	1852416	1852416	573440	815104	815104	815104	6164480	6414336	2
Hyper	rational.parts	streaming	1	2	2	2	0	0	112	0	0	112	112	0	0	0	0	0	0	112	112	0	0	0	0	0	2	0	0	112	0	112	0	6156288	6356992	6488064	6619136	1473536	1674240	1805312	1936384	413696	614400	745472	876544	6156288	6619136	2
exactCorelib	real.negate	streaming	1	2	2	66	0	36	1896	0	648	1248	1288	2	0	2	208	0	208	1248	1352	104	104	0	0	0	30	0	0	1248	0	1248	0	6160384	6492160	6492160	6492160	1616896	1944576	1944576	1944576	598016	921600	921600	921600	6160384	6492160	2
Hyper	real.negate	streaming	1	2	2	2	0	0	160	0	0	160	160	4	0	0	560	0	0	720	720	560	0	560	0	0	1	0	0	56	664	720	664	6156288	6684672	6832128	6832128	1548288	2043904	2191360	2191360	544768	1007616	1155072	1155072	6156288	6832128	2
exactCorelib	real.absolute	streaming	1	2	2	66	0	36	1896	0	648	1248	1288	0	0	0	0	0	0	1248	1248	0	0	0	0	0	30	0	0	1248	0	1248	0	6242304	6545408	6545408	6545408	1569792	1872896	1872896	1872896	516096	819200	819200	819200	6242304	6545408	2
Hyper	real.absolute	streaming	1	2	2	2	0	0	160	0	0	160	160	0	0	0	0	0	0	160	160	0	0	0	0	0	1	0	0	56	104	160	104	6172672	6619136	7004160	7004160	1473536	1920000	2305024	2305024	393216	839680	1224704	1224704	6172672	7004160	2
exactCorelib	real.sqrt	streaming	1	2	2	66	0	36	1896	0	648	1248	1288	2	0	2	208	0	208	1248	1352	104	104	0	0	0	30	0	0	1248	0	1248	0	6152192	6455296	6455296	6455296	1553408	1856512	1856512	1856512	577536	880640	880640	880640	6152192	6455296	2
Hyper	real.sqrt	streaming	1	2	2	2	0	0	160	0	0	160	160	13	0	6	1264	0	496	928	1072	912	144	768	0	0	1	0	0	56	872	928	872	6074368	6438912	7012352	7012352	1512448	1876992	2450432	2450432	475136	839680	1413120	1413120	6074368	7012352	2
exactCorelib	real.cbrt	streaming	1	2	2	66	0	36	1896	0	648	1248	1288	2	0	2	208	0	208	1248	1352	104	104	0	0	0	30	0	0	1248	0	1248	0	6184960	6516736	6557696	6557696	1631232	1958912	1979392	1979392	589824	913408	913408	913408	6184960	6557696	2
Hyper	real.cbrt	streaming	1	2	2	2	0	0	160	0	0	160	160	26	0	24	1984	0	1776	368	968	808	600	208	0	0	1	0	0	56	312	368	312	6144000	6676480	7266304	7266304	1506304	2006016	2595840	2595840	491520	958464	1548288	1548288	6144000	7266304	2
exactCorelib	real.root_n	streaming	1	2	2	66	0	36	1896	0	648	1248	1288	11	3	10	456	88	448	1288	1512	264	224	40	0	0	31	0	0	1288	0	1288	0	6295552	6578176	6619136	6619136	1624064	1906688	1929216	1929216	589824	872448	884736	884736	6258688	6619136	2
Hyper	real.root_n	streaming	1	2	2	2	0	0	160	0	0	160	160	26	0	24	1984	0	1776	368	968	808	600	208	0	0	1	0	0	56	312	368	312	6041600	6430720	6987776	6987776	1485824	1874944	2432000	2432000	454656	843776	1400832	1400832	6041600	6987776	2
exactCorelib	real.exp	streaming	1	2	2	66	0	36	1896	0	648	1248	1288	2	0	2	208	0	208	1248	1352	104	104	0	0	0	30	0	0	1248	0	1248	0	6197248	6500352	6500352	6500352	1620992	1924096	1924096	1924096	598016	901120	901120	901120	6197248	6500352	2
Hyper	real.exp	streaming	1	2	2	2	0	0	160	0	0	160	160	5	0	4	392	0	288	264	408	248	144	104	0	0	1	0	0	56	208	264	208	6176768	6631424	7155712	7155712	1490944	1945600	2469888	2469888	409600	864256	1388544	1388544	6176768	7155712	2
exactCorelib	real.ln	streaming	1	2	2	66	0	36	1896	0	648	1248	1288	2	0	2	208	0	208	1248	1352	104	104	0	0	0	30	0	0	1248	0	1248	0	6193152	6524928	6524928	6524928	1592320	1920000	1920000	1920000	516096	839680	839680	839680	6193152	6524928	2
Hyper	real.ln	streaming	1	2	2	2	0	0	160	0	0	160	160	10	0	2	1088	0	144	1104	1176	1016	72	944	0	0	1	0	0	56	1048	1104	1048	6103040	6631424	7118848	7118848	1498112	1993728	2481152	2481152	516096	978944	1466368	1466368	6103040	7118848	2
exactCorelib	real.log2	streaming	1	2	2	66	0	36	1896	0	648	1248	1288	2	0	2	208	0	208	1248	1352	104	104	0	0	0	30	0	0	1248	0	1248	0	6205440	6508544	6508544	6508544	1549312	1852416	1852416	1852416	516096	819200	819200	819200	6205440	6508544	2
Hyper	real.log2	streaming	1	2	2	2	0	0	160	0	0	160	160	15	0	8	1448	0	576	1032	1320	1160	288	872	0	0	1	0	0	56	976	1032	976	6074368	6443008	7016448	7016448	1510400	1879040	2452480	2452480	471040	839680	1413120	1413120	6074368	7016448	2
exactCorelib	real.log10	streaming	1	2	2	66	0	36	1896	0	648	1248	1288	2	0	2	208	0	208	1248	1352	104	104	0	0	0	30	0	0	1248	0	1248	0	6209536	6451200	6451200	6451200	1617920	1859584	1859584	1859584	630784	872448	872448	872448	6209536	6451200	2
Hyper	real.log10	streaming	1	2	2	2	0	0	160	0	0	160	160	15	0	8	1448	0	576	1032	1320	1160	288	872	0	0	1	0	0	56	976	1032	976	6004736	6373376	6856704	6856704	1475584	1844224	2327552	2327552	471040	839680	1323008	1323008	6004736	6856704	2
exactCorelib	real.sin	streaming	1	2	2	66	0	36	1896	0	648	1248	1288	2	0	2	208	0	208	1248	1352	104	104	0	0	0	30	0	0	1248	0	1248	0	6205440	6504448	6504448	6504448	1632256	1931264	1931264	1931264	610304	909312	909312	909312	6205440	6504448	2
Hyper	real.sin	streaming	1	2	2	2	0	0	160	0	0	160	160	10	0	8	784	0	576	368	440	280	72	208	0	0	1	0	0	56	312	368	312	6148096	6602752	7192576	7192576	1525760	1980416	2570240	2570240	450560	905216	1495040	1495040	6148096	7192576	2
exactCorelib	real.cos	streaming	1	2	2	66	0	36	1896	0	648	1248	1288	2	0	2	208	0	208	1248	1352	104	104	0	0	0	30	0	0	1248	0	1248	0	6287360	6590464	6631424	6631424	1631232	1934336	1954816	1954816	598016	901120	901120	901120	6287360	6631424	2
Hyper	real.cos	streaming	1	2	2	2	0	0	160	0	0	160	160	10	0	8	784	0	576	368	440	280	72	208	0	0	1	0	0	56	312	368	312	6119424	6565888	7155712	7155712	1471488	1917952	2507776	2507776	421888	868352	1458176	1458176	6119424	7155712	2
exactCorelib	real.tan	streaming	1	2	2	66	0	36	1896	0	648	1248	1288	31	12	28	1336	296	1296	1328	1912	664	584	80	0	0	33	0	0	1328	0	1328	0	6242304	6467584	6537216	6537216	1671168	1896448	1953792	1953792	655360	880640	925696	925696	6242304	6537216	2
Hyper	real.tan	streaming	1	2	2	2	0	0	160	0	0	160	160	3	0	2	248	0	144	264	336	176	72	104	0	0	1	0	0	56	208	264	208	6127616	6492160	7000064	7000064	1516544	1881088	2388992	2388992	507904	872448	1380352	1380352	6127616	7000064	2
exactCorelib	real.asin	streaming	1	2	2	66	0	36	1896	0	648	1248	1288	66	0	66	3520	0	3520	1248	2136	888	888	0	0	0	30	0	0	1248	0	1248	0	6234112	6533120	6565888	6565888	1607680	1906688	1927168	1927168	532480	831488	843776	843776	6234112	6565888	2
Hyper	real.asin	streaming	1	2	2	2	0	0	160	0	0	160	160	7	0	4	600	0	288	472	616	456	144	312	0	0	1	0	0	56	416	472	416	6119424	6578176	7299072	7299072	1484800	1943552	2664448	2664448	401408	860160	1581056	1581056	6119424	7299072	2
exactCorelib	real.acos	streaming	1	2	2	66	0	36	1896	0	648	1248	1288	66	0	66	3520	0	3520	1248	2136	888	888	0	0	0	30	0	0	1248	0	1248	0	6283264	6615040	6631424	6631424	1611776	1939456	1953792	1953792	585728	909312	921600	921600	6283264	6631424	2
Hyper	real.acos	streaming	1	2	2	2	0	0	160	0	0	160	160	6	0	4	496	0	288	368	512	352	144	208	0	0	1	0	0	56	312	368	312	6139904	6586368	7176192	7176192	1469440	1915904	2505728	2505728	421888	868352	1458176	1458176	6139904	7176192	2
exactCorelib	real.atan	streaming	1	2	2	66	0	36	1896	0	648	1248	1288	18	0	18	944	0	944	1248	1584	336	336	0	0	0	30	0	0	1248	0	1248	0	6316032	6619136	6647808	6647808	1610752	1913856	1933312	1933312	528384	831488	843776	843776	6316032	6647808	2
Hyper	real.atan	streaming	1	2	2	2	0	0	160	0	0	160	160	6	0	4	496	0	288	368	512	352	144	208	0	0	1	0	0	56	312	368	312	6193152	6647808	7237632	7237632	1489920	1942528	2532352	2532352	409600	860160	1449984	1449984	6193152	7237632	2
exactCorelib	real.square	streaming	1	2	2	66	0	36	1896	0	648	1248	1288	2	0	2	224	0	224	1248	1360	112	112	0	0	0	30	0	0	1248	0	1248	0	6184960	6488064	6488064	6488064	1630208	1933312	1933312	1933312	589824	892928	892928	892928	6184960	6488064	2
Hyper	real.square	streaming	1	2	2	2	0	0	160	0	0	160	160	1	0	0	104	0	0	264	264	104	0	104	0	0	1	0	0	56	208	264	208	6184960	6631424	7016448	7016448	1466368	1912832	2297856	2297856	393216	839680	1224704	1224704	6184960	7016448	2
exactCorelib	real.exp2	streaming	1	2	2	66	0	36	1896	0	648	1248	1288	2	0	2	208	0	208	1248	1352	104	104	0	0	0	30	0	0	1248	0	1248	0	6139904	6471680	6471680	6471680	1565696	1893376	1893376	1893376	516096	839680	839680	839680	6139904	6471680	2
Hyper	real.exp2	streaming	1	2	2	2	0	0	160	0	0	160	160	158	52	156	7104	2864	6688	368	1648	1488	1280	208	0	0	1	0	0	56	312	368	312	6115328	6578176	7331840	7331840	1487872	1950720	2578432	2578432	483328	946176	1572864	1572864	6115328	7331840	2
exactCorelib	real.exp10	streaming	1	2	2	66	0	36	1896	0	648	1248	1288	2	0	2	208	0	208	1248	1352	104	104	0	0	0	30	0	0	1248	0	1248	0	6225920	6529024	6529024	6529024	1626112	1929216	1929216	1929216	540672	843776	843776	843776	6225920	6529024	2
Hyper	real.exp10	streaming	1	2	2	2	0	0	160	0	0	160	160	171	0	167	12360	0	11992	528	4032	3872	3504	368	0	0	1	0	0	56	472	528	472	6193152	6635520	7483392	7483392	1495040	1937408	2693120	2693120	442368	884736	1613824	1613824	6193152	7483392	2
exactCorelib	real.cot	streaming	1	2	2	66	0	36	1896	0	648	1248	1288	35	12	32	1432	296	1392	1328	1912	664	584	80	0	0	33	0	0	1328	0	1328	0	6279168	6582272	6610944	6610944	1618944	1922048	1941504	1941504	581632	884736	897024	897024	6279168	6610944	2
Hyper	real.cot	streaming	1	2	2	2	0	0	160	0	0	160	160	25	0	20	2104	0	1440	824	1112	952	288	664	0	0	1	0	0	56	768	824	768	6037504	6500352	6959104	6959104	1483776	1946624	2405376	2405376	454656	917504	1376256	1376256	6037504	6959104	2
exactCorelib	real.add	streaming	1	2	2	66	0	36	1896	0	648	1248	1288	2	0	2	224	0	224	1248	1360	112	112	0	0	0	30	0	0	1248	0	1248	0	6156288	6488064	6488064	6488064	1612800	1940480	1940480	1940480	593920	917504	917504	917504	6156288	6488064	2
Hyper	real.add	streaming	1	2	2	3	0	0	312	0	0	312	312	3	0	1	384	0	104	592	592	280	0	280	0	0	1	0	0	104	488	592	488	6049792	6635520	6914048	6914048	1449984	2007040	2285568	2285568	454656	983040	1261568	1261568	6049792	6914048	2
exactCorelib	real.subtract	streaming	1	2	2	66	0	36	1896	0	648	1248	1288	2	0	2	224	0	224	1248	1360	112	112	0	0	0	30	0	0	1248	0	1248	0	6217728	6549504	6549504	6549504	1610752	1938432	1938432	1938432	528384	851968	851968	851968	6217728	6549504	2
Hyper	real.subtract	streaming	1	2	2	3	0	0	312	0	0	312	312	2	0	0	280	0	0	592	592	280	0	280	0	0	1	0	0	104	488	592	488	6057984	6508544	6991872	6991872	1468416	1918976	2402304	2402304	393216	843776	1327104	1327104	6057984	6991872	2
exactCorelib	real.multiply	streaming	1	2	2	66	0	36	1896	0	648	1248	1288	2	0	2	224	0	224	1248	1360	112	112	0	0	0	30	0	0	1248	0	1248	0	6242304	6590464	6590464	6590464	1618944	1944576	1944576	1944576	618496	921600	921600	921600	6242304	6590464	2
Hyper	real.multiply	streaming	1	2	2	3	0	0	312	0	0	312	312	1	0	0	104	0	0	416	416	104	0	104	0	0	1	0	0	104	312	416	312	6066176	6443008	6873088	6873088	1469440	1846272	2276352	2276352	397312	774144	1204224	1204224	6066176	6873088	2
exactCorelib	real.divide	streaming	1	2	2	66	0	36	1896	0	648	1248	1288	2	0	2	224	0	224	1248	1360	112	112	0	0	0	30	0	0	1248	0	1248	0	6258688	6561792	6561792	6561792	1586176	1889280	1889280	1889280	524288	827392	827392	827392	6258688	6561792	2
Hyper	real.divide	streaming	1	2	2	3	0	0	312	0	0	312	312	2	0	2	208	0	208	312	416	104	104	0	0	0	1	0	0	104	208	312	208	6127616	6594560	6791168	6791168	1489920	1924096	2120704	2120704	475136	876544	1073152	1073152	6127616	6791168	2
exactCorelib	real.powi	streaming	1	2	2	66	0	36	1896	0	648	1248	1288	14	0	14	544	0	544	1248	1464	216	216	0	0	0	30	0	0	1248	0	1248	0	6270976	6574080	6602752	6602752	1612800	1915904	1935360	1935360	577536	880640	892928	892928	6270976	6602752	2
Hyper	real.powi	streaming	1	2	2	3	0	0	312	0	0	312	312	2	0	2	208	0	208	312	416	104	104	0	0	0	1	0	0	104	208	312	208	6029312	6557696	6885376	6885376	1489920	1985536	2313216	2313216	475136	937984	1265664	1265664	6029312	6885376	2
exactCorelib	real.pi	streaming	1	2	2	66	0	65	1888	0	1872	16	1288	2	0	2	192	0	192	16	112	96	96	0	0	0	1	0	0	16	0	16	0	6115328	6418432	6418432	6418432	1593344	1896448	1896448	1896448	585728	888832	888832	888832	6115328	6418432	2
Hyper	real.pi	streaming	1	2	2	0	0	0	0	0	0	0	0	4	0	2	320	0	144	176	248	248	72	176	0	0	0	0	0	0	176	176	176	6152192	6156288	6938624	6938624	1497088	1501184	2256896	2256896	479232	483328	1212416	1212416	6152192	6938624	2
exactCorelib	real.e	streaming	1	2	2	66	0	65	1888	0	1872	16	1288	2	0	2	192	0	192	16	112	96	96	0	0	0	1	0	0	16	0	16	0	6225920	6602752	6602752	6602752	1572864	1923072	1923072	1923072	524288	847872	847872	847872	6225920	6602752	2
Hyper	real.e	streaming	1	2	2	0	0	0	0	0	0	0	0	4	0	2	320	0	144	176	248	248	72	176	0	0	0	0	0	0	176	176	176	6123520	6127616	6815744	6815744	1546240	1550336	2238464	2238464	524288	528384	1216512	1216512	6123520	6815744	2
exactCorelib	real.sign	streaming	1	2	2	66	0	36	1896	0	648	1248	1288	31	12	28	1000	296	960	1328	1696	448	368	80	0	0	33	0	0	1328	0	1328	0	6180864	6512640	6594560	6594560	1586176	1913856	1989632	1989632	516096	839680	909312	909312	6180864	6594560	2
Hyper	real.sign	streaming	1	2	2	2	0	0	152	0	0	152	152	10	0	8	784	0	576	360	432	280	72	208	0	0	1	0	0	48	312	360	312	5935104	6545408	7118848	7118848	1448960	1985536	2558976	2558976	475136	937984	1511424	1511424	5935104	7118848	2
exactCorelib	real.floor	streaming	1	2	2	66	0	36	1896	0	648	1248	1288	48	2	48	2064	32	2080	1248	2072	824	824	0	0	0	30	0	0	1248	0	1248	0	6193152	6496256	6524928	6524928	1590272	1893376	1912832	1912832	610304	913408	925696	925696	6193152	6524928	2
Hyper	real.floor	streaming	1	2	2	2	0	0	152	0	0	152	152	2	0	2	208	0	208	152	256	104	104	0	0	0	1	0	0	48	104	152	104	6152192	6729728	7008256	7008256	1490944	2035712	2314240	2314240	475136	987136	1265664	1265664	6152192	7008256	2
exactCorelib	real.ceil	streaming	1	2	2	66	0	36	1896	0	648	1248	1288	64	2	64	2800	32	2816	1248	2408	1160	1160	0	0	0	30	0	0	1248	0	1248	0	6287360	6504448	6619136	6623232	1689600	1906688	1990656	1994752	647168	864256	917504	921600	6287360	6623232	2
Hyper	real.ceil	streaming	1	2	2	2	0	0	152	0	0	152	152	4	0	4	416	0	416	152	256	104	104	0	0	0	1	0	0	48	104	152	104	6037504	6303744	6729728	6729728	1481728	1747968	2173952	2173952	450560	716800	1142784	1142784	6037504	6729728	2
exactCorelib	complex.add	streaming	1	2	2	31	0	16	560	0	256	304	320	12	8	12	224	128	288	304	448	144	144	0	0	0	15	0	0	304	0	304	0	6279168	6524928	6590464	6590464	1597440	1841152	1906688	1906688	516096	757760	823296	823296	6279168	6590464	2
Hyper	complex.add	streaming	1	2	2	5	0	0	616	0	0	616	616	6	0	2	768	0	208	1176	1176	560	0	560	0	0	1	0	0	200	976	1176	976	6049792	6463488	7090176	7090176	1442816	1856512	2483200	2483200	454656	868352	1495040	1495040	6049792	7090176	2
exactCorelib	complex.subtract	streaming	1	2	2	32	0	17	577	0	273	304	337	12	8	12	224	128	288	304	448	144	144	0	0	0	15	0	0	304	0	304	0	6217728	6455296	6520832	6520832	1617920	1855488	1921024	1921024	532480	770048	835584	835584	6217728	6520832	2
Hyper	complex.subtract	streaming	1	2	2	5	0	0	616	0	0	616	616	6	0	2	768	0	208	1176	1176	560	0	560	0	0	1	0	0	200	976	1176	976	6156288	6569984	7274496	7274496	1515520	1929216	2633728	2633728	479232	892928	1597440	1597440	6156288	7274496	2
exactCorelib	complex.multiply	streaming	1	2	2	32	0	17	577	0	273	304	337	36	12	36	768	192	864	304	592	288	288	0	0	0	15	0	0	304	0	304	0	6311936	6549504	6615040	6615040	1612800	1850368	1915904	1915904	536576	774144	839680	839680	6311936	6615040	2
Hyper	complex.multiply	streaming	1	2	2	5	0	0	616	0	0	616	616	14	0	3	1744	0	312	2048	2152	1536	104	1432	0	0	1	0	0	200	1848	2048	1848	6131712	6545408	7168000	7168000	1490944	1904640	2527232	2527232	454656	868352	1490944	1490944	6131712	7168000	2
exactCorelib	complex.divide	streaming	1	2	2	31	0	16	560	0	256	304	320	66	22	66	1408	352	1584	304	736	432	432	0	0	0	15	0	0	304	0	304	0	6152192	6402048	6483968	6483968	1608704	1854464	1934336	1934336	589824	831488	909312	909312	6152192	6483968	2
Hyper	complex.divide	streaming	1	2	2	5	0	0	616	0	0	616	616	4	0	4	416	0	416	616	824	208	208	0	0	0	1	0	0	200	416	616	416	6172672	6627328	6889472	6889472	1548288	2002944	2265088	2265088	479232	933888	1196032	1196032	6172672	6889472	2
exactCorelib	complex.norm_squared	streaming	1	2	2	32	0	17	581	0	277	304	341	18	6	18	384	96	432	304	520	216	216	0	0	0	15	0	0	304	0	304	0	6230016	6483968	6549504	6549504	1607680	1855488	1921024	1921024	589824	831488	897024	897024	6230016	6549504	2
Hyper	complex.norm_squared	streaming	1	2	2	3	0	0	304	0	0	304	304	3	0	2	312	0	208	408	512	208	104	104	0	0	1	0	0	96	312	408	312	6037504	6455296	6881280	6881280	1481728	1899520	2325504	2325504	450560	868352	1294336	1294336	6037504	6881280	2
exactCorelib	vector2.add	streaming	1	2	2	45	0	28	928	0	576	352	448	22	8	22	464	128	528	352	520	168	168	0	0	0	17	0	0	352	0	352	0	6115328	6287360	6418432	6418432	1595392	1767424	1898496	1898496	589824	761856	892928	892928	6115328	6418432	2
Hyper	vector2.add	streaming	1	2	2	6	0	0	635	0	0	635	635	3	0	0	456	0	0	1091	1091	456	0	456	0	0	2	0	0	219	872	1091	872	6094848	6459392	7049216	7049216	1470464	1835008	2424832	2424832	397312	761856	1351680	1351680	6094848	7049216	2
exactCorelib	vector2.subtract	streaming	1	2	2	46	0	29	945	0	593	352	465	22	8	22	464	128	528	352	520	168	168	0	0	0	17	0	0	352	0	352	0	6135808	6385664	6451200	6451200	1590272	1836032	1901568	1901568	569344	811008	876544	876544	6135808	6451200	2
Hyper	vector2.subtract	streaming	1	2	2	6	0	0	640	0	0	640	640	3	0	0	456	0	0	1096	1096	456	0	456	0	0	2	0	0	224	872	1096	872	6078464	6443008	7032832	7032832	1462272	1826816	2416640	2416640	397312	761856	1351680	1351680	6078464	7032832	2
exactCorelib	vector2.dot	streaming	1	2	2	45	0	28	928	0	576	352	448	18	6	18	384	96	432	352	496	144	144	0	0	0	17	0	0	352	0	352	0	6287360	6479872	6504448	6504448	1650688	1843200	1867776	1867776	569344	761856	786432	786432	6287360	6504448	2
Hyper	vector2.dot	streaming	1	2	2	6	0	0	635	0	0	635	635	2	0	0	208	0	0	843	843	208	0	208	0	0	2	0	0	219	624	843	624	5931008	6324224	6848512	6848512	1443840	1804288	2328576	2328576	471040	798720	1323008	1323008	5931008	6848512	2
exactCorelib	vector2.norm	streaming	1	2	2	83	0	63	2088	0	1216	872	1256	26	0	26	1840	0	1840	872	1760	888	888	0	0	0	20	0	0	872	0	872	0	6242304	6524928	6524928	6524928	1572864	1812480	1812480	1812480	528384	724992	724992	724992	6242304	6524928	2
Hyper	vector2.norm	streaming	1	2	2	6	0	0	636	0	0	636	636	7	0	2	800	0	208	1228	1228	592	0	592	0	0	2	0	0	220	1008	1228	1008	6057984	6438912	7143424	7143424	1469440	1850368	2554880	2554880	393216	774144	1478656	1478656	6057984	7143424	2
exactCorelib	vector2.wedge	streaming	1	2	2	45	0	28	928	0	576	352	448	18	6	18	384	96	432	352	568	216	216	0	0	0	17	0	0	352	0	352	0	6316032	6488064	6619136	6619136	1647616	1819648	1950720	1950720	602112	774144	905216	905216	6316032	6619136	2
Hyper	vector2.wedge	streaming	1	2	2	6	0	0	637	0	0	637	637	2	0	0	208	0	0	845	845	208	0	208	0	0	2	0	0	221	624	845	624	6057984	6438912	6946816	6946816	1471488	1852416	2360320	2360320	401408	782336	1290240	1290240	6057984	6946816	2
exactCorelib	vector3.add	streaming	1	2	2	63	0	40	1344	0	864	480	648	32	12	32	688	192	784	480	728	248	248	0	0	0	23	0	0	480	0	480	0	6283264	6455296	6586368	6586368	1588224	1760256	1891328	1891328	516096	688128	819200	819200	6283264	6586368	2
Hyper	vector3.add	streaming	1	2	2	8	0	0	939	0	0	939	939	5	0	0	736	0	0	1675	1675	736	0	736	0	0	2	0	0	315	1360	1675	1360	5988352	6254592	6897664	6897664	1489920	1756160	2372608	2372608	507904	774144	1363968	1363968	5988352	6897664	2
exactCorelib	vector3.subtract	streaming	1	2	2	64	0	41	1361	0	881	480	665	32	12	32	688	192	784	480	728	248	248	0	0	0	23	0	0	480	0	480	0	6307840	6479872	6610944	6610944	1608704	1780736	1911808	1911808	532480	704512	835584	835584	6307840	6610944	2
Hyper	vector3.subtract	streaming	1	2	2	8	0	0	944	0	0	944	944	5	0	0	736	0	0	1680	1680	736	0	736	0	0	2	0	0	320	1360	1680	1360	6029312	6356992	6995968	6995968	1483776	1811456	2450432	2450432	454656	782336	1421312	1421312	6029312	6995968	2
exactCorelib	vector3.dot	streaming	1	2	2	63	0	40	1344	0	864	480	648	24	8	24	512	128	576	480	624	144	144	0	0	0	23	0	0	480	0	480	0	6189056	6496256	6561792	6561792	1611776	1886208	1951744	1951744	589824	831488	897024	897024	6189056	6561792	2
Hyper	vector3.dot	streaming	1	2	2	8	0	0	939	0	0	939	939	2	0	2	208	0	208	939	1043	104	104	0	0	0	2	0	0	315	624	939	624	6029312	6361088	6905856	6905856	1483776	1815552	2360320	2360320	450560	782336	1327104	1327104	6029312	6905856	2
exactCorelib	vector3.cross	streaming	1	2	2	63	0	40	1344	0	864	480	648	68	18	68	1504	288	1648	480	1304	824	824	0	0	0	23	0	0	480	0	480	0	6361088	6537216	6668288	6668288	1708032	1884160	2015232	2015232	659456	835584	966656	966656	6320128	6668288	2
Hyper	vector3.cross	streaming	1	2	2	8	0	0	941	0	0	941	941	5	0	2	520	0	208	1253	1357	416	104	312	0	0	2	0	0	317	936	1253	936	6193152	6574080	7016448	7016448	1485824	1866752	2309120	2309120	401408	782336	1224704	1224704	6193152	7016448	2
exactCorelib	vector3.norm	streaming	1	2	2	119	0	91	3080	0	1800	1280	1800	30	0	30	2288	0	2288	1280	2392	1112	1112	0	0	0	28	0	0	1280	0	1280	0	6311936	6549504	6553600	6553600	1608704	1846272	1850368	1850368	528384	765952	770048	770048	6311936	6553600	2
Hyper	vector3.norm	streaming	1	2	2	8	0	0	940	0	0	940	940	16	0	4	1816	0	352	2404	2476	1536	72	1464	0	0	2	0	0	316	2088	2404	2088	6217728	6545408	7282688	7282688	1531904	1859584	2596864	2596864	491520	819200	1556480	1556480	6217728	7282688	2
exactCorelib	vector4.add	streaming	1	2	2	81	0	52	1760	0	1152	608	848	42	16	42	912	256	1040	608	936	328	328	0	0	0	29	0	0	608	0	608	0	6066176	6316032	6381568	6381568	1557504	1803264	1868800	1868800	569344	811008	876544	876544	6066176	6381568	2
Hyper	vector4.add	streaming	1	2	2	10	0	0	1243	0	0	1243	1243	6	0	0	912	0	0	2155	2155	912	0	912	0	0	2	0	0	411	1744	2155	1744	6127616	6492160	7131136	7131136	1473536	1838080	2477056	2477056	442368	806912	1445888	1445888	6127616	7131136	2
exactCorelib	vector4.subtract	streaming	1	2	2	82	0	53	1777	0	1169	608	865	42	16	42	912	256	1040	608	936	328	328	0	0	0	29	0	0	608	0	608	0	6340608	6537216	6565888	6565888	1673216	1869824	1898496	1898496	651264	847872	876544	876544	6340608	6565888	2
Hyper	vector4.subtract	streaming	1	2	2	10	0	0	1248	0	0	1248	1248	7	0	0	1016	0	0	2264	2264	1016	0	1016	0	0	2	0	0	416	1848	2264	1848	6074368	6389760	7028736	7028736	1512448	1827840	2466816	2466816	475136	790528	1429504	1429504	6074368	7028736	2
exactCorelib	vector4.dot	streaming	1	2	2	81	0	52	1760	0	1152	608	848	30	10	30	640	160	720	608	752	144	144	0	0	0	29	0	0	608	0	608	0	6168576	6418432	6483968	6483968	1608704	1854464	1920000	1920000	573440	815104	880640	880640	6168576	6483968	2
Hyper	vector4.dot	streaming	1	2	2	10	0	0	1243	0	0	1243	1243	2	0	2	208	0	208	1243	1347	104	104	0	0	0	2	0	0	411	832	1243	832	6017024	6397952	6905856	6905856	1489920	1838080	2345984	2345984	475136	790528	1298432	1298432	6017024	6905856	2
exactCorelib	vector4.norm	streaming	1	2	2	154	0	118	4040	0	2368	1672	2352	34	0	34	2736	0	2736	1672	3008	1336	1336	0	0	0	36	0	0	1672	0	1672	0	6246400	6467584	6467584	6467584	1626112	1847296	1847296	1847296	552960	774144	774144	774144	6246400	6467584	2
Hyper	vector4.norm	streaming	1	2	2	10	0	0	1244	0	0	1244	1244	17	0	9	1784	0	808	2220	2572	1328	352	976	0	0	2	0	0	412	1808	2220	1808	6209536	6524928	7327744	7327744	1574912	1890304	2693120	2693120	544768	860160	1662976	1662976	6209536	7327744	2
exactCorelib	matrix3.add	streaming	1	2	2	169	0	112	3832	0	2592	1240	1840	92	34	92	2048	544	2320	1240	1968	728	728	0	0	0	57	0	0	1240	0	1240	0	6160384	6410240	6479872	6479872	1606656	1852416	1922048	1922048	573440	815104	884736	884736	6160384	6479872	2
Hyper	matrix3.add	streaming	1	2	2	14	0	1	2038	0	3	2035	2035	9	0	6	1152	0	624	2563	2875	840	312	528	0	0	2	0	0	891	1672	2563	1672	5988352	6877184	7057408	7057408	1457152	2280448	2460672	2460672	479232	1236992	1417216	1417216	5988352	7057408	2
exactCorelib	matrix3.subtract	streaming	1	2	2	170	0	113	3849	0	2609	1240	1857	92	34	92	2048	544	2320	1240	1968	728	728	0	0	0	57	0	0	1240	0	1240	0	6139904	6389760	6459392	6459392	1608704	1854464	1924096	1924096	589824	831488	901120	901120	6074368	6459392	2
Hyper	matrix3.subtract	streaming	1	2	2	14	0	1	2048	0	8	2040	2040	13	0	6	1640	0	624	3056	3368	1328	312	1016	0	0	2	0	0	896	2160	3056	2160	6111232	6868992	7081984	7086080	1487872	2245632	2458624	2462720	487424	1245184	1458176	1462272	6111232	7086080	2
exactCorelib	matrix3.multiply	streaming	1	2	2	170	0	113	3849	0	2609	1240	1857	242	66	242	5392	1056	5920	1240	2088	848	848	0	0	0	57	0	0	1240	0	1240	0	6262784	6434816	6569984	6569984	1575936	1747968	1883136	1883136	512000	684032	819200	819200	6262784	6569984	2
Hyper	matrix3.multiply	streaming	1	2	2	14	0	1	2048	0	8	2040	2040	8	0	0	832	0	0	2872	2872	832	0	832	0	0	2	0	0	896	1976	2872	1976	6029312	6803456	7262208	7262208	1495040	2252800	2711552	2711552	516096	1257472	1716224	1716224	6029312	7262208	2
exactCorelib	matrix3.transpose	streaming	1	2	2	170	0	113	3850	0	2610	1240	1858	38	0	38	1024	0	1024	1240	1752	512	512	0	0	0	57	0	0	1240	0	1240	0	6180864	6352896	6356992	6356992	1599488	1771520	1775616	1775616	532480	704512	708608	708608	6180864	6356992	2
Hyper	matrix3.transpose	streaming	1	2	2	14	0	1	2050	0	9	2041	2041	0	0	0	0	0	0	2041	2041	0	0	0	0	0	2	0	0	897	1144	2041	1144	6184960	7008256	7155712	7155712	1479680	2302976	2450432	2450432	397312	1220608	1368064	1368064	6184960	7155712	2
exactCorelib	matrix3.determinant	streaming	1	2	2	170	0	113	3852	0	2612	1240	1860	164	38	164	3688	608	3992	1240	1964	724	724	0	0	0	57	0	0	1240	0	1240	0	6283264	6479872	6516736	6516736	1689600	1886208	1921024	1921024	651264	847872	880640	880640	6283264	6516736	2
Hyper	matrix3.determinant	streaming	1	2	2	14	0	1	2054	0	11	2043	2043	6	0	0	768	0	0	2811	2811	768	0	768	0	0	2	0	0	899	1912	2811	1912	5971968	6733824	7127040	7127040	1467392	2229248	2622464	2622464	507904	1269760	1662976	1662976	5971968	7127040	2
exactCorelib	matrix3.inverse	streaming	1	2	2	169	0	112	3832	0	2592	1240	1840	1254	250	1254	28256	4000	30256	1240	4424	3184	3184	0	0	0	57	0	0	1240	0	1240	0	6201344	6451200	6529024	6529024	1592320	1838080	1915904	1915904	507904	749568	827392	827392	6201344	6529024	2
Hyper	matrix3.inverse	streaming	1	2	2	14	0	1	2046	0	7	2039	2039	18	0	0	2016	0	0	4055	4055	2016	0	2016	0	0	2	0	0	895	3160	4055	3160	6041600	6778880	7135232	7135232	1485824	2223104	2579456	2579456	454656	1191936	1548288	1548288	6041600	7135232	2
exactCorelib	matrix4.add	streaming	1	2	2	290	0	196	6704	0	4608	2096	3200	162	58	162	3648	928	4112	2096	3384	1288	1288	0	0	0	94	0	0	2096	0	2096	0	6152192	6406144	6475776	6475776	1608704	1858560	1928192	1928192	589824	835584	905216	905216	6152192	6475776	2
Hyper	matrix4.add	streaming	1	2	2	12	0	1	2502	0	3	2499	2499	13	0	10	1568	0	1040	3027	3547	1048	520	528	0	0	2	0	0	1563	1464	3027	1464	6156288	6893568	7122944	7127040	1496064	2233344	2462720	2466816	458752	1196032	1425408	1429504	6156288	7127040	2
exactCorelib	matrix4.subtract	streaming	1	2	2	291	0	197	6721	0	4625	2096	3217	162	58	162	3648	928	4112	2096	3384	1288	1288	0	0	0	94	0	0	2096	0	2096	0	6270976	6438912	6569984	6569984	1637376	1805312	1936384	1936384	552960	720896	851968	851968	6270976	6569984	2
Hyper	matrix4.subtract	streaming	1	2	2	12	0	1	2512	0	8	2504	2504	24	0	10	3144	0	1040	4608	5128	2624	520	2104	0	0	2	0	0	1568	3040	4608	3040	6004736	6746112	6979584	6979584	1484800	2226176	2459648	2459648	479232	1220608	1454080	1454080	5971968	6979584	2
exactCorelib	matrix4.multiply	streaming	1	2	2	291	0	197	6721	0	4625	2096	3217	496	118	496	11184	1888	12128	2096	3504	1408	1408	0	0	0	94	0	0	2096	0	2096	0	6352896	6529024	6664192	6664192	1684480	1860608	1995776	1995776	638976	815104	950272	950272	6352896	6664192	2
Hyper	matrix4.multiply	streaming	1	2	2	12	0	1	2512	0	8	2504	2504	9	0	0	936	0	0	3440	3440	936	0	936	0	0	2	0	0	1568	1872	3440	1872	6152192	6942720	7278592	7282688	1506304	2270208	2606080	2610176	483328	1220608	1556480	1560576	6152192	7282688	2
exactCorelib	matrix4.transpose	streaming	1	2	2	291	0	197	6722	0	4626	2096	3218	66	0	66	1808	0	1808	2096	3000	904	904	0	0	0	94	0	0	2096	0	2096	0	6242304	6418432	6422528	6422528	1598464	1774592	1778688	1778688	577536	753664	757760	757760	6242304	6422528	2
Hyper	matrix4.transpose	streaming	1	2	2	12	0	1	2514	0	9	2505	2505	0	0	0	0	0	0	2505	2505	0	0	0	0	0	2	0	0	1569	936	2505	936	6070272	6938624	7151616	7151616	1461248	2264064	2477056	2477056	491520	1228800	1441792	1441792	6070272	7151616	2
exactCorelib	matrix4.determinant	streaming	1	2	2	291	0	197	6724	0	4628	2096	3220	400	102	400	8960	1632	9776	2096	3240	1144	1144	0	0	0	94	0	0	2096	0	2096	0	6250496	6426624	6635520	6635520	1608704	1784832	1961984	1961984	589824	765952	913408	913408	6250496	6635520	2
Hyper	matrix4.determinant	streaming	1	2	2	12	0	1	2518	0	11	2507	2507	23	0	2	3112	0	208	5411	5515	3008	104	2904	0	0	2	0	0	1571	3840	5411	3840	6135808	6946816	7311360	7311360	1445888	2256896	2621440	2621440	401408	1212416	1576960	1576960	6135808	7311360	2
exactCorelib	matrix4.inverse	streaming	1	2	2	290	0	196	6704	0	4608	2096	3200	2976	612	2976	66656	9792	71552	2096	7632	5536	5536	0	0	0	94	0	0	2096	0	2096	0	6287360	6537216	6639616	6639616	1640448	1888256	1986560	1986560	593920	839680	933888	933888	6287360	6639616	2
Hyper	matrix4.inverse	streaming	1	2	2	12	0	1	2510	0	7	2503	2503	32	0	32	3328	0	3328	2503	4167	1664	1664	0	0	0	2	0	0	1567	936	2503	936	6152192	6975488	7168000	7172096	1510400	2305024	2497536	2501632	491520	1257472	1449984	1454080	6152192	7172096	2
exactCorelib	geometry2.orientation	streaming	1	2	2	100	0	49	3326	0	854	2472	2502	12	0	12	1344	0	1344	2472	3144	672	672	0	0	0	51	0	0	2472	0	2472	0	6373376	6606848	6610944	6610944	1648640	1882112	1886208	1886208	569344	802816	806912	806912	6373376	6610944	2
Hyper	geometry2.orientation	streaming	1	2	2	8	0	2	830	0	22	808	808	0	0	0	0	0	0	808	808	0	0	0	0	0	1	0	0	288	520	808	520	6107136	6864896	6995968	6995968	1487872	2245632	2376704	2376704	491520	1249280	1380352	1380352	6107136	6995968	2
exactCorelib	geometry2.area	streaming	1	2	2	99	0	48	3304	0	832	2472	2480	14	0	14	1568	0	1568	2472	3256	784	784	0	0	0	51	0	0	2472	0	2472	0	6258688	6475776	6520832	6520832	1669120	1886208	1910784	1910784	626688	843776	847872	847872	6258688	6520832	2
Hyper	geometry2.area	streaming	1	2	2	8	0	2	816	0	8	808	808	5	0	1	592	0	104	1296	1296	488	0	488	0	0	1	0	0	288	1008	1296	1008	6070272	6938624	7200768	7200768	1449984	2285568	2547712	2547712	430080	1232896	1495040	1495040	6070272	7200768	2
exactCorelib	geometry2.between	streaming	1	2	2	100	0	49	3322	0	850	2472	2498	12	0	12	1344	0	1344	2472	3144	672	672	0	0	0	51	0	0	2472	0	2472	0	6148096	6397952	6402048	6402048	1602560	1848320	1852416	1852416	569344	811008	815104	815104	6148096	6402048	2
Hyper	geometry2.between	streaming	1	2	2	8	0	2	822	0	14	808	808	0	0	0	0	0	0	808	808	0	0	0	0	0	1	0	0	288	520	808	520	6074368	6815744	7061504	7061504	1510400	2251776	2497536	2497536	471040	1212416	1458176	1458176	6074368	7061504	2
exactCorelib	geometry2.line_relation_0	streaming	1	2	2	140	0	67	5082	0	1162	3920	3946	12	0	12	1344	0	1344	3920	4592	672	672	0	0	0	73	0	0	3920	0	3920	0	6164480	6418432	6418432	6422528	1606656	1856512	1856512	1860608	573440	819200	819200	823296	6164480	6422528	2
Hyper	geometry2.line_relation_0	streaming	1	2	2	10	0	2	1150	0	30	1120	1120	0	0	0	0	0	0	1120	1120	0	0	0	0	0	1	0	0	392	728	1120	728	6041600	6758400	6889472	6889472	1504256	2221056	2352128	2352128	512000	1228800	1359872	1359872	6041600	6889472	2
exactCorelib	geometry2.line_relation_1	streaming	1	2	2	140	0	67	5082	0	1162	3920	3946	12	0	12	1344	0	1344	3920	4592	672	672	0	0	0	73	0	0	3920	0	3920	0	6254592	6508544	6508544	6512640	1611776	1861632	1861632	1865728	573440	819200	819200	823296	6254592	6512640	2
Hyper	geometry2.line_relation_1	streaming	1	2	2	10	0	2	1150	0	30	1120	1120	0	0	0	0	0	0	1120	1120	0	0	0	0	0	1	0	0	392	728	1120	728	6037504	6791168	6922240	6922240	1500160	2253824	2384896	2384896	507904	1261568	1392640	1392640	6037504	6922240	2
exactCorelib	geometry2.line_relation_2	streaming	1	2	2	140	0	67	5082	0	1162	3920	3946	28	0	28	1904	0	1904	3920	4840	920	920	0	0	0	73	0	0	3920	0	3920	0	6336512	6639616	6639616	6643712	1660928	1935360	1935360	1939456	630784	876544	876544	880640	6336512	6643712	2
Hyper	geometry2.line_relation_2	streaming	1	2	2	10	0	2	1150	0	30	1120	1120	6	0	2	768	0	208	1680	1784	664	104	560	0	0	1	0	0	392	1288	1680	1288	6139904	7028736	7553024	7553024	1473536	2362368	2886656	2886656	430080	1318912	1843200	1843200	6139904	7553024	2
exactCorelib	geometry2.line_relation_3	streaming	1	2	2	140	0	67	5082	0	1162	3920	3946	40	0	40	3248	0	3248	3920	4840	920	920	0	0	0	73	0	0	3920	0	3920	0	6156288	6463488	6463488	6467584	1606656	1883136	1883136	1887232	581632	827392	827392	831488	6156288	6467584	2
Hyper	geometry2.line_relation_3	streaming	1	2	2	10	0	2	1150	0	30	1120	1120	6	0	2	768	0	208	1680	1784	664	104	560	0	0	1	0	0	392	1288	1680	1288	6008832	6660096	7135232	7135232	1479680	2130944	2606080	2606080	475136	1126400	1601536	1601536	6008832	7135232	2
exactCorelib	geometry2.line_relation_4	streaming	1	2	2	140	0	67	5082	0	1162	3920	3946	12	0	12	1344	0	1344	3920	4592	672	672	0	0	0	73	0	0	3920	0	3920	0	6258688	6557696	6557696	6561792	1614848	1885184	1885184	1889280	589824	831488	831488	835584	6258688	6561792	2
Hyper	geometry2.line_relation_4	streaming	1	2	2	10	0	2	1150	0	30	1120	1120	6	0	2	768	0	208	1680	1784	664	104	560	0	0	1	0	0	392	1288	1680	1288	6172672	6930432	7520256	7520256	1469440	2227200	2817024	2817024	389120	1146880	1736704	1736704	6172672	7520256	2
exactCorelib	geometry2.line_relation_5	streaming	1	2	2	140	0	67	5082	0	1162	3920	3946	0	0	0	0	0	0	3920	3920	0	0	0	0	0	73	0	0	3920	0	3920	0	6156288	6475776	6475776	6475776	1612800	1895424	1895424	1895424	593920	839680	839680	839680	6156288	6475776	2
Hyper	geometry2.line_relation_5	streaming	1	2	2	10	0	2	1150	0	30	1120	1120	0	0	0	0	0	0	1120	1120	0	0	0	0	0	1	0	0	392	728	1120	728	6111232	6938624	6938624	6938624	1546240	2344960	2344960	2344960	536576	1306624	1306624	1306624	6111232	6938624	2
exactCorelib	geometry2.line_relation_6	streaming	1	2	2	140	0	67	5082	0	1162	3920	3946	0	0	0	0	0	0	3920	3920	0	0	0	0	0	73	0	0	3920	0	3920	0	6107136	6385664	6385664	6385664	1565696	1811456	1811456	1811456	569344	782336	782336	782336	6107136	6385664	2
Hyper	geometry2.line_relation_6	streaming	1	2	2	10	0	2	1150	0	30	1120	1120	0	0	0	0	0	0	1120	1120	0	0	0	0	0	1	0	0	392	728	1120	728	6135808	6934528	6934528	6934528	1520640	2286592	2286592	2286592	503808	1236992	1236992	1236992	6135808	6934528	2
exactCorelib	geometry2.line_intersection	streaming	1	2	2	140	0	67	5084	0	1164	3920	3948	84	0	84	7296	0	7296	3920	5872	1952	1952	0	0	0	73	0	0	3920	0	3920	0	6266880	6557696	6561792	6561792	1673216	1941504	1945600	1945600	634880	880640	884736	884736	6266880	6561792	2
Hyper	geometry2.line_intersection	streaming	1	2	2	10	0	2	1146	0	34	1112	1112	4	0	4	416	0	416	1112	1320	208	208	0	0	0	1	0	0	384	728	1112	728	6111232	6909952	6975488	6975488	1494016	2259968	2325504	2325504	499712	1232896	1298432	1298432	6111232	6975488	2
exactCorelib	geometry2.segment_relation_0	streaming	1	2	2	134	0	67	4573	0	1165	3408	3445	18	0	18	1840	0	1840	3408	4328	920	920	0	0	0	67	0	0	3408	0	3408	0	6090752	6410240	6410240	6410240	1580032	1862656	1862656	1862656	593920	839680	839680	839680	6090752	6410240	2
Hyper	geometry2.segment_relation_0	streaming	1	2	2	10	0	2	1156	0	36	1120	1120	0	0	0	0	0	0	1120	1120	0	0	0	0	0	1	0	0	392	728	1120	728	6135808	6942720	7270400	7270400	1469440	2276352	2604032	2604032	425984	1232896	1560576	1560576	6135808	7270400	2
exactCorelib	geometry2.segment_relation_1	streaming	1	2	2	134	0	67	4573	0	1165	3408	3445	264	47	241	14192	944	14128	3856	6632	3224	2776	448	0	0	90	0	0	3856	0	3856	0	6250496	6492160	6696960	6701056	1602560	1844224	2025472	2029568	577536	819200	978944	983040	6250496	6701056	2
Hyper	geometry2.segment_relation_1	streaming	1	2	2	10	0	2	1156	0	36	1120	1120	0	0	0	0	0	0	1120	1120	0	0	0	0	0	1	0	0	392	728	1120	728	6090752	6782976	7176192	7176192	1487872	2180096	2573312	2573312	409600	1101824	1495040	1495040	6090752	7176192	2
exactCorelib	geometry2.segment_relation_2	streaming	1	2	2	134	0	67	4573	0	1165	3408	3445	0	0	0	0	0	0	3408	3408	0	0	0	0	0	67	0	0	3408	0	3408	0	6090752	6397952	6397952	6397952	1573888	1850368	1850368	1850368	581632	827392	827392	827392	6090752	6397952	2
Hyper	geometry2.segment_relation_2	streaming	1	2	2	10	0	2	1156	0	36	1120	1120	0	0	0	0	0	0	1120	1120	0	0	0	0	0	1	0	0	392	728	1120	728	6131712	6955008	7294976	7294976	1473536	2296832	2636800	2636800	438272	1261568	1601536	1601536	6131712	7294976	2
exactCorelib	geometry2.segment_relation_3	streaming	1	2	2	134	0	67	4573	0	1165	3408	3445	40	0	40	2896	0	2896	3408	4824	1416	1416	0	0	0	67	0	0	3408	0	3408	0	6254592	6475776	6475776	6479872	1662976	1884160	1884160	1888256	626688	847872	847872	851968	6254592	6479872	2
Hyper	geometry2.segment_relation_3	streaming	1	2	2	10	0	2	1156	0	36	1120	1120	6	0	2	768	0	208	1680	1784	664	104	560	0	0	1	0	0	392	1288	1680	1288	6066176	6889472	7217152	7217152	1469440	2292736	2620416	2620416	397312	1220608	1548288	1548288	6066176	7217152	2
exactCorelib	geometry2.incircle	streaming	1	2	2	140	0	73	5211	0	1827	3384	4027	90	0	90	7968	0	7968	3384	6968	3584	3584	0	0	0	67	0	0	3384	0	3384	0	6180864	6451200	6455296	6455296	1626112	1863680	1867776	1867776	626688	831488	835584	835584	6180864	6455296	2
Hyper	geometry2.incircle	streaming	1	2	2	9	0	2	1024	0	16	1008	1008	0	0	0	0	0	0	1008	1008	0	0	0	0	0	1	0	0	384	624	1008	624	6053888	6819840	7204864	7204864	1465344	2231296	2616320	2616320	389120	1155072	1540096	1540096	6053888	7204864	2
exactCorelib	geometry2.circle_line	streaming	1	2	2	161	0	94	6678	0	3022	3656	5366	62	0	62	4816	0	4816	3656	5664	2008	2008	0	0	0	67	0	0	3656	0	3656	0	6316032	6565888	6565888	6565888	1593344	1843200	1843200	1843200	516096	765952	765952	765952	6316032	6565888	2
Hyper	geometry2.circle_line	streaming	1	2	2	8	0	2	878	0	22	856	856	17	0	2	2272	0	208	2920	3128	2272	208	2064	0	0	1	0	0	336	2584	2920	2584	5955584	6852608	7249920	7254016	1423360	2291712	2689024	2693120	401408	1241088	1638400	1642496	5955584	7254016	2
exactCorelib	geometry2.circle_segment	streaming	1	2	2	117	0	58	3945	0	1009	2936	2969	142	0	142	10784	0	10784	2936	7544	4608	4608	0	0	0	59	0	0	2936	0	2936	0	6197248	6496256	6500352	6500352	1629184	1901568	1905664	1905664	585728	831488	835584	835584	6197248	6500352	2
Hyper	geometry2.circle_segment	streaming	1	2	2	8	0	2	884	0	28	856	856	31	0	7	3944	0	728	4072	4488	3632	416	3216	0	0	1	0	0	336	3736	4072	3736	6184960	6991872	7335936	7335936	1487872	2294784	2638848	2638848	413696	1220608	1564672	1564672	6184960	7335936	2
exactCorelib	geometry2.circle_point_distance	streaming	1	2	2	179	0	118	8248	0	4856	3392	5360	14	0	14	1552	0	1552	3392	4168	776	776	0	0	0	61	0	0	3392	0	3392	0	6242304	6557696	6557696	6557696	1611776	1894400	1894400	1894400	585728	835584	835584	835584	6242304	6557696	2
Hyper	geometry2.circle_point_distance	streaming	1	2	2	7	0	2	698	0	42	656	656	21	0	20	1864	0	1760	760	1360	704	600	104	0	0	1	0	0	240	520	760	520	6057984	6946816	7340032	7340032	1469440	2358272	2751488	2751488	393216	1282048	1675264	1675264	6057984	7340032	2
exactCorelib	geometry2.circle_circle_distance	streaming	1	2	2	182	0	121	8289	0	4897	3392	5361	32	0	32	2512	0	2512	3392	4616	1224	1224	0	0	0	61	0	0	3392	0	3392	0	6201344	6459392	6459392	6459392	1592320	1846272	1846272	1846272	507904	757760	757760	757760	6201344	6459392	2
Hyper	geometry2.circle_circle_distance	streaming	1	2	2	7	0	2	700	0	44	656	656	35	0	34	3432	0	3328	760	1728	1072	968	104	0	0	1	0	0	240	520	760	520	6123520	6881280	7356416	7356416	1544192	2301952	2777088	2777088	520192	1277952	1753088	1753088	6123520	7356416	2
exactCorelib	geometry2.point_distance	streaming	1	2	2	68	0	31	2257	0	553	1704	1729	12	0	12	1328	0	1328	1704	2368	664	664	0	0	0	37	0	0	1704	0	1704	0	6139904	6455296	6455296	6459392	1608704	1887232	1887232	1891328	589824	831488	831488	835584	6139904	6459392	2
Hyper	geometry2.point_distance	streaming	1	2	2	6	0	2	532	0	28	504	504	12	0	2	1608	0	208	1904	1904	1400	0	1400	0	0	1	0	0	192	1712	1904	1712	6107136	6848512	7192576	7192576	1511424	2252800	2596864	2596864	466944	1208320	1552384	1552384	6107136	7192576	2
exactCorelib	geometry2.line_point_distance	streaming	1	2	2	134	0	61	5006	0	1086	3920	3950	46	0	46	4064	0	4064	3920	5920	2000	2000	0	0	0	73	0	0	3920	0	3920	0	6201344	6500352	6504448	6504448	1620992	1891328	1895424	1895424	593920	835584	839680	839680	6201344	6504448	2
Hyper	geometry2.line_point_distance	streaming	1	2	2	8	0	2	846	0	38	808	808	20	0	20	2240	0	2240	808	1824	1016	1016	0	0	0	1	0	0	288	520	808	520	6086656	6893568	7327744	7327744	1453056	2259968	2694144	2694144	442368	1249280	1683456	1683456	6086656	7327744	2
exactCorelib	geometry2.segment_point_distance	streaming	1	2	2	128	0	61	4497	0	1089	3408	3441	142	0	142	10768	0	10768	3408	8120	4712	4712	0	0	0	67	0	0	3408	0	3408	0	6307840	6549504	6557696	6557696	1632256	1873920	1882112	1882112	561152	802816	811008	811008	6307840	6557696	2
Hyper	geometry2.segment_point_distance	streaming	1	2	2	8	0	2	852	0	44	808	808	24	0	24	2656	0	2656	808	1928	1120	1120	0	0	0	1	0	0	288	520	808	520	6135808	6938624	7397376	7397376	1536000	2306048	2764800	2764800	540672	1277952	1736704	1736704	6135808	7397376	2
exactCorelib	geometry3.orientation	streaming	1	2	2	199	0	100	6606	0	1726	4880	4910	78	0	78	6624	0	6624	4880	7792	2912	2912	0	0	0	99	0	0	4880	0	4880	0	6160384	6402048	6406144	6406144	1569792	1811456	1815552	1815552	602112	843776	847872	847872	6160384	6406144	2
Hyper	geometry3.orientation	streaming	1	2	2	13	0	2	1638	0	22	1616	1616	0	0	0	0	0	0	1616	1616	0	0	0	0	0	1	0	0	576	1040	1616	1040	6074368	6688768	6819840	6819840	1453056	2067456	2198528	2198528	450560	1064960	1196032	1196032	6074368	6819840	2
exactCorelib	geometry3.volume	streaming	1	2	2	199	0	100	6601	0	1721	4880	4905	160	0	160	13680	0	13680	4880	10472	5592	5592	0	0	0	99	0	0	4880	0	4880	0	6295552	6541312	6574080	6574080	1662976	1908736	1935360	1935360	585728	831488	851968	851968	6295552	6574080	2
Hyper	geometry3.volume	streaming	1	2	2	13	0	2	1628	0	12	1616	1616	24	0	10	2928	0	1040	3504	4024	2408	520	1888	0	0	1	0	0	576	2928	3504	2928	6094848	6832128	7262208	7262208	1473536	2210816	2640896	2640896	475136	1212416	1642496	1642496	6094848	7262208	2
exactCorelib	geometry3.line_relation_0	streaming	1	2	2	207	0	100	7522	0	1730	5792	5818	44	0	44	3552	0	3552	5792	7536	1744	1744	0	0	0	107	0	0	5792	0	5792	0	6193152	6418432	6418432	6422528	1570816	1796096	1796096	1800192	585728	811008	811008	815104	6193152	6422528	2
Hyper	geometry3.line_relation_0	streaming	1	2	2	13	0	2	1654	0	30	1624	1624	11	0	1	1360	0	104	2880	2880	1256	0	1256	0	0	1	0	0	584	2296	2880	2296	6098944	6987776	7192576	7192576	1466368	2355200	2560000	2560000	385024	1273856	1478656	1478656	6098944	7192576	2
exactCorelib	geometry3.line_relation_1	streaming	1	2	2	207	0	100	7522	0	1730	5792	5818	38	0	38	2880	0	2880	5792	7200	1408	1408	0	0	0	107	0	0	5792	0	5792	0	6270976	6504448	6504448	6508544	1633280	1866752	1866752	1870848	593920	827392	827392	831488	6270976	6508544	2
Hyper	geometry3.line_relation_1	streaming	1	2	2	13	0	2	1654	0	30	1624	1624	18	0	8	2232	0	904	2952	3544	1920	592	1328	0	0	1	0	0	584	2368	2952	2368	6160384	6914048	7258112	7262208	1500160	2253824	2597888	2601984	462848	1216512	1560576	1564672	6160384	7262208	2
exactCorelib	geometry3.line_relation_2	streaming	1	2	2	207	0	100	7522	0	1730	5792	5818	74	0	74	5696	0	5696	5792	8480	2688	2688	0	0	0	107	0	0	5792	0	5792	0	6180864	6483968	6488064	6488064	1629184	1905664	1909760	1909760	585728	835584	839680	839680	6180864	6488064	2
Hyper	geometry3.line_relation_2	streaming	1	2	2	13	0	2	1654	0	30	1624	1624	0	0	0	0	0	0	1624	1624	0	0	0	0	0	1	0	0	584	1040	1624	1040	6156288	6893568	7024640	7024640	1496064	2233344	2364416	2364416	458752	1196032	1327104	1327104	6156288	7024640	2
exactCorelib	geometry3.line_relation_3	streaming	1	2	2	207	0	100	7522	0	1730	5792	5818	78	0	78	6624	0	6624	5792	8704	2912	2912	0	0	0	107	0	0	5792	0	5792	0	6172672	6483968	6488064	6488064	1565696	1844224	1848320	1848320	577536	823296	827392	827392	6172672	6488064	2
Hyper	geometry3.line_relation_3	streaming	1	2	2	13	0	2	1654	0	30	1624	1624	0	0	0	0	0	0	1624	1624	0	0	0	0	0	1	0	0	584	1040	1624	1040	6033408	6791168	6922240	6922240	1468416	2226176	2357248	2357248	458752	1216512	1347584	1347584	6033408	6922240	2
exactCorelib	geometry3.line_relation_4	streaming	1	2	2	207	0	100	7522	0	1730	5792	5818	44	0	44	3552	0	3552	5792	7536	1744	1744	0	0	0	107	0	0	5792	0	5792	0	6283264	6529024	6529024	6533120	1588224	1833984	1833984	1838080	516096	761856	761856	765952	6283264	6533120	2
Hyper	geometry3.line_relation_4	streaming	1	2	2	13	0	2	1654	0	30	1624	1624	18	0	8	2232	0	904	2952	3544	1920	592	1328	0	0	1	0	0	584	2368	2952	2368	6066176	6807552	7168000	7172096	1500160	2227200	2587648	2591744	483328	1196032	1556480	1560576	6066176	7172096	2
exactCorelib	geometry3.segment_relation_0	streaming	1	2	2	199	0	100	6773	0	1733	5040	5077	52	0	52	4288	0	4288	5040	7152	2112	2112	0	0	0	99	0	0	5040	0	5040	0	6123520	6369280	6369280	6373376	1603584	1849344	1849344	1853440	598016	843776	843776	847872	6123520	6373376	2
Hyper	geometry3.segment_relation_0	streaming	1	2	2	13	0	2	1660	0	36	1624	1624	11	0	1	1360	0	104	2880	2880	1256	0	1256	0	0	1	0	0	584	2296	2880	2296	6066176	6832128	7094272	7094272	1481728	2247680	2509824	2509824	442368	1208320	1470464	1470464	6066176	7094272	2
exactCorelib	geometry3.segment_relation_1	streaming	1	2	2	199	0	100	6773	0	1733	5040	5077	94	0	94	8096	0	8096	5040	8688	3648	3648	0	0	0	99	0	0	5040	0	5040	0	6287360	6533120	6533120	6537216	1588224	1833984	1833984	1838080	512000	757760	757760	761856	6287360	6537216	2
Hyper	geometry3.segment_relation_1	streaming	1	2	2	13	0	2	1660	0	36	1624	1624	16	0	4	2024	0	416	3232	3440	1816	208	1608	0	0	1	0	0	584	2648	3232	2648	6029312	6860800	7319552	7323648	1485824	2288640	2747392	2751488	466944	1241088	1699840	1703936	5963776	7323648	2
exactCorelib	geometry3.segment_relation_2	streaming	1	2	2	199	0	100	6773	0	1733	5040	5077	0	0	0	0	0	0	5040	5040	0	0	0	0	0	99	0	0	5040	0	5040	0	6246400	6479872	6479872	6479872	1658880	1892352	1892352	1892352	626688	860160	860160	860160	6246400	6479872	2
Hyper	geometry3.segment_relation_2	streaming	1	2	2	13	0	2	1660	0	36	1624	1624	16	0	4	2024	0	416	3232	3440	1816	208	1608	0	0	1	0	0	584	2648	3232	2648	6045696	6877184	7335936	7340032	1513472	2316288	2775040	2779136	495616	1269760	1728512	1732608	6045696	7340032	2
exactCorelib	geometry3.segment_relation_3	streaming	1	2	2	199	0	100	6773	0	1733	5040	5077	78	0	78	6624	0	6624	5040	7952	2912	2912	0	0	0	99	0	0	5040	0	5040	0	6234112	6479872	6483968	6483968	1594368	1840128	1844224	1844224	577536	823296	827392	827392	6234112	6483968	2
Hyper	geometry3.segment_relation_3	streaming	1	2	2	13	0	2	1660	0	36	1624	1624	0	0	0	0	0	0	1624	1624	0	0	0	0	0	1	0	0	584	1040	1624	1040	6017024	6815744	6946816	6946816	1483776	2255872	2386944	2386944	462848	1208320	1339392	1339392	6017024	6946816	2
exactCorelib	geometry3.plane_relation_0	streaming	1	2	2	357	0	148	16315	0	2723	13592	13667	28	0	28	2080	0	2080	13592	14600	1008	1008	0	0	0	209	0	0	13592	0	13592	0	6180864	6463488	6463488	6467584	1586176	1858560	1858560	1862656	516096	778240	778240	782336	6180864	6467584	2
Hyper	geometry3.plane_relation_0	streaming	1	2	2	12	0	2	1600	0	32	1568	1568	0	0	0	0	0	0	1568	1568	0	0	0	0	0	1	0	0	632	936	1568	936	6012928	6766592	6934528	6934528	1488896	2242560	2410496	2410496	479232	1232896	1400832	1400832	6012928	6934528	2
exactCorelib	geometry3.plane_relation_1	streaming	1	2	2	357	0	148	16315	0	2723	13592	13667	12	0	12	1344	0	1344	13592	14264	672	672	0	0	0	209	0	0	13592	0	13592	0	6217728	6516736	6557696	6557696	1594368	1872896	1893376	1893376	593920	851968	851968	851968	6217728	6557696	2
Hyper	geometry3.plane_relation_1	streaming	1	2	2	12	0	2	1600	0	32	1568	1568	0	0	0	0	0	0	1568	1568	0	0	0	0	0	1	0	0	632	936	1568	936	6062080	6823936	7008256	7008256	1465344	2227200	2411520	2411520	393216	1155072	1339392	1339392	6062080	7008256	2
exactCorelib	geometry3.plane_relation_2	streaming	1	2	2	357	0	148	16315	0	2723	13592	13667	28	0	28	2080	0	2080	13592	14600	1008	1008	0	0	0	209	0	0	13592	0	13592	0	6266880	6524928	6524928	6529024	1610752	1868800	1868800	1872896	577536	835584	835584	839680	6266880	6529024	2
Hyper	geometry3.plane_relation_2	streaming	1	2	2	12	0	2	1600	0	32	1568	1568	0	0	0	0	0	0	1568	1568	0	0	0	0	0	1	0	0	632	936	1568	936	6074368	6885376	7331840	7331840	1505280	2283520	2729984	2729984	540672	1286144	1732608	1732608	6074368	7331840	2
exactCorelib	geometry3.plane_relation_3	streaming	1	2	2	357	0	148	16315	0	2723	13592	13667	70	0	70	4896	0	4896	13592	14968	1376	1376	0	0	0	209	0	0	13592	0	13592	0	6238208	6496256	6496256	6500352	1596416	1854464	1854464	1858560	577536	835584	835584	839680	6238208	6500352	2
Hyper	geometry3.plane_relation_3	streaming	1	2	2	12	0	2	1600	0	32	1568	1568	0	0	0	0	0	0	1568	1568	0	0	0	0	0	1	0	0	632	936	1568	936	6189056	6930432	7389184	7389184	1522688	2264064	2722816	2722816	479232	1220608	1679360	1679360	6189056	7389184	2
exactCorelib	geometry3.plane_relation_4	streaming	1	2	2	357	0	148	16315	0	2723	13592	13667	28	0	28	2080	0	2080	13592	14600	1008	1008	0	0	0	209	0	0	13592	0	13592	0	6156288	6410240	6410240	6414336	1613824	1867776	1867776	1871872	626688	880640	880640	884736	6156288	6414336	2
Hyper	geometry3.plane_relation_4	streaming	1	2	2	12	0	2	1600	0	32	1568	1568	0	0	0	0	0	0	1568	1568	0	0	0	0	0	1	0	0	632	936	1568	936	6074368	6836224	7229440	7229440	1469440	2231296	2624512	2624512	389120	1150976	1544192	1544192	6074368	7229440	2
exactCorelib	geometry3.plane_relation_5	streaming	1	2	2	357	0	148	16315	0	2723	13592	13667	70	0	70	5728	0	5728	13592	15384	1792	1792	0	0	0	209	0	0	13592	0	13592	0	6135808	6393856	6393856	6397952	1543168	1801216	1801216	1805312	573440	831488	831488	835584	6135808	6397952	2
Hyper	geometry3.plane_relation_5	streaming	1	2	2	12	0	2	1600	0	32	1568	1568	0	0	0	0	0	0	1568	1568	0	0	0	0	0	1	0	0	632	936	1568	936	6057984	6828032	7344128	7344128	1482752	2224128	2740224	2740224	458752	1171456	1687552	1687552	6057984	7344128	2
exactCorelib	geometry3.plane_relation_6	streaming	1	2	2	357	0	148	16315	0	2723	13592	13667	36	0	36	2816	0	2816	13592	14968	1376	1376	0	0	0	209	0	0	13592	0	13592	0	6193152	6524928	6524928	6529024	1619968	1916928	1916928	1921024	598016	860160	860160	864256	6193152	6529024	2
Hyper	geometry3.plane_relation_6	streaming	1	2	2	12	0	2	1600	0	32	1568	1568	0	0	0	0	0	0	1568	1568	0	0	0	0	0	1	0	0	632	936	1568	936	6111232	6930432	7208960	7208960	1498112	2284544	2563072	2563072	507904	1261568	1540096	1540096	6111232	7208960	2
exactCorelib	geometry3.plane_relation_7	streaming	1	2	2	357	0	148	16315	0	2723	13592	13667	244	8	94	11200	160	4272	20584	22008	8416	1424	6992	0	0	359	0	0	20584	0	20584	0	6258688	6516736	6737920	6737920	1606656	1864704	2066432	2066432	577536	835584	1019904	1019904	6258688	6737920	2
Hyper	geometry3.plane_relation_7	streaming	1	2	2	12	0	2	1600	0	32	1568	1568	0	0	0	0	0	0	1568	1568	0	0	0	0	0	1	0	0	632	936	1568	936	6021120	6836224	7098368	7098368	1481728	2264064	2526208	2526208	466944	1216512	1478656	1478656	6021120	7098368	2
exactCorelib	geometry3.point_distance	streaming	1	2	2	99	0	46	3321	0	817	2504	2529	18	0	18	2000	0	2000	2504	3504	1000	1000	0	0	0	53	0	0	2504	0	2504	0	6144000	6393856	6397952	6397952	1612800	1858560	1862656	1862656	593920	835584	839680	839680	6144000	6397952	2
Hyper	geometry3.point_distance	streaming	1	2	2	7	0	2	732	0	28	704	704	21	0	2	2832	0	208	3328	3328	2624	0	2624	0	0	1	0	0	288	3040	3328	3040	6004736	6762496	7041024	7045120	1486848	2244608	2523136	2527232	483328	1241088	1519616	1523712	6004736	7045120	2
exactCorelib	geometry3.line_point_distance	streaming	1	2	2	198	0	91	7406	0	1614	5792	5822	90	0	90	7616	0	7616	5792	9536	3744	3744	0	0	0	107	0	0	5792	0	5792	0	6262784	6496256	6500352	6500352	1641472	1874944	1879040	1879040	618496	851968	856064	856064	6262784	6500352	2
Hyper	geometry3.line_point_distance	streaming	1	2	2	10	0	2	1198	0	38	1160	1160	48	0	38	4824	0	3640	2344	4096	2936	1752	1184	0	0	1	0	0	432	1912	2344	1912	6090752	6909952	7356416	7356416	1531904	2318336	2764800	2764800	520192	1273856	1720320	1720320	6090752	7356416	2
exactCorelib	geometry3.segment_point_distance	streaming	1	2	2	190	0	91	6657	0	1617	5040	5073	204	0	204	16416	0	16416	5040	12512	7472	7472	0	0	0	99	0	0	5040	0	5040	0	6123520	6381568	6389760	6389760	1590272	1844224	1852416	1852416	569344	819200	827392	827392	6123520	6389760	2
Hyper	geometry3.segment_point_distance	streaming	1	2	2	10	0	2	1204	0	44	1160	1160	52	0	42	5240	0	4056	2344	4200	3040	1856	1184	0	0	1	0	0	432	1912	2344	1912	6172672	6914048	7393280	7393280	1514496	2255872	2735104	2735104	479232	1220608	1699840	1699840	6172672	7393280	2
exactCorelib	geometry3.plane_point_distance	streaming	1	2	2	345	0	136	16159	0	2567	13592	13671	44	0	44	3856	0	3856	13592	15488	1896	1896	0	0	0	209	0	0	13592	0	13592	0	6303744	6606848	6606848	6610944	1637376	1917952	1917952	1922048	593920	851968	851968	856064	6303744	6610944	2
Hyper	geometry3.plane_point_distance	streaming	1	2	2	8	0	2	896	0	40	856	856	5	0	2	592	0	208	1240	1240	384	0	384	0	0	1	0	0	336	904	1240	904	6074368	6897664	7553024	7553024	1469440	2292736	2948096	2948096	389120	1212416	1867776	1867776	6074368	7553024	2
exactCorelib	geometry3.triangle_relation_0	streaming	1	2	2	293	0	142	10526	0	2486	8040	8070	78	0	78	6624	0	6624	8040	10952	2912	2912	0	0	0	151	0	0	8040	0	8040	0	6148096	6410240	6455296	6455296	1614848	1872896	1897472	1897472	593920	847872	851968	851968	6148096	6455296	2
Hyper	geometry3.triangle_relation_0	streaming	1	2	2	10	0	2	1638	0	38	1600	1600	1	0	0	104	0	0	1704	1704	104	0	104	0	0	1	0	0	872	832	1704	832	6094848	6914048	7208960	7208960	1430528	2249728	2544640	2544640	389120	1208320	1503232	1503232	6094848	7208960	2
exactCorelib	geometry3.triangle_relation_1	streaming	1	2	2	293	0	142	10526	0	2486	8040	8070	403	33	380	26848	624	26672	8488	13080	5040	4592	448	0	0	174	0	0	8488	0	8488	0	6336512	6574080	6717440	6717440	1648640	1886208	2017280	2017280	565248	802816	921600	921600	6336512	6717440	2
Hyper	geometry3.triangle_relation_1	streaming	1	2	2	10	0	2	1638	0	38	1600	1600	1	0	0	104	0	0	1704	1704	104	0	104	0	0	1	0	0	872	832	1704	832	6074368	6815744	7102464	7102464	1512448	2253824	2540544	2540544	475136	1216512	1503232	1503232	6074368	7102464	2
exactCorelib	geometry3.triangle_relation_2	streaming	1	2	2	293	0	142	10526	0	2486	8040	8070	232	0	232	16384	0	16384	8040	11544	3504	3504	0	0	0	151	0	0	8040	0	8040	0	6205440	6500352	6504448	6504448	1644544	1916928	1921024	1921024	598016	847872	851968	851968	6205440	6504448	2
Hyper	geometry3.triangle_relation_2	streaming	1	2	2	10	0	2	1638	0	38	1600	1600	1	0	0	104	0	0	1704	1704	104	0	104	0	0	1	0	0	872	832	1704	832	6119424	6922240	7200768	7200768	1489920	2259968	2538496	2538496	483328	1220608	1499136	1499136	6119424	7200768	2
exactCorelib	geometry3.triangle_relation_3	streaming	1	2	2	293	0	142	10526	0	2486	8040	8070	403	33	380	26848	624	26672	8488	13080	5040	4592	448	0	0	174	0	0	8488	0	8488	0	6221824	6488064	6639616	6639616	1593344	1853440	1996800	1996800	520192	774144	909312	909312	6221824	6639616	2
Hyper	geometry3.triangle_relation_3	streaming	1	2	2	10	0	2	1638	0	38	1600	1600	1	0	0	104	0	0	1704	1704	104	0	104	0	0	1	0	0	872	832	1704	832	5943296	6823936	7102464	7102464	1448960	2255872	2534400	2534400	475136	1208320	1486848	1486848	5943296	7102464	2
exactCorelib	geometry3.triangle_relation_4	streaming	1	2	2	293	0	142	10526	0	2486	8040	8070	452	0	452	38192	0	38192	8040	12656	4616	4616	0	0	0	151	0	0	8040	0	8040	0	6209536	6459392	6463488	6463488	1547264	1797120	1801216	1801216	507904	757760	761856	761856	6209536	6463488	2
Hyper	geometry3.triangle_relation_4	streaming	1	2	2	10	0	2	1638	0	38	1600	1600	39	0	4	5064	0	416	6248	6352	4752	104	4648	0	0	1	0	0	872	5376	6248	5376	6189056	6885376	7675904	7680000	1487872	2184192	2974720	2978816	409600	1105920	1896448	1900544	6189056	7680000	2
exactCorelib	geometry3.triangle_relation_5	streaming	1	2	2	293	0	142	10526	0	2486	8040	8070	312	0	312	26496	0	26496	8040	10952	2912	2912	0	0	0	151	0	0	8040	0	8040	0	6262784	6512640	6557696	6557696	1616896	1866752	1891328	1891328	593920	843776	847872	847872	6262784	6557696	2
Hyper	geometry3.triangle_relation_5	streaming	1	2	2	10	0	2	1638	0	38	1600	1600	39	0	4	5064	0	416	6248	6352	4752	104	4648	0	0	1	0	0	872	5376	6248	5376	6025216	6742016	7503872	7507968	1481728	2198528	2960384	2964480	450560	1167360	1929216	1933312	6025216	7507968	2
exactCorelib	geometry3.triangle_relation_6	streaming	1	2	2	293	0	142	10526	0	2486	8040	8070	698	0	522	46752	0	32512	22280	27672	19632	5392	14240	0	0	31	0	0	2160	20120	22280	20120	6311936	6561792	6590464	6590464	1612800	1862656	1891328	1891328	536576	786432	815104	815104	6311936	6590464	2
Hyper	geometry3.triangle_relation_6	streaming	1	2	2	10	0	2	1638	0	38	1600	1600	254	0	72	31528	0	8208	24920	25024	23424	104	23320	0	0	1	0	0	872	24048	24920	24048	6029312	6840320	7602176	7602176	1489920	2268160	3030016	3030016	475136	1220608	1982464	1982464	6029312	7602176	2
exactCorelib	polynomial.evaluate	streaming	1	2	2	40	0	19	884	0	468	416	476	4	2	4	64	32	80	416	456	40	40	0	0	0	21	0	0	416	0	416	0	6164480	6168576	6479872	6479872	1604608	1608704	1915904	1915904	569344	573440	876544	876544	6164480	6479872	2
Hyper	polynomial.evaluate	streaming	1	2	2	8	0	2	728	0	16	712	712	6	0	0	768	0	0	1480	1480	768	0	768	0	0	1	0	0	192	1288	1480	1288	6152192	6844416	6909952	6909952	1536000	2228224	2293760	2293760	475136	1167360	1232896	1232896	6152192	6909952	2
exactCorelib	polynomial.binary_0	streaming	1	2	2	40	0	19	884	0	468	416	476	38	8	38	848	128	912	416	712	296	296	0	0	0	21	0	0	416	0	416	0	6217728	6221824	6451200	6451200	1628160	1632256	1861632	1861632	589824	593920	823296	823296	6217728	6451200	2
Hyper	polynomial.binary_0	streaming	1	2	2	8	0	2	880	0	16	864	864	13	0	1	1640	0	104	2400	2400	1536	0	1536	0	0	1	0	0	344	2056	2400	2056	6070272	6893568	6893568	6893568	1469440	2292736	2292736	2292736	393216	1216512	1216512	1216512	6070272	6893568	2
exactCorelib	polynomial.binary_1	streaming	1	2	2	40	0	19	884	0	468	416	476	38	8	38	848	128	912	416	712	296	296	0	0	0	21	0	0	416	0	416	0	6242304	6246400	6389760	6389760	1603584	1607680	1751040	1751040	610304	614400	757760	757760	6242304	6389760	2
Hyper	polynomial.binary_1	streaming	1	2	2	8	0	2	880	0	16	864	864	13	0	1	1640	0	104	2400	2400	1536	0	1536	0	0	1	0	0	344	2056	2400	2056	6041600	6782976	6848512	6848512	1490944	2232320	2297856	2297856	454656	1196032	1261568	1261568	6041600	6848512	2
exactCorelib	polynomial.binary_2	streaming	1	2	2	40	0	19	884	0	468	416	476	118	14	118	2608	224	2720	416	912	496	496	0	0	0	21	0	0	416	0	416	0	6254592	6258688	6483968	6483968	1618944	1623040	1848320	1848320	532480	536576	761856	761856	6254592	6483968	2
Hyper	polynomial.binary_2	streaming	1	2	2	8	0	2	880	0	16	864	864	11	0	0	1360	0	0	2224	2224	1360	0	1360	0	0	1	0	0	344	1880	2224	1880	6074368	6815744	6897664	6897664	1510400	2251776	2333696	2333696	471040	1212416	1294336	1294336	6074368	6897664	2
exactCorelib	polynomial.binary_3	streaming	1	2	2	40	0	19	884	0	468	416	476	274	22	256	5744	352	5552	784	1392	976	608	368	0	0	21	0	0	416	368	784	368	6287360	6291456	6619136	6623232	1609728	1613824	1933312	1937408	577536	581632	892928	897024	6287360	6623232	2
Hyper	polynomial.binary_3	streaming	1	2	2	8	0	2	880	0	16	864	864	31	0	24	4824	0	3808	1880	3112	2248	1232	1016	0	0	1	0	0	344	1536	1880	1536	6168576	6991872	7450624	7454720	1515520	2338816	2797568	2801664	466944	1290240	1748992	1753088	6168576	7454720	2
exactCorelib	polynomial.binary_4	streaming	1	2	2	40	0	19	884	0	468	416	476	356	32	356	8192	512	8448	416	1240	824	824	0	0	0	21	0	0	416	0	416	0	6217728	6221824	6455296	6459392	1555456	1559552	1793024	1797120	516096	520192	753664	757760	6217728	6459392	2
Hyper	polynomial.binary_4	streaming	1	2	2	8	0	2	880	0	16	864	864	17	0	1	2128	0	104	2888	2888	2024	0	2024	0	0	1	0	0	344	2544	2888	2544	6111232	6901760	6967296	6971392	1550336	2308096	2373632	2377728	544768	1269760	1335296	1339392	6111232	6971392	2
exactCorelib	polynomial.derivative	streaming	1	2	2	40	0	19	886	0	470	416	478	62	2	62	1440	32	1456	416	696	280	280	0	0	0	21	0	0	416	0	416	0	6266880	6270976	6504448	6504448	1610752	1614848	1848320	1848320	573440	577536	811008	811008	6266880	6504448	2
Hyper	polynomial.derivative	streaming	1	2	2	10	0	2	844	0	20	824	824	4	0	0	488	0	0	1312	1312	488	0	488	0	0	1	0	0	96	1216	1312	1216	6082560	6881280	6930432	6930432	1445888	2244608	2293760	2293760	413696	1212416	1261568	1261568	6082560	6930432	2
exactCorelib	polynomial.resultant	streaming	1	2	2	40	0	19	885	0	469	416	477	302	22	284	6464	352	6272	784	1424	1008	640	368	0	0	21	0	0	416	368	784	368	6258688	6328320	6594560	6598656	1630208	1667072	1929216	1933312	647168	651264	909312	913408	6258688	6598656	2
Hyper	polynomial.resultant	streaming	1	2	2	8	0	2	874	0	18	856	856	73	0	72	11752	0	11648	960	5784	4928	4824	104	0	0	1	0	0	336	624	960	624	6172672	7061504	7458816	7458816	1473536	2362368	2759680	2759680	397312	1286144	1683456	1683456	6172672	7458816	2
exactCorelib	polynomial.discriminant	streaming	1	2	2	40	0	19	888	0	472	416	480	652	44	644	13776	704	14000	544	1568	1152	1024	128	0	0	21	0	0	416	128	544	128	6316032	6320128	6651904	6651904	1608704	1612800	1935360	1935360	524288	528384	843776	843776	6316032	6651904	2
Hyper	polynomial.discriminant	streaming	1	2	2	10	0	2	1088	0	24	1064	1064	91	0	90	13896	0	13792	1168	6200	5136	5032	104	0	0	1	0	0	336	832	1168	832	6041600	6782976	7180288	7180288	1513472	2254848	2652160	2652160	499712	1241088	1638400	1638400	6041600	7180288	2
exactCorelib	polynomial.gcd	streaming	1	2	2	39	0	18	864	0	448	416	456	322	22	304	6752	352	6560	784	1520	1104	736	368	0	0	21	0	0	416	368	784	368	6266880	6270976	6598656	6602752	1577984	1582080	1900544	1904640	512000	516096	827392	831488	6266880	6602752	2
Hyper	polynomial.gcd	streaming	1	2	2	8	0	2	862	0	6	856	856	30	0	24	4720	0	3808	1768	3000	2144	1232	912	0	0	1	0	0	336	1432	1768	1432	6017024	6848512	7290880	7294976	1488896	2291712	2734080	2738176	475136	1249280	1691648	1695744	6017024	7294976	2
exactCorelib	polynomial.square_free	streaming	1	2	2	40	0	19	887	0	471	416	479	970	60	952	19648	960	19824	720	2024	1608	1304	304	0	0	21	0	0	416	304	720	304	6258688	6262784	6594560	6594560	1575936	1580032	1902592	1902592	516096	520192	835584	835584	6205440	6594560	2
Hyper	polynomial.square_free	streaming	1	2	2	8	0	2	734	0	22	712	712	23	0	20	2168	0	1856	1024	1840	1128	816	312	0	0	1	0	0	192	832	1024	832	6152192	6955008	7282688	7282688	1544192	2314240	2641920	2641920	540672	1277952	1605632	1605632	6152192	7282688	2
exactCorelib	polynomial.root_count	streaming	1	2	2	40	0	19	886	0	470	416	478	1866	116	1840	43984	1952	44480	848	2472	2056	1624	432	0	0	21	0	0	416	432	848	432	6209536	6279168	6676480	6680576	1576960	1613824	2000896	2004992	589824	593920	970752	974848	6209536	6680576	2
Hyper	polynomial.root_count	streaming	1	2	2	32	0	3	2442	0	21	2421	2422	229	2	138	28200	192	16600	14117	17069	14648	2952	11696	0	0	23	0	0	1797	12320	14117	12320	6029312	6926336	7475200	7479296	1485824	2354176	2903040	2907136	466944	1306624	1855488	1859584	6029312	7479296	2
exactCorelib	polynomial.root_count_interval	streaming	1	2	2	40	0	19	895	0	479	416	487	1774	110	1748	40624	1808	41072	848	2224	1808	1376	432	0	0	21	0	0	416	432	848	432	6156288	6160384	6557696	6557696	1611776	1615872	2001920	2001920	577536	581632	958464	958464	6156288	6557696	2
Hyper	polynomial.root_count_interval	streaming	1	2	2	32	0	3	2460	0	39	2421	2422	229	2	138	28200	192	16600	14117	17069	14648	2952	11696	0	0	23	0	0	1797	12320	14117	12320	5996544	6926336	7532544	7536640	1468416	2365440	2930688	2934784	491520	1355776	1880064	1884160	5996544	7536640	2
exactCorelib	polynomial.root_isolation	streaming	1	2	2	40	0	19	890	0	474	416	482	4068	220	4042	136944	4448	138272	848	2472	2056	1624	432	0	0	21	0	0	416	432	848	432	6127616	6131712	6574080	6578176	1586176	1590272	1988608	1992704	589824	593920	958464	962560	6127616	6578176	2
Hyper	polynomial.root_isolation	streaming	1	2	2	32	0	3	2450	0	29	2421	2422	229	2	138	28200	192	16600	14117	17069	14648	2952	11696	0	0	23	0	0	1797	12320	14117	12320	6078464	6901760	7516160	7520256	1487872	2311168	2925568	2929664	409600	1232896	1847296	1851392	6078464	7520256	2
exactCorelib	bivariate.evaluate	streaming	1	2	2	78	0	49	1779	0	1171	608	675	8	4	8	128	64	160	608	688	80	80	0	0	0	29	0	0	608	0	608	0	6307840	6311936	6545408	6545408	1608704	1612800	1846272	1846272	532480	536576	770048	770048	6307840	6545408	2
Hyper	bivariate.evaluate	streaming	1	2	2	13	0	2	1008	0	16	992	992	8	0	2	960	0	192	1760	1856	864	96	768	0	0	4	0	0	264	1496	1760	1496	6246400	7081984	7139328	7139328	1517568	2353152	2410496	2410496	434176	1269760	1327104	1327104	6246400	7139328	2
exactCorelib	bivariate.resultant	streaming	1	2	2	78	0	49	1780	0	1172	608	676	1180	78	1156	24848	1248	24960	1120	2384	1776	1264	512	0	0	14	0	0	360	760	1120	760	6160384	6164480	6496256	6496256	1610752	1614848	1940480	1940480	573440	577536	897024	897024	6160384	6496256	2
Hyper	bivariate.resultant	streaming	1	2	2	16	0	2	1274	0	18	1256	1256	52	0	46	5496	0	4656	2096	3080	1824	984	840	0	0	7	0	0	528	1568	2096	1568	6135808	6877184	7368704	7368704	1486848	2228224	2719744	2719744	442368	1183744	1675264	1675264	6135808	7368704	2
exactCorelib	triangulation.delaunay_complex	streaming	1	2	2	201	0	100	6631	0	1735	4896	4935	2726	0	2726	304440	0	304440	4896	8992	4096	4096	0	0	0	101	0	0	4896	0	4896	0	6152192	6475776	6475776	6475776	1608704	1895424	1895424	1895424	589824	839680	839680	839680	6086656	6475776	2
Hyper	triangulation.delaunay_complex	streaming	1	2	2	25	0	5	2264	0	272	1992	1992	2286	8	1829	161960	3072	105384	60104	61752	59760	1648	58112	0	0	8	0	0	744	59360	60104	59360	6025216	6823936	7372800	7372800	1489920	2255872	2804736	2804736	475136	1208320	1757184	1757184	6025216	7372800	2
exactCorelib	curve.line_length	streaming	1	2	2	68	0	31	2250	0	546	1704	1722	12	0	12	1328	0	1328	1704	2368	664	664	0	0	0	37	0	0	1704	0	1704	0	6156288	6471680	6471680	6475776	1612800	1891328	1891328	1895424	593920	835584	835584	839680	6156288	6475776	2
Hyper	curve.line_length	streaming	1	2	2	23	0	6	2382	0	366	2016	2072	10	0	10	912	0	912	2016	2368	352	352	0	0	0	3	0	0	272	1744	2016	1744	6082560	7245824	7344128	7344128	1486848	2650112	2748416	2748416	446464	1609728	1708032	1708032	6082560	7344128	2
exactCorelib	curve.line_side	streaming	1	2	2	133	0	60	4976	0	1056	3920	3920	12	0	12	1344	0	1344	3920	4592	672	672	0	0	0	73	0	0	3920	0	3920	0	6139904	6381568	6381568	6381568	1601536	1843200	1843200	1843200	577536	819200	819200	819200	6139904	6381568	2
Hyper	curve.line_side	streaming	1	2	2	25	0	6	2602	0	362	2240	2240	0	0	0	0	0	0	2240	2240	0	0	0	0	0	4	0	0	392	1848	2240	1848	6160384	7245824	7507968	7507968	1491968	2577408	2839552	2839552	446464	1531904	1794048	1794048	6160384	7507968	2
exactCorelib	curve.line_contains_point	streaming	1	2	2	128	0	61	4490	0	1082	3408	3434	18	0	18	1840	0	1840	3408	4328	920	920	0	0	0	67	0	0	3408	0	3408	0	6258688	6500352	6500352	6500352	1575936	1817600	1817600	1817600	516096	757760	757760	757760	6258688	6500352	2
Hyper	curve.line_contains_point	streaming	1	2	2	25	0	6	2622	0	382	2240	2240	0	0	0	0	0	0	2240	2240	0	0	0	0	0	4	0	0	392	1848	2240	1848	6078464	7225344	7356416	7356416	1469440	2583552	2714624	2714624	483328	1564672	1695744	1695744	6078464	7356416	2
exactCorelib	curve.line_intersection_topology	streaming	1	2	2	134	0	67	4577	0	1169	3408	3449	264	47	241	14192	944	14128	3856	6632	3224	2776	448	0	0	90	0	0	3856	0	3856	0	6172672	6426624	6606848	6610944	1610752	1860608	2034688	2038784	573440	819200	987136	991232	6135808	6610944	2
Hyper	curve.line_intersection_topology	streaming	1	2	2	33	0	7	3588	0	500	3088	3096	11	0	6	1288	0	624	3752	4064	976	312	664	0	0	5	0	0	544	3208	3752	3208	6017024	7168000	7217152	7217152	1497088	2615296	2664448	2664448	491520	1576960	1626112	1626112	6017024	7217152	2
exactCorelib	curve.line_intersection_witness	streaming	1	2	2	140	0	67	5088	0	1168	3920	3952	84	0	84	7296	0	7296	3920	5872	1952	1952	0	0	0	73	0	0	3920	0	3920	0	6303744	6508544	6553600	6553600	1665024	1869824	1894400	1894400	630784	835584	839680	839680	6303744	6553600	2
Hyper	curve.line_intersection_witness	streaming	1	2	2	33	0	7	3586	0	498	3088	3096	11	0	6	1288	0	624	3752	4064	976	312	664	0	0	5	0	0	544	3208	3752	3208	6123520	7385088	7434240	7434240	1497088	2684928	2734080	2734080	516096	1630208	1679360	1679360	6123520	7434240	2
exactCorelib	curve.segment_dispatch	streaming	1	2	2	134	0	67	4567	0	1159	3408	3439	264	47	241	14192	944	14128	3856	6632	3224	2776	448	0	0	90	0	0	3856	0	3856	0	6258688	6500352	6705152	6709248	1606656	1848320	2035712	2039808	577536	819200	991232	995328	6258688	6709248	2
Hyper	curve.segment_dispatch	streaming	1	2	2	33	0	7	3568	0	480	3088	3096	11	0	6	1288	0	624	3752	4064	976	312	664	0	0	5	0	0	544	3208	3752	3208	6139904	7356416	7360512	7360512	1521664	2738176	2742272	2742272	458752	1675264	1679360	1679360	6139904	7360512	2
exactCorelib	curve.supporting_line_circle	streaming	1	2	2	161	0	94	6685	0	3029	3656	5373	62	0	62	4816	0	4816	3656	5664	2008	2008	0	0	0	67	0	0	3656	0	3656	0	6221824	6533120	6533120	6533120	1598464	1876992	1876992	1876992	598016	843776	843776	843776	6221824	6533120	2
Hyper	curve.supporting_line_circle	streaming	1	2	2	30	0	6	3332	0	388	2944	2992	16	0	12	1736	0	1248	3432	4056	1112	624	488	0	0	7	0	0	960	2472	3432	2472	6131712	7352320	7602176	7602176	1463296	2659328	2909184	2909184	417792	1589248	1839104	1839104	6131712	7602176	2
exactCorelib	curve.circle_point_distance	streaming	1	2	2	179	0	118	8244	0	4852	3392	5356	14	0	14	1552	0	1552	3392	4168	776	776	0	0	0	61	0	0	3392	0	3392	0	6303744	6549504	6549504	6549504	1604608	1850368	1850368	1850368	528384	774144	774144	774144	6303744	6549504	2
Hyper	curve.circle_point_distance	streaming	1	2	2	24	0	5	2514	0	282	2232	2232	20	0	20	1760	0	1760	2232	2832	600	600	0	0	0	6	0	0	808	1424	2232	1424	6152192	7307264	7438336	7442432	1516544	2671616	2802688	2806784	503808	1658880	1789952	1794048	6152192	7442432	2
exactCorelib	curve.circle_circle_relation	streaming	1	2	2	179	0	118	8245	0	4853	3392	5357	32	0	32	2512	0	2512	3392	4616	1224	1224	0	0	0	61	0	0	3392	0	3392	0	6242304	6451200	6451200	6451200	1619968	1828864	1828864	1828864	552960	761856	761856	761856	6242304	6451200	2
Hyper	curve.circle_circle_relation	streaming	1	2	2	29	0	5	3364	0	284	3080	3080	12	0	3	1336	0	328	4088	4304	1224	216	1008	0	0	9	0	0	1376	2712	4088	2712	6123520	7208960	7344128	7344128	1488896	2574336	2709504	2709504	409600	1495040	1630208	1630208	6123520	7344128	2
exactCorelib	mesh.plane_point_classification	streaming	1	2	2	348	0	139	16200	0	2608	13592	13672	147	0	72	7608	0	4128	17072	19136	5544	2064	3480	0	0	284	0	0	17072	0	17072	0	6217728	6541312	6549504	6553600	1681408	1972224	1980416	1984512	659456	917504	925696	929792	6217728	6553600	2
Hyper	mesh.plane_point_classification	streaming	1	2	2	18	0	5	1876	0	292	1584	1584	4	0	4	704	0	704	1584	1936	352	352	0	0	0	2	0	0	440	1144	1584	1144	6123520	7069696	7135232	7135232	1489920	2403328	2468864	2468864	479232	1359872	1425408	1425408	6123520	7135232	2
exactCorelib	mesh.triangle_contains_point	streaming	1	2	2	278	0	127	10325	0	2285	8040	8069	403	33	380	26848	624	26672	8488	13080	5040	4592	448	0	0	174	0	0	8488	0	8488	0	6152192	6402048	6545408	6545408	1587200	1837056	1971200	1971200	536576	786432	913408	913408	6152192	6545408	2
Hyper	mesh.triangle_contains_point	streaming	1	2	2	40	0	8	5702	0	742	4960	4960	4	0	4	704	0	704	4960	5312	352	352	0	0	0	13	0	0	2696	2264	4960	2264	6115328	7168000	7168000	7168000	1491968	2544640	2544640	2544640	491520	1544192	1544192	1544192	6115328	7168000	2
exactCorelib	mesh.triangle_contains_point_strictly	streaming	1	2	2	278	0	127	10334	0	2294	8040	8078	403	33	380	26848	624	26672	8488	13080	5040	4592	448	0	0	174	0	0	8488	0	8488	0	6344704	6582272	6725632	6725632	1662976	1900544	2037760	2037760	626688	864256	995328	995328	6344704	6725632	2
Hyper	mesh.triangle_contains_point_strictly	streaming	1	2	2	40	0	8	5720	0	760	4960	4960	4	0	4	704	0	704	4960	5312	352	352	0	0	0	13	0	0	2696	2264	4960	2264	6123520	7311360	7311360	7311360	1529856	2684928	2684928	2684928	540672	1662976	1662976	1662976	6123520	7311360	2
exactCorelib	mesh.triangle_boundary_point	streaming	1	2	2	278	0	127	10325	0	2285	8040	8069	537	41	514	25968	816	25856	8488	14544	6504	6056	448	0	0	174	0	0	8488	0	8488	0	6266880	6561792	6774784	6774784	1616896	1889280	2072576	2072576	589824	839680	995328	995328	6266880	6774784	2
Hyper	mesh.triangle_boundary_point	streaming	1	2	2	39	0	8	5598	0	742	4856	4888	8	0	8	1408	0	1408	4856	5208	352	352	0	0	0	13	0	0	2696	2160	4856	2160	5947392	7208960	7208960	7208960	1446912	2636800	2636800	2636800	471040	1589248	1589248	1589248	5947392	7208960	2
exactCorelib	mesh.triangle_triangle_intersection	streaming	1	2	2	296	0	145	10572	0	2532	8040	8076	1271	111	682	68704	2448	36304	41336	47224	39184	5888	33296	0	0	54	0	0	2608	38728	41336	38728	6246400	6529024	6737920	6737920	1665024	1921024	2119680	2119680	638976	868352	1056768	1056768	6246400	6737920	2
Hyper	mesh.triangle_triangle_intersection	streaming	1	2	2	68	0	11	10124	0	1212	8912	9008	36	0	36	5488	0	5488	8912	11344	2432	2432	0	0	0	27	0	0	5216	3696	8912	3696	6123520	7290880	7426048	7426048	1488896	2656256	2791424	2791424	409600	1576960	1712128	1712128	6123520	7426048	2
exactCorelib	path.line_length	streaming	1	2	2	74	0	37	2329	0	625	1704	1721	12	0	12	1328	0	1328	1704	2368	664	664	0	0	0	37	0	0	1704	0	1704	0	6201344	6451200	6451200	6455296	1592320	1838080	1838080	1842176	507904	749568	749568	753664	6139904	6455296	2
Hyper	path.line_length	streaming	1	2	2	19	0	5	2262	0	262	2000	2000	7	0	6	800	0	624	2176	2384	384	208	176	0	0	1	0	0	504	1672	2176	1672	6090752	7274496	7294976	7294976	1542144	2693120	2713600	2713600	548864	1667072	1687552	1687552	6090752	7294976	2
exactCorelib	path.line_axis_classification	streaming	1	2	2	131	0	58	4966	0	1046	3920	3950	34	2	34	944	32	960	3920	4336	416	416	0	0	0	73	0	0	3920	0	3920	0	6217728	6459392	6660096	6660096	1553408	1795072	1972224	1972224	512000	753664	909312	909312	6217728	6660096	2
Hyper	path.line_axis_classification	streaming	1	2	2	16	0	5	1904	0	288	1616	1616	0	0	0	0	0	0	1616	1616	0	0	0	0	0	1	0	0	504	1112	1616	1112	6082560	7086080	7118848	7118848	1491968	2495488	2528256	2528256	454656	1458176	1490944	1490944	6082560	7118848	2
exactCorelib	path.line_endpoint_equality	streaming	1	2	2	140	0	73	4652	0	1244	3408	3444	177	37	154	4272	688	4128	3856	4320	912	464	448	0	0	90	0	0	3856	0	3856	0	6156288	6459392	6590464	6594560	1626112	1896448	2015232	2019328	651264	888832	995328	999424	6156288	6594560	2
Hyper	path.line_endpoint_equality	streaming	1	2	2	21	0	5	3068	0	284	2784	2784	0	0	0	0	0	0	2784	2784	0	0	0	0	0	1	0	0	1008	1776	2784	1776	6103040	7245824	7245824	7245824	1491968	2608128	2608128	2608128	503808	1593344	1593344	1593344	6103040	7245824	2
exactCorelib	path.line_parameter_order	streaming	1	2	2	94	0	43	3250	0	778	2472	2506	114	0	114	7024	0	7024	2472	4304	1832	1832	0	0	0	51	0	0	2472	0	2472	0	6258688	6508544	6512640	6516736	1560576	1806336	1810432	1814528	507904	749568	753664	757760	6258688	6516736	2
Hyper	path.line_parameter_order	streaming	1	2	2	15	0	5	1912	0	280	1632	1632	0	0	0	0	0	0	1632	1632	0	0	0	0	0	1	0	0	696	936	1632	936	6070272	7294976	7294976	7294976	1469440	2694144	2694144	2694144	393216	1617920	1617920	1617920	6070272	7294976	2
exactCorelib	path.circle_point_membership	streaming	1	2	2	179	0	118	8245	0	4853	3392	5357	14	0	14	1552	0	1552	3392	4168	776	776	0	0	0	61	0	0	3392	0	3392	0	6221824	6524928	6524928	6524928	1574912	1851392	1851392	1851392	532480	782336	782336	782336	6221824	6524928	2
Hyper	path.circle_point_membership	streaming	1	2	2	18	0	5	2342	0	286	2056	2056	0	0	0	0	0	0	2056	2056	0	0	0	0	0	1	0	0	736	1320	2056	1320	6008832	6897664	6897664	6897664	1460224	2322432	2322432	2322432	466944	1302528	1302528	1302528	6008832	6897664	2
exactCorelib	path.circle_segment_intersection	streaming	1	2	2	111	0	52	3873	0	937	2936	2977	212	0	212	14032	0	14032	2936	9168	6232	6232	0	0	0	59	0	0	2936	0	2936	0	6307840	6619136	6627328	6627328	1677312	1955840	1964032	1964032	651264	897024	905216	905216	6307840	6627328	2
Hyper	path.circle_segment_intersection	streaming	1	2	2	20	0	5	3038	0	294	2744	2744	38	0	11	5192	0	1952	5984	6560	3816	576	3240	0	0	1	0	0	1144	4840	5984	4840	6139904	7360512	7368704	7368704	1465344	2677760	2685952	2685952	413696	1617920	1626112	1626112	6139904	7368704	2
exactCorelib	path.circle_circle_relation	streaming	1	2	2	179	0	118	8244	0	4852	3392	5356	32	0	32	2512	0	2512	3392	4616	1224	1224	0	0	0	61	0	0	3392	0	3392	0	6324224	6569984	6569984	6569984	1616896	1862656	1862656	1862656	532480	778240	778240	778240	6324224	6569984	2
Hyper	path.circle_circle_relation	streaming	1	2	2	19	0	5	3060	0	284	2776	2776	4	0	2	416	0	208	2984	3088	312	104	208	0	0	1	0	0	1280	1704	2984	1704	6127616	7118848	7118848	7122944	1469440	2460672	2460672	2464768	434176	1425408	1425408	1429504	6127616	7122944	2
